factura_id,documento_id,cliente,tipo_canal,pais,fecha_factura,fecha_vencimiento,plazo_dias,valor_cop,dias_mora,estado,pagada
FV-95235,OC-95235,Éxito,Retail,Colombia,2026-02-14,2026-04-15,60,7423594,0,Pagada,True
FV-95236,OC-95236,Éxito,Retail,Colombia,2026-02-14,2026-04-15,60,7426484,0,Pagada,True
FV-95237,OC-95237,Éxito,Retail,Colombia,2026-02-14,2026-04-15,60,7423016,0,Pagada,True
FV-95238,OC-95238,Carulla,Retail,Colombia,2026-02-14,2026-04-15,60,15092804,0,Pagada,True
FV-95239,OC-95239,Rappi,Marketplace,Colombia,2026-02-16,2026-03-18,30,3289576,0,Pagada,True
FV-95240,OC-95240,Rappi,Marketplace,Colombia,2026-02-12,2026-03-14,30,3284379,0,Pagada,True
FV-95241,OC-95241,Fithub,Especializado,Colombia,2026-02-12,2026-03-29,45,1327585,0,Pagada,True
FV-95242,OC-95242,Fithub,Especializado,Colombia,2026-02-16,2026-04-02,45,1318660,0,Pagada,True
FV-95243,OC-95243,Fithub,Especializado,Colombia,2026-02-16,2026-04-02,45,1338470,0,Pagada,True
FV-95244,OC-95244,Fithub,Especializado,Colombia,2026-02-16,2026-04-02,45,1309420,0,Pagada,True
FV-95245,OC-95245,Tiendas naturistas,Especializado,Colombia,2026-02-16,2026-04-02,45,6654132,0,Pagada,True
FV-95246,OC-95246,Paranice US,Internacional,Estados Unidos,2026-02-12,2026-02-27,15,8516950,0,Pagada,True
FV-95247,OC-95247,Distribuidor CR,Internacional,Costa Rica,2026-02-13,2026-03-30,45,4706905,0,Pagada,True
FV-95248,OC-95248,Éxito,Retail,Colombia,2026-02-16,2026-04-17,60,22153278,0,Pagada,True
FV-95249,OC-95249,Carulla,Retail,Colombia,2026-02-16,2026-04-17,60,13197644,0,Pagada,True
FV-95250,OC-95250,Rappi,Marketplace,Colombia,2026-02-14,2026-03-16,30,6446520,0,Pagada,True
FV-95251,OC-95251,Fithub,Especializado,Colombia,2026-02-13,2026-03-30,45,6246625,0,Pagada,True
FV-95252,OC-95252,Tiendas naturistas,Especializado,Colombia,2026-02-13,2026-03-30,45,7481592,0,Pagada,True
FV-95253,OC-95253,Paranice US,Internacional,Estados Unidos,2026-02-13,2026-02-28,15,7177250,0,Pagada,True
FV-95254,OC-95254,Distribuidor CR,Internacional,Costa Rica,2026-02-15,2026-04-01,45,4318510,0,Pagada,True
FV-95255,OC-95255,Éxito,Retail,Colombia,2026-02-15,2026-04-16,60,4291276,0,Pagada,True
FV-95256,OC-95256,Éxito,Retail,Colombia,2026-02-17,2026-04-18,60,4270638,0,Pagada,True
FV-95257,OC-95257,Éxito,Retail,Colombia,2026-02-17,2026-04-18,60,4302666,0,Pagada,True
FV-95258,OC-95258,Éxito,Retail,Colombia,2026-02-17,2026-04-18,60,4301612,0,Pagada,True
FV-95259,OC-95259,Éxito,Retail,Colombia,2026-02-18,2026-04-19,60,4344554,0,Pagada,True
FV-95260,OC-95260,Carulla,Retail,Colombia,2026-02-14,2026-04-15,60,3895176,0,Pagada,True
FV-95261,OC-95261,Carulla,Retail,Colombia,2026-02-14,2026-04-15,60,3934140,0,Pagada,True
FV-95262,OC-95262,Carulla,Retail,Colombia,2026-02-14,2026-04-15,60,3889260,0,Pagada,True
FV-95263,OC-95263,Rappi,Marketplace,Colombia,2026-02-18,2026-03-20,30,3188875,0,Pagada,True
FV-95264,OC-95264,Rappi,Marketplace,Colombia,2026-02-15,2026-03-17,30,3199782,0,Pagada,True
FV-95265,OC-95265,Fithub,Especializado,Colombia,2026-02-16,2026-04-02,45,6072360,0,Pagada,True
FV-95266,OC-95266,Tiendas naturistas,Especializado,Colombia,2026-02-17,2026-04-03,45,7708320,0,Pagada,True
FV-95267,OC-95267,Paranice US,Internacional,Estados Unidos,2026-02-16,2026-03-03,15,4148150,0,Pagada,True
FV-95268,OC-95268,Paranice US,Internacional,Estados Unidos,2026-02-15,2026-03-02,15,4145100,0,Pagada,True
FV-95269,OC-95269,Distribuidor CR,Internacional,Costa Rica,2026-02-16,2026-04-02,45,5139540,0,Pagada,True
FV-95270,OC-95270,Éxito,Retail,Colombia,2026-02-19,2026-04-20,60,9804172,0,Pagada,True
FV-95271,OC-95271,Éxito,Retail,Colombia,2026-02-19,2026-04-20,60,9824538,0,Pagada,True
FV-95272,OC-95272,Carulla,Retail,Colombia,2026-02-15,2026-04-16,60,16248668,0,Pagada,True
FV-95273,OC-95273,Rappi,Marketplace,Colombia,2026-02-19,2026-03-21,30,1326150,0,Pagada,True
FV-95274,OC-95274,Rappi,Marketplace,Colombia,2026-02-17,2026-03-19,30,1311530,0,Pagada,True
FV-95275,OC-95275,Rappi,Marketplace,Colombia,2026-02-19,2026-03-21,30,1304548,0,Pagada,True
FV-95276,OC-95276,Rappi,Marketplace,Colombia,2026-02-18,2026-03-20,30,1390428,0,Pagada,True
FV-95277,OC-95277,Rappi,Marketplace,Colombia,2026-02-16,2026-03-18,30,1394515,0,Pagada,True
FV-95278,OC-95278,Fithub,Especializado,Colombia,2026-02-18,2026-04-04,45,5446035,0,Pagada,True
FV-95279,OC-95279,Tiendas naturistas,Especializado,Colombia,2026-02-19,2026-04-05,45,2861280,0,Pagada,True
FV-95280,OC-95280,Tiendas naturistas,Especializado,Colombia,2026-02-15,2026-04-01,45,2792520,0,Pagada,True
FV-95281,OC-95281,Paranice US,Internacional,Estados Unidos,2026-02-16,2026-03-03,15,4752250,0,Pagada,True
FV-95282,OC-95282,Paranice US,Internacional,Estados Unidos,2026-02-16,2026-03-03,15,4773800,0,Pagada,True
FV-95283,OC-95283,Distribuidor CR,Internacional,Costa Rica,2026-02-17,2026-04-03,45,1673805,0,Pagada,True
FV-95284,OC-95284,Distribuidor CR,Internacional,Costa Rica,2026-02-17,2026-04-03,45,1707055,0,Pagada,True
FV-95285,OC-95285,Distribuidor CR,Internacional,Costa Rica,2026-02-17,2026-04-03,45,1693755,0,Pagada,True
FV-95286,OC-95286,Éxito,Retail,Colombia,2026-02-20,2026-04-21,60,23376666,0,Pagada,True
FV-95287,OC-95287,Carulla,Retail,Colombia,2026-02-19,2026-04-20,60,15896904,0,Pagada,True
FV-95288,OC-95288,Rappi,Marketplace,Colombia,2026-02-16,2026-03-18,30,5878561,0,Pagada,True
FV-95289,OC-95289,Fithub,Especializado,Colombia,2026-02-16,2026-04-02,45,1434510,0,Pagada,True
FV-95290,OC-95290,Fithub,Especializado,Colombia,2026-02-17,2026-04-03,45,1515395,0,Pagada,True
FV-95291,OC-95291,Fithub,Especializado,Colombia,2026-02-17,2026-04-03,45,1479800,0,Pagada,True
FV-95292,OC-95292,Fithub,Especializado,Colombia,2026-02-20,2026-04-06,45,1575420,0,Pagada,True
FV-95293,OC-95293,Fithub,Especializado,Colombia,2026-02-18,2026-04-04,45,1569750,0,Pagada,True
FV-95294,OC-95294,Tiendas naturistas,Especializado,Colombia,2026-02-19,2026-04-05,45,3387636,0,Pagada,True
FV-95295,OC-95295,Tiendas naturistas,Especializado,Colombia,2026-02-17,2026-04-03,45,3368952,0,Pagada,True
FV-95296,OC-95296,Paranice US,Internacional,Estados Unidos,2026-02-20,2026-03-07,15,7377950,0,Pagada,True
FV-95297,OC-95297,Distribuidor CR,Internacional,Costa Rica,2026-02-18,2026-04-04,45,1364720,0,Pagada,True
FV-95298,OC-95298,Distribuidor CR,Internacional,Costa Rica,2026-02-17,2026-04-03,45,1470840,0,Pagada,True
FV-95299,OC-95299,Distribuidor CR,Internacional,Costa Rica,2026-02-18,2026-04-04,45,1350230,0,Pagada,True
FV-95300,OC-95300,Éxito,Retail,Colombia,2026-02-17,2026-04-18,60,10492128,0,Pagada,True
FV-95301,OC-95301,Éxito,Retail,Colombia,2026-02-19,2026-04-20,60,10434396,0,Pagada,True
FV-95302,OC-95302,Carulla,Retail,Colombia,2026-02-19,2026-04-20,60,3152786,0,Pagada,True
FV-95303,OC-95303,Carulla,Retail,Colombia,2026-02-21,2026-04-22,60,3052520,0,Pagada,True
FV-95304,OC-95304,Carulla,Retail,Colombia,2026-02-17,2026-04-18,60,3097332,0,Pagada,True
FV-95305,OC-95305,Carulla,Retail,Colombia,2026-02-18,2026-04-19,60,3047012,0,Pagada,True
FV-95306,OC-95306,Rappi,Marketplace,Colombia,2026-02-19,2026-03-21,30,1939491,0,Pagada,True
FV-95307,OC-95307,Rappi,Marketplace,Colombia,2026-02-18,2026-03-20,30,2017084,0,Pagada,True
FV-95308,OC-95308,Rappi,Marketplace,Colombia,2026-02-20,2026-03-22,30,2009288,162,Vencida +90,False
FV-95309,OC-95309,Fithub,Especializado,Colombia,2026-02-18,2026-04-04,45,3036915,0,Pagada,True
FV-95310,OC-95310,Fithub,Especializado,Colombia,2026-02-17,2026-04-03,45,2935135,0,Pagada,True
FV-95311,OC-95311,Tiendas naturistas,Especializado,Colombia,2026-02-17,2026-04-03,45,3739824,0,Pagada,True
FV-95312,OC-95312,Tiendas naturistas,Especializado,Colombia,2026-02-20,2026-04-06,45,3784536,0,Pagada,True
FV-95313,OC-95313,Paranice US,Internacional,Estados Unidos,2026-02-21,2026-03-08,15,3114600,0,Pagada,True
FV-95314,OC-95314,Paranice US,Internacional,Estados Unidos,2026-02-20,2026-03-07,15,3124450,0,Pagada,True
FV-95315,OC-95315,Paranice US,Internacional,Estados Unidos,2026-02-21,2026-03-08,15,3269250,0,Pagada,True
FV-95316,OC-95316,Distribuidor CR,Internacional,Costa Rica,2026-02-20,2026-04-06,45,5212025,0,Pagada,True
FV-95317,OC-95317,Éxito,Retail,Colombia,2026-02-22,2026-04-23,60,23186028,0,Pagada,True
FV-95318,OC-95318,Carulla,Retail,Colombia,2026-02-19,2026-04-20,60,13445436,0,Pagada,True
FV-95319,OC-95319,Rappi,Marketplace,Colombia,2026-02-18,2026-03-20,30,6461795,0,Pagada,True
FV-95320,OC-95320,Fithub,Especializado,Colombia,2026-02-22,2026-04-08,45,5815460,0,Pagada,True
FV-95321,OC-95321,Tiendas naturistas,Especializado,Colombia,2026-02-19,2026-04-05,45,6534216,0,Pagada,True
FV-95322,OC-95322,Paranice US,Internacional,Estados Unidos,2026-02-19,2026-03-06,15,9398750,0,Pagada,True
FV-95323,OC-95323,Distribuidor CR,Internacional,Costa Rica,2026-02-21,2026-04-07,45,2514925,0,Pagada,True
FV-95324,OC-95324,Distribuidor CR,Internacional,Costa Rica,2026-02-21,2026-04-07,45,2529940,0,Pagada,True
FV-95325,OC-95325,Éxito,Retail,Colombia,2026-02-23,2026-04-24,60,9878428,0,Pagada,True
FV-95326,OC-95326,Éxito,Retail,Colombia,2026-02-22,2026-04-23,60,9812196,0,Pagada,True
FV-95327,OC-95327,Carulla,Retail,Colombia,2026-02-23,2026-04-24,60,13188804,0,Pagada,True
FV-95328,OC-95328,Rappi,Marketplace,Colombia,2026-02-21,2026-03-23,30,7532923,0,Pagada,True
FV-95329,OC-95329,Fithub,Especializado,Colombia,2026-02-19,2026-04-05,45,7492835,0,Pagada,True
FV-95330,OC-95330,Tiendas naturistas,Especializado,Colombia,2026-02-21,2026-04-07,45,2018376,0,Pagada,True
FV-95331,OC-95331,Tiendas naturistas,Especializado,Colombia,2026-02-20,2026-04-06,45,2048868,0,Pagada,True
FV-95332,OC-95332,Tiendas naturistas,Especializado,Colombia,2026-02-23,2026-04-09,45,2021220,0,Pagada,True
FV-95333,OC-95333,Tiendas naturistas,Especializado,Colombia,2026-02-20,2026-04-06,45,1989432,0,Pagada,True
FV-95334,OC-95334,Paranice US,Internacional,Estados Unidos,2026-02-21,2026-03-08,15,2946550,0,Pagada,True
FV-95335,OC-95335,Paranice US,Internacional,Estados Unidos,2026-02-23,2026-03-10,15,2932100,0,Pagada,True
FV-95336,OC-95336,Paranice US,Internacional,Estados Unidos,2026-02-23,2026-03-10,15,2946500,0,Pagada,True
FV-95337,OC-95337,Distribuidor CR,Internacional,Costa Rica,2026-02-20,2026-04-06,45,1434020,0,Pagada,True
FV-95338,OC-95338,Distribuidor CR,Internacional,Costa Rica,2026-02-23,2026-04-09,45,1513435,0,Pagada,True
FV-95339,OC-95339,Distribuidor CR,Internacional,Costa Rica,2026-02-23,2026-04-09,45,1488095,0,Pagada,True
FV-95340,OC-95340,Éxito,Retail,Colombia,2026-02-23,2026-04-24,60,20251556,0,Pagada,True
FV-95341,OC-95341,Carulla,Retail,Colombia,2026-02-22,2026-04-23,60,4626414,0,Pagada,True
FV-95342,OC-95342,Carulla,Retail,Colombia,2026-02-22,2026-04-23,60,4597616,0,Pagada,True
FV-95343,OC-95343,Carulla,Retail,Colombia,2026-02-23,2026-04-24,60,4649194,0,Pagada,True
FV-95344,OC-95344,Rappi,Marketplace,Colombia,2026-02-21,2026-03-23,30,8352613,0,Pagada,True
FV-95345,OC-95345,Fithub,Especializado,Colombia,2026-02-20,2026-04-06,45,7393890,0,Pagada,True
FV-95346,OC-95346,Tiendas naturistas,Especializado,Colombia,2026-02-21,2026-04-07,45,7912656,0,Pagada,True
FV-95347,OC-95347,Paranice US,Internacional,Estados Unidos,2026-02-23,2026-03-10,15,2173300,0,Pagada,True
FV-95348,OC-95348,Paranice US,Internacional,Estados Unidos,2026-02-23,2026-03-10,15,2102800,0,Pagada,True
FV-95349,OC-95349,Paranice US,Internacional,Estados Unidos,2026-02-24,2026-03-11,15,2115150,0,Pagada,True
FV-95350,OC-95350,Paranice US,Internacional,Estados Unidos,2026-02-21,2026-03-08,15,2115800,0,Pagada,True
FV-95351,OC-95351,Distribuidor CR,Internacional,Costa Rica,2026-02-22,2026-04-08,45,5363645,0,Pagada,True
FV-95352,OC-95352,Éxito,Retail,Colombia,2026-02-22,2026-04-23,60,20820240,0,Pagada,True
FV-95353,OC-95353,Carulla,Retail,Colombia,2026-02-25,2026-04-26,60,13213284,0,Pagada,True
FV-95354,OC-95354,Rappi,Marketplace,Colombia,2026-02-25,2026-03-27,30,6035637,0,Pagada,True
FV-95355,OC-95355,Fithub,Especializado,Colombia,2026-02-23,2026-04-09,45,7046340,0,Pagada,True
FV-95356,OC-95356,Tiendas naturistas,Especializado,Colombia,2026-02-21,2026-04-07,45,7106940,0,Pagada,True
FV-95357,OC-95357,Paranice US,Internacional,Estados Unidos,2026-02-21,2026-03-08,15,2839350,0,Pagada,True
FV-95358,OC-95358,Paranice US,Internacional,Estados Unidos,2026-02-24,2026-03-11,15,2856700,0,Pagada,True
FV-95359,OC-95359,Paranice US,Internacional,Estados Unidos,2026-02-23,2026-03-10,15,2753400,174,Vencida +90,False
FV-95360,OC-95360,Distribuidor CR,Internacional,Costa Rica,2026-02-24,2026-04-10,45,2514120,0,Pagada,True
FV-95361,OC-95361,Distribuidor CR,Internacional,Costa Rica,2026-02-23,2026-04-09,45,2329635,0,Pagada,True
FV-95362,OC-95362,Éxito,Retail,Colombia,2026-02-22,2026-04-23,60,18442722,0,Pagada,True
FV-95363,OC-95363,Carulla,Retail,Colombia,2026-02-25,2026-04-26,60,7043882,0,Pagada,True
FV-95364,OC-95364,Carulla,Retail,Colombia,2026-02-22,2026-04-23,60,7013928,0,Pagada,True
FV-95365,OC-95365,Rappi,Marketplace,Colombia,2026-02-26,2026-03-28,30,1816050,0,Pagada,True
FV-95366,OC-95366,Rappi,Marketplace,Colombia,2026-02-26,2026-03-28,30,1806526,0,Pagada,True
FV-95367,OC-95367,Rappi,Marketplace,Colombia,2026-02-23,2026-03-25,30,1859965,0,Pagada,True
FV-95368,OC-95368,Fithub,Especializado,Colombia,2026-02-24,2026-04-10,45,2446990,0,Pagada,True
FV-95369,OC-95369,Fithub,Especializado,Colombia,2026-02-24,2026-04-10,45,2353260,143,Vencida +90,False
FV-95370,OC-95370,Fithub,Especializado,Colombia,2026-02-25,2026-04-11,45,2344475,0,Pagada,True
FV-95371,OC-95371,Tiendas naturistas,Especializado,Colombia,2026-02-26,2026-04-12,45,3075120,0,Pagada,True
FV-95372,OC-95372,Tiendas naturistas,Especializado,Colombia,2026-02-23,2026-04-09,45,3095496,0,Pagada,True
FV-95373,OC-95373,Paranice US,Internacional,Estados Unidos,2026-02-26,2026-03-13,15,8535250,0,Pagada,True
FV-95374,OC-95374,Distribuidor CR,Internacional,Costa Rica,2026-02-23,2026-04-09,45,5310480,0,Pagada,True
FV-95375,OC-95375,Éxito,Retail,Colombia,2026-02-25,2026-04-26,60,12472594,0,Pagada,True
FV-95376,OC-95376,Éxito,Retail,Colombia,2026-02-26,2026-04-27,60,12522132,0,Pagada,True
FV-95377,OC-95377,Carulla,Retail,Colombia,2026-02-24,2026-04-25,60,16361480,0,Pagada,True
FV-95378,OC-95378,Rappi,Marketplace,Colombia,2026-02-26,2026-03-28,30,2241679,0,Pagada,True
FV-95379,OC-95379,Rappi,Marketplace,Colombia,2026-02-23,2026-03-25,30,2273338,0,Pagada,True
FV-95380,OC-95380,Rappi,Marketplace,Colombia,2026-02-24,2026-03-26,30,2311930,0,Pagada,True
FV-95381,OC-95381,Fithub,Especializado,Colombia,2026-02-26,2026-04-12,45,6370070,0,Pagada,True
FV-95382,OC-95382,Tiendas naturistas,Especializado,Colombia,2026-02-24,2026-04-10,45,1501884,0,Pagada,True
FV-95383,OC-95383,Tiendas naturistas,Especializado,Colombia,2026-02-27,2026-04-13,45,1526292,0,Pagada,True
FV-95384,OC-95384,Tiendas naturistas,Especializado,Colombia,2026-02-27,2026-04-13,45,1505772,0,Pagada,True
FV-95385,OC-95385,Tiendas naturistas,Especializado,Colombia,2026-02-25,2026-04-11,45,1465272,0,Pagada,True
FV-95386,OC-95386,Tiendas naturistas,Especializado,Colombia,2026-02-26,2026-04-12,45,1503684,141,Vencida +90,False
FV-95387,OC-95387,Paranice US,Internacional,Estados Unidos,2026-02-24,2026-03-11,15,9195850,0,Pagada,True
FV-95388,OC-95388,Distribuidor CR,Internacional,Costa Rica,2026-02-25,2026-04-11,45,2627065,0,Pagada,True
FV-95389,OC-95389,Distribuidor CR,Internacional,Costa Rica,2026-02-27,2026-04-13,45,2628465,0,Pagada,True
FV-95390,OC-95390,Éxito,Retail,Colombia,2026-02-27,2026-04-28,60,24788142,0,Pagada,True
FV-95391,OC-95391,Carulla,Retail,Colombia,2026-02-28,2026-04-29,60,15707422,0,Pagada,True
FV-95392,OC-95392,Rappi,Marketplace,Colombia,2026-02-24,2026-03-26,30,6457070,0,Pagada,True
FV-95393,OC-95393,Fithub,Especializado,Colombia,2026-02-25,2026-04-11,45,881335,0,Pagada,True
FV-95394,OC-95394,Fithub,Especializado,Colombia,2026-02-27,2026-04-13,45,976255,140,Vencida +90,False
FV-95395,OC-95395,Fithub,Especializado,Colombia,2026-02-27,2026-04-13,45,897645,0,Pagada,True
FV-95396,OC-95396,Fithub,Especializado,Colombia,2026-02-26,2026-04-12,45,927115,0,Pagada,True
FV-95397,OC-95397,Fithub,Especializado,Colombia,2026-02-26,2026-04-12,45,904015,0,Pagada,True
FV-95398,OC-95398,Fithub,Especializado,Colombia,2026-02-25,2026-04-11,45,931560,0,Pagada,True
FV-95399,OC-95399,Fithub,Especializado,Colombia,2026-02-24,2026-04-10,45,892395,0,Pagada,True
FV-95400,OC-95400,Fithub,Especializado,Colombia,2026-02-24,2026-04-10,45,885850,0,Pagada,True
FV-95401,OC-95401,Tiendas naturistas,Especializado,Colombia,2026-02-27,2026-04-13,45,5851944,0,Pagada,True
FV-95402,OC-95402,Paranice US,Internacional,Estados Unidos,2026-02-27,2026-03-14,15,3288450,0,Pagada,True
FV-95403,OC-95403,Paranice US,Internacional,Estados Unidos,2026-02-25,2026-03-12,15,3263700,0,Pagada,True
FV-95404,OC-95404,Paranice US,Internacional,Estados Unidos,2026-02-27,2026-03-14,15,3312250,0,Pagada,True
FV-95405,OC-95405,Distribuidor CR,Internacional,Costa Rica,2026-02-27,2026-04-13,45,4953690,0,Pagada,True
FV-95406,OC-95406,Éxito,Retail,Colombia,2026-03-01,2026-04-30,60,21919188,0,Pagada,True
FV-95407,OC-95407,Carulla,Retail,Colombia,2026-02-26,2026-04-27,60,3823810,0,Pagada,True
FV-95408,OC-95408,Carulla,Retail,Colombia,2026-02-27,2026-04-28,60,3832446,0,Pagada,True
FV-95409,OC-95409,Carulla,Retail,Colombia,2026-02-28,2026-04-29,60,3804464,0,Pagada,True
FV-95410,OC-95410,Rappi,Marketplace,Colombia,2026-02-26,2026-03-28,30,2481829,0,Pagada,True
FV-95411,OC-95411,Rappi,Marketplace,Colombia,2026-03-01,2026-03-31,30,2541370,0,Pagada,True
FV-95412,OC-95412,Rappi,Marketplace,Colombia,2026-02-27,2026-03-29,30,2598148,0,Pagada,True
FV-95413,OC-95413,Fithub,Especializado,Colombia,2026-02-28,2026-04-14,45,6610275,0,Pagada,True
FV-95414,OC-95414,Tiendas naturistas,Especializado,Colombia,2026-02-26,2026-04-12,45,2076120,0,Pagada,True
FV-95415,OC-95415,Tiendas naturistas,Especializado,Colombia,2026-02-28,2026-04-14,45,2021616,0,Pagada,True
FV-95416,OC-95416,Tiendas naturistas,Especializado,Colombia,2026-02-26,2026-04-12,45,2052324,0,Pagada,True
FV-95417,OC-95417,Paranice US,Internacional,Estados Unidos,2026-02-26,2026-03-13,15,2727350,0,Pagada,True
FV-95418,OC-95418,Paranice US,Internacional,Estados Unidos,2026-02-26,2026-03-13,15,2949450,0,Pagada,True
FV-95419,OC-95419,Paranice US,Internacional,Estados Unidos,2026-02-26,2026-03-13,15,2962950,0,Pagada,True
FV-95420,OC-95420,Distribuidor CR,Internacional,Costa Rica,2026-03-01,2026-04-15,45,1254365,0,Pagada,True
FV-95421,OC-95421,Distribuidor CR,Internacional,Costa Rica,2026-03-01,2026-04-15,45,1254435,0,Pagada,True
FV-95422,OC-95422,Distribuidor CR,Internacional,Costa Rica,2026-02-26,2026-04-12,45,1200325,0,Pagada,True
FV-95423,OC-95423,Distribuidor CR,Internacional,Costa Rica,2026-02-25,2026-04-11,45,1293040,142,Vencida +90,False
FV-95424,OC-95424,Éxito,Retail,Colombia,2026-02-27,2026-04-28,60,24375484,0,Pagada,True
FV-95425,OC-95425,Carulla,Retail,Colombia,2026-02-27,2026-04-28,60,3011516,0,Pagada,True
FV-95426,OC-95426,Carulla,Retail,Colombia,2026-02-26,2026-04-27,60,2902954,0,Pagada,True
FV-95427,OC-95427,Carulla,Retail,Colombia,2026-02-28,2026-04-29,60,3033038,0,Pagada,True
FV-95428,OC-95428,Carulla,Retail,Colombia,2026-03-01,2026-04-30,60,2965548,0,Pagada,True
FV-95429,OC-95429,Rappi,Marketplace,Colombia,2026-02-27,2026-03-29,30,2110840,0,Pagada,True
FV-95430,OC-95430,Rappi,Marketplace,Colombia,2026-02-28,2026-03-30,30,2052900,0,Pagada,True
FV-95431,OC-95431,Rappi,Marketplace,Colombia,2026-03-01,2026-03-31,30,2082643,0,Pagada,True
FV-95432,OC-95432,Fithub,Especializado,Colombia,2026-03-01,2026-04-15,45,6238750,0,Pagada,True
FV-95433,OC-95433,Tiendas naturistas,Especializado,Colombia,2026-03-01,2026-04-15,45,2806956,0,Pagada,True
FV-95434,OC-95434,Tiendas naturistas,Especializado,Colombia,2026-03-02,2026-04-16,45,2934072,0,Pagada,True
FV-95435,OC-95435,Paranice US,Internacional,Estados Unidos,2026-03-01,2026-03-16,15,3073900,168,Vencida +90,False
FV-95436,OC-95436,Paranice US,Internacional,Estados Unidos,2026-02-26,2026-03-13,15,2952000,0,Pagada,True
FV-95437,OC-95437,Paranice US,Internacional,Estados Unidos,2026-03-02,2026-03-17,15,3080550,0,Pagada,True
FV-95438,OC-95438,Distribuidor CR,Internacional,Costa Rica,2026-02-26,2026-04-12,45,5517995,0,Pagada,True
FV-95439,OC-95439,Éxito,Retail,Colombia,2026-03-02,2026-05-01,60,8828474,0,Pagada,True
FV-95440,OC-95440,Éxito,Retail,Colombia,2026-02-27,2026-04-28,60,8814568,0,Pagada,True
FV-95441,OC-95441,Carulla,Retail,Colombia,2026-02-28,2026-04-29,60,15548676,0,Pagada,True
FV-95442,OC-95442,Rappi,Marketplace,Colombia,2026-03-03,2026-04-02,30,1742475,0,Pagada,True
FV-95443,OC-95443,Rappi,Marketplace,Colombia,2026-02-28,2026-03-30,30,1783019,0,Pagada,True
FV-95444,OC-95444,Rappi,Marketplace,Colombia,2026-02-27,2026-03-29,30,1676560,0,Pagada,True
FV-95445,OC-95445,Rappi,Marketplace,Colombia,2026-02-28,2026-03-30,30,1715295,0,Pagada,True
FV-95446,OC-95446,Fithub,Especializado,Colombia,2026-03-01,2026-04-15,45,1395730,0,Pagada,True
FV-95447,OC-95447,Fithub,Especializado,Colombia,2026-02-27,2026-04-13,45,1350160,0,Pagada,True
FV-95448,OC-95448,Fithub,Especializado,Colombia,2026-03-03,2026-04-17,45,1358455,0,Pagada,True
FV-95449,OC-95449,Fithub,Especializado,Colombia,2026-03-02,2026-04-16,45,1381345,0,Pagada,True
FV-95450,OC-95450,Tiendas naturistas,Especializado,Colombia,2026-02-28,2026-04-14,45,3061260,0,Pagada,True
FV-95451,OC-95451,Tiendas naturistas,Especializado,Colombia,2026-03-03,2026-04-17,45,2915388,0,Pagada,True
FV-95452,OC-95452,Paranice US,Internacional,Estados Unidos,2026-02-28,2026-03-15,15,8680100,0,Pagada,True
FV-95453,OC-95453,Distribuidor CR,Internacional,Costa Rica,2026-03-02,2026-04-16,45,1448230,0,Pagada,True
FV-95454,OC-95454,Distribuidor CR,Internacional,Costa Rica,2026-03-01,2026-04-15,45,1498700,0,Pagada,True
FV-95455,OC-95455,Distribuidor CR,Internacional,Costa Rica,2026-02-27,2026-04-13,45,1417675,0,Pagada,True
FV-95456,OC-95456,Éxito,Retail,Colombia,2026-03-01,2026-04-30,60,8828338,0,Pagada,True
FV-95457,OC-95457,Éxito,Retail,Colombia,2026-02-28,2026-04-29,60,8831670,0,Pagada,True
FV-95458,OC-95458,Carulla,Retail,Colombia,2026-03-02,2026-05-01,60,3839518,0,Pagada,True
FV-95459,OC-95459,Carulla,Retail,Colombia,2026-03-02,2026-05-01,60,3842136,0,Pagada,True
FV-95460,OC-95460,Carulla,Retail,Colombia,2026-03-01,2026-04-30,60,3848528,123,Vencida +90,False
FV-95461,OC-95461,Rappi,Marketplace,Colombia,2026-03-03,2026-04-02,30,3181350,151,Vencida +90,False
FV-95462,OC-95462,Rappi,Marketplace,Colombia,2026-03-03,2026-04-02,30,3193050,0,Pagada,True
FV-95463,OC-95463,Fithub,Especializado,Colombia,2026-03-02,2026-04-16,45,7029925,0,Pagada,True
FV-95464,OC-95464,Tiendas naturistas,Especializado,Colombia,2026-03-04,2026-04-18,45,1241568,0,Pagada,True
FV-95465,OC-95465,Tiendas naturistas,Especializado,Colombia,2026-03-01,2026-04-15,45,1337868,0,Pagada,True
FV-95466,OC-95466,Tiendas naturistas,Especializado,Colombia,2026-03-04,2026-04-18,45,1361448,0,Pagada,True
FV-95467,OC-95467,Tiendas naturistas,Especializado,Colombia,2026-03-02,2026-04-16,45,1350036,0,Pagada,True
FV-95468,OC-95468,Tiendas naturistas,Especializado,Colombia,2026-03-03,2026-04-17,45,1320264,0,Pagada,True
FV-95469,OC-95469,Tiendas naturistas,Especializado,Colombia,2026-03-03,2026-04-17,45,1334016,0,Pagada,True
FV-95470,OC-95470,Paranice US,Internacional,Estados Unidos,2026-03-03,2026-03-18,15,7324100,0,Pagada,True
FV-95471,OC-95471,Distribuidor CR,Internacional,Costa Rica,2026-03-02,2026-04-16,45,4291000,0,Pagada,True
FV-95472,OC-95472,Éxito,Retail,Colombia,2026-03-01,2026-04-30,60,6294862,0,Pagada,True
FV-95473,OC-95473,Éxito,Retail,Colombia,2026-03-03,2026-05-02,60,6233730,0,Pagada,True
FV-95474,OC-95474,Éxito,Retail,Colombia,2026-03-01,2026-04-30,60,6266608,0,Pagada,True
FV-95475,OC-95475,Carulla,Retail,Colombia,2026-03-03,2026-05-02,60,11609164,0,Pagada,True
FV-95476,OC-95476,Rappi,Marketplace,Colombia,2026-03-01,2026-03-31,30,2141445,0,Pagada,True
FV-95477,OC-95477,Rappi,Marketplace,Colombia,2026-03-02,2026-04-01,30,2249758,0,Pagada,True
FV-95478,OC-95478,Rappi,Marketplace,Colombia,2026-03-01,2026-03-31,30,2312347,0,Pagada,True
FV-95479,OC-95479,Fithub,Especializado,Colombia,2026-03-01,2026-04-15,45,1187235,0,Pagada,True
FV-95480,OC-95480,Fithub,Especializado,Colombia,2026-03-01,2026-04-15,45,1161965,0,Pagada,True
FV-95481,OC-95481,Fithub,Especializado,Colombia,2026-03-01,2026-04-15,45,1140335,0,Pagada,True
FV-95482,OC-95482,Fithub,Especializado,Colombia,2026-03-05,2026-04-19,45,1093190,0,Pagada,True
FV-95483,OC-95483,Fithub,Especializado,Colombia,2026-03-04,2026-04-18,45,1176840,0,Pagada,True
FV-95484,OC-95484,Tiendas naturistas,Especializado,Colombia,2026-03-01,2026-04-15,45,3195144,0,Pagada,True
FV-95485,OC-95485,Tiendas naturistas,Especializado,Colombia,2026-03-04,2026-04-18,45,3204576,0,Pagada,True
FV-95486,OC-95486,Paranice US,Internacional,Estados Unidos,2026-03-05,2026-03-20,15,3830800,0,Pagada,True
FV-95487,OC-95487,Paranice US,Internacional,Estados Unidos,2026-03-04,2026-03-19,15,3782950,0,Pagada,True
FV-95488,OC-95488,Distribuidor CR,Internacional,Costa Rica,2026-03-03,2026-04-17,45,1072400,0,Pagada,True
FV-95489,OC-95489,Distribuidor CR,Internacional,Costa Rica,2026-03-03,2026-04-17,45,1145830,0,Pagada,True
FV-95490,OC-95490,Distribuidor CR,Internacional,Costa Rica,2026-03-02,2026-04-16,45,1021755,0,Pagada,True
FV-95491,OC-95491,Distribuidor CR,Internacional,Costa Rica,2026-03-04,2026-04-18,45,1104320,0,Pagada,True
FV-95492,OC-95492,Éxito,Retail,Colombia,2026-03-03,2026-05-02,60,7613008,0,Pagada,True
FV-95493,OC-95493,Éxito,Retail,Colombia,2026-03-06,2026-05-05,60,7638984,0,Pagada,True
FV-95494,OC-95494,Carulla,Retail,Colombia,2026-03-06,2026-05-05,60,3863012,0,Pagada,True
FV-95495,OC-95495,Carulla,Retail,Colombia,2026-03-03,2026-05-02,60,3859340,0,Pagada,True
FV-95496,OC-95496,Carulla,Retail,Colombia,2026-03-04,2026-05-03,60,3893646,0,Pagada,True
FV-95497,OC-95497,Rappi,Marketplace,Colombia,2026-03-05,2026-04-04,30,4674351,0,Pagada,True
FV-95498,OC-95498,Fithub,Especializado,Colombia,2026-03-06,2026-04-20,45,2917565,0,Pagada,True
FV-95499,OC-95499,Fithub,Especializado,Colombia,2026-03-03,2026-04-17,45,2979935,0,Pagada,True
FV-95500,OC-95500,Tiendas naturistas,Especializado,Colombia,2026-03-04,2026-04-18,45,5933232,0,Pagada,True
FV-95501,OC-95501,Paranice US,Internacional,Estados Unidos,2026-03-04,2026-03-19,15,8128450,0,Pagada,True
FV-95502,OC-95502,Distribuidor CR,Internacional,Costa Rica,2026-03-05,2026-04-19,45,1642585,0,Pagada,True
FV-95503,OC-95503,Distribuidor CR,Internacional,Costa Rica,2026-03-03,2026-04-17,45,1542870,0,Pagada,True
FV-95504,OC-95504,Distribuidor CR,Internacional,Costa Rica,2026-03-05,2026-04-19,45,1563730,0,Pagada,True
FV-95505,OC-95505,Éxito,Retail,Colombia,2026-03-05,2026-05-04,60,9675992,0,Pagada,True
FV-95506,OC-95506,Éxito,Retail,Colombia,2026-03-04,2026-05-03,60,9562058,0,Pagada,True
FV-95507,OC-95507,Carulla,Retail,Colombia,2026-03-05,2026-05-04,60,4642972,0,Pagada,True
FV-95508,OC-95508,Carulla,Retail,Colombia,2026-03-06,2026-05-05,60,4624952,0,Pagada,True
FV-95509,OC-95509,Carulla,Retail,Colombia,2026-03-03,2026-05-02,60,4593638,0,Pagada,True
FV-95510,OC-95510,Rappi,Marketplace,Colombia,2026-03-07,2026-04-06,30,3179723,0,Pagada,True
FV-95511,OC-95511,Rappi,Marketplace,Colombia,2026-03-05,2026-04-04,30,3124392,0,Pagada,True
FV-95512,OC-95512,Fithub,Especializado,Colombia,2026-03-07,2026-04-21,45,4612405,0,Pagada,True
FV-95513,OC-95513,Tiendas naturistas,Especializado,Colombia,2026-03-04,2026-04-18,45,2259468,0,Pagada,True
FV-95514,OC-95514,Tiendas naturistas,Especializado,Colombia,2026-03-04,2026-04-18,45,2275776,0,Pagada,True
FV-95515,OC-95515,Tiendas naturistas,Especializado,Colombia,2026-03-03,2026-04-17,45,2258748,0,Pagada,True
FV-95516,OC-95516,Paranice US,Internacional,Estados Unidos,2026-03-07,2026-03-22,15,8415300,0,Pagada,True
FV-95517,OC-95517,Distribuidor CR,Internacional,Costa Rica,2026-03-07,2026-04-21,45,2547965,0,Pagada,True
FV-95518,OC-95518,Distribuidor CR,Internacional,Costa Rica,2026-03-07,2026-04-21,45,2550065,0,Pagada,True
FV-95519,OC-95519,Éxito,Retail,Colombia,2026-03-05,2026-05-04,60,4379778,0,Pagada,True
FV-95520,OC-95520,Éxito,Retail,Colombia,2026-03-08,2026-05-07,60,4423604,0,Pagada,True
FV-95521,OC-95521,Éxito,Retail,Colombia,2026-03-07,2026-05-06,60,4395010,0,Pagada,True
FV-95522,OC-95522,Éxito,Retail,Colombia,2026-03-08,2026-05-07,60,4423128,0,Pagada,True
FV-95523,OC-95523,Carulla,Retail,Colombia,2026-03-08,2026-05-07,60,12203586,0,Pagada,True
FV-95524,OC-95524,Rappi,Marketplace,Colombia,2026-03-07,2026-04-06,30,6849129,0,Pagada,True
FV-95525,OC-95525,Fithub,Especializado,Colombia,2026-03-06,2026-04-20,45,4815125,0,Pagada,True
FV-95526,OC-95526,Tiendas naturistas,Especializado,Colombia,2026-03-06,2026-04-20,45,4917168,0,Pagada,True
FV-95527,OC-95527,Paranice US,Internacional,Estados Unidos,2026-03-06,2026-03-21,15,8168000,0,Pagada,True
FV-95528,OC-95528,Distribuidor CR,Internacional,Costa Rica,2026-03-04,2026-04-18,45,2176160,0,Pagada,True
FV-95529,OC-95529,Distribuidor CR,Internacional,Costa Rica,2026-03-06,2026-04-20,45,2127090,0,Pagada,True
FV-95530,OC-95530,Éxito,Retail,Colombia,2026-03-08,2026-05-07,60,8745140,0,Pagada,True
FV-95531,OC-95531,Éxito,Retail,Colombia,2026-03-07,2026-05-06,60,8677582,0,Pagada,True
FV-95532,OC-95532,Carulla,Retail,Colombia,2026-03-05,2026-05-04,60,6857120,0,Pagada,True
FV-95533,OC-95533,Carulla,Retail,Colombia,2026-03-05,2026-05-04,60,6834034,0,Pagada,True
FV-95534,OC-95534,Rappi,Marketplace,Colombia,2026-03-05,2026-04-04,30,6435202,0,Pagada,True
FV-95535,OC-95535,Fithub,Especializado,Colombia,2026-03-09,2026-04-23,45,2808855,0,Pagada,True
FV-95536,OC-95536,Fithub,Especializado,Colombia,2026-03-06,2026-04-20,45,2840880,0,Pagada,True
FV-95537,OC-95537,Tiendas naturistas,Especializado,Colombia,2026-03-05,2026-04-19,45,1374120,0,Pagada,True
FV-95538,OC-95538,Tiendas naturistas,Especializado,Colombia,2026-03-05,2026-04-19,45,1352556,0,Pagada,True
FV-95539,OC-95539,Tiendas naturistas,Especializado,Colombia,2026-03-08,2026-04-22,45,1334124,0,Pagada,True
FV-95540,OC-95540,Tiendas naturistas,Especializado,Colombia,2026-03-09,2026-04-23,45,1324620,0,Pagada,True
FV-95541,OC-95541,Tiendas naturistas,Especializado,Colombia,2026-03-08,2026-04-22,45,1274292,0,Pagada,True
FV-95542,OC-95542,Paranice US,Internacional,Estados Unidos,2026-03-06,2026-03-21,15,2160350,0,Pagada,True
FV-95543,OC-95543,Paranice US,Internacional,Estados Unidos,2026-03-09,2026-03-24,15,2111350,0,Pagada,True
FV-95544,OC-95544,Paranice US,Internacional,Estados Unidos,2026-03-07,2026-03-22,15,2103800,0,Pagada,True
FV-95545,OC-95545,Paranice US,Internacional,Estados Unidos,2026-03-05,2026-03-20,15,2168850,0,Pagada,True
FV-95546,OC-95546,Distribuidor CR,Internacional,Costa Rica,2026-03-05,2026-04-19,45,1149785,0,Pagada,True
FV-95547,OC-95547,Distribuidor CR,Internacional,Costa Rica,2026-03-07,2026-04-21,45,1088955,0,Pagada,True
FV-95548,OC-95548,Distribuidor CR,Internacional,Costa Rica,2026-03-05,2026-04-19,45,1146075,0,Pagada,True
FV-95549,OC-95549,Distribuidor CR,Internacional,Costa Rica,2026-03-07,2026-04-21,45,1121610,0,Pagada,True
FV-95550,OC-95550,Éxito,Retail,Colombia,2026-03-10,2026-05-09,60,20215414,0,Pagada,True
FV-95551,OC-95551,Carulla,Retail,Colombia,2026-03-10,2026-05-09,60,11230982,0,Pagada,True
FV-95552,OC-95552,Rappi,Marketplace,Colombia,2026-03-10,2026-04-09,30,2908404,0,Pagada,True
FV-95553,OC-95553,Rappi,Marketplace,Colombia,2026-03-10,2026-04-09,30,2913648,0,Pagada,True
FV-95554,OC-95554,Fithub,Especializado,Colombia,2026-03-08,2026-04-22,45,2890370,0,Pagada,True
FV-95555,OC-95555,Fithub,Especializado,Colombia,2026-03-08,2026-04-22,45,2814805,0,Pagada,True
FV-95556,OC-95556,Tiendas naturistas,Especializado,Colombia,2026-03-09,2026-04-23,45,3374820,0,Pagada,True
FV-95557,OC-95557,Tiendas naturistas,Especializado,Colombia,2026-03-07,2026-04-21,45,3379140,0,Pagada,True
FV-95558,OC-95558,Paranice US,Internacional,Estados Unidos,2026-03-08,2026-03-23,15,2422950,0,Pagada,True
FV-95559,OC-95559,Paranice US,Internacional,Estados Unidos,2026-03-08,2026-03-23,15,2283900,0,Pagada,True
FV-95560,OC-95560,Paranice US,Internacional,Estados Unidos,2026-03-09,2026-03-24,15,2345350,0,Pagada,True
FV-95561,OC-95561,Distribuidor CR,Internacional,Costa Rica,2026-03-07,2026-04-21,45,3517955,0,Pagada,True
FV-95562,OC-95562,Éxito,Retail,Colombia,2026-03-11,2026-05-10,60,17716924,0,Pagada,True
FV-95563,OC-95563,Carulla,Retail,Colombia,2026-03-07,2026-05-06,60,6556424,0,Pagada,True
FV-95564,OC-95564,Carulla,Retail,Colombia,2026-03-09,2026-05-08,60,6527932,115,Vencida +90,False
FV-95565,OC-95565,Rappi,Marketplace,Colombia,2026-03-10,2026-04-09,30,5225382,0,Pagada,True
FV-95566,OC-95566,Fithub,Especializado,Colombia,2026-03-10,2026-04-24,45,1940645,0,Pagada,True
FV-95567,OC-95567,Fithub,Especializado,Colombia,2026-03-09,2026-04-23,45,1940295,0,Pagada,True
FV-95568,OC-95568,Fithub,Especializado,Colombia,2026-03-09,2026-04-23,45,1874705,0,Pagada,True
FV-95569,OC-95569,Tiendas naturistas,Especializado,Colombia,2026-03-08,2026-04-22,45,1143144,0,Pagada,True
FV-95570,OC-95570,Tiendas naturistas,Especializado,Colombia,2026-03-08,2026-04-22,45,1116288,0,Pagada,True
FV-95571,OC-95571,Tiendas naturistas,Especializado,Colombia,2026-03-10,2026-04-24,45,1200240,0,Pagada,True
FV-95572,OC-95572,Tiendas naturistas,Especializado,Colombia,2026-03-07,2026-04-21,45,1140408,0,Pagada,True
FV-95573,OC-95573,Tiendas naturistas,Especializado,Colombia,2026-03-10,2026-04-24,45,1144224,0,Pagada,True
FV-95574,OC-95574,Paranice US,Internacional,Estados Unidos,2026-03-10,2026-03-25,15,1403050,0,Pagada,True
FV-95575,OC-95575,Paranice US,Internacional,Estados Unidos,2026-03-11,2026-03-26,15,1426400,0,Pagada,True
FV-95576,OC-95576,Paranice US,Internacional,Estados Unidos,2026-03-08,2026-03-23,15,1481950,0,Pagada,True
FV-95577,OC-95577,Paranice US,Internacional,Estados Unidos,2026-03-11,2026-03-26,15,1310200,0,Pagada,True
FV-95578,OC-95578,Paranice US,Internacional,Estados Unidos,2026-03-07,2026-03-22,15,1338400,0,Pagada,True
FV-95579,OC-95579,Distribuidor CR,Internacional,Costa Rica,2026-03-11,2026-04-25,45,1805405,0,Pagada,True
FV-95580,OC-95580,Distribuidor CR,Internacional,Costa Rica,2026-03-08,2026-04-22,45,1802605,0,Pagada,True
FV-95581,OC-95581,Éxito,Retail,Colombia,2026-03-08,2026-05-07,60,14987200,0,Pagada,True
FV-95582,OC-95582,Carulla,Retail,Colombia,2026-03-08,2026-05-07,60,5106834,0,Pagada,True
FV-95583,OC-95583,Carulla,Retail,Colombia,2026-03-11,2026-05-10,60,5126078,0,Pagada,True
FV-95584,OC-95584,Rappi,Marketplace,Colombia,2026-03-11,2026-04-10,30,6298693,0,Pagada,True
FV-95585,OC-95585,Fithub,Especializado,Colombia,2026-03-10,2026-04-24,45,5050850,0,Pagada,True
FV-95586,OC-95586,Tiendas naturistas,Especializado,Colombia,2026-03-11,2026-04-25,45,3270384,0,Pagada,True
FV-95587,OC-95587,Tiendas naturistas,Especializado,Colombia,2026-03-12,2026-04-26,45,3247920,0,Pagada,True
FV-95588,OC-95588,Paranice US,Internacional,Estados Unidos,2026-03-08,2026-03-23,15,4203400,0,Pagada,True
FV-95589,OC-95589,Paranice US,Internacional,Estados Unidos,2026-03-12,2026-03-27,15,4152800,0,Pagada,True
FV-95590,OC-95590,Distribuidor CR,Internacional,Costa Rica,2026-03-08,2026-04-22,45,721525,0,Pagada,True
FV-95591,OC-95591,Distribuidor CR,Internacional,Costa Rica,2026-03-11,2026-04-25,45,688100,0,Pagada,True
FV-95592,OC-95592,Distribuidor CR,Internacional,Costa Rica,2026-03-12,2026-04-26,45,703710,0,Pagada,True
FV-95593,OC-95593,Distribuidor CR,Internacional,Costa Rica,2026-03-09,2026-04-23,45,738465,130,Vencida +90,False
FV-95594,OC-95594,Distribuidor CR,Internacional,Costa Rica,2026-03-11,2026-04-25,45,765590,0,Pagada,True
FV-95595,OC-95595,Distribuidor CR,Internacional,Costa Rica,2026-03-09,2026-04-23,45,644105,0,Pagada,True
FV-95596,OC-95596,Distribuidor CR,Internacional,Costa Rica,2026-03-10,2026-04-24,45,703780,0,Pagada,True
FV-95597,OC-95597,Éxito,Retail,Colombia,2026-03-09,2026-05-08,60,5103468,0,Pagada,True
FV-95598,OC-95598,Éxito,Retail,Colombia,2026-03-09,2026-05-08,60,5060152,0,Pagada,True
FV-95599,OC-95599,Éxito,Retail,Colombia,2026-03-13,2026-05-12,60,5078954,0,Pagada,True
FV-95600,OC-95600,Carulla,Retail,Colombia,2026-03-12,2026-05-11,60,4694074,0,Pagada,True
FV-95601,OC-95601,Carulla,Retail,Colombia,2026-03-09,2026-05-08,60,4667554,0,Pagada,True
FV-95602,OC-95602,Rappi,Marketplace,Colombia,2026-03-12,2026-04-11,30,1565438,0,Pagada,True
FV-95603,OC-95603,Rappi,Marketplace,Colombia,2026-03-09,2026-04-08,30,1490270,0,Pagada,True
FV-95604,OC-95604,Rappi,Marketplace,Colombia,2026-03-11,2026-04-10,30,1579516,0,Pagada,True
FV-95605,OC-95605,Rappi,Marketplace,Colombia,2026-03-09,2026-04-08,30,1490700,0,Pagada,True
FV-95606,OC-95606,Fithub,Especializado,Colombia,2026-03-11,2026-04-25,45,6192375,0,Pagada,True
FV-95607,OC-95607,Tiendas naturistas,Especializado,Colombia,2026-03-11,2026-04-25,45,2363328,0,Pagada,True
FV-95608,OC-95608,Tiendas naturistas,Especializado,Colombia,2026-03-11,2026-04-25,45,2440872,0,Pagada,True
FV-95609,OC-95609,Paranice US,Internacional,Estados Unidos,2026-03-11,2026-03-26,15,6869350,0,Pagada,True
FV-95610,OC-95610,Distribuidor CR,Internacional,Costa Rica,2026-03-11,2026-04-25,45,3984050,0,Pagada,True
FV-95611,OC-95611,Éxito,Retail,Colombia,2026-03-10,2026-05-09,60,15083352,0,Pagada,True
FV-95612,OC-95612,Carulla,Retail,Colombia,2026-03-11,2026-05-10,60,3673292,0,Pagada,True
FV-95613,OC-95613,Carulla,Retail,Colombia,2026-03-14,2026-05-13,60,3734356,0,Pagada,True
FV-95614,OC-95614,Carulla,Retail,Colombia,2026-03-14,2026-05-13,60,3705558,0,Pagada,True
FV-95615,OC-95615,Rappi,Marketplace,Colombia,2026-03-10,2026-04-09,30,2336786,0,Pagada,True
FV-95616,OC-95616,Rappi,Marketplace,Colombia,2026-03-11,2026-04-10,30,2289447,0,Pagada,True
FV-95617,OC-95617,Rappi,Marketplace,Colombia,2026-03-11,2026-04-10,30,2313198,0,Pagada,True
FV-95618,OC-95618,Fithub,Especializado,Colombia,2026-03-13,2026-04-27,45,6008800,0,Pagada,True
FV-95619,OC-95619,Tiendas naturistas,Especializado,Colombia,2026-03-10,2026-04-24,45,2130480,0,Pagada,True
FV-95620,OC-95620,Tiendas naturistas,Especializado,Colombia,2026-03-14,2026-04-28,45,2122524,0,Pagada,True
FV-95621,OC-95621,Tiendas naturistas,Especializado,Colombia,2026-03-13,2026-04-27,45,2119968,0,Pagada,True
FV-95622,OC-95622,Paranice US,Internacional,Estados Unidos,2026-03-10,2026-03-25,15,2240950,0,Pagada,True
FV-95623,OC-95623,Paranice US,Internacional,Estados Unidos,2026-03-11,2026-03-26,15,2224800,0,Pagada,True
FV-95624,OC-95624,Paranice US,Internacional,Estados Unidos,2026-03-14,2026-03-29,15,2312550,0,Pagada,True
FV-95625,OC-95625,Distribuidor CR,Internacional,Costa Rica,2026-03-13,2026-04-27,45,5049870,0,Pagada,True
FV-95626,OC-95626,Éxito,Retail,Colombia,2026-03-15,2026-05-14,60,7771890,0,Pagada,True
FV-95627,OC-95627,Éxito,Retail,Colombia,2026-03-13,2026-05-12,60,7782668,0,Pagada,True
FV-95628,OC-95628,Carulla,Retail,Colombia,2026-03-11,2026-05-10,60,5555294,0,Pagada,True
FV-95629,OC-95629,Carulla,Retail,Colombia,2026-03-14,2026-05-13,60,5605410,0,Pagada,True
FV-95630,OC-95630,Rappi,Marketplace,Colombia,2026-03-14,2026-04-13,30,6635250,0,Pagada,True
FV-95631,OC-95631,Fithub,Especializado,Colombia,2026-03-14,2026-04-28,45,2960265,0,Pagada,True
FV-95632,OC-95632,Fithub,Especializado,Colombia,2026-03-12,2026-04-26,45,2945250,0,Pagada,True
FV-95633,OC-95633,Tiendas naturistas,Especializado,Colombia,2026-03-13,2026-04-27,45,5117796,0,Pagada,True
FV-95634,OC-95634,Paranice US,Internacional,Estados Unidos,2026-03-11,2026-03-26,15,1091900,0,Pagada,True
FV-95635,OC-95635,Paranice US,Internacional,Estados Unidos,2026-03-15,2026-03-30,15,1187900,0,Pagada,True
FV-95636,OC-95636,Paranice US,Internacional,Estados Unidos,2026-03-14,2026-03-29,15,1090400,0,Pagada,True
FV-95637,OC-95637,Paranice US,Internacional,Estados Unidos,2026-03-15,2026-03-30,15,1244000,0,Pagada,True
FV-95638,OC-95638,Paranice US,Internacional,Estados Unidos,2026-03-12,2026-03-27,15,1133850,0,Pagada,True
FV-95639,OC-95639,Paranice US,Internacional,Estados Unidos,2026-03-14,2026-03-29,15,1270400,0,Pagada,True
FV-95640,OC-95640,Paranice US,Internacional,Estados Unidos,2026-03-11,2026-03-26,15,1295800,0,Pagada,True
FV-95641,OC-95641,Distribuidor CR,Internacional,Costa Rica,2026-03-13,2026-04-27,45,3435040,0,Pagada,True
FV-95642,OC-95642,Éxito,Retail,Colombia,2026-03-15,2026-05-14,60,5851604,0,Pagada,True
FV-95643,OC-95643,Éxito,Retail,Colombia,2026-03-15,2026-05-14,60,5814476,0,Pagada,True
FV-95644,OC-95644,Éxito,Retail,Colombia,2026-03-12,2026-05-11,60,5871358,0,Pagada,True
FV-95645,OC-95645,Carulla,Retail,Colombia,2026-03-14,2026-05-13,60,6649448,0,Pagada,True
FV-95646,OC-95646,Carulla,Retail,Colombia,2026-03-13,2026-05-12,60,6649720,0,Pagada,True
FV-95647,OC-95647,Rappi,Marketplace,Colombia,2026-03-16,2026-04-15,30,1620637,0,Pagada,True
FV-95648,OC-95648,Rappi,Marketplace,Colombia,2026-03-13,2026-04-12,30,1523107,0,Pagada,True
FV-95649,OC-95649,Rappi,Marketplace,Colombia,2026-03-14,2026-04-13,30,1518222,0,Pagada,True
FV-95650,OC-95650,Fithub,Especializado,Colombia,2026-03-16,2026-04-30,45,1879850,0,Pagada,True
FV-95651,OC-95651,Fithub,Especializado,Colombia,2026-03-15,2026-04-29,45,1886150,0,Pagada,True
FV-95652,OC-95652,Fithub,Especializado,Colombia,2026-03-14,2026-04-28,45,1887900,0,Pagada,True
FV-95653,OC-95653,Tiendas naturistas,Especializado,Colombia,2026-03-15,2026-04-29,45,6473844,0,Pagada,True
FV-95654,OC-95654,Paranice US,Internacional,Estados Unidos,2026-03-14,2026-03-29,15,2969850,0,Pagada,True
FV-95655,OC-95655,Paranice US,Internacional,Estados Unidos,2026-03-12,2026-03-27,15,3124250,0,Pagada,True
FV-95656,OC-95656,Distribuidor CR,Internacional,Costa Rica,2026-03-16,2026-04-30,45,1886640,0,Pagada,True
FV-95657,OC-95657,Distribuidor CR,Internacional,Costa Rica,2026-03-16,2026-04-30,45,1853495,0,Pagada,True
FV-95658,OC-95658,Éxito,Retail,Colombia,2026-03-16,2026-05-15,60,10365240,0,Pagada,True
FV-95659,OC-95659,Éxito,Retail,Colombia,2026-03-16,2026-05-15,60,10385538,0,Pagada,True
FV-95660,OC-95660,Carulla,Retail,Colombia,2026-03-15,2026-05-14,60,3332510,0,Pagada,True
FV-95661,OC-95661,Carulla,Retail,Colombia,2026-03-13,2026-05-12,60,3392894,0,Pagada,True
FV-95662,OC-95662,Carulla,Retail,Colombia,2026-03-16,2026-05-15,60,3324860,0,Pagada,True
FV-95663,OC-95663,Rappi,Marketplace,Colombia,2026-03-15,2026-04-14,30,2107466,0,Pagada,True
FV-95664,OC-95664,Rappi,Marketplace,Colombia,2026-03-14,2026-04-13,30,2123216,0,Pagada,True
FV-95665,OC-95665,Rappi,Marketplace,Colombia,2026-03-16,2026-04-15,30,2063101,0,Pagada,True
FV-95666,OC-95666,Fithub,Especializado,Colombia,2026-03-13,2026-04-27,45,1973125,0,Pagada,True
FV-95667,OC-95667,Fithub,Especializado,Colombia,2026-03-15,2026-04-29,45,1953350,0,Pagada,True
FV-95668,OC-95668,Fithub,Especializado,Colombia,2026-03-16,2026-04-30,45,1955100,0,Pagada,True
FV-95669,OC-95669,Tiendas naturistas,Especializado,Colombia,2026-03-15,2026-04-29,45,5150592,0,Pagada,True
FV-95670,OC-95670,Paranice US,Internacional,Estados Unidos,2026-03-14,2026-03-29,15,6257950,0,Pagada,True
FV-95671,OC-95671,Distribuidor CR,Internacional,Costa Rica,2026-03-15,2026-04-29,45,1384565,0,Pagada,True
FV-95672,OC-95672,Distribuidor CR,Internacional,Costa Rica,2026-03-16,2026-04-30,45,1407525,0,Pagada,True
FV-95673,OC-95673,Distribuidor CR,Internacional,Costa Rica,2026-03-16,2026-04-30,45,1283275,0,Pagada,True
FV-95674,OC-95674,Éxito,Retail,Colombia,2026-03-18,2026-05-17,60,17093806,0,Pagada,True
FV-95675,OC-95675,Carulla,Retail,Colombia,2026-03-16,2026-05-15,60,11484078,0,Pagada,True
FV-95676,OC-95676,Rappi,Marketplace,Colombia,2026-03-16,2026-04-15,30,6454588,0,Pagada,True
FV-95677,OC-95677,Fithub,Especializado,Colombia,2026-03-14,2026-04-28,45,1208795,0,Pagada,True
FV-95678,OC-95678,Fithub,Especializado,Colombia,2026-03-15,2026-04-29,45,1211525,0,Pagada,True
FV-95679,OC-95679,Fithub,Especializado,Colombia,2026-03-14,2026-04-28,45,1184435,0,Pagada,True
FV-95680,OC-95680,Fithub,Especializado,Colombia,2026-03-16,2026-04-30,45,1171800,0,Pagada,True
FV-95681,OC-95681,Tiendas naturistas,Especializado,Colombia,2026-03-16,2026-04-30,45,5258844,0,Pagada,True
FV-95682,OC-95682,Paranice US,Internacional,Estados Unidos,2026-03-18,2026-04-02,15,1666650,0,Pagada,True
FV-95683,OC-95683,Paranice US,Internacional,Estados Unidos,2026-03-17,2026-04-01,15,1515950,0,Pagada,True
FV-95684,OC-95684,Paranice US,Internacional,Estados Unidos,2026-03-16,2026-03-31,15,1584800,0,Pagada,True
FV-95685,OC-95685,Paranice US,Internacional,Estados Unidos,2026-03-18,2026-04-02,15,1534750,0,Pagada,True
FV-95686,OC-95686,Distribuidor CR,Internacional,Costa Rica,2026-03-14,2026-04-28,45,1335145,0,Pagada,True
FV-95687,OC-95687,Distribuidor CR,Internacional,Costa Rica,2026-03-18,2026-05-02,45,1294685,0,Pagada,True
FV-95688,OC-95688,Distribuidor CR,Internacional,Costa Rica,2026-03-18,2026-05-02,45,1196895,121,Vencida +90,False
FV-95689,OC-95689,Éxito,Retail,Colombia,2026-03-17,2026-05-16,60,19290750,0,Pagada,True
FV-95690,OC-95690,Carulla,Retail,Colombia,2026-03-16,2026-05-15,60,4631786,0,Pagada,True
FV-95691,OC-95691,Carulla,Retail,Colombia,2026-03-15,2026-05-14,60,4515778,0,Pagada,True
FV-95692,OC-95692,Carulla,Retail,Colombia,2026-03-15,2026-05-14,60,4609992,0,Pagada,True
FV-95693,OC-95693,Rappi,Marketplace,Colombia,2026-03-16,2026-04-15,30,6779792,0,Pagada,True
FV-95694,OC-95694,Fithub,Especializado,Colombia,2026-03-16,2026-04-30,45,2647540,0,Pagada,True
FV-95695,OC-95695,Fithub,Especializado,Colombia,2026-03-17,2026-05-01,45,2627835,0,Pagada,True
FV-95696,OC-95696,Tiendas naturistas,Especializado,Colombia,2026-03-15,2026-04-29,45,1951380,0,Pagada,True
FV-95697,OC-95697,Tiendas naturistas,Especializado,Colombia,2026-03-17,2026-05-01,45,1977912,0,Pagada,True
FV-95698,OC-95698,Tiendas naturistas,Especializado,Colombia,2026-03-16,2026-04-30,45,1983636,0,Pagada,True
FV-95699,OC-95699,Paranice US,Internacional,Estados Unidos,2026-03-17,2026-04-01,15,7156550,0,Pagada,True
FV-95700,OC-95700,Distribuidor CR,Internacional,Costa Rica,2026-03-16,2026-04-30,45,4398345,0,Pagada,True
FV-95701,OC-95701,Éxito,Retail,Colombia,2026-03-20,2026-05-19,60,21194444,0,Pagada,True
FV-95702,OC-95702,Carulla,Retail,Colombia,2026-03-16,2026-05-15,60,10640436,0,Pagada,True
FV-95703,OC-95703,Rappi,Marketplace,Colombia,2026-03-20,2026-04-19,30,5020312,0,Pagada,True
FV-95704,OC-95704,Fithub,Especializado,Colombia,2026-03-18,2026-05-02,45,4777745,0,Pagada,True
FV-95705,OC-95705,Tiendas naturistas,Especializado,Colombia,2026-03-20,2026-05-04,45,2982456,0,Pagada,True
FV-95706,OC-95706,Tiendas naturistas,Especializado,Colombia,2026-03-17,2026-05-01,45,2992572,0,Pagada,True
FV-95707,OC-95707,Paranice US,Internacional,Estados Unidos,2026-03-20,2026-04-04,15,2294950,149,Vencida +90,False
FV-95708,OC-95708,Paranice US,Internacional,Estados Unidos,2026-03-18,2026-04-02,15,2399150,0,Pagada,True
FV-95709,OC-95709,Paranice US,Internacional,Estados Unidos,2026-03-19,2026-04-03,15,2334650,0,Pagada,True
FV-95710,OC-95710,Distribuidor CR,Internacional,Costa Rica,2026-03-18,2026-05-02,45,3591385,0,Pagada,True
FV-95711,OC-95711,Éxito,Retail,Colombia,2026-03-20,2026-05-19,60,4646848,0,Pagada,True
FV-95712,OC-95712,Éxito,Retail,Colombia,2026-03-20,2026-05-19,60,4648344,0,Pagada,True
FV-95713,OC-95713,Éxito,Retail,Colombia,2026-03-17,2026-05-16,60,4649466,0,Pagada,True
FV-95714,OC-95714,Éxito,Retail,Colombia,2026-03-20,2026-05-19,60,4658374,0,Pagada,True
FV-95715,OC-95715,Carulla,Retail,Colombia,2026-03-19,2026-05-18,60,13853334,0,Pagada,True
FV-95716,OC-95716,Rappi,Marketplace,Colombia,2026-03-20,2026-04-19,30,5260614,0,Pagada,True
FV-95717,OC-95717,Fithub,Especializado,Colombia,2026-03-19,2026-05-03,45,4347315,0,Pagada,True
FV-95718,OC-95718,Tiendas naturistas,Especializado,Colombia,2026-03-20,2026-05-04,45,981756,0,Pagada,True
FV-95719,OC-95719,Tiendas naturistas,Especializado,Colombia,2026-03-17,2026-05-01,45,941616,0,Pagada,True
FV-95720,OC-95720,Tiendas naturistas,Especializado,Colombia,2026-03-19,2026-05-03,45,924372,0,Pagada,True
FV-95721,OC-95721,Tiendas naturistas,Especializado,Colombia,2026-03-18,2026-05-02,45,1019916,0,Pagada,True
FV-95722,OC-95722,Tiendas naturistas,Especializado,Colombia,2026-03-18,2026-05-02,45,927936,0,Pagada,True
FV-95723,OC-95723,Tiendas naturistas,Especializado,Colombia,2026-03-20,2026-05-04,45,965052,0,Pagada,True
FV-95724,OC-95724,Paranice US,Internacional,Estados Unidos,2026-03-17,2026-04-01,15,7492200,0,Pagada,True
FV-95725,OC-95725,Distribuidor CR,Internacional,Costa Rica,2026-03-20,2026-05-04,45,2331070,0,Pagada,True
FV-95726,OC-95726,Distribuidor CR,Internacional,Costa Rica,2026-03-19,2026-05-03,45,2360890,0,Pagada,True
FV-95727,OC-95727,Éxito,Retail,Colombia,2026-03-22,2026-05-21,60,9198088,0,Pagada,True
FV-95728,OC-95728,Éxito,Retail,Colombia,2026-03-21,2026-05-20,60,9271630,0,Pagada,True
FV-95729,OC-95729,Carulla,Retail,Colombia,2026-03-19,2026-05-18,60,11499378,0,Pagada,True
FV-95730,OC-95730,Rappi,Marketplace,Colombia,2026-03-19,2026-04-18,30,1949466,0,Pagada,True
FV-95731,OC-95731,Rappi,Marketplace,Colombia,2026-03-18,2026-04-17,30,1961224,0,Pagada,True
FV-95732,OC-95732,Rappi,Marketplace,Colombia,2026-03-20,2026-04-19,30,1923350,0,Pagada,True
FV-95733,OC-95733,Fithub,Especializado,Colombia,2026-03-21,2026-05-05,45,1948940,0,Pagada,True
FV-95734,OC-95734,Fithub,Especializado,Colombia,2026-03-18,2026-05-02,45,2071125,0,Pagada,True
FV-95735,OC-95735,Fithub,Especializado,Colombia,2026-03-19,2026-05-03,45,1978445,0,Pagada,True
FV-95736,OC-95736,Tiendas naturistas,Especializado,Colombia,2026-03-20,2026-05-04,45,1656936,0,Pagada,True
FV-95737,OC-95737,Tiendas naturistas,Especializado,Colombia,2026-03-20,2026-05-04,45,1562724,0,Pagada,True
FV-95738,OC-95738,Tiendas naturistas,Especializado,Colombia,2026-03-21,2026-05-05,45,1714320,0,Pagada,True
FV-95739,OC-95739,Paranice US,Internacional,Estados Unidos,2026-03-21,2026-04-05,15,2753200,0,Pagada,True
FV-95740,OC-95740,Paranice US,Internacional,Estados Unidos,2026-03-19,2026-04-03,15,2686950,0,Pagada,True
FV-95741,OC-95741,Paranice US,Internacional,Estados Unidos,2026-03-22,2026-04-06,15,2686400,0,Pagada,True
FV-95742,OC-95742,Distribuidor CR,Internacional,Costa Rica,2026-03-20,2026-05-04,45,4419520,0,Pagada,True
FV-95743,OC-95743,Éxito,Retail,Colombia,2026-03-21,2026-05-20,60,7023142,0,Pagada,True
FV-95744,OC-95744,Éxito,Retail,Colombia,2026-03-21,2026-05-20,60,7039666,0,Pagada,True
FV-95745,OC-95745,Éxito,Retail,Colombia,2026-03-22,2026-05-21,60,7013724,0,Pagada,True
FV-95746,OC-95746,Carulla,Retail,Colombia,2026-03-21,2026-05-20,60,11725580,0,Pagada,True
FV-95747,OC-95747,Rappi,Marketplace,Colombia,2026-03-23,2026-04-22,30,5454206,0,Pagada,True
FV-95748,OC-95748,Fithub,Especializado,Colombia,2026-03-20,2026-05-04,45,1438780,0,Pagada,True
FV-95749,OC-95749,Fithub,Especializado,Colombia,2026-03-21,2026-05-05,45,1448685,0,Pagada,True
FV-95750,OC-95750,Fithub,Especializado,Colombia,2026-03-22,2026-05-06,45,1462685,0,Pagada,True
FV-95751,OC-95751,Tiendas naturistas,Especializado,Colombia,2026-03-20,2026-05-04,45,5968296,0,Pagada,True
FV-95752,OC-95752,Paranice US,Internacional,Estados Unidos,2026-03-21,2026-04-05,15,2096500,0,Pagada,True
FV-95753,OC-95753,Paranice US,Internacional,Estados Unidos,2026-03-21,2026-04-05,15,2064200,0,Pagada,True
FV-95754,OC-95754,Paranice US,Internacional,Estados Unidos,2026-03-23,2026-04-07,15,2069950,0,Pagada,True
FV-95755,OC-95755,Distribuidor CR,Internacional,Costa Rica,2026-03-23,2026-05-07,45,3960880,0,Pagada,True
FV-95756,OC-95756,Éxito,Retail,Colombia,2026-03-21,2026-05-20,60,5975806,0,Pagada,True
FV-95757,OC-95757,Éxito,Retail,Colombia,2026-03-22,2026-05-21,60,5985836,0,Pagada,True
FV-95758,OC-95758,Éxito,Retail,Colombia,2026-03-21,2026-05-20,60,6010928,0,Pagada,True
FV-95759,OC-95759,Carulla,Retail,Colombia,2026-03-20,2026-05-19,60,10290066,0,Pagada,True
FV-95760,OC-95760,Rappi,Marketplace,Colombia,2026-03-22,2026-04-21,30,2182722,0,Pagada,True
FV-95761,OC-95761,Rappi,Marketplace,Colombia,2026-03-22,2026-04-21,30,2112200,0,Pagada,True
FV-95762,OC-95762,Rappi,Marketplace,Colombia,2026-03-21,2026-04-20,30,2169600,0,Pagada,True
FV-95763,OC-95763,Fithub,Especializado,Colombia,2026-03-21,2026-05-05,45,2409820,0,Pagada,True
FV-95764,OC-95764,Fithub,Especializado,Colombia,2026-03-20,2026-05-04,45,2558010,0,Pagada,True
FV-95765,OC-95765,Tiendas naturistas,Especializado,Colombia,2026-03-24,2026-05-08,45,1634256,0,Pagada,True
FV-95766,OC-95766,Tiendas naturistas,Especializado,Colombia,2026-03-20,2026-05-04,45,1626228,0,Pagada,True
FV-95767,OC-95767,Tiendas naturistas,Especializado,Colombia,2026-03-22,2026-05-06,45,1666512,0,Pagada,True
FV-95768,OC-95768,Paranice US,Internacional,Estados Unidos,2026-03-21,2026-04-05,15,7234000,0,Pagada,True
FV-95769,OC-95769,Distribuidor CR,Internacional,Costa Rica,2026-03-24,2026-05-08,45,4743795,0,Pagada,True
FV-95770,OC-95770,Éxito,Retail,Colombia,2026-03-25,2026-05-24,60,4196076,0,Pagada,True
FV-95771,OC-95771,Éxito,Retail,Colombia,2026-03-25,2026-05-24,60,4187984,0,Pagada,True
FV-95772,OC-95772,Éxito,Retail,Colombia,2026-03-25,2026-05-24,60,4088942,0,Pagada,True
FV-95773,OC-95773,Éxito,Retail,Colombia,2026-03-23,2026-05-22,60,4170984,0,Pagada,True
FV-95774,OC-95774,Éxito,Retail,Colombia,2026-03-22,2026-05-21,60,4174656,0,Pagada,True
FV-95775,OC-95775,Carulla,Retail,Colombia,2026-03-25,2026-05-24,60,12204402,0,Pagada,True
FV-95776,OC-95776,Rappi,Marketplace,Colombia,2026-03-21,2026-04-20,30,1943580,0,Pagada,True
FV-95777,OC-95777,Rappi,Marketplace,Colombia,2026-03-22,2026-04-21,30,1973550,0,Pagada,True
FV-95778,OC-95778,Rappi,Marketplace,Colombia,2026-03-22,2026-04-21,30,1992185,0,Pagada,True
FV-95779,OC-95779,Fithub,Especializado,Colombia,2026-03-22,2026-05-06,45,5320665,117,Vencida +90,False
FV-95780,OC-95780,Tiendas naturistas,Especializado,Colombia,2026-03-24,2026-05-08,45,1273752,0,Pagada,True
FV-95781,OC-95781,Tiendas naturistas,Especializado,Colombia,2026-03-24,2026-05-08,45,1252224,0,Pagada,True
FV-95782,OC-95782,Tiendas naturistas,Especializado,Colombia,2026-03-24,2026-05-08,45,1261944,115,Vencida +90,False
FV-95783,OC-95783,Tiendas naturistas,Especializado,Colombia,2026-03-23,2026-05-07,45,1282788,0,Pagada,True
FV-95784,OC-95784,Paranice US,Internacional,Estados Unidos,2026-03-23,2026-04-07,15,2133200,0,Pagada,True
FV-95785,OC-95785,Paranice US,Internacional,Estados Unidos,2026-03-22,2026-04-06,15,2134250,0,Pagada,True
FV-95786,OC-95786,Paranice US,Internacional,Estados Unidos,2026-03-23,2026-04-07,15,2138400,0,Pagada,True
FV-95787,OC-95787,Paranice US,Internacional,Estados Unidos,2026-03-25,2026-04-09,15,2252550,0,Pagada,True
FV-95788,OC-95788,Distribuidor CR,Internacional,Costa Rica,2026-03-21,2026-05-05,45,850850,0,Pagada,True
FV-95789,OC-95789,Distribuidor CR,Internacional,Costa Rica,2026-03-21,2026-05-05,45,964635,0,Pagada,True
FV-95790,OC-95790,Distribuidor CR,Internacional,Costa Rica,2026-03-21,2026-05-05,45,867020,0,Pagada,True
FV-95791,OC-95791,Distribuidor CR,Internacional,Costa Rica,2026-03-24,2026-05-08,45,898380,0,Pagada,True
FV-95792,OC-95792,Distribuidor CR,Internacional,Costa Rica,2026-03-25,2026-05-09,45,879200,0,Pagada,True
FV-95793,OC-95793,Éxito,Retail,Colombia,2026-03-22,2026-05-21,60,10481792,0,Pagada,True
FV-95794,OC-95794,Éxito,Retail,Colombia,2026-03-24,2026-05-23,60,10542074,0,Pagada,True
FV-95795,OC-95795,Carulla,Retail,Colombia,2026-03-22,2026-05-21,60,12605976,0,Pagada,True
FV-95796,OC-95796,Rappi,Marketplace,Colombia,2026-03-23,2026-04-22,30,3016071,0,Pagada,True
FV-95797,OC-95797,Rappi,Marketplace,Colombia,2026-03-24,2026-04-23,30,2977038,0,Pagada,True
FV-95798,OC-95798,Fithub,Especializado,Colombia,2026-03-25,2026-05-09,45,4719015,0,Pagada,True
FV-95799,OC-95799,Tiendas naturistas,Especializado,Colombia,2026-03-23,2026-05-07,45,1335456,0,Pagada,True
FV-95800,OC-95800,Tiendas naturistas,Especializado,Colombia,2026-03-23,2026-05-07,45,1283040,0,Pagada,True
FV-95801,OC-95801,Tiendas naturistas,Especializado,Colombia,2026-03-26,2026-05-10,45,1282392,0,Pagada,True
FV-95802,OC-95802,Tiendas naturistas,Especializado,Colombia,2026-03-25,2026-05-09,45,1244160,0,Pagada,True
FV-95803,OC-95803,Tiendas naturistas,Especializado,Colombia,2026-03-26,2026-05-10,45,1310688,0,Pagada,True
FV-95804,OC-95804,Paranice US,Internacional,Estados Unidos,2026-03-22,2026-04-06,15,6823050,0,Pagada,True
FV-95805,OC-95805,Distribuidor CR,Internacional,Costa Rica,2026-03-26,2026-05-10,45,1180270,0,Pagada,True
FV-95806,OC-95806,Distribuidor CR,Internacional,Costa Rica,2026-03-26,2026-05-10,45,1252160,0,Pagada,True
FV-95807,OC-95807,Distribuidor CR,Internacional,Costa Rica,2026-03-25,2026-05-09,45,1236760,0,Pagada,True
FV-95808,OC-95808,Distribuidor CR,Internacional,Costa Rica,2026-03-23,2026-05-07,45,1143590,0,Pagada,True
FV-95809,OC-95809,Éxito,Retail,Colombia,2026-03-27,2026-05-26,60,19290648,0,Pagada,True
FV-95810,OC-95810,Carulla,Retail,Colombia,2026-03-24,2026-05-23,60,13846364,100,Vencida +90,False
FV-95811,OC-95811,Rappi,Marketplace,Colombia,2026-03-25,2026-04-24,30,2733604,0,Pagada,True
FV-95812,OC-95812,Rappi,Marketplace,Colombia,2026-03-27,2026-04-26,30,2653572,0,Pagada,True
FV-95813,OC-95813,Fithub,Especializado,Colombia,2026-03-23,2026-05-07,45,2458890,0,Pagada,True
FV-95814,OC-95814,Fithub,Especializado,Colombia,2026-03-26,2026-05-10,45,2449160,0,Pagada,True
FV-95815,OC-95815,Tiendas naturistas,Especializado,Colombia,2026-03-25,2026-05-09,45,1730268,0,Pagada,True
FV-95816,OC-95816,Tiendas naturistas,Especializado,Colombia,2026-03-27,2026-05-11,45,1702512,0,Pagada,True
FV-95817,OC-95817,Tiendas naturistas,Especializado,Colombia,2026-03-26,2026-05-10,45,1685592,0,Pagada,True
FV-95818,OC-95818,Tiendas naturistas,Especializado,Colombia,2026-03-23,2026-05-07,45,1734408,0,Pagada,True
FV-95819,OC-95819,Paranice US,Internacional,Estados Unidos,2026-03-25,2026-04-09,15,6710900,0,Pagada,True
FV-95820,OC-95820,Distribuidor CR,Internacional,Costa Rica,2026-03-24,2026-05-08,45,1033305,0,Pagada,True
FV-95821,OC-95821,Distribuidor CR,Internacional,Costa Rica,2026-03-24,2026-05-08,45,1004605,0,Pagada,True
FV-95822,OC-95822,Distribuidor CR,Internacional,Costa Rica,2026-03-23,2026-05-07,45,1024555,0,Pagada,True
FV-95823,OC-95823,Distribuidor CR,Internacional,Costa Rica,2026-03-27,2026-05-11,45,1012025,0,Pagada,True
FV-95824,OC-95824,Éxito,Retail,Colombia,2026-03-27,2026-05-26,60,5594598,0,Pagada,True
FV-95825,OC-95825,Éxito,Retail,Colombia,2026-03-25,2026-05-24,60,5591844,0,Pagada,True
FV-95826,OC-95826,Éxito,Retail,Colombia,2026-03-25,2026-05-24,60,5598610,0,Pagada,True
FV-95827,OC-95827,Carulla,Retail,Colombia,2026-03-24,2026-05-23,60,4927722,0,Pagada,True
FV-95828,OC-95828,Carulla,Retail,Colombia,2026-03-28,2026-05-27,60,4908750,0,Pagada,True
FV-95829,OC-95829,Rappi,Marketplace,Colombia,2026-03-27,2026-04-26,30,6805915,0,Pagada,True
FV-95830,OC-95830,Fithub,Especializado,Colombia,2026-03-28,2026-05-12,45,1042790,0,Pagada,True
FV-95831,OC-95831,Fithub,Especializado,Colombia,2026-03-26,2026-05-10,45,1047480,0,Pagada,True
FV-95832,OC-95832,Fithub,Especializado,Colombia,2026-03-28,2026-05-12,45,1029700,111,Vencida +90,False
FV-95833,OC-95833,Fithub,Especializado,Colombia,2026-03-24,2026-05-08,45,1068060,0,Pagada,True
FV-95834,OC-95834,Fithub,Especializado,Colombia,2026-03-25,2026-05-09,45,1004220,0,Pagada,True
FV-95835,OC-95835,Tiendas naturistas,Especializado,Colombia,2026-03-25,2026-05-09,45,2818764,0,Pagada,True
FV-95836,OC-95836,Tiendas naturistas,Especializado,Colombia,2026-03-27,2026-05-11,45,2852136,0,Pagada,True
FV-95837,OC-95837,Paranice US,Internacional,Estados Unidos,2026-03-26,2026-04-10,15,2388100,0,Pagada,True
FV-95838,OC-95838,Paranice US,Internacional,Estados Unidos,2026-03-24,2026-04-08,15,2389650,0,Pagada,True
FV-95839,OC-95839,Paranice US,Internacional,Estados Unidos,2026-03-28,2026-04-12,15,2318350,0,Pagada,True
FV-95840,OC-95840,Distribuidor CR,Internacional,Costa Rica,2026-03-27,2026-05-11,45,1032675,0,Pagada,True
FV-95841,OC-95841,Distribuidor CR,Internacional,Costa Rica,2026-03-26,2026-05-10,45,1017065,0,Pagada,True
FV-95842,OC-95842,Distribuidor CR,Internacional,Costa Rica,2026-03-27,2026-05-11,45,1032150,112,Vencida +90,False
FV-95843,OC-95843,Distribuidor CR,Internacional,Costa Rica,2026-03-28,2026-05-12,45,995050,111,Vencida +90,False
FV-95844,OC-95844,Distribuidor CR,Internacional,Costa Rica,2026-03-24,2026-05-08,45,1075550,0,Pagada,True
FV-95845,OC-95845,Éxito,Retail,Colombia,2026-03-28,2026-05-27,60,14854668,0,Pagada,True
FV-95846,OC-95846,Carulla,Retail,Colombia,2026-03-29,2026-05-28,60,4348124,0,Pagada,True
FV-95847,OC-95847,Carulla,Retail,Colombia,2026-03-28,2026-05-27,60,4399668,96,Vencida +90,False
FV-95848,OC-95848,Carulla,Retail,Colombia,2026-03-27,2026-05-26,60,4334388,0,Pagada,True
FV-95849,OC-95849,Rappi,Marketplace,Colombia,2026-03-26,2026-04-25,30,6054309,0,Pagada,True
FV-95850,OC-95850,Fithub,Especializado,Colombia,2026-03-29,2026-05-13,45,1670480,0,Pagada,True
FV-95851,OC-95851,Fithub,Especializado,Colombia,2026-03-27,2026-05-11,45,1567930,0,Pagada,True
FV-95852,OC-95852,Fithub,Especializado,Colombia,2026-03-25,2026-05-09,45,1594740,0,Pagada,True
FV-95853,OC-95853,Fithub,Especializado,Colombia,2026-03-28,2026-05-12,45,1649760,0,Pagada,True
FV-95854,OC-95854,Tiendas naturistas,Especializado,Colombia,2026-03-25,2026-05-09,45,1087452,0,Pagada,True
FV-95855,OC-95855,Tiendas naturistas,Especializado,Colombia,2026-03-28,2026-05-12,45,1101852,0,Pagada,True
FV-95856,OC-95856,Tiendas naturistas,Especializado,Colombia,2026-03-25,2026-05-09,45,1156680,0,Pagada,True
FV-95857,OC-95857,Tiendas naturistas,Especializado,Colombia,2026-03-26,2026-05-10,45,1161216,0,Pagada,True
FV-95858,OC-95858,Tiendas naturistas,Especializado,Colombia,2026-03-29,2026-05-13,45,1250748,0,Pagada,True
FV-95859,OC-95859,Tiendas naturistas,Especializado,Colombia,2026-03-25,2026-05-09,45,1132848,0,Pagada,True
FV-95860,OC-95860,Paranice US,Internacional,Estados Unidos,2026-03-28,2026-04-12,15,4104150,0,Pagada,True
FV-95861,OC-95861,Paranice US,Internacional,Estados Unidos,2026-03-27,2026-04-11,15,4179750,0,Pagada,True
FV-95862,OC-95862,Distribuidor CR,Internacional,Costa Rica,2026-03-29,2026-05-13,45,4995445,0,Pagada,True
FV-95863,OC-95863,Éxito,Retail,Colombia,2026-03-30,2026-05-29,60,18184186,0,Pagada,True
FV-95864,OC-95864,Carulla,Retail,Colombia,2026-03-28,2026-05-27,60,10262118,0,Pagada,True
FV-95865,OC-95865,Rappi,Marketplace,Colombia,2026-03-26,2026-04-25,30,2406651,0,Pagada,True
FV-95866,OC-95866,Rappi,Marketplace,Colombia,2026-03-27,2026-04-26,30,2427593,0,Pagada,True
FV-95867,OC-95867,Fithub,Especializado,Colombia,2026-03-30,2026-05-14,45,5284160,0,Pagada,True
FV-95868,OC-95868,Tiendas naturistas,Especializado,Colombia,2026-03-30,2026-05-14,45,2427408,0,Pagada,True
FV-95869,OC-95869,Tiendas naturistas,Especializado,Colombia,2026-03-26,2026-05-10,45,2416500,0,Pagada,True
FV-95870,OC-95870,Paranice US,Internacional,Estados Unidos,2026-03-29,2026-04-13,15,2061050,0,Pagada,True
FV-95871,OC-95871,Paranice US,Internacional,Estados Unidos,2026-03-30,2026-04-14,15,2077350,0,Pagada,True
FV-95872,OC-95872,Paranice US,Internacional,Estados Unidos,2026-03-28,2026-04-12,15,2172600,0,Pagada,True
FV-95873,OC-95873,Distribuidor CR,Internacional,Costa Rica,2026-03-27,2026-05-11,45,4424910,0,Pagada,True
FV-95874,OC-95874,Éxito,Retail,Colombia,2026-03-30,2026-05-29,60,19212040,0,Pagada,True
FV-95875,OC-95875,Carulla,Retail,Colombia,2026-03-30,2026-05-29,60,13850750,0,Pagada,True
FV-95876,OC-95876,Rappi,Marketplace,Colombia,2026-03-27,2026-04-26,30,5234735,0,Pagada,True
FV-95877,OC-95877,Fithub,Especializado,Colombia,2026-03-28,2026-05-12,45,5698490,0,Pagada,True
FV-95878,OC-95878,Tiendas naturistas,Especializado,Colombia,2026-03-30,2026-05-14,45,3093948,0,Pagada,True
FV-95879,OC-95879,Tiendas naturistas,Especializado,Colombia,2026-03-27,2026-05-11,45,2988648,0,Pagada,True
FV-95880,OC-95880,Paranice US,Internacional,Estados Unidos,2026-03-27,2026-04-11,15,4535700,0,Pagada,True
FV-95881,OC-95881,Paranice US,Internacional,Estados Unidos,2026-03-29,2026-04-13,15,4561050,0,Pagada,True
FV-95882,OC-95882,Distribuidor CR,Internacional,Costa Rica,2026-03-31,2026-05-15,45,2039065,0,Pagada,True
FV-95883,OC-95883,Distribuidor CR,Internacional,Costa Rica,2026-03-28,2026-05-12,45,2022825,0,Pagada,True
FV-95884,OC-95884,Éxito,Retail,Colombia,2026-03-29,2026-05-28,60,20633206,0,Pagada,True
FV-95885,OC-95885,Carulla,Retail,Colombia,2026-03-30,2026-05-29,60,4228274,0,Pagada,True
FV-95886,OC-95886,Carulla,Retail,Colombia,2026-03-30,2026-05-29,60,4237046,0,Pagada,True
FV-95887,OC-95887,Carulla,Retail,Colombia,2026-04-01,2026-05-31,60,4190636,0,Pagada,True
FV-95888,OC-95888,Rappi,Marketplace,Colombia,2026-03-29,2026-04-28,30,3318915,0,Pagada,True
FV-95889,OC-95889,Rappi,Marketplace,Colombia,2026-03-31,2026-04-30,30,3361809,0,Pagada,True
FV-95890,OC-95890,Fithub,Especializado,Colombia,2026-03-29,2026-05-13,45,5980625,0,Pagada,True
FV-95891,OC-95891,Tiendas naturistas,Especializado,Colombia,2026-03-31,2026-05-15,45,3163644,0,Pagada,True
FV-95892,OC-95892,Tiendas naturistas,Especializado,Colombia,2026-03-28,2026-05-12,45,3229164,0,Pagada,True
FV-95893,OC-95893,Paranice US,Internacional,Estados Unidos,2026-03-28,2026-04-12,15,4535350,0,Pagada,True
FV-95894,OC-95894,Paranice US,Internacional,Estados Unidos,2026-03-31,2026-04-15,15,4482200,0,Pagada,True
FV-95895,OC-95895,Distribuidor CR,Internacional,Costa Rica,2026-03-30,2026-05-14,45,4049780,0,Pagada,True
FV-95896,OC-95896,Éxito,Retail,Colombia,2026-03-29,2026-05-28,60,9579262,0,Pagada,True
FV-95897,OC-95897,Éxito,Retail,Colombia,2026-03-29,2026-05-28,60,9573142,0,Pagada,True
FV-95898,OC-95898,Carulla,Retail,Colombia,2026-04-02,2026-06-01,60,9798460,0,Pagada,True
FV-95899,OC-95899,Rappi,Marketplace,Colombia,2026-03-30,2026-04-29,30,2028185,0,Pagada,True
FV-95900,OC-95900,Rappi,Marketplace,Colombia,2026-03-30,2026-04-29,30,1992678,0,Pagada,True
FV-95901,OC-95901,Rappi,Marketplace,Colombia,2026-03-29,2026-04-28,30,2025301,125,Vencida +90,False
FV-95902,OC-95902,Fithub,Especializado,Colombia,2026-04-02,2026-05-17,45,3095960,0,Pagada,True
FV-95903,OC-95903,Fithub,Especializado,Colombia,2026-04-01,2026-05-16,45,3045525,0,Pagada,True
FV-95904,OC-95904,Tiendas naturistas,Especializado,Colombia,2026-03-30,2026-05-14,45,6596280,0,Pagada,True
FV-95905,OC-95905,Paranice US,Internacional,Estados Unidos,2026-03-30,2026-04-14,15,1601800,0,Pagada,True
FV-95906,OC-95906,Paranice US,Internacional,Estados Unidos,2026-04-02,2026-04-17,15,1648350,0,Pagada,True
FV-95907,OC-95907,Paranice US,Internacional,Estados Unidos,2026-03-30,2026-04-14,15,1661550,0,Pagada,True
FV-95908,OC-95908,Paranice US,Internacional,Estados Unidos,2026-03-29,2026-04-13,15,1648200,0,Pagada,True
FV-95909,OC-95909,Distribuidor CR,Internacional,Costa Rica,2026-03-29,2026-05-13,45,4568165,0,Pagada,True
FV-95910,OC-95910,Éxito,Retail,Colombia,2026-04-03,2026-06-02,60,3487380,0,Pagada,True
FV-95911,OC-95911,Éxito,Retail,Colombia,2026-04-02,2026-06-01,60,3519816,0,Pagada,True
FV-95912,OC-95912,Éxito,Retail,Colombia,2026-04-03,2026-06-02,60,3536714,0,Pagada,True
FV-95913,OC-95913,Éxito,Retail,Colombia,2026-04-03,2026-06-02,60,3536068,90,Vencida 61-90,False
FV-95914,OC-95914,Éxito,Retail,Colombia,2026-03-30,2026-05-29,60,3545724,0,Pagada,True
FV-95915,OC-95915,Carulla,Retail,Colombia,2026-04-03,2026-06-02,60,11939542,0,Pagada,True
FV-95916,OC-95916,Rappi,Marketplace,Colombia,2026-04-02,2026-05-02,30,1466442,0,Pagada,True
FV-95917,OC-95917,Rappi,Marketplace,Colombia,2026-03-31,2026-04-30,30,1443149,0,Pagada,True
FV-95918,OC-95918,Rappi,Marketplace,Colombia,2026-03-30,2026-04-29,30,1434418,0,Pagada,True
FV-95919,OC-95919,Rappi,Marketplace,Colombia,2026-04-03,2026-05-03,30,1455386,0,Pagada,True
FV-95920,OC-95920,Fithub,Especializado,Colombia,2026-03-30,2026-05-14,45,2202725,0,Pagada,True
FV-95921,OC-95921,Fithub,Especializado,Colombia,2026-04-02,2026-05-17,45,2190860,0,Pagada,True
FV-95922,OC-95922,Tiendas naturistas,Especializado,Colombia,2026-03-30,2026-05-14,45,927504,0,Pagada,True
FV-95923,OC-95923,Tiendas naturistas,Especializado,Colombia,2026-04-02,2026-05-17,45,1062972,0,Pagada,True
FV-95924,OC-95924,Tiendas naturistas,Especializado,Colombia,2026-04-03,2026-05-18,45,1088136,0,Pagada,True
FV-95925,OC-95925,Tiendas naturistas,Especializado,Colombia,2026-04-01,2026-05-16,45,964944,0,Pagada,True
FV-95926,OC-95926,Tiendas naturistas,Especializado,Colombia,2026-04-03,2026-05-18,45,901620,0,Pagada,True
FV-95927,OC-95927,Tiendas naturistas,Especializado,Colombia,2026-04-01,2026-05-16,45,1010844,0,Pagada,True
FV-95928,OC-95928,Tiendas naturistas,Especializado,Colombia,2026-04-01,2026-05-16,45,986544,0,Pagada,True
FV-95929,OC-95929,Paranice US,Internacional,Estados Unidos,2026-04-01,2026-04-16,15,2839700,0,Pagada,True
FV-95930,OC-95930,Paranice US,Internacional,Estados Unidos,2026-04-02,2026-04-17,15,2731150,0,Pagada,True
FV-95931,OC-95931,Paranice US,Internacional,Estados Unidos,2026-03-31,2026-04-15,15,2841150,0,Pagada,True
FV-95932,OC-95932,Distribuidor CR,Internacional,Costa Rica,2026-04-01,2026-05-16,45,938420,0,Pagada,True
FV-95933,OC-95933,Distribuidor CR,Internacional,Costa Rica,2026-03-30,2026-05-14,45,957355,0,Pagada,True
FV-95934,OC-95934,Distribuidor CR,Internacional,Costa Rica,2026-03-31,2026-05-15,45,1081395,0,Pagada,True
FV-95935,OC-95935,Distribuidor CR,Internacional,Costa Rica,2026-03-31,2026-05-15,45,880285,0,Pagada,True
FV-95936,OC-95936,Distribuidor CR,Internacional,Costa Rica,2026-04-03,2026-05-18,45,993265,0,Pagada,True
FV-95937,OC-95937,Éxito,Retail,Colombia,2026-04-04,2026-06-03,60,8096420,0,Pagada,True
FV-95938,OC-95938,Éxito,Retail,Colombia,2026-04-02,2026-06-01,60,8101520,0,Pagada,True
FV-95939,OC-95939,Carulla,Retail,Colombia,2026-04-01,2026-05-31,60,5787412,0,Pagada,True
FV-95940,OC-95940,Carulla,Retail,Colombia,2026-04-02,2026-06-01,60,5752902,0,Pagada,True
FV-95941,OC-95941,Rappi,Marketplace,Colombia,2026-04-01,2026-05-01,30,6642154,0,Pagada,True
FV-95942,OC-95942,Fithub,Especializado,Colombia,2026-04-01,2026-05-16,45,2665320,0,Pagada,True
FV-95943,OC-95943,Fithub,Especializado,Colombia,2026-04-03,2026-05-18,45,2672705,0,Pagada,True
FV-95944,OC-95944,Tiendas naturistas,Especializado,Colombia,2026-03-31,2026-05-15,45,1672416,0,Pagada,True
FV-95945,OC-95945,Tiendas naturistas,Especializado,Colombia,2026-04-03,2026-05-18,45,1627560,0,Pagada,True
FV-95946,OC-95946,Tiendas naturistas,Especializado,Colombia,2026-04-02,2026-05-17,45,1653696,0,Pagada,True
FV-95947,OC-95947,Tiendas naturistas,Especializado,Colombia,2026-03-31,2026-05-15,45,1615212,0,Pagada,True
FV-95948,OC-95948,Paranice US,Internacional,Estados Unidos,2026-04-04,2026-04-19,15,7234250,0,Pagada,True
FV-95949,OC-95949,Distribuidor CR,Internacional,Costa Rica,2026-04-03,2026-05-18,45,2222570,0,Pagada,True
FV-95950,OC-95950,Distribuidor CR,Internacional,Costa Rica,2026-04-01,2026-05-16,45,2129365,0,Pagada,True
FV-95951,OC-95951,Éxito,Retail,Colombia,2026-04-04,2026-06-03,60,5130770,0,Pagada,True
FV-95952,OC-95952,Éxito,Retail,Colombia,2026-04-01,2026-05-31,60,5064198,0,Pagada,True
FV-95953,OC-95953,Éxito,Retail,Colombia,2026-04-05,2026-06-04,60,5103230,0,Pagada,True
FV-95954,OC-95954,Carulla,Retail,Colombia,2026-04-04,2026-06-03,60,6365616,0,Pagada,True
FV-95955,OC-95955,Carulla,Retail,Colombia,2026-04-02,2026-06-01,60,6389042,0,Pagada,True
FV-95956,OC-95956,Rappi,Marketplace,Colombia,2026-04-02,2026-05-02,30,1087771,0,Pagada,True
FV-95957,OC-95957,Rappi,Marketplace,Colombia,2026-04-04,2026-05-04,30,1134602,0,Pagada,True
FV-95958,OC-95958,Rappi,Marketplace,Colombia,2026-04-02,2026-05-02,30,1091929,0,Pagada,True
FV-95959,OC-95959,Rappi,Marketplace,Colombia,2026-04-04,2026-05-04,30,1131272,0,Pagada,True
FV-95960,OC-95960,Rappi,Marketplace,Colombia,2026-04-02,2026-05-02,30,1140458,0,Pagada,True
FV-95961,OC-95961,Fithub,Especializado,Colombia,2026-04-03,2026-05-18,45,5898480,0,Pagada,True
FV-95962,OC-95962,Tiendas naturistas,Especializado,Colombia,2026-04-03,2026-05-18,45,4661172,0,Pagada,True
FV-95963,OC-95963,Paranice US,Internacional,Estados Unidos,2026-04-02,2026-04-17,15,7485400,136,Vencida +90,False
FV-95964,OC-95964,Distribuidor CR,Internacional,Costa Rica,2026-04-02,2026-05-17,45,3436755,0,Pagada,True
FV-95965,OC-95965,Éxito,Retail,Colombia,2026-04-03,2026-06-02,60,10145192,0,Pagada,True
FV-95966,OC-95966,Éxito,Retail,Colombia,2026-04-06,2026-06-05,60,10165932,0,Pagada,True
FV-95967,OC-95967,Carulla,Retail,Colombia,2026-04-03,2026-06-02,60,12130010,0,Pagada,True
FV-95968,OC-95968,Rappi,Marketplace,Colombia,2026-04-06,2026-05-06,30,1665904,0,Pagada,True
FV-95969,OC-95969,Rappi,Marketplace,Colombia,2026-04-06,2026-05-06,30,1727934,0,Pagada,True
FV-95970,OC-95970,Rappi,Marketplace,Colombia,2026-04-02,2026-05-02,30,1721707,0,Pagada,True
FV-95971,OC-95971,Rappi,Marketplace,Colombia,2026-04-06,2026-05-06,30,1742808,0,Pagada,True
FV-95972,OC-95972,Fithub,Especializado,Colombia,2026-04-04,2026-05-19,45,5992350,0,Pagada,True
FV-95973,OC-95973,Tiendas naturistas,Especializado,Colombia,2026-04-02,2026-05-17,45,2222964,0,Pagada,True
FV-95974,OC-95974,Tiendas naturistas,Especializado,Colombia,2026-04-05,2026-05-20,45,2167056,0,Pagada,True
FV-95975,OC-95975,Tiendas naturistas,Especializado,Colombia,2026-04-02,2026-05-17,45,2210220,0,Pagada,True
FV-95976,OC-95976,Paranice US,Internacional,Estados Unidos,2026-04-04,2026-04-19,15,7190150,0,Pagada,True
FV-95977,OC-95977,Distribuidor CR,Internacional,Costa Rica,2026-04-03,2026-05-18,45,3328780,0,Pagada,True
FV-95978,OC-95978,Éxito,Retail,Colombia,2026-04-07,2026-06-06,60,9280300,0,Pagada,True
FV-95979,OC-95979,Éxito,Retail,Colombia,2026-04-05,2026-06-04,60,9275812,0,Pagada,True
FV-95980,OC-95980,Carulla,Retail,Colombia,2026-04-07,2026-06-06,60,5355952,0,Pagada,True
FV-95981,OC-95981,Carulla,Retail,Colombia,2026-04-06,2026-06-05,60,5368838,0,Pagada,True
FV-95982,OC-95982,Rappi,Marketplace,Colombia,2026-04-04,2026-05-04,30,5406142,0,Pagada,True
FV-95983,OC-95983,Fithub,Especializado,Colombia,2026-04-03,2026-05-18,45,1899345,0,Pagada,True
FV-95984,OC-95984,Fithub,Especializado,Colombia,2026-04-03,2026-05-18,45,1822800,0,Pagada,True
FV-95985,OC-95985,Fithub,Especializado,Colombia,2026-04-06,2026-05-21,45,1857660,0,Pagada,True
FV-95986,OC-95986,Tiendas naturistas,Especializado,Colombia,2026-04-05,2026-05-20,45,1063620,103,Vencida +90,False
FV-95987,OC-95987,Tiendas naturistas,Especializado,Colombia,2026-04-05,2026-05-20,45,1007640,103,Vencida +90,False
FV-95988,OC-95988,Tiendas naturistas,Especializado,Colombia,2026-04-06,2026-05-21,45,910728,0,Pagada,True
FV-95989,OC-95989,Tiendas naturistas,Especializado,Colombia,2026-04-04,2026-05-19,45,1005840,0,Pagada,True
FV-95990,OC-95990,Tiendas naturistas,Especializado,Colombia,2026-04-06,2026-05-21,45,1017936,0,Pagada,True
FV-95991,OC-95991,Tiendas naturistas,Especializado,Colombia,2026-04-06,2026-05-21,45,987768,0,Pagada,True
FV-95992,OC-95992,Paranice US,Internacional,Estados Unidos,2026-04-04,2026-04-19,15,1982700,0,Pagada,True
FV-95993,OC-95993,Paranice US,Internacional,Estados Unidos,2026-04-04,2026-04-19,15,1857250,0,Pagada,True
FV-95994,OC-95994,Paranice US,Internacional,Estados Unidos,2026-04-07,2026-04-22,15,1909800,0,Pagada,True
FV-95995,OC-95995,Paranice US,Internacional,Estados Unidos,2026-04-07,2026-04-22,15,1938000,0,Pagada,True
FV-95996,OC-95996,Distribuidor CR,Internacional,Costa Rica,2026-04-04,2026-05-19,45,1369585,0,Pagada,True
FV-95997,OC-95997,Distribuidor CR,Internacional,Costa Rica,2026-04-06,2026-05-21,45,1358000,0,Pagada,True
FV-95998,OC-95998,Distribuidor CR,Internacional,Costa Rica,2026-04-03,2026-05-18,45,1337350,0,Pagada,True
FV-95999,OC-95999,Éxito,Retail,Colombia,2026-04-05,2026-06-04,60,5038256,0,Pagada,True
FV-96000,OC-96000,Éxito,Retail,Colombia,2026-04-04,2026-06-03,60,4960124,0,Pagada,True
FV-96001,OC-96001,Éxito,Retail,Colombia,2026-04-07,2026-06-06,60,5039174,0,Pagada,True
FV-96002,OC-96002,Éxito,Retail,Colombia,2026-04-08,2026-06-07,60,5121488,0,Pagada,True
FV-96003,OC-96003,Carulla,Retail,Colombia,2026-04-06,2026-06-05,60,10498826,0,Pagada,True
FV-96004,OC-96004,Rappi,Marketplace,Colombia,2026-04-04,2026-05-04,30,1617863,0,Pagada,True
FV-96005,OC-96005,Rappi,Marketplace,Colombia,2026-04-07,2026-05-07,30,1642331,0,Pagada,True
FV-96006,OC-96006,Rappi,Marketplace,Colombia,2026-04-07,2026-05-07,30,1628396,0,Pagada,True
FV-96007,OC-96007,Fithub,Especializado,Colombia,2026-04-04,2026-05-19,45,4473630,0,Pagada,True
FV-96008,OC-96008,Tiendas naturistas,Especializado,Colombia,2026-04-04,2026-05-19,45,2120832,0,Pagada,True
FV-96009,OC-96009,Tiendas naturistas,Especializado,Colombia,2026-04-06,2026-05-21,45,2143584,0,Pagada,True
FV-96010,OC-96010,Tiendas naturistas,Especializado,Colombia,2026-04-05,2026-05-20,45,2203596,0,Pagada,True
FV-96011,OC-96011,Paranice US,Internacional,Estados Unidos,2026-04-08,2026-04-23,15,8145250,0,Pagada,True
FV-96012,OC-96012,Distribuidor CR,Internacional,Costa Rica,2026-04-06,2026-05-21,45,836045,0,Pagada,True
FV-96013,OC-96013,Distribuidor CR,Internacional,Costa Rica,2026-04-04,2026-05-19,45,938350,0,Pagada,True
FV-96014,OC-96014,Distribuidor CR,Internacional,Costa Rica,2026-04-05,2026-05-20,45,838075,0,Pagada,True
FV-96015,OC-96015,Distribuidor CR,Internacional,Costa Rica,2026-04-07,2026-05-22,45,827155,0,Pagada,True
FV-96016,OC-96016,Éxito,Retail,Colombia,2026-04-07,2026-06-06,60,7121776,0,Pagada,True
FV-96017,OC-96017,Éxito,Retail,Colombia,2026-04-08,2026-06-07,60,7143944,0,Pagada,True
FV-96018,OC-96018,Carulla,Retail,Colombia,2026-04-09,2026-06-08,60,5129988,0,Pagada,True
FV-96019,OC-96019,Carulla,Retail,Colombia,2026-04-09,2026-06-08,60,5152326,0,Pagada,True
FV-96020,OC-96020,Rappi,Marketplace,Colombia,2026-04-09,2026-05-09,30,6097425,0,Pagada,True
FV-96021,OC-96021,Fithub,Especializado,Colombia,2026-04-08,2026-05-23,45,5579560,0,Pagada,True
FV-96022,OC-96022,Tiendas naturistas,Especializado,Colombia,2026-04-09,2026-05-24,45,3054240,0,Pagada,True
FV-96023,OC-96023,Tiendas naturistas,Especializado,Colombia,2026-04-08,2026-05-23,45,3033756,0,Pagada,True
FV-96024,OC-96024,Paranice US,Internacional,Estados Unidos,2026-04-09,2026-04-24,15,2359800,0,Pagada,True
FV-96025,OC-96025,Paranice US,Internacional,Estados Unidos,2026-04-09,2026-04-24,15,2254350,0,Pagada,True
FV-96026,OC-96026,Paranice US,Internacional,Estados Unidos,2026-04-08,2026-04-23,15,2125550,0,Pagada,True
FV-96027,OC-96027,Distribuidor CR,Internacional,Costa Rica,2026-04-05,2026-05-20,45,921690,0,Pagada,True
FV-96028,OC-96028,Distribuidor CR,Internacional,Costa Rica,2026-04-05,2026-05-20,45,806400,0,Pagada,True
FV-96029,OC-96029,Distribuidor CR,Internacional,Costa Rica,2026-04-09,2026-05-24,45,929215,0,Pagada,True
FV-96030,OC-96030,Distribuidor CR,Internacional,Costa Rica,2026-04-05,2026-05-20,45,905590,0,Pagada,True
FV-96031,OC-96031,Distribuidor CR,Internacional,Costa Rica,2026-04-07,2026-05-22,45,899570,0,Pagada,True
FV-96032,OC-96032,Éxito,Retail,Colombia,2026-04-07,2026-06-06,60,5414466,0,Pagada,True
FV-96033,OC-96033,Éxito,Retail,Colombia,2026-04-07,2026-06-06,60,5386858,0,Pagada,True
FV-96034,OC-96034,Éxito,Retail,Colombia,2026-04-09,2026-06-08,60,5353470,0,Pagada,True
FV-96035,OC-96035,Carulla,Retail,Colombia,2026-04-06,2026-06-05,60,4208146,0,Pagada,True
FV-96036,OC-96036,Carulla,Retail,Colombia,2026-04-10,2026-06-09,60,4291446,0,Pagada,True
FV-96037,OC-96037,Carulla,Retail,Colombia,2026-04-08,2026-06-07,60,4218244,0,Pagada,True
FV-96038,OC-96038,Rappi,Marketplace,Colombia,2026-04-09,2026-05-09,30,4603275,114,Vencida +90,False
FV-96039,OC-96039,Fithub,Especializado,Colombia,2026-04-10,2026-05-25,45,5898305,0,Pagada,True
FV-96040,OC-96040,Tiendas naturistas,Especializado,Colombia,2026-04-07,2026-05-22,45,6079392,0,Pagada,True
FV-96041,OC-96041,Paranice US,Internacional,Estados Unidos,2026-04-10,2026-04-25,15,8385600,0,Pagada,True
FV-96042,OC-96042,Distribuidor CR,Internacional,Costa Rica,2026-04-09,2026-05-24,45,657475,0,Pagada,True
FV-96043,OC-96043,Distribuidor CR,Internacional,Costa Rica,2026-04-07,2026-05-22,45,710535,0,Pagada,True
FV-96044,OC-96044,Distribuidor CR,Internacional,Costa Rica,2026-04-09,2026-05-24,45,624610,0,Pagada,True
FV-96045,OC-96045,Distribuidor CR,Internacional,Costa Rica,2026-04-10,2026-05-25,45,596085,0,Pagada,True
FV-96046,OC-96046,Distribuidor CR,Internacional,Costa Rica,2026-04-07,2026-05-22,45,591395,0,Pagada,True
FV-96047,OC-96047,Distribuidor CR,Internacional,Costa Rica,2026-04-08,2026-05-23,45,670495,0,Pagada,True
FV-96048,OC-96048,Distribuidor CR,Internacional,Costa Rica,2026-04-08,2026-05-23,45,605255,0,Pagada,True
FV-96049,OC-96049,Éxito,Retail,Colombia,2026-04-11,2026-06-10,60,18494266,0,Pagada,True
FV-96050,OC-96050,Carulla,Retail,Colombia,2026-04-08,2026-06-07,60,5970502,0,Pagada,True
FV-96051,OC-96051,Carulla,Retail,Colombia,2026-04-07,2026-06-06,60,5911376,0,Pagada,True
FV-96052,OC-96052,Rappi,Marketplace,Colombia,2026-04-10,2026-05-10,30,1664145,0,Pagada,True
FV-96053,OC-96053,Rappi,Marketplace,Colombia,2026-04-08,2026-05-08,30,1753800,0,Pagada,True
FV-96054,OC-96054,Rappi,Marketplace,Colombia,2026-04-10,2026-05-10,30,1634082,0,Pagada,True
FV-96055,OC-96055,Fithub,Especializado,Colombia,2026-04-08,2026-05-23,45,4845015,0,Pagada,True
FV-96056,OC-96056,Tiendas naturistas,Especializado,Colombia,2026-04-10,2026-05-25,45,2996856,0,Pagada,True
FV-96057,OC-96057,Tiendas naturistas,Especializado,Colombia,2026-04-10,2026-05-25,45,2959308,0,Pagada,True
FV-96058,OC-96058,Paranice US,Internacional,Estados Unidos,2026-04-08,2026-04-23,15,7117300,0,Pagada,True
FV-96059,OC-96059,Distribuidor CR,Internacional,Costa Rica,2026-04-09,2026-05-24,45,1444590,0,Pagada,True
FV-96060,OC-96060,Distribuidor CR,Internacional,Costa Rica,2026-04-07,2026-05-22,45,1373960,0,Pagada,True
FV-96061,OC-96061,Distribuidor CR,Internacional,Costa Rica,2026-04-10,2026-05-25,45,1443995,0,Pagada,True
FV-96062,OC-96062,Éxito,Retail,Colombia,2026-04-09,2026-06-08,60,19777834,0,Pagada,True
FV-96063,OC-96063,Carulla,Retail,Colombia,2026-04-09,2026-06-08,60,5436600,0,Pagada,True
FV-96064,OC-96064,Carulla,Retail,Colombia,2026-04-09,2026-06-08,60,5475530,0,Pagada,True
FV-96065,OC-96065,Rappi,Marketplace,Colombia,2026-04-11,2026-05-11,30,2797414,112,Vencida +90,False
FV-96066,OC-96066,Rappi,Marketplace,Colombia,2026-04-10,2026-05-10,30,2804497,0,Pagada,True
FV-96067,OC-96067,Fithub,Especializado,Colombia,2026-04-09,2026-05-24,45,5660445,0,Pagada,True
FV-96068,OC-96068,Tiendas naturistas,Especializado,Colombia,2026-04-09,2026-05-24,45,3212496,0,Pagada,True
FV-96069,OC-96069,Tiendas naturistas,Especializado,Colombia,2026-04-12,2026-05-27,45,3201480,0,Pagada,True
FV-96070,OC-96070,Paranice US,Internacional,Estados Unidos,2026-04-11,2026-04-26,15,7151300,0,Pagada,True
FV-96071,OC-96071,Distribuidor CR,Internacional,Costa Rica,2026-04-08,2026-05-23,45,4773755,0,Pagada,True
FV-96072,OC-96072,Éxito,Retail,Colombia,2026-04-10,2026-06-09,60,4798284,0,Pagada,True
FV-96073,OC-96073,Éxito,Retail,Colombia,2026-04-10,2026-06-09,60,4750820,0,Pagada,True
FV-96074,OC-96074,Éxito,Retail,Colombia,2026-04-09,2026-06-08,60,4728788,0,Pagada,True
FV-96075,OC-96075,Carulla,Retail,Colombia,2026-04-09,2026-06-08,60,3386230,0,Pagada,True
FV-96076,OC-96076,Carulla,Retail,Colombia,2026-04-13,2026-06-12,60,3373820,0,Pagada,True
FV-96077,OC-96077,Carulla,Retail,Colombia,2026-04-09,2026-06-08,60,3363654,0,Pagada,True
FV-96078,OC-96078,Rappi,Marketplace,Colombia,2026-04-12,2026-05-12,30,5301360,0,Pagada,True
FV-96079,OC-96079,Fithub,Especializado,Colombia,2026-04-12,2026-05-27,45,1436050,0,Pagada,True
FV-96080,OC-96080,Fithub,Especializado,Colombia,2026-04-12,2026-05-27,45,1436015,0,Pagada,True
FV-96081,OC-96081,Fithub,Especializado,Colombia,2026-04-12,2026-05-27,45,1455790,0,Pagada,True
FV-96082,OC-96082,Fithub,Especializado,Colombia,2026-04-13,2026-05-28,45,1393735,0,Pagada,True
FV-96083,OC-96083,Tiendas naturistas,Especializado,Colombia,2026-04-09,2026-05-24,45,1677276,0,Pagada,True
FV-96084,OC-96084,Tiendas naturistas,Especializado,Colombia,2026-04-13,2026-05-28,45,1717344,0,Pagada,True
FV-96085,OC-96085,Tiendas naturistas,Especializado,Colombia,2026-04-09,2026-05-24,45,1674720,0,Pagada,True
FV-96086,OC-96086,Tiendas naturistas,Especializado,Colombia,2026-04-11,2026-05-26,45,1663668,0,Pagada,True
FV-96087,OC-96087,Paranice US,Internacional,Estados Unidos,2026-04-10,2026-04-25,15,2197200,0,Pagada,True
FV-96088,OC-96088,Paranice US,Internacional,Estados Unidos,2026-04-13,2026-04-28,15,2232800,0,Pagada,True
FV-96089,OC-96089,Paranice US,Internacional,Estados Unidos,2026-04-10,2026-04-25,15,2267550,0,Pagada,True
FV-96090,OC-96090,Distribuidor CR,Internacional,Costa Rica,2026-04-12,2026-05-27,45,2397255,0,Pagada,True
FV-96091,OC-96091,Distribuidor CR,Internacional,Costa Rica,2026-04-09,2026-05-24,45,2371250,0,Pagada,True
FV-96092,OC-96092,Éxito,Retail,Colombia,2026-04-14,2026-06-13,60,15954534,0,Pagada,True
FV-96093,OC-96093,Carulla,Retail,Colombia,2026-04-11,2026-06-10,60,6668250,0,Pagada,True
FV-96094,OC-96094,Carulla,Retail,Colombia,2026-04-10,2026-06-09,60,6657030,0,Pagada,True
FV-96095,OC-96095,Rappi,Marketplace,Colombia,2026-04-10,2026-05-10,30,2048624,0,Pagada,True
FV-96096,OC-96096,Rappi,Marketplace,Colombia,2026-04-10,2026-05-10,30,1984283,0,Pagada,True
FV-96097,OC-96097,Rappi,Marketplace,Colombia,2026-04-13,2026-05-13,30,2039037,0,Pagada,True
FV-96098,OC-96098,Fithub,Especializado,Colombia,2026-04-12,2026-05-27,45,5905690,0,Pagada,True
FV-96099,OC-96099,Tiendas naturistas,Especializado,Colombia,2026-04-14,2026-05-29,45,1077264,0,Pagada,True
FV-96100,OC-96100,Tiendas naturistas,Especializado,Colombia,2026-04-14,2026-05-29,45,851580,0,Pagada,True
FV-96101,OC-96101,Tiendas naturistas,Especializado,Colombia,2026-04-11,2026-05-26,45,981576,0,Pagada,True
FV-96102,OC-96102,Tiendas naturistas,Especializado,Colombia,2026-04-12,2026-05-27,45,948096,0,Pagada,True
FV-96103,OC-96103,Tiendas naturistas,Especializado,Colombia,2026-04-14,2026-05-29,45,1015560,0,Pagada,True
FV-96104,OC-96104,Tiendas naturistas,Especializado,Colombia,2026-04-14,2026-05-29,45,938916,0,Pagada,True
FV-96105,OC-96105,Paranice US,Internacional,Estados Unidos,2026-04-12,2026-04-27,15,2040100,0,Pagada,True
FV-96106,OC-96106,Paranice US,Internacional,Estados Unidos,2026-04-10,2026-04-25,15,2139900,0,Pagada,True
FV-96107,OC-96107,Paranice US,Internacional,Estados Unidos,2026-04-12,2026-04-27,15,2246950,0,Pagada,True
FV-96108,OC-96108,Paranice US,Internacional,Estados Unidos,2026-04-12,2026-04-27,15,2053100,0,Pagada,True
FV-96109,OC-96109,Distribuidor CR,Internacional,Costa Rica,2026-04-12,2026-05-27,45,2224985,0,Pagada,True
FV-96110,OC-96110,Distribuidor CR,Internacional,Costa Rica,2026-04-11,2026-05-26,45,2196215,0,Pagada,True
FV-96111,OC-96111,Éxito,Retail,Colombia,2026-04-11,2026-06-10,60,17842384,0,Pagada,True
FV-96112,OC-96112,Carulla,Retail,Colombia,2026-04-13,2026-06-12,60,2412742,0,Pagada,True
FV-96113,OC-96113,Carulla,Retail,Colombia,2026-04-11,2026-06-10,60,2477002,0,Pagada,True
FV-96114,OC-96114,Carulla,Retail,Colombia,2026-04-12,2026-06-11,60,2437188,0,Pagada,True
FV-96115,OC-96115,Carulla,Retail,Colombia,2026-04-11,2026-06-10,60,2533510,0,Pagada,True
FV-96116,OC-96116,Carulla,Retail,Colombia,2026-04-11,2026-06-10,60,2436032,0,Pagada,True
FV-96117,OC-96117,Rappi,Marketplace,Colombia,2026-04-13,2026-05-13,30,2888161,0,Pagada,True
FV-96118,OC-96118,Rappi,Marketplace,Colombia,2026-04-15,2026-05-15,30,2938767,0,Pagada,True
FV-96119,OC-96119,Fithub,Especializado,Colombia,2026-04-15,2026-05-30,45,1147615,0,Pagada,True
FV-96120,OC-96120,Fithub,Especializado,Colombia,2026-04-15,2026-05-30,45,1223250,0,Pagada,True
FV-96121,OC-96121,Fithub,Especializado,Colombia,2026-04-15,2026-05-30,45,1155770,0,Pagada,True
FV-96122,OC-96122,Fithub,Especializado,Colombia,2026-04-11,2026-05-26,45,1144010,0,Pagada,True
FV-96123,OC-96123,Tiendas naturistas,Especializado,Colombia,2026-04-11,2026-05-26,45,5215752,0,Pagada,True
FV-96124,OC-96124,Paranice US,Internacional,Estados Unidos,2026-04-11,2026-04-26,15,7725600,0,Pagada,True
FV-96125,OC-96125,Distribuidor CR,Internacional,Costa Rica,2026-04-15,2026-05-30,45,4160660,0,Pagada,True
FV-96126,OC-96126,Éxito,Retail,Colombia,2026-04-12,2026-06-11,60,2800852,0,Pagada,True
FV-96127,OC-96127,Éxito,Retail,Colombia,2026-04-16,2026-06-15,60,2775012,0,Pagada,True
FV-96128,OC-96128,Éxito,Retail,Colombia,2026-04-15,2026-06-14,60,2740638,0,Pagada,True
FV-96129,OC-96129,Éxito,Retail,Colombia,2026-04-14,2026-06-13,60,2683654,0,Pagada,True
FV-96130,OC-96130,Éxito,Retail,Colombia,2026-04-15,2026-06-14,60,2697152,0,Pagada,True
FV-96131,OC-96131,Éxito,Retail,Colombia,2026-04-15,2026-06-14,60,2686408,0,Pagada,True
FV-96132,OC-96132,Éxito,Retail,Colombia,2026-04-15,2026-06-14,60,2736694,0,Pagada,True
FV-96133,OC-96133,Carulla,Retail,Colombia,2026-04-13,2026-06-12,60,3194946,0,Pagada,True
FV-96134,OC-96134,Carulla,Retail,Colombia,2026-04-15,2026-06-14,60,3198992,0,Pagada,True
FV-96135,OC-96135,Carulla,Retail,Colombia,2026-04-15,2026-06-14,60,3241764,0,Pagada,True
FV-96136,OC-96136,Carulla,Retail,Colombia,2026-04-13,2026-06-12,60,3254038,0,Pagada,True
FV-96137,OC-96137,Rappi,Marketplace,Colombia,2026-04-14,2026-05-14,30,1112364,0,Pagada,True
FV-96138,OC-96138,Rappi,Marketplace,Colombia,2026-04-15,2026-05-15,30,1100298,0,Pagada,True
FV-96139,OC-96139,Rappi,Marketplace,Colombia,2026-04-15,2026-05-15,30,1153577,0,Pagada,True
FV-96140,OC-96140,Rappi,Marketplace,Colombia,2026-04-12,2026-05-12,30,1156277,0,Pagada,True
FV-96141,OC-96141,Fithub,Especializado,Colombia,2026-04-15,2026-05-30,45,5480055,0,Pagada,True
FV-96142,OC-96142,Tiendas naturistas,Especializado,Colombia,2026-04-14,2026-05-29,45,5152104,0,Pagada,True
FV-96143,OC-96143,Paranice US,Internacional,Estados Unidos,2026-04-15,2026-04-30,15,1537750,0,Pagada,True
FV-96144,OC-96144,Paranice US,Internacional,Estados Unidos,2026-04-14,2026-04-29,15,1659450,0,Pagada,True
FV-96145,OC-96145,Paranice US,Internacional,Estados Unidos,2026-04-15,2026-04-30,15,1597850,0,Pagada,True
FV-96146,OC-96146,Paranice US,Internacional,Estados Unidos,2026-04-16,2026-05-01,15,1517250,0,Pagada,True
FV-96147,OC-96147,Paranice US,Internacional,Estados Unidos,2026-04-12,2026-04-27,15,1582250,0,Pagada,True
FV-96148,OC-96148,Distribuidor CR,Internacional,Costa Rica,2026-04-14,2026-05-29,45,1144850,0,Pagada,True
FV-96149,OC-96149,Distribuidor CR,Internacional,Costa Rica,2026-04-15,2026-05-30,45,1135015,0,Pagada,True
FV-96150,OC-96150,Distribuidor CR,Internacional,Costa Rica,2026-04-15,2026-05-30,45,1115800,0,Pagada,True
FV-96151,OC-96151,Éxito,Retail,Colombia,2026-04-17,2026-06-16,60,5484030,0,Pagada,True
FV-96152,OC-96152,Éxito,Retail,Colombia,2026-04-15,2026-06-14,60,5483792,0,Pagada,True
FV-96153,OC-96153,Éxito,Retail,Colombia,2026-04-17,2026-06-16,60,5556144,0,Pagada,True
FV-96154,OC-96154,Carulla,Retail,Colombia,2026-04-14,2026-06-13,60,10758144,0,Pagada,True
FV-96155,OC-96155,Rappi,Marketplace,Colombia,2026-04-15,2026-05-15,30,2957342,0,Pagada,True
FV-96156,OC-96156,Rappi,Marketplace,Colombia,2026-04-13,2026-05-13,30,2955355,0,Pagada,True
FV-96157,OC-96157,Fithub,Especializado,Colombia,2026-04-15,2026-05-30,45,1491560,0,Pagada,True
FV-96158,OC-96158,Fithub,Especializado,Colombia,2026-04-14,2026-05-29,45,1517810,0,Pagada,True
FV-96159,OC-96159,Fithub,Especializado,Colombia,2026-04-14,2026-05-29,45,1486275,0,Pagada,True
FV-96160,OC-96160,Tiendas naturistas,Especializado,Colombia,2026-04-15,2026-05-30,45,3151152,0,Pagada,True
FV-96161,OC-96161,Tiendas naturistas,Especializado,Colombia,2026-04-16,2026-05-31,45,3110796,0,Pagada,True
FV-96162,OC-96162,Paranice US,Internacional,Estados Unidos,2026-04-13,2026-04-28,15,2216400,0,Pagada,True
FV-96163,OC-96163,Paranice US,Internacional,Estados Unidos,2026-04-14,2026-04-29,15,2137150,0,Pagada,True
FV-96164,OC-96164,Paranice US,Internacional,Estados Unidos,2026-04-17,2026-05-02,15,2290600,121,Vencida +90,False
FV-96165,OC-96165,Paranice US,Internacional,Estados Unidos,2026-04-13,2026-04-28,15,2196350,0,Pagada,True
FV-96166,OC-96166,Distribuidor CR,Internacional,Costa Rica,2026-04-14,2026-05-29,45,814065,0,Pagada,True
FV-96167,OC-96167,Distribuidor CR,Internacional,Costa Rica,2026-04-15,2026-05-30,45,832860,0,Pagada,True
FV-96168,OC-96168,Distribuidor CR,Internacional,Costa Rica,2026-04-17,2026-06-01,45,841750,0,Pagada,True
FV-96169,OC-96169,Distribuidor CR,Internacional,Costa Rica,2026-04-17,2026-06-01,45,843850,0,Pagada,True
FV-96170,OC-96170,Distribuidor CR,Internacional,Costa Rica,2026-04-17,2026-06-01,45,753340,0,Pagada,True
FV-96171,OC-96171,Distribuidor CR,Internacional,Costa Rica,2026-04-14,2026-05-29,45,762685,0,Pagada,True
FV-96172,OC-96172,Éxito,Retail,Colombia,2026-04-17,2026-06-16,60,9022716,0,Pagada,True
FV-96173,OC-96173,Éxito,Retail,Colombia,2026-04-17,2026-06-16,60,8968996,0,Pagada,True
FV-96174,OC-96174,Carulla,Retail,Colombia,2026-04-17,2026-06-16,60,9767010,0,Pagada,True
FV-96175,OC-96175,Rappi,Marketplace,Colombia,2026-04-15,2026-05-15,30,2598096,0,Pagada,True
FV-96176,OC-96176,Rappi,Marketplace,Colombia,2026-04-17,2026-05-17,30,2649871,106,Vencida +90,False
FV-96177,OC-96177,Fithub,Especializado,Colombia,2026-04-14,2026-05-29,45,2920890,0,Pagada,True
FV-96178,OC-96178,Fithub,Especializado,Colombia,2026-04-16,2026-05-31,45,2870035,0,Pagada,True
FV-96179,OC-96179,Tiendas naturistas,Especializado,Colombia,2026-04-17,2026-06-01,45,2911860,0,Pagada,True
FV-96180,OC-96180,Tiendas naturistas,Especializado,Colombia,2026-04-17,2026-06-01,45,2942892,0,Pagada,True
FV-96181,OC-96181,Paranice US,Internacional,Estados Unidos,2026-04-14,2026-04-29,15,1335850,0,Pagada,True
FV-96182,OC-96182,Paranice US,Internacional,Estados Unidos,2026-04-14,2026-04-29,15,1420350,0,Pagada,True
FV-96183,OC-96183,Paranice US,Internacional,Estados Unidos,2026-04-16,2026-05-01,15,1392400,0,Pagada,True
FV-96184,OC-96184,Paranice US,Internacional,Estados Unidos,2026-04-17,2026-05-02,15,1423250,0,Pagada,True
FV-96185,OC-96185,Paranice US,Internacional,Estados Unidos,2026-04-15,2026-04-30,15,1433550,0,Pagada,True
FV-96186,OC-96186,Distribuidor CR,Internacional,Costa Rica,2026-04-16,2026-05-31,45,4758110,0,Pagada,True
FV-96187,OC-96187,Éxito,Retail,Colombia,2026-04-19,2026-06-18,60,5499840,0,Pagada,True
FV-96188,OC-96188,Éxito,Retail,Colombia,2026-04-18,2026-06-17,60,5513780,0,Pagada,True
FV-96189,OC-96189,Éxito,Retail,Colombia,2026-04-16,2026-06-15,60,5562060,0,Pagada,True
FV-96190,OC-96190,Carulla,Retail,Colombia,2026-04-19,2026-06-18,60,4404326,0,Pagada,True
FV-96191,OC-96191,Carulla,Retail,Colombia,2026-04-18,2026-06-17,60,4452062,0,Pagada,True
FV-96192,OC-96192,Carulla,Retail,Colombia,2026-04-18,2026-06-17,60,4424250,0,Pagada,True
FV-96193,OC-96193,Rappi,Marketplace,Colombia,2026-04-18,2026-05-18,30,1690926,0,Pagada,True
FV-96194,OC-96194,Rappi,Marketplace,Colombia,2026-04-15,2026-05-15,30,1580446,0,Pagada,True
FV-96195,OC-96195,Rappi,Marketplace,Colombia,2026-04-15,2026-05-15,30,1672575,0,Pagada,True
FV-96196,OC-96196,Fithub,Especializado,Colombia,2026-04-15,2026-05-30,45,1228570,0,Pagada,True
FV-96197,OC-96197,Fithub,Especializado,Colombia,2026-04-15,2026-05-30,45,1186570,0,Pagada,True
FV-96198,OC-96198,Fithub,Especializado,Colombia,2026-04-17,2026-06-01,45,1154195,0,Pagada,True
FV-96199,OC-96199,Fithub,Especializado,Colombia,2026-04-19,2026-06-03,45,1192415,0,Pagada,True
FV-96200,OC-96200,Tiendas naturistas,Especializado,Colombia,2026-04-17,2026-06-01,45,1510488,0,Pagada,True
FV-96201,OC-96201,Tiendas naturistas,Especializado,Colombia,2026-04-18,2026-06-02,45,1539792,0,Pagada,True
FV-96202,OC-96202,Tiendas naturistas,Especializado,Colombia,2026-04-16,2026-05-31,45,1540404,0,Pagada,True
FV-96203,OC-96203,Paranice US,Internacional,Estados Unidos,2026-04-19,2026-05-04,15,3992550,0,Pagada,True
FV-96204,OC-96204,Paranice US,Internacional,Estados Unidos,2026-04-18,2026-05-03,15,4069600,0,Pagada,True
FV-96205,OC-96205,Distribuidor CR,Internacional,Costa Rica,2026-04-18,2026-06-02,45,1591345,0,Pagada,True
FV-96206,OC-96206,Distribuidor CR,Internacional,Costa Rica,2026-04-15,2026-05-30,45,1596490,0,Pagada,True
FV-96207,OC-96207,Distribuidor CR,Internacional,Costa Rica,2026-04-19,2026-06-03,45,1561210,0,Pagada,True
FV-96208,OC-96208,Éxito,Retail,Colombia,2026-04-20,2026-06-19,60,5194316,0,Pagada,True
FV-96209,OC-96209,Éxito,Retail,Colombia,2026-04-17,2026-06-16,60,5175276,0,Pagada,True
FV-96210,OC-96210,Éxito,Retail,Colombia,2026-04-20,2026-06-19,60,5177282,0,Pagada,True
FV-96211,OC-96211,Carulla,Retail,Colombia,2026-04-18,2026-06-17,60,4520436,0,Pagada,True
FV-96212,OC-96212,Carulla,Retail,Colombia,2026-04-17,2026-06-16,60,4469368,0,Pagada,True
FV-96213,OC-96213,Carulla,Retail,Colombia,2026-04-17,2026-06-16,60,4499186,0,Pagada,True
FV-96214,OC-96214,Rappi,Marketplace,Colombia,2026-04-17,2026-05-17,30,1645844,0,Pagada,True
FV-96215,OC-96215,Rappi,Marketplace,Colombia,2026-04-16,2026-05-16,30,1698305,0,Pagada,True
FV-96216,OC-96216,Rappi,Marketplace,Colombia,2026-04-19,2026-05-19,30,1621875,0,Pagada,True
FV-96217,OC-96217,Fithub,Especializado,Colombia,2026-04-20,2026-06-04,45,2437645,0,Pagada,True
FV-96218,OC-96218,Fithub,Especializado,Colombia,2026-04-18,2026-06-02,45,2544220,0,Pagada,True
FV-96219,OC-96219,Tiendas naturistas,Especializado,Colombia,2026-04-19,2026-06-03,45,5740956,0,Pagada,True
FV-96220,OC-96220,Paranice US,Internacional,Estados Unidos,2026-04-20,2026-05-05,15,8507150,0,Pagada,True
FV-96221,OC-96221,Distribuidor CR,Internacional,Costa Rica,2026-04-20,2026-06-04,45,4609010,0,Pagada,True
FV-96222,OC-96222,Éxito,Retail,Colombia,2026-04-18,2026-06-17,60,9826476,0,Pagada,True
FV-96223,OC-96223,Éxito,Retail,Colombia,2026-04-20,2026-06-19,60,9834160,0,Pagada,True
FV-96224,OC-96224,Carulla,Retail,Colombia,2026-04-19,2026-06-18,60,2091238,0,Pagada,True
FV-96225,OC-96225,Carulla,Retail,Colombia,2026-04-18,2026-06-17,60,2110482,0,Pagada,True
FV-96226,OC-96226,Carulla,Retail,Colombia,2026-04-19,2026-06-18,60,2140776,0,Pagada,True
FV-96227,OC-96227,Carulla,Retail,Colombia,2026-04-20,2026-06-19,60,2139620,0,Pagada,True
FV-96228,OC-96228,Carulla,Retail,Colombia,2026-04-20,2026-06-19,60,2115718,0,Pagada,True
FV-96229,OC-96229,Rappi,Marketplace,Colombia,2026-04-17,2026-05-17,30,1032565,0,Pagada,True
FV-96230,OC-96230,Rappi,Marketplace,Colombia,2026-04-20,2026-05-20,30,1077757,0,Pagada,True
FV-96231,OC-96231,Rappi,Marketplace,Colombia,2026-04-17,2026-05-17,30,984638,0,Pagada,True
FV-96232,OC-96232,Rappi,Marketplace,Colombia,2026-04-17,2026-05-17,30,960972,106,Vencida +90,False
FV-96233,OC-96233,Rappi,Marketplace,Colombia,2026-04-21,2026-05-21,30,1017262,0,Pagada,True
FV-96234,OC-96234,Fithub,Especializado,Colombia,2026-04-21,2026-06-05,45,4449970,0,Pagada,True
FV-96235,OC-96235,Tiendas naturistas,Especializado,Colombia,2026-04-19,2026-06-03,45,1608624,0,Pagada,True
FV-96236,OC-96236,Tiendas naturistas,Especializado,Colombia,2026-04-18,2026-06-02,45,1536048,0,Pagada,True
FV-96237,OC-96237,Tiendas naturistas,Especializado,Colombia,2026-04-18,2026-06-02,45,1536696,0,Pagada,True
FV-96238,OC-96238,Tiendas naturistas,Especializado,Colombia,2026-04-18,2026-06-02,45,1620684,0,Pagada,True
FV-96239,OC-96239,Paranice US,Internacional,Estados Unidos,2026-04-18,2026-05-03,15,4086950,0,Pagada,True
FV-96240,OC-96240,Paranice US,Internacional,Estados Unidos,2026-04-18,2026-05-03,15,4084450,0,Pagada,True
FV-96241,OC-96241,Distribuidor CR,Internacional,Costa Rica,2026-04-21,2026-06-05,45,1185415,0,Pagada,True
FV-96242,OC-96242,Distribuidor CR,Internacional,Costa Rica,2026-04-17,2026-06-01,45,1175930,0,Pagada,True
FV-96243,OC-96243,Distribuidor CR,Internacional,Costa Rica,2026-04-19,2026-06-03,45,1136415,0,Pagada,True
FV-96244,OC-96244,Distribuidor CR,Internacional,Costa Rica,2026-04-20,2026-06-04,45,1183245,0,Pagada,True
FV-96245,OC-96245,Éxito,Retail,Colombia,2026-04-20,2026-06-19,60,7169444,0,Pagada,True
FV-96246,OC-96246,Éxito,Retail,Colombia,2026-04-21,2026-06-20,60,7210516,0,Pagada,True
FV-96247,OC-96247,Carulla,Retail,Colombia,2026-04-21,2026-06-20,60,5710946,0,Pagada,True
FV-96248,OC-96248,Carulla,Retail,Colombia,2026-04-19,2026-06-18,60,5826818,0,Pagada,True
FV-96249,OC-96249,Rappi,Marketplace,Colombia,2026-04-22,2026-05-22,30,2632871,0,Pagada,True
FV-96250,OC-96250,Rappi,Marketplace,Colombia,2026-04-19,2026-05-19,30,2607010,0,Pagada,True
FV-96251,OC-96251,Fithub,Especializado,Colombia,2026-04-21,2026-06-05,45,2962855,0,Pagada,True
FV-96252,OC-96252,Fithub,Especializado,Colombia,2026-04-20,2026-06-04,45,2924075,0,Pagada,True
FV-96253,OC-96253,Tiendas naturistas,Especializado,Colombia,2026-04-21,2026-06-05,45,1910088,0,Pagada,True
FV-96254,OC-96254,Tiendas naturistas,Especializado,Colombia,2026-04-19,2026-06-03,45,1972944,0,Pagada,True
FV-96255,OC-96255,Tiendas naturistas,Especializado,Colombia,2026-04-20,2026-06-04,45,1930680,0,Pagada,True
FV-96256,OC-96256,Paranice US,Internacional,Estados Unidos,2026-04-22,2026-05-07,15,6581800,0,Pagada,True
FV-96257,OC-96257,Distribuidor CR,Internacional,Costa Rica,2026-04-19,2026-06-03,45,1357755,0,Pagada,True
FV-96258,OC-96258,Distribuidor CR,Internacional,Costa Rica,2026-04-22,2026-06-06,45,1373015,0,Pagada,True
FV-96259,OC-96259,Distribuidor CR,Internacional,Costa Rica,2026-04-20,2026-06-04,45,1437485,0,Pagada,True
FV-96260,OC-96260,Éxito,Retail,Colombia,2026-04-19,2026-06-18,60,7723644,0,Pagada,True
FV-96261,OC-96261,Éxito,Retail,Colombia,2026-04-20,2026-06-19,60,7693486,0,Pagada,True
FV-96262,OC-96262,Carulla,Retail,Colombia,2026-04-23,2026-06-22,60,13286214,0,Pagada,True
FV-96263,OC-96263,Rappi,Marketplace,Colombia,2026-04-19,2026-05-19,30,2105249,0,Pagada,True
FV-96264,OC-96264,Rappi,Marketplace,Colombia,2026-04-21,2026-05-21,30,1988808,0,Pagada,True
FV-96265,OC-96265,Rappi,Marketplace,Colombia,2026-04-20,2026-05-20,30,2099344,0,Pagada,True
FV-96266,OC-96266,Fithub,Especializado,Colombia,2026-04-20,2026-06-04,45,2807700,0,Pagada,True
FV-96267,OC-96267,Fithub,Especializado,Colombia,2026-04-23,2026-06-07,45,2885680,0,Pagada,True
FV-96268,OC-96268,Tiendas naturistas,Especializado,Colombia,2026-04-21,2026-06-05,45,1542456,0,Pagada,True
FV-96269,OC-96269,Tiendas naturistas,Especializado,Colombia,2026-04-20,2026-06-04,45,1526652,0,Pagada,True
FV-96270,OC-96270,Tiendas naturistas,Especializado,Colombia,2026-04-19,2026-06-03,45,1542888,0,Pagada,True
FV-96271,OC-96271,Paranice US,Internacional,Estados Unidos,2026-04-23,2026-05-08,15,9444300,0,Pagada,True
FV-96272,OC-96272,Distribuidor CR,Internacional,Costa Rica,2026-04-22,2026-06-06,45,2355290,0,Pagada,True
FV-96273,OC-96273,Distribuidor CR,Internacional,Costa Rica,2026-04-21,2026-06-05,45,2370410,0,Pagada,True
FV-96274,OC-96274,Éxito,Retail,Colombia,2026-04-23,2026-06-22,60,8729534,0,Pagada,True
FV-96275,OC-96275,Éxito,Retail,Colombia,2026-04-20,2026-06-19,60,8681186,0,Pagada,True
FV-96276,OC-96276,Carulla,Retail,Colombia,2026-04-22,2026-06-21,60,12183390,0,Pagada,True
FV-96277,OC-96277,Rappi,Marketplace,Colombia,2026-04-21,2026-05-21,30,1650044,0,Pagada,True
FV-96278,OC-96278,Rappi,Marketplace,Colombia,2026-04-24,2026-05-24,30,1642356,0,Pagada,True
FV-96279,OC-96279,Rappi,Marketplace,Colombia,2026-04-22,2026-05-22,30,1577890,0,Pagada,True
FV-96280,OC-96280,Fithub,Especializado,Colombia,2026-04-22,2026-06-06,45,5792885,0,Pagada,True
FV-96281,OC-96281,Tiendas naturistas,Especializado,Colombia,2026-04-20,2026-06-04,45,6389892,0,Pagada,True
FV-96282,OC-96282,Paranice US,Internacional,Estados Unidos,2026-04-23,2026-05-08,15,3408000,115,Vencida +90,False
FV-96283,OC-96283,Paranice US,Internacional,Estados Unidos,2026-04-24,2026-05-09,15,3448250,0,Pagada,True
FV-96284,OC-96284,Distribuidor CR,Internacional,Costa Rica,2026-04-24,2026-06-08,45,1581335,0,Pagada,True
FV-96285,OC-96285,Distribuidor CR,Internacional,Costa Rica,2026-04-22,2026-06-06,45,1563345,0,Pagada,True
FV-96286,OC-96286,Distribuidor CR,Internacional,Costa Rica,2026-04-22,2026-06-06,45,1532580,0,Pagada,True
FV-96287,OC-96287,Éxito,Retail,Colombia,2026-04-22,2026-06-21,60,8365292,0,Pagada,True
FV-96288,OC-96288,Éxito,Retail,Colombia,2026-04-23,2026-06-22,60,8315686,0,Pagada,True
FV-96289,OC-96289,Carulla,Retail,Colombia,2026-04-21,2026-06-20,60,2474282,0,Pagada,True
FV-96290,OC-96290,Carulla,Retail,Colombia,2026-04-24,2026-06-23,60,2394790,0,Pagada,True
FV-96291,OC-96291,Carulla,Retail,Colombia,2026-04-21,2026-06-20,60,2387344,0,Pagada,True
FV-96292,OC-96292,Carulla,Retail,Colombia,2026-04-25,2026-06-24,60,2356268,0,Pagada,True
FV-96293,OC-96293,Carulla,Retail,Colombia,2026-04-24,2026-06-23,60,2288642,0,Pagada,True
FV-96294,OC-96294,Rappi,Marketplace,Colombia,2026-04-23,2026-05-23,30,1776636,0,Pagada,True
FV-96295,OC-96295,Rappi,Marketplace,Colombia,2026-04-23,2026-05-23,30,1845716,0,Pagada,True
FV-96296,OC-96296,Rappi,Marketplace,Colombia,2026-04-25,2026-05-25,30,1851820,0,Pagada,True
FV-96297,OC-96297,Fithub,Especializado,Colombia,2026-04-21,2026-06-05,45,1654975,0,Pagada,True
FV-96298,OC-96298,Fithub,Especializado,Colombia,2026-04-25,2026-06-09,45,1646925,0,Pagada,True
FV-96299,OC-96299,Fithub,Especializado,Colombia,2026-04-25,2026-06-09,45,1726970,0,Pagada,True
FV-96300,OC-96300,Tiendas naturistas,Especializado,Colombia,2026-04-21,2026-06-05,45,3113784,0,Pagada,True
FV-96301,OC-96301,Tiendas naturistas,Especializado,Colombia,2026-04-25,2026-06-09,45,3192624,0,Pagada,True
FV-96302,OC-96302,Paranice US,Internacional,Estados Unidos,2026-04-25,2026-05-10,15,2157900,0,Pagada,True
FV-96303,OC-96303,Paranice US,Internacional,Estados Unidos,2026-04-24,2026-05-09,15,1971800,0,Pagada,True
FV-96304,OC-96304,Paranice US,Internacional,Estados Unidos,2026-04-22,2026-05-07,15,2116950,0,Pagada,True
FV-96305,OC-96305,Distribuidor CR,Internacional,Costa Rica,2026-04-22,2026-06-06,45,3452995,0,Pagada,True
FV-96306,OC-96306,Éxito,Retail,Colombia,2026-04-22,2026-06-21,60,7581388,0,Pagada,True
FV-96307,OC-96307,Éxito,Retail,Colombia,2026-04-25,2026-06-24,60,7513184,0,Pagada,True
FV-96308,OC-96308,Carulla,Retail,Colombia,2026-04-24,2026-06-23,60,1733694,0,Pagada,True
FV-96309,OC-96309,Carulla,Retail,Colombia,2026-04-26,2026-06-25,60,1747668,0,Pagada,True
FV-96310,OC-96310,Carulla,Retail,Colombia,2026-04-25,2026-06-24,60,1708704,0,Pagada,True
FV-96311,OC-96311,Carulla,Retail,Colombia,2026-04-22,2026-06-21,60,1699116,0,Pagada,True
FV-96312,OC-96312,Carulla,Retail,Colombia,2026-04-22,2026-06-21,60,1652264,0,Pagada,True
FV-96313,OC-96313,Carulla,Retail,Colombia,2026-04-24,2026-06-23,60,1761846,0,Pagada,True
FV-96314,OC-96314,Carulla,Retail,Colombia,2026-04-24,2026-06-23,60,1600380,0,Pagada,True
FV-96315,OC-96315,Rappi,Marketplace,Colombia,2026-04-22,2026-05-22,30,3455409,0,Pagada,True
FV-96316,OC-96316,Rappi,Marketplace,Colombia,2026-04-23,2026-05-23,30,3321259,0,Pagada,True
FV-96317,OC-96317,Fithub,Especializado,Colombia,2026-04-25,2026-06-09,45,3034535,0,Pagada,True
FV-96318,OC-96318,Fithub,Especializado,Colombia,2026-04-25,2026-06-09,45,2992780,0,Pagada,True
FV-96319,OC-96319,Tiendas naturistas,Especializado,Colombia,2026-04-25,2026-06-09,45,1526616,0,Pagada,True
FV-96320,OC-96320,Tiendas naturistas,Especializado,Colombia,2026-04-22,2026-06-06,45,1526724,0,Pagada,True
FV-96321,OC-96321,Tiendas naturistas,Especializado,Colombia,2026-04-25,2026-06-09,45,1575648,0,Pagada,True
FV-96322,OC-96322,Paranice US,Internacional,Estados Unidos,2026-04-26,2026-05-11,15,4413750,0,Pagada,True
FV-96323,OC-96323,Paranice US,Internacional,Estados Unidos,2026-04-26,2026-05-11,15,4430550,0,Pagada,True
FV-96324,OC-96324,Distribuidor CR,Internacional,Costa Rica,2026-04-25,2026-06-09,45,3974775,0,Pagada,True
FV-96325,OC-96325,Éxito,Retail,Colombia,2026-04-25,2026-06-24,60,3896196,0,Pagada,True
FV-96326,OC-96326,Éxito,Retail,Colombia,2026-04-26,2026-06-25,60,3888750,67,Vencida 61-90,False
FV-96327,OC-96327,Éxito,Retail,Colombia,2026-04-27,2026-06-26,60,3868010,0,Pagada,True
FV-96328,OC-96328,Éxito,Retail,Colombia,2026-04-24,2026-06-23,60,3848766,0,Pagada,True
FV-96329,OC-96329,Carulla,Retail,Colombia,2026-04-23,2026-06-22,60,3288276,0,Pagada,True
FV-96330,OC-96330,Carulla,Retail,Colombia,2026-04-23,2026-06-22,60,3203106,0,Pagada,True
FV-96331,OC-96331,Carulla,Retail,Colombia,2026-04-25,2026-06-24,60,3267230,0,Pagada,True
FV-96332,OC-96332,Rappi,Marketplace,Colombia,2026-04-25,2026-05-25,30,5395894,0,Pagada,True
FV-96333,OC-96333,Fithub,Especializado,Colombia,2026-04-25,2026-06-09,45,1515080,0,Pagada,True
FV-96334,OC-96334,Fithub,Especializado,Colombia,2026-04-25,2026-06-09,45,1556170,0,Pagada,True
FV-96335,OC-96335,Fithub,Especializado,Colombia,2026-04-26,2026-06-10,45,1564430,0,Pagada,True
FV-96336,OC-96336,Fithub,Especializado,Colombia,2026-04-23,2026-06-07,45,1510285,0,Pagada,True
FV-96337,OC-96337,Tiendas naturistas,Especializado,Colombia,2026-04-27,2026-06-11,45,5003424,0,Pagada,True
FV-96338,OC-96338,Paranice US,Internacional,Estados Unidos,2026-04-25,2026-05-10,15,4087950,0,Pagada,True
FV-96339,OC-96339,Paranice US,Internacional,Estados Unidos,2026-04-24,2026-05-09,15,4049500,0,Pagada,True
FV-96340,OC-96340,Distribuidor CR,Internacional,Costa Rica,2026-04-25,2026-06-09,45,2373525,0,Pagada,True
FV-96341,OC-96341,Distribuidor CR,Internacional,Costa Rica,2026-04-25,2026-06-09,45,2376675,0,Pagada,True
FV-96342,OC-96342,Éxito,Retail,Colombia,2026-04-25,2026-06-24,60,17314602,0,Pagada,True
FV-96343,OC-96343,Carulla,Retail,Colombia,2026-04-24,2026-06-23,60,3092096,0,Pagada,True
FV-96344,OC-96344,Carulla,Retail,Colombia,2026-04-28,2026-06-27,60,3098828,0,Pagada,True
FV-96345,OC-96345,Carulla,Retail,Colombia,2026-04-25,2026-06-24,60,3168936,0,Pagada,True
FV-96346,OC-96346,Carulla,Retail,Colombia,2026-04-27,2026-06-26,60,3112768,0,Pagada,True
FV-96347,OC-96347,Rappi,Marketplace,Colombia,2026-04-28,2026-05-28,30,5669642,0,Pagada,True
FV-96348,OC-96348,Fithub,Especializado,Colombia,2026-04-25,2026-06-09,45,4872665,0,Pagada,True
FV-96349,OC-96349,Tiendas naturistas,Especializado,Colombia,2026-04-27,2026-06-11,45,5230224,0,Pagada,True
FV-96350,OC-96350,Paranice US,Internacional,Estados Unidos,2026-04-26,2026-05-11,15,4633350,0,Pagada,True
FV-96351,OC-96351,Paranice US,Internacional,Estados Unidos,2026-04-25,2026-05-10,15,4596950,0,Pagada,True
FV-96352,OC-96352,Distribuidor CR,Internacional,Costa Rica,2026-04-25,2026-06-09,45,1336720,0,Pagada,True
FV-96353,OC-96353,Distribuidor CR,Internacional,Costa Rica,2026-04-26,2026-06-10,45,1319570,0,Pagada,True
FV-96354,OC-96354,Distribuidor CR,Internacional,Costa Rica,2026-04-25,2026-06-09,45,1358455,0,Pagada,True
FV-96355,OC-96355,Éxito,Retail,Colombia,2026-04-29,2026-06-28,60,6241210,0,Pagada,True
FV-96356,OC-96356,Éxito,Retail,Colombia,2026-04-28,2026-06-27,60,6197860,0,Pagada,True
FV-96357,OC-96357,Éxito,Retail,Colombia,2026-04-27,2026-06-26,60,6152538,66,Vencida 61-90,False
FV-96358,OC-96358,Carulla,Retail,Colombia,2026-04-29,2026-06-28,60,10153114,0,Pagada,True
FV-96359,OC-96359,Rappi,Marketplace,Colombia,2026-04-26,2026-05-26,30,1120800,0,Pagada,True
FV-96360,OC-96360,Rappi,Marketplace,Colombia,2026-04-29,2026-05-29,30,1170750,0,Pagada,True
FV-96361,OC-96361,Rappi,Marketplace,Colombia,2026-04-29,2026-05-29,30,1105358,0,Pagada,True
FV-96362,OC-96362,Rappi,Marketplace,Colombia,2026-04-27,2026-05-27,30,1207800,0,Pagada,True
FV-96363,OC-96363,Fithub,Especializado,Colombia,2026-04-29,2026-06-13,45,4401040,0,Pagada,True
FV-96364,OC-96364,Tiendas naturistas,Especializado,Colombia,2026-04-28,2026-06-12,45,5801868,0,Pagada,True
FV-96365,OC-96365,Paranice US,Internacional,Estados Unidos,2026-04-25,2026-05-10,15,9566150,0,Pagada,True
FV-96366,OC-96366,Distribuidor CR,Internacional,Costa Rica,2026-04-29,2026-06-13,45,2261280,0,Pagada,True
FV-96367,OC-96367,Distribuidor CR,Internacional,Costa Rica,2026-04-28,2026-06-12,45,2184595,0,Pagada,True
FV-96368,OC-96368,Éxito,Retail,Colombia,2026-04-28,2026-06-27,60,19518958,0,Pagada,True
FV-96369,OC-96369,Carulla,Retail,Colombia,2026-04-28,2026-06-27,60,3343390,0,Pagada,True
FV-96370,OC-96370,Carulla,Retail,Colombia,2026-04-26,2026-06-25,60,3371746,0,Pagada,True
FV-96371,OC-96371,Carulla,Retail,Colombia,2026-04-28,2026-06-27,60,3382796,0,Pagada,True
FV-96372,OC-96372,Rappi,Marketplace,Colombia,2026-04-27,2026-05-27,30,6721579,0,Pagada,True
FV-96373,OC-96373,Fithub,Especializado,Colombia,2026-04-29,2026-06-13,45,1816745,0,Pagada,True
FV-96374,OC-96374,Fithub,Especializado,Colombia,2026-04-26,2026-06-10,45,1779400,0,Pagada,True
FV-96375,OC-96375,Fithub,Especializado,Colombia,2026-04-28,2026-06-12,45,1748495,0,Pagada,True
FV-96376,OC-96376,Tiendas naturistas,Especializado,Colombia,2026-04-30,2026-06-14,45,1696284,0,Pagada,True
FV-96377,OC-96377,Tiendas naturistas,Especializado,Colombia,2026-04-27,2026-06-11,45,1620252,0,Pagada,True
FV-96378,OC-96378,Tiendas naturistas,Especializado,Colombia,2026-04-27,2026-06-11,45,1664424,0,Pagada,True
FV-96379,OC-96379,Paranice US,Internacional,Estados Unidos,2026-04-28,2026-05-13,15,1965100,0,Pagada,True
FV-96380,OC-96380,Paranice US,Internacional,Estados Unidos,2026-04-28,2026-05-13,15,2071000,0,Pagada,True
FV-96381,OC-96381,Paranice US,Internacional,Estados Unidos,2026-04-26,2026-05-11,15,1864750,0,Pagada,True
FV-96382,OC-96382,Paranice US,Internacional,Estados Unidos,2026-04-28,2026-05-13,15,1962300,0,Pagada,True
FV-96383,OC-96383,Distribuidor CR,Internacional,Costa Rica,2026-04-26,2026-06-10,45,3291925,82,Vencida 61-90,False
FV-96384,OC-96384,Éxito,Retail,Colombia,2026-04-27,2026-06-26,60,19556868,0,Pagada,True
FV-96385,OC-96385,Carulla,Retail,Colombia,2026-04-27,2026-06-26,60,10165898,0,Pagada,True
FV-96386,OC-96386,Rappi,Marketplace,Colombia,2026-04-28,2026-05-28,30,2223710,0,Pagada,True
FV-96387,OC-96387,Rappi,Marketplace,Colombia,2026-04-27,2026-05-27,30,2318641,0,Pagada,True
FV-96388,OC-96388,Fithub,Especializado,Colombia,2026-05-01,2026-06-15,45,2368450,0,Pagada,True
FV-96389,OC-96389,Fithub,Especializado,Colombia,2026-04-29,2026-06-13,45,2363690,0,Pagada,True
FV-96390,OC-96390,Tiendas naturistas,Especializado,Colombia,2026-04-28,2026-06-12,45,1503684,0,Pagada,True
FV-96391,OC-96391,Tiendas naturistas,Especializado,Colombia,2026-04-27,2026-06-11,45,1555380,0,Pagada,True
FV-96392,OC-96392,Tiendas naturistas,Especializado,Colombia,2026-05-01,2026-06-15,45,1500948,0,Pagada,True
FV-96393,OC-96393,Paranice US,Internacional,Estados Unidos,2026-04-28,2026-05-13,15,2457550,0,Pagada,True
FV-96394,OC-96394,Paranice US,Internacional,Estados Unidos,2026-04-30,2026-05-15,15,2454100,108,Vencida +90,False
FV-96395,OC-96395,Paranice US,Internacional,Estados Unidos,2026-04-30,2026-05-15,15,2576050,0,Pagada,True
FV-96396,OC-96396,Paranice US,Internacional,Estados Unidos,2026-04-27,2026-05-12,15,2523250,0,Pagada,True
FV-96397,OC-96397,Distribuidor CR,Internacional,Costa Rica,2026-04-30,2026-06-14,45,1334165,0,Pagada,True
FV-96398,OC-96398,Distribuidor CR,Internacional,Costa Rica,2026-04-28,2026-06-12,45,1232875,0,Pagada,True
FV-96399,OC-96399,Distribuidor CR,Internacional,Costa Rica,2026-04-29,2026-06-13,45,1250480,0,Pagada,True
FV-96400,OC-96400,Éxito,Retail,Colombia,2026-04-28,2026-06-27,60,15522462,0,Pagada,True
FV-96401,OC-96401,Carulla,Retail,Colombia,2026-05-02,2026-07-01,60,11558742,0,Pagada,True
FV-96402,OC-96402,Rappi,Marketplace,Colombia,2026-04-28,2026-05-28,30,6363532,0,Pagada,True
FV-96403,OC-96403,Fithub,Especializado,Colombia,2026-04-30,2026-06-14,45,2292080,0,Pagada,True
FV-96404,OC-96404,Fithub,Especializado,Colombia,2026-04-30,2026-06-14,45,2309405,0,Pagada,True
FV-96405,OC-96405,Tiendas naturistas,Especializado,Colombia,2026-04-29,2026-06-13,45,2681136,0,Pagada,True
FV-96406,OC-96406,Tiendas naturistas,Especializado,Colombia,2026-05-02,2026-06-16,45,2606544,0,Pagada,True
FV-96407,OC-96407,Paranice US,Internacional,Estados Unidos,2026-04-28,2026-05-13,15,6692000,0,Pagada,True
FV-96408,OC-96408,Distribuidor CR,Internacional,Costa Rica,2026-05-01,2026-06-15,45,2152395,0,Pagada,True
FV-96409,OC-96409,Distribuidor CR,Internacional,Costa Rica,2026-04-29,2026-06-13,45,2133985,0,Pagada,True
FV-96410,OC-96410,Éxito,Retail,Colombia,2026-04-30,2026-06-29,60,4860776,0,Pagada,True
FV-96411,OC-96411,Éxito,Retail,Colombia,2026-04-30,2026-06-29,60,4824328,0,Pagada,True
FV-96412,OC-96412,Éxito,Retail,Colombia,2026-05-01,2026-06-30,60,4846224,0,Pagada,True
FV-96413,OC-96413,Éxito,Retail,Colombia,2026-05-02,2026-07-01,60,4858940,0,Pagada,True
FV-96414,OC-96414,Carulla,Retail,Colombia,2026-05-02,2026-07-01,60,5637846,0,Pagada,True
FV-96415,OC-96415,Carulla,Retail,Colombia,2026-04-30,2026-06-29,60,5671472,0,Pagada,True
FV-96416,OC-96416,Rappi,Marketplace,Colombia,2026-05-01,2026-05-31,30,1269712,0,Pagada,True
FV-96417,OC-96417,Rappi,Marketplace,Colombia,2026-04-30,2026-05-30,30,1268179,0,Pagada,True
FV-96418,OC-96418,Rappi,Marketplace,Colombia,2026-05-01,2026-05-31,30,1230717,0,Pagada,True
FV-96419,OC-96419,Rappi,Marketplace,Colombia,2026-04-29,2026-05-29,30,1250465,94,Vencida +90,False
FV-96420,OC-96420,Rappi,Marketplace,Colombia,2026-05-03,2026-06-02,30,1296689,0,Pagada,True
FV-96421,OC-96421,Fithub,Especializado,Colombia,2026-05-02,2026-06-16,45,2955015,76,Vencida 61-90,False
FV-96422,OC-96422,Fithub,Especializado,Colombia,2026-05-01,2026-06-15,45,2860445,0,Pagada,True
FV-96423,OC-96423,Tiendas naturistas,Especializado,Colombia,2026-04-30,2026-06-14,45,2579616,0,Pagada,True
FV-96424,OC-96424,Tiendas naturistas,Especializado,Colombia,2026-05-03,2026-06-17,45,2519820,0,Pagada,True
FV-96425,OC-96425,Paranice US,Internacional,Estados Unidos,2026-04-29,2026-05-14,15,3907200,0,Pagada,True
FV-96426,OC-96426,Paranice US,Internacional,Estados Unidos,2026-04-29,2026-05-14,15,4073450,0,Pagada,True
FV-96427,OC-96427,Distribuidor CR,Internacional,Costa Rica,2026-04-30,2026-06-14,45,4085690,0,Pagada,True
FV-96428,OC-96428,Éxito,Retail,Colombia,2026-05-04,2026-07-03,60,4353564,0,Pagada,True
FV-96429,OC-96429,Éxito,Retail,Colombia,2026-05-01,2026-06-30,60,4311064,0,Pagada,True
FV-96430,OC-96430,Éxito,Retail,Colombia,2026-05-03,2026-07-02,60,4322964,0,Pagada,True
FV-96431,OC-96431,Éxito,Retail,Colombia,2026-04-30,2026-06-29,60,4343092,0,Pagada,True
FV-96432,OC-96432,Carulla,Retail,Colombia,2026-05-01,2026-06-30,60,11032286,0,Pagada,True
FV-96433,OC-96433,Rappi,Marketplace,Colombia,2026-04-30,2026-05-30,30,6204498,0,Pagada,True
FV-96434,OC-96434,Fithub,Especializado,Colombia,2026-05-03,2026-06-17,45,2768150,0,Pagada,True
FV-96435,OC-96435,Fithub,Especializado,Colombia,2026-05-01,2026-06-15,45,2727515,0,Pagada,True
FV-96436,OC-96436,Tiendas naturistas,Especializado,Colombia,2026-05-01,2026-06-15,45,1799460,0,Pagada,True
FV-96437,OC-96437,Tiendas naturistas,Especializado,Colombia,2026-05-04,2026-06-18,45,1757088,0,Pagada,True
FV-96438,OC-96438,Tiendas naturistas,Especializado,Colombia,2026-05-01,2026-06-15,45,1786032,0,Pagada,True
FV-96439,OC-96439,Paranice US,Internacional,Estados Unidos,2026-05-02,2026-05-17,15,1702550,0,Pagada,True
FV-96440,OC-96440,Paranice US,Internacional,Estados Unidos,2026-05-02,2026-05-17,15,1701250,0,Pagada,True
FV-96441,OC-96441,Paranice US,Internacional,Estados Unidos,2026-05-03,2026-05-18,15,1756100,0,Pagada,True
FV-96442,OC-96442,Paranice US,Internacional,Estados Unidos,2026-05-04,2026-05-19,15,1727500,0,Pagada,True
FV-96443,OC-96443,Paranice US,Internacional,Estados Unidos,2026-04-30,2026-05-15,15,1780050,0,Pagada,True
FV-96444,OC-96444,Distribuidor CR,Internacional,Costa Rica,2026-05-04,2026-06-18,45,653205,0,Pagada,True
FV-96445,OC-96445,Distribuidor CR,Internacional,Costa Rica,2026-04-30,2026-06-14,45,584255,0,Pagada,True
FV-96446,OC-96446,Distribuidor CR,Internacional,Costa Rica,2026-04-30,2026-06-14,45,600740,0,Pagada,True
FV-96447,OC-96447,Distribuidor CR,Internacional,Costa Rica,2026-05-04,2026-06-18,45,544950,0,Pagada,True
FV-96448,OC-96448,Distribuidor CR,Internacional,Costa Rica,2026-04-30,2026-06-14,45,640780,0,Pagada,True
FV-96449,OC-96449,Distribuidor CR,Internacional,Costa Rica,2026-05-03,2026-06-17,45,645400,0,Pagada,True
FV-96450,OC-96450,Distribuidor CR,Internacional,Costa Rica,2026-05-03,2026-06-17,45,634060,0,Pagada,True
FV-96451,OC-96451,Éxito,Retail,Colombia,2026-05-04,2026-07-03,60,22998416,0,Pagada,True
FV-96452,OC-96452,Carulla,Retail,Colombia,2026-05-03,2026-07-02,60,10421204,0,Pagada,True
FV-96453,OC-96453,Rappi,Marketplace,Colombia,2026-05-02,2026-06-01,30,3457174,91,Vencida +90,False
FV-96454,OC-96454,Rappi,Marketplace,Colombia,2026-05-05,2026-06-04,30,3464494,0,Pagada,True
FV-96455,OC-96455,Fithub,Especializado,Colombia,2026-05-03,2026-06-17,45,3437490,0,Pagada,True
FV-96456,OC-96456,Fithub,Especializado,Colombia,2026-05-02,2026-06-16,45,3409525,0,Pagada,True
FV-96457,OC-96457,Tiendas naturistas,Especializado,Colombia,2026-05-04,2026-06-18,45,2611836,0,Pagada,True
FV-96458,OC-96458,Tiendas naturistas,Especializado,Colombia,2026-05-03,2026-06-17,45,2559888,0,Pagada,True
FV-96459,OC-96459,Paranice US,Internacional,Estados Unidos,2026-05-02,2026-05-17,15,4996800,0,Pagada,True
FV-96460,OC-96460,Paranice US,Internacional,Estados Unidos,2026-05-05,2026-05-20,15,5042350,0,Pagada,True
FV-96461,OC-96461,Distribuidor CR,Internacional,Costa Rica,2026-05-03,2026-06-17,45,4474225,0,Pagada,True
FV-96462,OC-96462,Éxito,Retail,Colombia,2026-05-03,2026-07-02,60,11534670,0,Pagada,True
FV-96463,OC-96463,Éxito,Retail,Colombia,2026-05-03,2026-07-02,60,11474184,0,Pagada,True
FV-96464,OC-96464,Carulla,Retail,Colombia,2026-05-03,2026-07-02,60,12158332,0,Pagada,True
FV-96465,OC-96465,Rappi,Marketplace,Colombia,2026-05-05,2026-06-04,30,3067875,0,Pagada,True
FV-96466,OC-96466,Rappi,Marketplace,Colombia,2026-05-02,2026-06-01,30,3047668,0,Pagada,True
FV-96467,OC-96467,Fithub,Especializado,Colombia,2026-05-03,2026-06-17,45,2996910,75,Vencida 61-90,False
FV-96468,OC-96468,Fithub,Especializado,Colombia,2026-05-04,2026-06-18,45,3036810,0,Pagada,True
FV-96469,OC-96469,Tiendas naturistas,Especializado,Colombia,2026-05-03,2026-06-17,45,6493644,0,Pagada,True
FV-96470,OC-96470,Paranice US,Internacional,Estados Unidos,2026-05-04,2026-05-19,15,9837400,0,Pagada,True
FV-96471,OC-96471,Distribuidor CR,Internacional,Costa Rica,2026-05-02,2026-06-16,45,3887240,0,Pagada,True
FV-96472,OC-96472,Éxito,Retail,Colombia,2026-05-03,2026-07-02,60,9900018,0,Pagada,True
FV-96473,OC-96473,Éxito,Retail,Colombia,2026-05-07,2026-07-06,60,9886452,0,Pagada,True
FV-96474,OC-96474,Carulla,Retail,Colombia,2026-05-05,2026-07-04,60,3503564,0,Pagada,True
FV-96475,OC-96475,Carulla,Retail,Colombia,2026-05-03,2026-07-02,60,3561126,0,Pagada,True
FV-96476,OC-96476,Carulla,Retail,Colombia,2026-05-07,2026-07-06,60,3483470,0,Pagada,True
FV-96477,OC-96477,Rappi,Marketplace,Colombia,2026-05-04,2026-06-03,30,3457172,0,Pagada,True
FV-96478,OC-96478,Rappi,Marketplace,Colombia,2026-05-03,2026-06-02,30,3450916,0,Pagada,True
FV-96479,OC-96479,Fithub,Especializado,Colombia,2026-05-07,2026-06-21,45,3158715,0,Pagada,True
FV-96480,OC-96480,Fithub,Especializado,Colombia,2026-05-05,2026-06-19,45,3245410,0,Pagada,True
FV-96481,OC-96481,Tiendas naturistas,Especializado,Colombia,2026-05-06,2026-06-20,45,2993040,0,Pagada,True
FV-96482,OC-96482,Tiendas naturistas,Especializado,Colombia,2026-05-04,2026-06-18,45,2900772,0,Pagada,True
FV-96483,OC-96483,Paranice US,Internacional,Estados Unidos,2026-05-05,2026-05-20,15,8661900,0,Pagada,True
FV-96484,OC-96484,Distribuidor CR,Internacional,Costa Rica,2026-05-06,2026-06-20,45,5142725,0,Pagada,True
FV-96485,OC-96485,Éxito,Retail,Colombia,2026-05-04,2026-07-03,60,20186956,0,Pagada,True
FV-96486,OC-96486,Carulla,Retail,Colombia,2026-05-08,2026-07-07,60,12931288,0,Pagada,True
FV-96487,OC-96487,Rappi,Marketplace,Colombia,2026-05-07,2026-06-06,30,3699721,0,Pagada,True
FV-96488,OC-96488,Rappi,Marketplace,Colombia,2026-05-07,2026-06-06,30,3754657,0,Pagada,True
FV-96489,OC-96489,Fithub,Especializado,Colombia,2026-05-07,2026-06-21,45,1741950,0,Pagada,True
FV-96490,OC-96490,Fithub,Especializado,Colombia,2026-05-04,2026-06-18,45,1716995,0,Pagada,True
FV-96491,OC-96491,Fithub,Especializado,Colombia,2026-05-06,2026-06-20,45,1682520,0,Pagada,True
FV-96492,OC-96492,Fithub,Especializado,Colombia,2026-05-07,2026-06-21,45,1830325,0,Pagada,True
FV-96493,OC-96493,Tiendas naturistas,Especializado,Colombia,2026-05-05,2026-06-19,45,3288564,0,Pagada,True
FV-96494,OC-96494,Tiendas naturistas,Especializado,Colombia,2026-05-04,2026-06-18,45,3323232,0,Pagada,True
FV-96495,OC-96495,Paranice US,Internacional,Estados Unidos,2026-05-05,2026-05-20,15,2715750,0,Pagada,True
FV-96496,OC-96496,Paranice US,Internacional,Estados Unidos,2026-05-08,2026-05-23,15,2718550,0,Pagada,True
FV-96497,OC-96497,Paranice US,Internacional,Estados Unidos,2026-05-04,2026-05-19,15,2748250,0,Pagada,True
FV-96498,OC-96498,Paranice US,Internacional,Estados Unidos,2026-05-08,2026-05-23,15,2791250,0,Pagada,True
FV-96499,OC-96499,Distribuidor CR,Internacional,Costa Rica,2026-05-06,2026-06-20,45,980875,0,Pagada,True
FV-96500,OC-96500,Distribuidor CR,Internacional,Costa Rica,2026-05-06,2026-06-20,45,956305,0,Pagada,True
FV-96501,OC-96501,Distribuidor CR,Internacional,Costa Rica,2026-05-04,2026-06-18,45,1091300,0,Pagada,True
FV-96502,OC-96502,Distribuidor CR,Internacional,Costa Rica,2026-05-08,2026-06-22,45,1022140,0,Pagada,True
FV-96503,OC-96503,Éxito,Retail,Colombia,2026-05-06,2026-07-05,60,3643712,0,Pagada,True
FV-96504,OC-96504,Éxito,Retail,Colombia,2026-05-07,2026-07-06,60,3680772,0,Pagada,True
FV-96505,OC-96505,Éxito,Retail,Colombia,2026-05-07,2026-07-06,60,3735240,0,Pagada,True
FV-96506,OC-96506,Éxito,Retail,Colombia,2026-05-07,2026-07-06,60,3692128,0,Pagada,True
FV-96507,OC-96507,Éxito,Retail,Colombia,2026-05-08,2026-07-07,60,3721368,0,Pagada,True
FV-96508,OC-96508,Carulla,Retail,Colombia,2026-05-05,2026-07-04,60,3584076,0,Pagada,True
FV-96509,OC-96509,Carulla,Retail,Colombia,2026-05-08,2026-07-07,60,3524576,0,Pagada,True
FV-96510,OC-96510,Carulla,Retail,Colombia,2026-05-06,2026-07-05,60,3568640,0,Pagada,True
FV-96511,OC-96511,Rappi,Marketplace,Colombia,2026-05-05,2026-06-04,30,2513036,0,Pagada,True
FV-96512,OC-96512,Rappi,Marketplace,Colombia,2026-05-06,2026-06-05,30,2563920,0,Pagada,True
FV-96513,OC-96513,Rappi,Marketplace,Colombia,2026-05-09,2026-06-08,30,2491800,0,Pagada,True
FV-96514,OC-96514,Fithub,Especializado,Colombia,2026-05-09,2026-06-23,45,6418615,0,Pagada,True
FV-96515,OC-96515,Tiendas naturistas,Especializado,Colombia,2026-05-08,2026-06-22,45,5948280,0,Pagada,True
FV-96516,OC-96516,Paranice US,Internacional,Estados Unidos,2026-05-05,2026-05-20,15,3161750,0,Pagada,True
FV-96517,OC-96517,Paranice US,Internacional,Estados Unidos,2026-05-08,2026-05-23,15,3148600,0,Pagada,True
FV-96518,OC-96518,Paranice US,Internacional,Estados Unidos,2026-05-07,2026-05-22,15,3187450,0,Pagada,True
FV-96519,OC-96519,Distribuidor CR,Internacional,Costa Rica,2026-05-09,2026-06-23,45,5566890,0,Pagada,True
FV-96520,OC-96520,Éxito,Retail,Colombia,2026-05-07,2026-07-06,60,8159354,0,Pagada,True
FV-96521,OC-96521,Éxito,Retail,Colombia,2026-05-06,2026-07-05,60,8107810,0,Pagada,True
FV-96522,OC-96522,Carulla,Retail,Colombia,2026-05-06,2026-07-05,60,15037554,57,Vencida 31-60,False
FV-96523,OC-96523,Rappi,Marketplace,Colombia,2026-05-06,2026-06-05,30,7147286,0,Pagada,True
FV-96524,OC-96524,Fithub,Especializado,Colombia,2026-05-08,2026-06-22,45,2957290,0,Pagada,True
FV-96525,OC-96525,Fithub,Especializado,Colombia,2026-05-10,2026-06-24,45,2844380,0,Pagada,True
FV-96526,OC-96526,Tiendas naturistas,Especializado,Colombia,2026-05-06,2026-06-20,45,2674080,0,Pagada,True
FV-96527,OC-96527,Tiendas naturistas,Especializado,Colombia,2026-05-07,2026-06-21,45,2508192,0,Pagada,True
FV-96528,OC-96528,Paranice US,Internacional,Estados Unidos,2026-05-09,2026-05-24,15,5204150,0,Pagada,True
FV-96529,OC-96529,Paranice US,Internacional,Estados Unidos,2026-05-09,2026-05-24,15,5149850,0,Pagada,True
FV-96530,OC-96530,Distribuidor CR,Internacional,Costa Rica,2026-05-08,2026-06-22,45,4857615,0,Pagada,True
FV-96531,OC-96531,Éxito,Retail,Colombia,2026-05-10,2026-07-09,60,2876230,0,Pagada,True
FV-96532,OC-96532,Éxito,Retail,Colombia,2026-05-11,2026-07-10,60,2952696,0,Pagada,True
FV-96533,OC-96533,Éxito,Retail,Colombia,2026-05-07,2026-07-06,60,2910536,0,Pagada,True
FV-96534,OC-96534,Éxito,Retail,Colombia,2026-05-07,2026-07-06,60,2995026,0,Pagada,True
FV-96535,OC-96535,Éxito,Retail,Colombia,2026-05-07,2026-07-06,60,2930936,0,Pagada,True
FV-96536,OC-96536,Éxito,Retail,Colombia,2026-05-07,2026-07-06,60,2939062,0,Pagada,True
FV-96537,OC-96537,Carulla,Retail,Colombia,2026-05-09,2026-07-08,60,11744994,0,Pagada,True
FV-96538,OC-96538,Rappi,Marketplace,Colombia,2026-05-07,2026-06-06,30,2829148,0,Pagada,True
FV-96539,OC-96539,Rappi,Marketplace,Colombia,2026-05-09,2026-06-08,30,2831668,0,Pagada,True
FV-96540,OC-96540,Fithub,Especializado,Colombia,2026-05-11,2026-06-25,45,5651380,0,Pagada,True
FV-96541,OC-96541,Tiendas naturistas,Especializado,Colombia,2026-05-11,2026-06-25,45,6796296,0,Pagada,True
FV-96542,OC-96542,Paranice US,Internacional,Estados Unidos,2026-05-11,2026-05-26,15,7931750,0,Pagada,True
FV-96543,OC-96543,Distribuidor CR,Internacional,Costa Rica,2026-05-07,2026-06-21,45,4825205,0,Pagada,True
FV-96544,OC-96544,Éxito,Retail,Colombia,2026-05-09,2026-07-08,60,9632234,0,Pagada,True
FV-96545,OC-96545,Éxito,Retail,Colombia,2026-05-10,2026-07-09,60,9744060,0,Pagada,True
FV-96546,OC-96546,Carulla,Retail,Colombia,2026-05-09,2026-07-08,60,6248928,0,Pagada,True
FV-96547,OC-96547,Carulla,Retail,Colombia,2026-05-10,2026-07-09,60,6229174,0,Pagada,True
FV-96548,OC-96548,Rappi,Marketplace,Colombia,2026-05-11,2026-06-10,30,2723109,0,Pagada,True
FV-96549,OC-96549,Rappi,Marketplace,Colombia,2026-05-12,2026-06-11,30,2756557,0,Pagada,True
FV-96550,OC-96550,Fithub,Especializado,Colombia,2026-05-08,2026-06-22,45,1787800,0,Pagada,True
FV-96551,OC-96551,Fithub,Especializado,Colombia,2026-05-11,2026-06-25,45,1826195,0,Pagada,True
FV-96552,OC-96552,Fithub,Especializado,Colombia,2026-05-12,2026-06-26,45,1815275,0,Pagada,True
FV-96553,OC-96553,Tiendas naturistas,Especializado,Colombia,2026-05-10,2026-06-24,45,3581712,0,Pagada,True
FV-96554,OC-96554,Tiendas naturistas,Especializado,Colombia,2026-05-10,2026-06-24,45,3624768,0,Pagada,True
FV-96555,OC-96555,Paranice US,Internacional,Estados Unidos,2026-05-09,2026-05-24,15,4968750,0,Pagada,True
FV-96556,OC-96556,Paranice US,Internacional,Estados Unidos,2026-05-11,2026-05-26,15,4951950,0,Pagada,True
FV-96557,OC-96557,Distribuidor CR,Internacional,Costa Rica,2026-05-11,2026-06-25,45,1215060,0,Pagada,True
FV-96558,OC-96558,Distribuidor CR,Internacional,Costa Rica,2026-05-08,2026-06-22,45,1272460,0,Pagada,True
FV-96559,OC-96559,Distribuidor CR,Internacional,Costa Rica,2026-05-09,2026-06-23,45,1218980,0,Pagada,True
FV-96560,OC-96560,Distribuidor CR,Internacional,Costa Rica,2026-05-08,2026-06-22,45,1226960,0,Pagada,True
FV-96561,OC-96561,Éxito,Retail,Colombia,2026-05-10,2026-07-09,60,4801072,0,Pagada,True
FV-96562,OC-96562,Éxito,Retail,Colombia,2026-05-11,2026-07-10,60,4663542,0,Pagada,True
FV-96563,OC-96563,Éxito,Retail,Colombia,2026-05-10,2026-07-09,60,4693972,0,Pagada,True
FV-96564,OC-96564,Éxito,Retail,Colombia,2026-05-11,2026-07-10,60,4774586,0,Pagada,True
FV-96565,OC-96565,Carulla,Retail,Colombia,2026-05-10,2026-07-09,60,10676068,0,Pagada,True
FV-96566,OC-96566,Rappi,Marketplace,Colombia,2026-05-09,2026-06-08,30,2743426,84,Vencida 61-90,False
FV-96567,OC-96567,Rappi,Marketplace,Colombia,2026-05-09,2026-06-08,30,2876517,0,Pagada,True
FV-96568,OC-96568,Fithub,Especializado,Colombia,2026-05-09,2026-06-23,45,1689870,0,Pagada,True
FV-96569,OC-96569,Fithub,Especializado,Colombia,2026-05-09,2026-06-23,45,1701735,0,Pagada,True
FV-96570,OC-96570,Fithub,Especializado,Colombia,2026-05-09,2026-06-23,45,1716750,0,Pagada,True
FV-96571,OC-96571,Tiendas naturistas,Especializado,Colombia,2026-05-09,2026-06-23,45,2469348,0,Pagada,True
FV-96572,OC-96572,Tiendas naturistas,Especializado,Colombia,2026-05-13,2026-06-27,45,2413224,0,Pagada,True
FV-96573,OC-96573,Tiendas naturistas,Especializado,Colombia,2026-05-12,2026-06-26,45,2498040,0,Pagada,True
FV-96574,OC-96574,Paranice US,Internacional,Estados Unidos,2026-05-11,2026-05-26,15,5294150,0,Pagada,True
FV-96575,OC-96575,Paranice US,Internacional,Estados Unidos,2026-05-09,2026-05-24,15,5237250,0,Pagada,True
FV-96576,OC-96576,Distribuidor CR,Internacional,Costa Rica,2026-05-09,2026-06-23,45,4470655,0,Pagada,True
FV-96577,OC-96577,Éxito,Retail,Colombia,2026-05-13,2026-07-12,60,8464436,0,Pagada,True
FV-96578,OC-96578,Éxito,Retail,Colombia,2026-05-11,2026-07-10,60,8433054,0,Pagada,True
FV-96579,OC-96579,Carulla,Retail,Colombia,2026-05-11,2026-07-10,60,10578964,0,Pagada,True
FV-96580,OC-96580,Rappi,Marketplace,Colombia,2026-05-10,2026-06-09,30,3656650,0,Pagada,True
FV-96581,OC-96581,Rappi,Marketplace,Colombia,2026-05-13,2026-06-12,30,3685557,0,Pagada,True
FV-96582,OC-96582,Fithub,Especializado,Colombia,2026-05-10,2026-06-24,45,1128995,0,Pagada,True
FV-96583,OC-96583,Fithub,Especializado,Colombia,2026-05-12,2026-06-26,45,1095640,0,Pagada,True
FV-96584,OC-96584,Fithub,Especializado,Colombia,2026-05-10,2026-06-24,45,1101975,0,Pagada,True
FV-96585,OC-96585,Fithub,Especializado,Colombia,2026-05-10,2026-06-24,45,1107050,0,Pagada,True
FV-96586,OC-96586,Fithub,Especializado,Colombia,2026-05-10,2026-06-24,45,1047795,0,Pagada,True
FV-96587,OC-96587,Tiendas naturistas,Especializado,Colombia,2026-05-11,2026-06-25,45,5670108,0,Pagada,True
FV-96588,OC-96588,Paranice US,Internacional,Estados Unidos,2026-05-14,2026-05-29,15,4045950,0,Pagada,True
FV-96589,OC-96589,Paranice US,Internacional,Estados Unidos,2026-05-12,2026-05-27,15,3975350,96,Vencida +90,False
FV-96590,OC-96590,Distribuidor CR,Internacional,Costa Rica,2026-05-10,2026-06-24,45,901530,0,Pagada,True
FV-96591,OC-96591,Distribuidor CR,Internacional,Costa Rica,2026-05-11,2026-06-25,45,796740,0,Pagada,True
FV-96592,OC-96592,Distribuidor CR,Internacional,Costa Rica,2026-05-14,2026-06-28,45,884345,0,Pagada,True
FV-96593,OC-96593,Distribuidor CR,Internacional,Costa Rica,2026-05-10,2026-06-24,45,937720,0,Pagada,True
FV-96594,OC-96594,Distribuidor CR,Internacional,Costa Rica,2026-05-10,2026-06-24,45,797930,0,Pagada,True
FV-96595,OC-96595,Distribuidor CR,Internacional,Costa Rica,2026-05-14,2026-06-28,45,776055,0,Pagada,True
FV-96596,OC-96596,Éxito,Retail,Colombia,2026-05-15,2026-07-14,60,19309076,0,Pagada,True
FV-96597,OC-96597,Carulla,Retail,Colombia,2026-05-11,2026-07-10,60,11644592,0,Pagada,True
FV-96598,OC-96598,Rappi,Marketplace,Colombia,2026-05-14,2026-06-13,30,6251102,0,Pagada,True
FV-96599,OC-96599,Fithub,Especializado,Colombia,2026-05-11,2026-06-25,45,2186870,0,Pagada,True
FV-96600,OC-96600,Fithub,Especializado,Colombia,2026-05-15,2026-06-29,45,2108120,0,Pagada,True
FV-96601,OC-96601,Fithub,Especializado,Colombia,2026-05-15,2026-06-29,45,2217495,0,Pagada,True
FV-96602,OC-96602,Tiendas naturistas,Especializado,Colombia,2026-05-11,2026-06-25,45,5411880,0,Pagada,True
FV-96603,OC-96603,Paranice US,Internacional,Estados Unidos,2026-05-12,2026-05-27,15,3902900,96,Vencida +90,False
FV-96604,OC-96604,Paranice US,Internacional,Estados Unidos,2026-05-15,2026-05-30,15,3929200,0,Pagada,True
FV-96605,OC-96605,Distribuidor CR,Internacional,Costa Rica,2026-05-12,2026-06-26,45,4553745,0,Pagada,True
FV-96606,OC-96606,Éxito,Retail,Colombia,2026-05-13,2026-07-12,60,11466228,0,Pagada,True
FV-96607,OC-96607,Éxito,Retail,Colombia,2026-05-12,2026-07-11,60,11468064,0,Pagada,True
FV-96608,OC-96608,Carulla,Retail,Colombia,2026-05-14,2026-07-13,60,2073184,0,Pagada,True
FV-96609,OC-96609,Carulla,Retail,Colombia,2026-05-14,2026-07-13,60,2068492,0,Pagada,True
FV-96610,OC-96610,Carulla,Retail,Colombia,2026-05-16,2026-07-15,60,2129590,0,Pagada,True
FV-96611,OC-96611,Carulla,Retail,Colombia,2026-05-14,2026-07-13,60,2093992,0,Pagada,True
FV-96612,OC-96612,Carulla,Retail,Colombia,2026-05-13,2026-07-12,60,2127856,0,Pagada,True
FV-96613,OC-96613,Carulla,Retail,Colombia,2026-05-12,2026-07-11,60,2051118,0,Pagada,True
FV-96614,OC-96614,Carulla,Retail,Colombia,2026-05-13,2026-07-12,60,2055368,0,Pagada,True
FV-96615,OC-96615,Rappi,Marketplace,Colombia,2026-05-12,2026-06-11,30,2802371,0,Pagada,True
FV-96616,OC-96616,Rappi,Marketplace,Colombia,2026-05-15,2026-06-14,30,2773251,0,Pagada,True
FV-96617,OC-96617,Fithub,Especializado,Colombia,2026-05-13,2026-06-27,45,2728740,0,Pagada,True
FV-96618,OC-96618,Fithub,Especializado,Colombia,2026-05-13,2026-06-27,45,2747745,0,Pagada,True
FV-96619,OC-96619,Tiendas naturistas,Especializado,Colombia,2026-05-14,2026-06-28,45,6244920,0,Pagada,True
FV-96620,OC-96620,Paranice US,Internacional,Estados Unidos,2026-05-15,2026-05-30,15,2437650,0,Pagada,True
FV-96621,OC-96621,Paranice US,Internacional,Estados Unidos,2026-05-13,2026-05-28,15,2758250,0,Pagada,True
FV-96622,OC-96622,Paranice US,Internacional,Estados Unidos,2026-05-15,2026-05-30,15,2581500,0,Pagada,True
FV-96623,OC-96623,Paranice US,Internacional,Estados Unidos,2026-05-15,2026-05-30,15,2507700,0,Pagada,True
FV-96624,OC-96624,Distribuidor CR,Internacional,Costa Rica,2026-05-16,2026-06-30,45,4541320,0,Pagada,True
FV-96625,OC-96625,Éxito,Retail,Colombia,2026-05-17,2026-07-16,60,23501684,0,Pagada,True
FV-96626,OC-96626,Carulla,Retail,Colombia,2026-05-13,2026-07-12,60,11152136,50,Vencida 31-60,False
FV-96627,OC-96627,Rappi,Marketplace,Colombia,2026-05-16,2026-06-15,30,1825058,0,Pagada,True
FV-96628,OC-96628,Rappi,Marketplace,Colombia,2026-05-16,2026-06-15,30,1791201,0,Pagada,True
FV-96629,OC-96629,Rappi,Marketplace,Colombia,2026-05-17,2026-06-16,30,1844854,0,Pagada,True
FV-96630,OC-96630,Rappi,Marketplace,Colombia,2026-05-13,2026-06-12,30,1795355,0,Pagada,True
FV-96631,OC-96631,Fithub,Especializado,Colombia,2026-05-17,2026-07-01,45,3084375,0,Pagada,True
FV-96632,OC-96632,Fithub,Especializado,Colombia,2026-05-17,2026-07-01,45,3128055,0,Pagada,True
FV-96633,OC-96633,Tiendas naturistas,Especializado,Colombia,2026-05-14,2026-06-28,45,7212708,0,Pagada,True
FV-96634,OC-96634,Paranice US,Internacional,Estados Unidos,2026-05-15,2026-05-30,15,1419250,93,Vencida +90,False
FV-96635,OC-96635,Paranice US,Internacional,Estados Unidos,2026-05-15,2026-05-30,15,1392700,0,Pagada,True
FV-96636,OC-96636,Paranice US,Internacional,Estados Unidos,2026-05-14,2026-05-29,15,1450350,0,Pagada,True
FV-96637,OC-96637,Paranice US,Internacional,Estados Unidos,2026-05-14,2026-05-29,15,1482150,0,Pagada,True
FV-96638,OC-96638,Paranice US,Internacional,Estados Unidos,2026-05-15,2026-05-30,15,1470950,0,Pagada,True
FV-96639,OC-96639,Paranice US,Internacional,Estados Unidos,2026-05-13,2026-05-28,15,1462050,0,Pagada,True
FV-96640,OC-96640,Paranice US,Internacional,Estados Unidos,2026-05-13,2026-05-28,15,1342100,0,Pagada,True
FV-96641,OC-96641,Distribuidor CR,Internacional,Costa Rica,2026-05-13,2026-06-27,45,2793875,0,Pagada,True
FV-96642,OC-96642,Distribuidor CR,Internacional,Costa Rica,2026-05-17,2026-07-01,45,2872520,0,Pagada,True
FV-96643,OC-96643,Éxito,Retail,Colombia,2026-05-16,2026-07-15,60,22295602,0,Pagada,True
FV-96644,OC-96644,Carulla,Retail,Colombia,2026-05-15,2026-07-14,60,2961060,0,Pagada,True
FV-96645,OC-96645,Carulla,Retail,Colombia,2026-05-14,2026-07-13,60,3058028,0,Pagada,True
FV-96646,OC-96646,Carulla,Retail,Colombia,2026-05-16,2026-07-15,60,2946848,0,Pagada,True
FV-96647,OC-96647,Carulla,Retail,Colombia,2026-05-14,2026-07-13,60,2975102,0,Pagada,True
FV-96648,OC-96648,Rappi,Marketplace,Colombia,2026-05-18,2026-06-17,30,1725104,0,Pagada,True
FV-96649,OC-96649,Rappi,Marketplace,Colombia,2026-05-16,2026-06-15,30,1655070,0,Pagada,True
FV-96650,OC-96650,Rappi,Marketplace,Colombia,2026-05-18,2026-06-17,30,1727740,0,Pagada,True
FV-96651,OC-96651,Rappi,Marketplace,Colombia,2026-05-16,2026-06-15,30,1668642,0,Pagada,True
FV-96652,OC-96652,Fithub,Especializado,Colombia,2026-05-14,2026-06-28,45,6520990,0,Pagada,True
FV-96653,OC-96653,Tiendas naturistas,Especializado,Colombia,2026-05-18,2026-07-02,45,2061792,0,Pagada,True
FV-96654,OC-96654,Tiendas naturistas,Especializado,Colombia,2026-05-16,2026-06-30,45,2133540,0,Pagada,True
FV-96655,OC-96655,Tiendas naturistas,Especializado,Colombia,2026-05-14,2026-06-28,45,2093112,0,Pagada,True
FV-96656,OC-96656,Paranice US,Internacional,Estados Unidos,2026-05-15,2026-05-30,15,10082500,0,Pagada,True
FV-96657,OC-96657,Distribuidor CR,Internacional,Costa Rica,2026-05-15,2026-06-29,45,4826605,0,Pagada,True
FV-96658,OC-96658,Éxito,Retail,Colombia,2026-05-15,2026-07-14,60,10883468,0,Pagada,True
FV-96659,OC-96659,Éxito,Retail,Colombia,2026-05-19,2026-07-18,60,10957928,0,Pagada,True
FV-96660,OC-96660,Carulla,Retail,Colombia,2026-05-19,2026-07-18,60,6421104,0,Pagada,True
FV-96661,OC-96661,Carulla,Retail,Colombia,2026-05-18,2026-07-17,60,6446502,45,Vencida 31-60,False
FV-96662,OC-96662,Rappi,Marketplace,Colombia,2026-05-17,2026-06-16,30,7583498,0,Pagada,True
FV-96663,OC-96663,Fithub,Especializado,Colombia,2026-05-16,2026-06-30,45,3369450,0,Pagada,True
FV-96664,OC-96664,Fithub,Especializado,Colombia,2026-05-18,2026-07-02,45,3308025,0,Pagada,True
FV-96665,OC-96665,Tiendas naturistas,Especializado,Colombia,2026-05-17,2026-07-01,45,1357020,0,Pagada,True
FV-96666,OC-96666,Tiendas naturistas,Especializado,Colombia,2026-05-18,2026-07-02,45,1378296,0,Pagada,True
FV-96667,OC-96667,Tiendas naturistas,Especializado,Colombia,2026-05-19,2026-07-03,45,1459008,0,Pagada,True
FV-96668,OC-96668,Tiendas naturistas,Especializado,Colombia,2026-05-19,2026-07-03,45,1343988,0,Pagada,True
FV-96669,OC-96669,Paranice US,Internacional,Estados Unidos,2026-05-19,2026-06-03,15,5264600,0,Pagada,True
FV-96670,OC-96670,Paranice US,Internacional,Estados Unidos,2026-05-17,2026-06-01,15,5390800,0,Pagada,True
FV-96671,OC-96671,Distribuidor CR,Internacional,Costa Rica,2026-05-15,2026-06-29,45,5007590,0,Pagada,True
FV-96672,OC-96672,Éxito,Retail,Colombia,2026-05-18,2026-07-17,60,4636376,0,Pagada,True
FV-96673,OC-96673,Éxito,Retail,Colombia,2026-05-20,2026-07-19,60,4646746,0,Pagada,True
FV-96674,OC-96674,Éxito,Retail,Colombia,2026-05-17,2026-07-16,60,4628488,0,Pagada,True
FV-96675,OC-96675,Éxito,Retail,Colombia,2026-05-16,2026-07-15,60,4680168,0,Pagada,True
FV-96676,OC-96676,Carulla,Retail,Colombia,2026-05-18,2026-07-17,60,14985500,0,Pagada,True
FV-96677,OC-96677,Rappi,Marketplace,Colombia,2026-05-20,2026-06-19,30,2169043,0,Pagada,True
FV-96678,OC-96678,Rappi,Marketplace,Colombia,2026-05-17,2026-06-16,30,2222555,0,Pagada,True
FV-96679,OC-96679,Rappi,Marketplace,Colombia,2026-05-16,2026-06-15,30,2177574,0,Pagada,True
FV-96680,OC-96680,Fithub,Especializado,Colombia,2026-05-19,2026-07-03,45,6775090,0,Pagada,True
FV-96681,OC-96681,Tiendas naturistas,Especializado,Colombia,2026-05-17,2026-07-01,45,1738044,0,Pagada,True
FV-96682,OC-96682,Tiendas naturistas,Especializado,Colombia,2026-05-17,2026-07-01,45,1756476,0,Pagada,True
FV-96683,OC-96683,Tiendas naturistas,Especializado,Colombia,2026-05-18,2026-07-02,45,1774944,0,Pagada,True
FV-96684,OC-96684,Tiendas naturistas,Especializado,Colombia,2026-05-18,2026-07-02,45,1732968,0,Pagada,True
FV-96685,OC-96685,Paranice US,Internacional,Estados Unidos,2026-05-16,2026-05-31,15,3790650,0,Pagada,True
FV-96686,OC-96686,Paranice US,Internacional,Estados Unidos,2026-05-16,2026-05-31,15,3905900,0,Pagada,True
FV-96687,OC-96687,Distribuidor CR,Internacional,Costa Rica,2026-05-20,2026-07-04,45,5552225,0,Pagada,True
FV-96688,OC-96688,Éxito,Retail,Colombia,2026-05-19,2026-07-18,60,17036380,0,Pagada,True
FV-96689,OC-96689,Carulla,Retail,Colombia,2026-05-18,2026-07-17,60,3666356,0,Pagada,True
FV-96690,OC-96690,Carulla,Retail,Colombia,2026-05-21,2026-07-20,60,3615764,0,Pagada,True
FV-96691,OC-96691,Carulla,Retail,Colombia,2026-05-21,2026-07-20,60,3621816,0,Pagada,True
FV-96692,OC-96692,Rappi,Marketplace,Colombia,2026-05-18,2026-06-17,30,1292704,0,Pagada,True
FV-96693,OC-96693,Rappi,Marketplace,Colombia,2026-05-20,2026-06-19,30,1368943,0,Pagada,True
FV-96694,OC-96694,Rappi,Marketplace,Colombia,2026-05-18,2026-06-17,30,1381659,0,Pagada,True
FV-96695,OC-96695,Rappi,Marketplace,Colombia,2026-05-21,2026-06-20,30,1374788,0,Pagada,True
FV-96696,OC-96696,Rappi,Marketplace,Colombia,2026-05-19,2026-06-18,30,1388591,0,Pagada,True
FV-96697,OC-96697,Fithub,Especializado,Colombia,2026-05-19,2026-07-03,45,1219540,0,Pagada,True
FV-96698,OC-96698,Fithub,Especializado,Colombia,2026-05-19,2026-07-03,45,1370565,0,Pagada,True
FV-96699,OC-96699,Fithub,Especializado,Colombia,2026-05-18,2026-07-02,45,1269940,0,Pagada,True
FV-96700,OC-96700,Fithub,Especializado,Colombia,2026-05-21,2026-07-05,45,1258740,0,Pagada,True
FV-96701,OC-96701,Fithub,Especializado,Colombia,2026-05-21,2026-07-05,45,1298920,0,Pagada,True
FV-96702,OC-96702,Tiendas naturistas,Especializado,Colombia,2026-05-19,2026-07-03,45,7480152,0,Pagada,True
FV-96703,OC-96703,Paranice US,Internacional,Estados Unidos,2026-05-17,2026-06-01,15,9429400,0,Pagada,True
FV-96704,OC-96704,Distribuidor CR,Internacional,Costa Rica,2026-05-21,2026-07-05,45,2485035,0,Pagada,True
FV-96705,OC-96705,Distribuidor CR,Internacional,Costa Rica,2026-05-20,2026-07-04,45,2342200,0,Pagada,True
FV-96706,OC-96706,Éxito,Retail,Colombia,2026-05-19,2026-07-18,60,7946242,0,Pagada,True
FV-96707,OC-96707,Éxito,Retail,Colombia,2026-05-22,2026-07-21,60,7890992,0,Pagada,True
FV-96708,OC-96708,Éxito,Retail,Colombia,2026-05-22,2026-07-21,60,7896432,0,Pagada,True
FV-96709,OC-96709,Carulla,Retail,Colombia,2026-05-19,2026-07-18,60,3662548,0,Pagada,True
FV-96710,OC-96710,Carulla,Retail,Colombia,2026-05-20,2026-07-19,60,3633104,0,Pagada,True
FV-96711,OC-96711,Carulla,Retail,Colombia,2026-05-18,2026-07-17,60,3646466,0,Pagada,True
FV-96712,OC-96712,Rappi,Marketplace,Colombia,2026-05-18,2026-06-17,30,2998804,0,Pagada,True
FV-96713,OC-96713,Rappi,Marketplace,Colombia,2026-05-21,2026-06-20,30,3067186,0,Pagada,True
FV-96714,OC-96714,Fithub,Especializado,Colombia,2026-05-20,2026-07-04,45,6685665,0,Pagada,True
FV-96715,OC-96715,Tiendas naturistas,Especializado,Colombia,2026-05-22,2026-07-06,45,6431040,0,Pagada,True
FV-96716,OC-96716,Paranice US,Internacional,Estados Unidos,2026-05-22,2026-06-06,15,2913050,0,Pagada,True
FV-96717,OC-96717,Paranice US,Internacional,Estados Unidos,2026-05-19,2026-06-03,15,2900950,0,Pagada,True
FV-96718,OC-96718,Paranice US,Internacional,Estados Unidos,2026-05-19,2026-06-03,15,2917500,0,Pagada,True
FV-96719,OC-96719,Distribuidor CR,Internacional,Costa Rica,2026-05-18,2026-07-02,45,4499145,0,Pagada,True
FV-96720,OC-96720,Éxito,Retail,Colombia,2026-05-19,2026-07-18,60,5129716,0,Pagada,True
FV-96721,OC-96721,Éxito,Retail,Colombia,2026-05-23,2026-07-22,60,5160010,0,Pagada,True
FV-96722,OC-96722,Éxito,Retail,Colombia,2026-05-20,2026-07-19,60,5158106,0,Pagada,True
FV-96723,OC-96723,Éxito,Retail,Colombia,2026-05-23,2026-07-22,60,5136176,0,Pagada,True
FV-96724,OC-96724,Carulla,Retail,Colombia,2026-05-19,2026-07-18,60,4043484,0,Pagada,True
FV-96725,OC-96725,Carulla,Retail,Colombia,2026-05-20,2026-07-19,60,3977354,0,Pagada,True
FV-96726,OC-96726,Carulla,Retail,Colombia,2026-05-20,2026-07-19,60,3974192,0,Pagada,True
FV-96727,OC-96727,Rappi,Marketplace,Colombia,2026-05-20,2026-06-19,30,3435765,0,Pagada,True
FV-96728,OC-96728,Rappi,Marketplace,Colombia,2026-05-19,2026-06-18,30,3323123,0,Pagada,True
FV-96729,OC-96729,Fithub,Especializado,Colombia,2026-05-21,2026-07-05,45,5935055,0,Pagada,True
FV-96730,OC-96730,Tiendas naturistas,Especializado,Colombia,2026-05-22,2026-07-06,45,1924956,0,Pagada,True
FV-96731,OC-96731,Tiendas naturistas,Especializado,Colombia,2026-05-23,2026-07-07,45,1896336,0,Pagada,True
FV-96732,OC-96732,Tiendas naturistas,Especializado,Colombia,2026-05-20,2026-07-04,45,1924236,0,Pagada,True
FV-96733,OC-96733,Tiendas naturistas,Especializado,Colombia,2026-05-21,2026-07-05,45,1990224,0,Pagada,True
FV-96734,OC-96734,Paranice US,Internacional,Estados Unidos,2026-05-22,2026-06-06,15,10892000,0,Pagada,True
FV-96735,OC-96735,Distribuidor CR,Internacional,Costa Rica,2026-05-19,2026-07-03,45,889035,0,Pagada,True
FV-96736,OC-96736,Distribuidor CR,Internacional,Costa Rica,2026-05-23,2026-07-07,45,905415,0,Pagada,True
FV-96737,OC-96737,Distribuidor CR,Internacional,Costa Rica,2026-05-23,2026-07-07,45,962255,0,Pagada,True
FV-96738,OC-96738,Distribuidor CR,Internacional,Costa Rica,2026-05-21,2026-07-05,45,957880,0,Pagada,True
FV-96739,OC-96739,Distribuidor CR,Internacional,Costa Rica,2026-05-23,2026-07-07,45,894355,0,Pagada,True
FV-96740,OC-96740,Éxito,Retail,Colombia,2026-05-21,2026-07-20,60,23748660,0,Pagada,True
FV-96741,OC-96741,Carulla,Retail,Colombia,2026-05-23,2026-07-22,60,1629144,0,Pagada,True
FV-96742,OC-96742,Carulla,Retail,Colombia,2026-05-23,2026-07-22,60,1726656,0,Pagada,True
FV-96743,OC-96743,Carulla,Retail,Colombia,2026-05-22,2026-07-21,60,1710642,0,Pagada,True
FV-96744,OC-96744,Carulla,Retail,Colombia,2026-05-24,2026-07-23,60,1644036,0,Pagada,True
FV-96745,OC-96745,Carulla,Retail,Colombia,2026-05-24,2026-07-23,60,1633632,0,Pagada,True
FV-96746,OC-96746,Carulla,Retail,Colombia,2026-05-20,2026-07-19,60,1666476,0,Pagada,True
FV-96747,OC-96747,Carulla,Retail,Colombia,2026-05-20,2026-07-19,60,1646824,0,Pagada,True
FV-96748,OC-96748,Rappi,Marketplace,Colombia,2026-05-21,2026-06-20,30,1441457,0,Pagada,True
FV-96749,OC-96749,Rappi,Marketplace,Colombia,2026-05-21,2026-06-20,30,1332003,0,Pagada,True
FV-96750,OC-96750,Rappi,Marketplace,Colombia,2026-05-20,2026-06-19,30,1336684,0,Pagada,True
FV-96751,OC-96751,Rappi,Marketplace,Colombia,2026-05-21,2026-06-20,30,1371907,0,Pagada,True
FV-96752,OC-96752,Fithub,Especializado,Colombia,2026-05-24,2026-07-08,45,6133785,0,Pagada,True
FV-96753,OC-96753,Tiendas naturistas,Especializado,Colombia,2026-05-20,2026-07-04,45,7536384,0,Pagada,True
FV-96754,OC-96754,Paranice US,Internacional,Estados Unidos,2026-05-20,2026-06-04,15,10301700,0,Pagada,True
FV-96755,OC-96755,Distribuidor CR,Internacional,Costa Rica,2026-05-20,2026-07-04,45,5297635,0,Pagada,True
FV-96756,OC-96756,Éxito,Retail,Colombia,2026-05-22,2026-07-21,60,5232736,0,Pagada,True
FV-96757,OC-96757,Éxito,Retail,Colombia,2026-05-24,2026-07-23,60,5113056,0,Pagada,True
FV-96758,OC-96758,Éxito,Retail,Colombia,2026-05-23,2026-07-22,60,5131960,0,Pagada,True
FV-96759,OC-96759,Éxito,Retail,Colombia,2026-05-23,2026-07-22,60,5138454,0,Pagada,True
FV-96760,OC-96760,Carulla,Retail,Colombia,2026-05-22,2026-07-21,60,13811446,0,Pagada,True
FV-96761,OC-96761,Rappi,Marketplace,Colombia,2026-05-21,2026-06-20,30,3188706,0,Pagada,True
FV-96762,OC-96762,Rappi,Marketplace,Colombia,2026-05-21,2026-06-20,30,3140720,0,Pagada,True
FV-96763,OC-96763,Fithub,Especializado,Colombia,2026-05-25,2026-07-09,45,6641635,0,Pagada,True
FV-96764,OC-96764,Tiendas naturistas,Especializado,Colombia,2026-05-24,2026-07-08,45,7094052,0,Pagada,True
FV-96765,OC-96765,Paranice US,Internacional,Estados Unidos,2026-05-25,2026-06-09,15,3277600,0,Pagada,True
FV-96766,OC-96766,Paranice US,Internacional,Estados Unidos,2026-05-23,2026-06-07,15,3275250,0,Pagada,True
FV-96767,OC-96767,Paranice US,Internacional,Estados Unidos,2026-05-24,2026-06-08,15,3238050,0,Pagada,True
FV-96768,OC-96768,Distribuidor CR,Internacional,Costa Rica,2026-05-24,2026-07-08,45,1311380,0,Pagada,True
FV-96769,OC-96769,Distribuidor CR,Internacional,Costa Rica,2026-05-24,2026-07-08,45,1297975,0,Pagada,True
FV-96770,OC-96770,Distribuidor CR,Internacional,Costa Rica,2026-05-21,2026-07-05,45,1358210,0,Pagada,True
FV-96771,OC-96771,Éxito,Retail,Colombia,2026-05-24,2026-07-23,60,23378366,0,Pagada,True
FV-96772,OC-96772,Carulla,Retail,Colombia,2026-05-26,2026-07-25,60,12555996,0,Pagada,True
FV-96773,OC-96773,Rappi,Marketplace,Colombia,2026-05-26,2026-06-25,30,1773832,0,Pagada,True
FV-96774,OC-96774,Rappi,Marketplace,Colombia,2026-05-22,2026-06-21,30,1767150,0,Pagada,True
FV-96775,OC-96775,Rappi,Marketplace,Colombia,2026-05-23,2026-06-22,30,1743240,0,Pagada,True
FV-96776,OC-96776,Rappi,Marketplace,Colombia,2026-05-26,2026-06-25,30,1749216,0,Pagada,True
FV-96777,OC-96777,Fithub,Especializado,Colombia,2026-05-23,2026-07-07,45,1932000,0,Pagada,True
FV-96778,OC-96778,Fithub,Especializado,Colombia,2026-05-22,2026-07-06,45,1960560,0,Pagada,True
FV-96779,OC-96779,Fithub,Especializado,Colombia,2026-05-24,2026-07-08,45,1869700,0,Pagada,True
FV-96780,OC-96780,Tiendas naturistas,Especializado,Colombia,2026-05-26,2026-07-10,45,2209356,0,Pagada,True
FV-96781,OC-96781,Tiendas naturistas,Especializado,Colombia,2026-05-26,2026-07-10,45,2223576,0,Pagada,True
FV-96782,OC-96782,Tiendas naturistas,Especializado,Colombia,2026-05-25,2026-07-09,45,2223288,0,Pagada,True
FV-96783,OC-96783,Paranice US,Internacional,Estados Unidos,2026-05-25,2026-06-09,15,4762600,0,Pagada,True
FV-96784,OC-96784,Paranice US,Internacional,Estados Unidos,2026-05-22,2026-06-06,15,4551900,0,Pagada,True
FV-96785,OC-96785,Distribuidor CR,Internacional,Costa Rica,2026-05-23,2026-07-07,45,4629310,0,Pagada,True
FV-96786,OC-96786,Éxito,Retail,Colombia,2026-05-24,2026-07-23,60,8582280,0,Pagada,True
FV-96787,OC-96787,Éxito,Retail,Colombia,2026-05-23,2026-07-22,60,8613832,0,Pagada,True
FV-96788,OC-96788,Carulla,Retail,Colombia,2026-05-26,2026-07-25,60,6651726,37,Vencida 31-60,False
FV-96789,OC-96789,Carulla,Retail,Colombia,2026-05-24,2026-07-23,60,6658696,0,Pagada,True
FV-96790,OC-96790,Rappi,Marketplace,Colombia,2026-05-26,2026-06-25,30,2283453,0,Pagada,True
FV-96791,OC-96791,Rappi,Marketplace,Colombia,2026-05-25,2026-06-24,30,2256834,0,Pagada,True
FV-96792,OC-96792,Rappi,Marketplace,Colombia,2026-05-27,2026-06-26,30,2264364,0,Pagada,True
FV-96793,OC-96793,Fithub,Especializado,Colombia,2026-05-25,2026-07-09,45,2547510,0,Pagada,True
FV-96794,OC-96794,Fithub,Especializado,Colombia,2026-05-26,2026-07-10,45,2550450,0,Pagada,True
FV-96795,OC-96795,Tiendas naturistas,Especializado,Colombia,2026-05-23,2026-07-07,45,2054304,0,Pagada,True
FV-96796,OC-96796,Tiendas naturistas,Especializado,Colombia,2026-05-27,2026-07-11,45,2088504,0,Pagada,True
FV-96797,OC-96797,Tiendas naturistas,Especializado,Colombia,2026-05-27,2026-07-11,45,2045376,0,Pagada,True
FV-96798,OC-96798,Paranice US,Internacional,Estados Unidos,2026-05-23,2026-06-07,15,2831550,0,Pagada,True
FV-96799,OC-96799,Paranice US,Internacional,Estados Unidos,2026-05-26,2026-06-10,15,2710350,0,Pagada,True
FV-96800,OC-96800,Paranice US,Internacional,Estados Unidos,2026-05-24,2026-06-08,15,2675900,0,Pagada,True
FV-96801,OC-96801,Paranice US,Internacional,Estados Unidos,2026-05-25,2026-06-09,15,2716400,0,Pagada,True
FV-96802,OC-96802,Distribuidor CR,Internacional,Costa Rica,2026-05-26,2026-07-10,45,2642955,0,Pagada,True
FV-96803,OC-96803,Distribuidor CR,Internacional,Costa Rica,2026-05-23,2026-07-07,45,2718240,0,Pagada,True
FV-96804,OC-96804,Éxito,Retail,Colombia,2026-05-24,2026-07-23,60,11413936,0,Pagada,True
FV-96805,OC-96805,Éxito,Retail,Colombia,2026-05-25,2026-07-24,60,11435458,38,Vencida 31-60,False
FV-96806,OC-96806,Carulla,Retail,Colombia,2026-05-28,2026-07-27,60,6955652,0,Pagada,True
FV-96807,OC-96807,Carulla,Retail,Colombia,2026-05-28,2026-07-27,60,7045344,0,Pagada,True
FV-96808,OC-96808,Rappi,Marketplace,Colombia,2026-05-27,2026-06-26,30,7351314,0,Pagada,True
FV-96809,OC-96809,Fithub,Especializado,Colombia,2026-05-25,2026-07-09,45,3097395,0,Pagada,True
FV-96810,OC-96810,Fithub,Especializado,Colombia,2026-05-28,2026-07-12,45,3073630,0,Pagada,True
FV-96811,OC-96811,Tiendas naturistas,Especializado,Colombia,2026-05-24,2026-07-08,45,1919988,0,Pagada,True
FV-96812,OC-96812,Tiendas naturistas,Especializado,Colombia,2026-05-26,2026-07-10,45,1930608,0,Pagada,True
FV-96813,OC-96813,Tiendas naturistas,Especializado,Colombia,2026-05-26,2026-07-10,45,1911096,0,Pagada,True
FV-96814,OC-96814,Paranice US,Internacional,Estados Unidos,2026-05-27,2026-06-11,15,4473400,0,Pagada,True
FV-96815,OC-96815,Paranice US,Internacional,Estados Unidos,2026-05-27,2026-06-11,15,4461450,0,Pagada,True
FV-96816,OC-96816,Distribuidor CR,Internacional,Costa Rica,2026-05-26,2026-07-10,45,1353030,0,Pagada,True
FV-96817,OC-96817,Distribuidor CR,Internacional,Costa Rica,2026-05-24,2026-07-08,45,1390235,0,Pagada,True
FV-96818,OC-96818,Distribuidor CR,Internacional,Costa Rica,2026-05-25,2026-07-09,45,1332870,0,Pagada,True
FV-96819,OC-96819,Distribuidor CR,Internacional,Costa Rica,2026-05-26,2026-07-10,45,1402450,0,Pagada,True
FV-96820,OC-96820,Éxito,Retail,Colombia,2026-05-27,2026-07-26,60,19128706,0,Pagada,True
FV-96821,OC-96821,Carulla,Retail,Colombia,2026-05-27,2026-07-26,60,7229488,0,Pagada,True
FV-96822,OC-96822,Carulla,Retail,Colombia,2026-05-28,2026-07-27,60,7245264,0,Pagada,True
FV-96823,OC-96823,Rappi,Marketplace,Colombia,2026-05-26,2026-06-25,30,2577357,0,Pagada,True
FV-96824,OC-96824,Rappi,Marketplace,Colombia,2026-05-26,2026-06-25,30,2621334,0,Pagada,True
FV-96825,OC-96825,Rappi,Marketplace,Colombia,2026-05-28,2026-06-27,30,2554918,0,Pagada,True
FV-96826,OC-96826,Fithub,Especializado,Colombia,2026-05-27,2026-07-11,45,2746730,0,Pagada,True
FV-96827,OC-96827,Fithub,Especializado,Colombia,2026-05-27,2026-07-11,45,2680125,0,Pagada,True
FV-96828,OC-96828,Tiendas naturistas,Especializado,Colombia,2026-05-26,2026-07-10,45,2839212,0,Pagada,True
FV-96829,OC-96829,Tiendas naturistas,Especializado,Colombia,2026-05-28,2026-07-12,45,2925180,0,Pagada,True
FV-96830,OC-96830,Paranice US,Internacional,Estados Unidos,2026-05-28,2026-06-12,15,4466800,0,Pagada,True
FV-96831,OC-96831,Paranice US,Internacional,Estados Unidos,2026-05-27,2026-06-11,15,4540600,0,Pagada,True
FV-96832,OC-96832,Distribuidor CR,Internacional,Costa Rica,2026-05-25,2026-07-09,45,1889510,0,Pagada,True
FV-96833,OC-96833,Distribuidor CR,Internacional,Costa Rica,2026-05-28,2026-07-12,45,1885170,0,Pagada,True
FV-96834,OC-96834,Distribuidor CR,Internacional,Costa Rica,2026-05-26,2026-07-10,45,1939000,0,Pagada,True
FV-96835,OC-96835,Éxito,Retail,Colombia,2026-05-26,2026-07-25,60,10697624,0,Pagada,True
FV-96836,OC-96836,Éxito,Retail,Colombia,2026-05-26,2026-07-25,60,10695550,0,Pagada,True
FV-96837,OC-96837,Carulla,Retail,Colombia,2026-05-29,2026-07-28,60,14747262,0,Pagada,True
FV-96838,OC-96838,Rappi,Marketplace,Colombia,2026-05-30,2026-06-29,30,7329600,0,Pagada,True
FV-96839,OC-96839,Fithub,Especializado,Colombia,2026-05-30,2026-07-14,45,1060080,0,Pagada,True
FV-96840,OC-96840,Fithub,Especializado,Colombia,2026-05-30,2026-07-14,45,964110,0,Pagada,True
FV-96841,OC-96841,Fithub,Especializado,Colombia,2026-05-28,2026-07-12,45,1033970,0,Pagada,True
FV-96842,OC-96842,Fithub,Especializado,Colombia,2026-05-26,2026-07-10,45,996415,0,Pagada,True
FV-96843,OC-96843,Fithub,Especializado,Colombia,2026-05-28,2026-07-12,45,1073310,0,Pagada,True
FV-96844,OC-96844,Tiendas naturistas,Especializado,Colombia,2026-05-27,2026-07-11,45,5929380,0,Pagada,True
FV-96845,OC-96845,Paranice US,Internacional,Estados Unidos,2026-05-27,2026-06-11,15,9408750,0,Pagada,True
FV-96846,OC-96846,Distribuidor CR,Internacional,Costa Rica,2026-05-28,2026-07-12,45,1068095,0,Pagada,True
FV-96847,OC-96847,Distribuidor CR,Internacional,Costa Rica,2026-05-29,2026-07-13,45,1090740,0,Pagada,True
FV-96848,OC-96848,Distribuidor CR,Internacional,Costa Rica,2026-05-27,2026-07-11,45,1102745,0,Pagada,True
FV-96849,OC-96849,Distribuidor CR,Internacional,Costa Rica,2026-05-26,2026-07-10,45,1105020,0,Pagada,True
FV-96850,OC-96850,Éxito,Retail,Colombia,2026-05-31,2026-07-30,60,5587934,0,Pagada,True
FV-96851,OC-96851,Éxito,Retail,Colombia,2026-05-28,2026-07-27,60,5574198,0,Pagada,True
FV-96852,OC-96852,Éxito,Retail,Colombia,2026-05-28,2026-07-27,60,5585010,0,Pagada,True
FV-96853,OC-96853,Éxito,Retail,Colombia,2026-05-27,2026-07-26,60,5568214,0,Pagada,True
FV-96854,OC-96854,Carulla,Retail,Colombia,2026-05-31,2026-07-30,60,5491374,0,Pagada,True
FV-96855,OC-96855,Carulla,Retail,Colombia,2026-05-28,2026-07-27,60,5400424,0,Pagada,True
FV-96856,OC-96856,Rappi,Marketplace,Colombia,2026-05-30,2026-06-29,30,7552366,0,Pagada,True
FV-96857,OC-96857,Fithub,Especializado,Colombia,2026-05-31,2026-07-15,45,1785595,0,Pagada,True
FV-96858,OC-96858,Fithub,Especializado,Colombia,2026-05-28,2026-07-12,45,1817970,0,Pagada,True
FV-96859,OC-96859,Fithub,Especializado,Colombia,2026-05-28,2026-07-12,45,1776670,0,Pagada,True
FV-96860,OC-96860,Tiendas naturistas,Especializado,Colombia,2026-05-27,2026-07-11,45,7363476,0,Pagada,True
FV-96861,OC-96861,Paranice US,Internacional,Estados Unidos,2026-05-29,2026-06-13,15,5700200,0,Pagada,True
FV-96862,OC-96862,Paranice US,Internacional,Estados Unidos,2026-05-29,2026-06-13,15,5769050,0,Pagada,True
FV-96863,OC-96863,Distribuidor CR,Internacional,Costa Rica,2026-05-31,2026-07-15,45,1556800,0,Pagada,True
FV-96864,OC-96864,Distribuidor CR,Internacional,Costa Rica,2026-05-27,2026-07-11,45,1533665,0,Pagada,True
FV-96865,OC-96865,Distribuidor CR,Internacional,Costa Rica,2026-05-30,2026-07-14,45,1487570,0,Pagada,True
FV-96866,OC-96866,Éxito,Retail,Colombia,2026-05-31,2026-07-30,60,4657728,0,Pagada,True
FV-96867,OC-96867,Éxito,Retail,Colombia,2026-06-01,2026-07-31,60,4658612,0,Pagada,True
FV-96868,OC-96868,Éxito,Retail,Colombia,2026-05-30,2026-07-29,60,4632874,0,Pagada,True
FV-96869,OC-96869,Éxito,Retail,Colombia,2026-06-01,2026-07-31,60,4623524,0,Pagada,True
FV-96870,OC-96870,Carulla,Retail,Colombia,2026-05-30,2026-07-29,60,2834988,0,Pagada,True
FV-96871,OC-96871,Carulla,Retail,Colombia,2026-05-28,2026-07-27,60,2809930,0,Pagada,True
FV-96872,OC-96872,Carulla,Retail,Colombia,2026-06-01,2026-07-31,60,2789530,0,Pagada,True
FV-96873,OC-96873,Carulla,Retail,Colombia,2026-06-01,2026-07-31,60,2829106,0,Pagada,True
FV-96874,OC-96874,Rappi,Marketplace,Colombia,2026-05-30,2026-06-29,30,1710418,0,Pagada,True
FV-96875,OC-96875,Rappi,Marketplace,Colombia,2026-05-28,2026-06-27,30,1681735,0,Pagada,True
FV-96876,OC-96876,Rappi,Marketplace,Colombia,2026-06-01,2026-07-01,30,1798883,0,Pagada,True
FV-96877,OC-96877,Fithub,Especializado,Colombia,2026-05-29,2026-07-13,45,1602545,0,Pagada,True
FV-96878,OC-96878,Fithub,Especializado,Colombia,2026-05-28,2026-07-12,45,1670060,0,Pagada,True
FV-96879,OC-96879,Fithub,Especializado,Colombia,2026-05-30,2026-07-14,45,1653995,0,Pagada,True
FV-96880,OC-96880,Fithub,Especializado,Colombia,2026-05-29,2026-07-13,45,1729140,0,Pagada,True
FV-96881,OC-96881,Tiendas naturistas,Especializado,Colombia,2026-05-28,2026-07-12,45,2891412,0,Pagada,True
FV-96882,OC-96882,Tiendas naturistas,Especializado,Colombia,2026-05-31,2026-07-15,45,2852100,0,Pagada,True
FV-96883,OC-96883,Paranice US,Internacional,Estados Unidos,2026-05-28,2026-06-12,15,5830150,0,Pagada,True
FV-96884,OC-96884,Paranice US,Internacional,Estados Unidos,2026-05-29,2026-06-13,15,5835650,0,Pagada,True
FV-96885,OC-96885,Distribuidor CR,Internacional,Costa Rica,2026-05-31,2026-07-15,45,2211685,0,Pagada,True
FV-96886,OC-96886,Distribuidor CR,Internacional,Costa Rica,2026-05-29,2026-07-13,45,2093315,0,Pagada,True
FV-96887,OC-96887,Éxito,Retail,Colombia,2026-06-02,2026-08-01,60,21633418,0,Pagada,True
FV-96888,OC-96888,Carulla,Retail,Colombia,2026-05-31,2026-07-30,60,12867980,0,Pagada,True
FV-96889,OC-96889,Rappi,Marketplace,Colombia,2026-06-02,2026-07-02,30,6983982,0,Pagada,True
FV-96890,OC-96890,Fithub,Especializado,Colombia,2026-05-31,2026-07-15,45,3083010,0,Pagada,True
FV-96891,OC-96891,Fithub,Especializado,Colombia,2026-06-02,2026-07-17,45,3122315,0,Pagada,True
FV-96892,OC-96892,Tiendas naturistas,Especializado,Colombia,2026-06-01,2026-07-16,45,3053124,0,Pagada,True
FV-96893,OC-96893,Tiendas naturistas,Especializado,Colombia,2026-05-30,2026-07-14,45,2994408,0,Pagada,True
FV-96894,OC-96894,Paranice US,Internacional,Estados Unidos,2026-06-01,2026-06-16,15,3876800,0,Pagada,True
FV-96895,OC-96895,Paranice US,Internacional,Estados Unidos,2026-06-02,2026-06-17,15,3959350,0,Pagada,True
FV-96896,OC-96896,Paranice US,Internacional,Estados Unidos,2026-05-31,2026-06-15,15,4030650,0,Pagada,True
FV-96897,OC-96897,Distribuidor CR,Internacional,Costa Rica,2026-05-30,2026-07-14,45,4464390,0,Pagada,True
FV-96898,OC-96898,Éxito,Retail,Colombia,2026-06-03,2026-08-02,60,3805824,0,Pagada,True
FV-96899,OC-96899,Éxito,Retail,Colombia,2026-05-30,2026-07-29,60,3720586,33,Vencida 31-60,False
FV-96900,OC-96900,Éxito,Retail,Colombia,2026-05-30,2026-07-29,60,3782738,0,Pagada,True
FV-96901,OC-96901,Éxito,Retail,Colombia,2026-06-02,2026-08-01,60,3790796,0,Pagada,True
FV-96902,OC-96902,Éxito,Retail,Colombia,2026-06-01,2026-07-31,60,3722150,31,Vencida 31-60,False
FV-96903,OC-96903,Carulla,Retail,Colombia,2026-06-03,2026-08-02,60,2690250,0,Pagada,True
FV-96904,OC-96904,Carulla,Retail,Colombia,2026-05-31,2026-07-30,60,2579784,0,Pagada,True
FV-96905,OC-96905,Carulla,Retail,Colombia,2026-05-30,2026-07-29,60,2672740,0,Pagada,True
FV-96906,OC-96906,Carulla,Retail,Colombia,2026-06-03,2026-08-02,60,2704224,0,Pagada,True
FV-96907,OC-96907,Rappi,Marketplace,Colombia,2026-06-01,2026-07-01,30,5244911,0,Pagada,True
FV-96908,OC-96908,Fithub,Especializado,Colombia,2026-05-30,2026-07-14,45,1242885,0,Pagada,True
FV-96909,OC-96909,Fithub,Especializado,Colombia,2026-06-03,2026-07-18,45,1195810,0,Pagada,True
FV-96910,OC-96910,Fithub,Especializado,Colombia,2026-06-02,2026-07-17,45,1236970,0,Pagada,True
FV-96911,OC-96911,Fithub,Especializado,Colombia,2026-06-01,2026-07-16,45,1202810,0,Pagada,True
FV-96912,OC-96912,Fithub,Especializado,Colombia,2026-06-01,2026-07-16,45,1205820,0,Pagada,True
FV-96913,OC-96913,Tiendas naturistas,Especializado,Colombia,2026-06-01,2026-07-16,45,1678896,0,Pagada,True
FV-96914,OC-96914,Tiendas naturistas,Especializado,Colombia,2026-06-01,2026-07-16,45,1678464,0,Pagada,True
FV-96915,OC-96915,Tiendas naturistas,Especializado,Colombia,2026-05-30,2026-07-14,45,1652544,0,Pagada,True
FV-96916,OC-96916,Tiendas naturistas,Especializado,Colombia,2026-06-03,2026-07-18,45,1609704,0,Pagada,True
FV-96917,OC-96917,Paranice US,Internacional,Estados Unidos,2026-05-30,2026-06-14,15,5430400,0,Pagada,True
FV-96918,OC-96918,Paranice US,Internacional,Estados Unidos,2026-05-30,2026-06-14,15,5311000,0,Pagada,True
FV-96919,OC-96919,Distribuidor CR,Internacional,Costa Rica,2026-06-03,2026-07-18,45,5513515,0,Pagada,True
FV-96920,OC-96920,Éxito,Retail,Colombia,2026-06-02,2026-08-01,60,5932762,0,Pagada,True
FV-96921,OC-96921,Éxito,Retail,Colombia,2026-05-31,2026-07-30,60,5981178,0,Pagada,True
FV-96922,OC-96922,Éxito,Retail,Colombia,2026-06-03,2026-08-02,60,5907704,0,Pagada,True
FV-96923,OC-96923,Carulla,Retail,Colombia,2026-06-04,2026-08-03,60,6439056,0,Pagada,True
FV-96924,OC-96924,Carulla,Retail,Colombia,2026-06-02,2026-08-01,60,6421852,0,Pagada,True
FV-96925,OC-96925,Rappi,Marketplace,Colombia,2026-06-04,2026-07-04,30,5663067,0,Pagada,True
FV-96926,OC-96926,Fithub,Especializado,Colombia,2026-06-01,2026-07-16,45,1951040,0,Pagada,True
FV-96927,OC-96927,Fithub,Especializado,Colombia,2026-06-02,2026-07-17,45,1922060,0,Pagada,True
FV-96928,OC-96928,Fithub,Especializado,Colombia,2026-05-31,2026-07-15,45,1896825,0,Pagada,True
FV-96929,OC-96929,Tiendas naturistas,Especializado,Colombia,2026-06-03,2026-07-18,45,2595528,0,Pagada,True
FV-96930,OC-96930,Tiendas naturistas,Especializado,Colombia,2026-06-03,2026-07-18,45,2534112,0,Pagada,True
FV-96931,OC-96931,Tiendas naturistas,Especializado,Colombia,2026-06-01,2026-07-16,45,2477916,0,Pagada,True
FV-96932,OC-96932,Paranice US,Internacional,Estados Unidos,2026-06-02,2026-06-17,15,3945450,0,Pagada,True
FV-96933,OC-96933,Paranice US,Internacional,Estados Unidos,2026-06-03,2026-06-18,15,3907000,0,Pagada,True
FV-96934,OC-96934,Paranice US,Internacional,Estados Unidos,2026-06-04,2026-06-19,15,3912850,0,Pagada,True
FV-96935,OC-96935,Distribuidor CR,Internacional,Costa Rica,2026-05-31,2026-07-15,45,1156120,0,Pagada,True
FV-96936,OC-96936,Distribuidor CR,Internacional,Costa Rica,2026-06-02,2026-07-17,45,1242990,0,Pagada,True
FV-96937,OC-96937,Distribuidor CR,Internacional,Costa Rica,2026-06-04,2026-07-19,45,1143275,0,Pagada,True
FV-96938,OC-96938,Distribuidor CR,Internacional,Costa Rica,2026-06-02,2026-07-17,45,1105860,0,Pagada,True
FV-96939,OC-96939,Distribuidor CR,Internacional,Costa Rica,2026-05-31,2026-07-15,45,1114575,0,Pagada,True
FV-96940,OC-96940,Éxito,Retail,Colombia,2026-06-02,2026-08-01,60,9963122,0,Pagada,True
FV-96941,OC-96941,Éxito,Retail,Colombia,2026-06-02,2026-08-01,60,10040812,0,Pagada,True
FV-96942,OC-96942,Carulla,Retail,Colombia,2026-06-04,2026-08-03,60,11083388,0,Pagada,True
FV-96943,OC-96943,Rappi,Marketplace,Colombia,2026-06-04,2026-07-04,30,1921725,0,Pagada,True
FV-96944,OC-96944,Rappi,Marketplace,Colombia,2026-06-04,2026-07-04,30,1875723,0,Pagada,True
FV-96945,OC-96945,Rappi,Marketplace,Colombia,2026-06-05,2026-07-05,30,1931372,0,Pagada,True
FV-96946,OC-96946,Fithub,Especializado,Colombia,2026-06-04,2026-07-19,45,6843550,0,Pagada,True
FV-96947,OC-96947,Tiendas naturistas,Especializado,Colombia,2026-06-01,2026-07-16,45,5782896,0,Pagada,True
FV-96948,OC-96948,Paranice US,Internacional,Estados Unidos,2026-06-05,2026-06-20,15,4320850,0,Pagada,True
FV-96949,OC-96949,Paranice US,Internacional,Estados Unidos,2026-06-03,2026-06-18,15,4317150,0,Pagada,True
FV-96950,OC-96950,Distribuidor CR,Internacional,Costa Rica,2026-06-04,2026-07-19,45,2213610,0,Pagada,True
FV-96951,OC-96951,Distribuidor CR,Internacional,Costa Rica,2026-06-03,2026-07-18,45,2221450,0,Pagada,True
FV-96952,OC-96952,Éxito,Retail,Colombia,2026-06-06,2026-08-05,60,7449570,0,Pagada,True
FV-96953,OC-96953,Éxito,Retail,Colombia,2026-06-05,2026-08-04,60,7405064,0,Pagada,True
FV-96954,OC-96954,Éxito,Retail,Colombia,2026-06-06,2026-08-05,60,7434032,0,Pagada,True
FV-96955,OC-96955,Carulla,Retail,Colombia,2026-06-04,2026-08-03,60,13150316,0,Pagada,True
FV-96956,OC-96956,Rappi,Marketplace,Colombia,2026-06-02,2026-07-02,30,6464856,0,Pagada,True
FV-96957,OC-96957,Fithub,Especializado,Colombia,2026-06-04,2026-07-19,45,6747195,0,Pagada,True
FV-96958,OC-96958,Tiendas naturistas,Especializado,Colombia,2026-06-02,2026-07-17,45,2655828,0,Pagada,True
FV-96959,OC-96959,Tiendas naturistas,Especializado,Colombia,2026-06-02,2026-07-17,45,2642220,0,Pagada,True
FV-96960,OC-96960,Paranice US,Internacional,Estados Unidos,2026-06-05,2026-06-20,15,10615700,0,Pagada,True
FV-96961,OC-96961,Distribuidor CR,Internacional,Costa Rica,2026-06-06,2026-07-21,45,4846940,0,Pagada,True
FV-96962,OC-96962,Éxito,Retail,Colombia,2026-06-03,2026-08-02,60,7706576,0,Pagada,True
FV-96963,OC-96963,Éxito,Retail,Colombia,2026-06-06,2026-08-05,60,7736428,0,Pagada,True
FV-96964,OC-96964,Carulla,Retail,Colombia,2026-06-03,2026-08-02,60,3932508,0,Pagada,True
FV-96965,OC-96965,Carulla,Retail,Colombia,2026-06-05,2026-08-04,60,3922750,0,Pagada,True
FV-96966,OC-96966,Carulla,Retail,Colombia,2026-06-06,2026-08-05,60,3935160,0,Pagada,True
FV-96967,OC-96967,Rappi,Marketplace,Colombia,2026-06-04,2026-07-04,30,5795603,0,Pagada,True
FV-96968,OC-96968,Fithub,Especializado,Colombia,2026-06-04,2026-07-19,45,1197735,0,Pagada,True
FV-96969,OC-96969,Fithub,Especializado,Colombia,2026-06-05,2026-07-20,45,1228885,0,Pagada,True
FV-96970,OC-96970,Fithub,Especializado,Colombia,2026-06-05,2026-07-20,45,1212505,0,Pagada,True
FV-96971,OC-96971,Fithub,Especializado,Colombia,2026-06-04,2026-07-19,45,1243620,0,Pagada,True
FV-96972,OC-96972,Fithub,Especializado,Colombia,2026-06-06,2026-07-21,45,1290555,0,Pagada,True
FV-96973,OC-96973,Tiendas naturistas,Especializado,Colombia,2026-06-06,2026-07-21,45,1732392,0,Pagada,True
FV-96974,OC-96974,Tiendas naturistas,Especializado,Colombia,2026-06-06,2026-07-21,45,1752048,0,Pagada,True
FV-96975,OC-96975,Tiendas naturistas,Especializado,Colombia,2026-06-07,2026-07-22,45,1751508,0,Pagada,True
FV-96976,OC-96976,Tiendas naturistas,Especializado,Colombia,2026-06-04,2026-07-19,45,1713240,0,Pagada,True
FV-96977,OC-96977,Paranice US,Internacional,Estados Unidos,2026-06-05,2026-06-20,15,2042250,0,Pagada,True
FV-96978,OC-96978,Paranice US,Internacional,Estados Unidos,2026-06-07,2026-06-22,15,1953550,0,Pagada,True
FV-96979,OC-96979,Paranice US,Internacional,Estados Unidos,2026-06-03,2026-06-18,15,2117500,0,Pagada,True
FV-96980,OC-96980,Paranice US,Internacional,Estados Unidos,2026-06-03,2026-06-18,15,2051550,0,Pagada,True
FV-96981,OC-96981,Distribuidor CR,Internacional,Costa Rica,2026-06-05,2026-07-20,45,2066750,0,Pagada,True
FV-96982,OC-96982,Distribuidor CR,Internacional,Costa Rica,2026-06-04,2026-07-19,45,2063810,43,Vencida 31-60,False
FV-96983,OC-96983,Éxito,Retail,Colombia,2026-06-04,2026-08-03,60,5017652,0,Pagada,True
FV-96984,OC-96984,Éxito,Retail,Colombia,2026-06-04,2026-08-03,60,5029518,0,Pagada,True
FV-96985,OC-96985,Éxito,Retail,Colombia,2026-06-06,2026-08-05,60,5032612,0,Pagada,True
FV-96986,OC-96986,Éxito,Retail,Colombia,2026-06-07,2026-08-06,60,4954276,0,Pagada,True
FV-96987,OC-96987,Carulla,Retail,Colombia,2026-06-05,2026-08-04,60,10330050,0,Pagada,True
FV-96988,OC-96988,Rappi,Marketplace,Colombia,2026-06-05,2026-07-05,30,1449262,57,Vencida 31-60,False
FV-96989,OC-96989,Rappi,Marketplace,Colombia,2026-06-04,2026-07-04,30,1426728,0,Pagada,True
FV-96990,OC-96990,Rappi,Marketplace,Colombia,2026-06-05,2026-07-05,30,1407150,0,Pagada,True
FV-96991,OC-96991,Rappi,Marketplace,Colombia,2026-06-06,2026-07-06,30,1444744,0,Pagada,True
FV-96992,OC-96992,Fithub,Especializado,Colombia,2026-06-08,2026-07-23,45,4683735,0,Pagada,True
FV-96993,OC-96993,Tiendas naturistas,Especializado,Colombia,2026-06-05,2026-07-20,45,3328776,0,Pagada,True
FV-96994,OC-96994,Tiendas naturistas,Especializado,Colombia,2026-06-05,2026-07-20,45,3291516,0,Pagada,True
FV-96995,OC-96995,Paranice US,Internacional,Estados Unidos,2026-06-07,2026-06-22,15,5614400,0,Pagada,True
FV-96996,OC-96996,Paranice US,Internacional,Estados Unidos,2026-06-07,2026-06-22,15,5558700,0,Pagada,True
FV-96997,OC-96997,Distribuidor CR,Internacional,Costa Rica,2026-06-07,2026-07-22,45,2500785,0,Pagada,True
FV-96998,OC-96998,Distribuidor CR,Internacional,Costa Rica,2026-06-06,2026-07-21,45,2531060,0,Pagada,True
FV-96999,OC-96999,Éxito,Retail,Colombia,2026-06-06,2026-08-05,60,6756106,0,Pagada,True
FV-97000,OC-97000,Éxito,Retail,Colombia,2026-06-08,2026-08-07,60,6800850,0,Pagada,True
FV-97001,OC-97001,Éxito,Retail,Colombia,2026-06-06,2026-08-05,60,6745430,0,Pagada,True
FV-97002,OC-97002,Carulla,Retail,Colombia,2026-06-09,2026-08-08,60,2864126,0,Pagada,True
FV-97003,OC-97003,Carulla,Retail,Colombia,2026-06-08,2026-08-07,60,2905640,0,Pagada,True
FV-97004,OC-97004,Carulla,Retail,Colombia,2026-06-07,2026-08-06,60,2886702,25,Vencida 1-30,False
FV-97005,OC-97005,Carulla,Retail,Colombia,2026-06-08,2026-08-07,60,2754170,24,Vencida 1-30,False
FV-97006,OC-97006,Carulla,Retail,Colombia,2026-06-05,2026-08-04,60,2811732,0,Pagada,True
FV-97007,OC-97007,Rappi,Marketplace,Colombia,2026-06-08,2026-07-08,30,1958388,0,Pagada,True
FV-97008,OC-97008,Rappi,Marketplace,Colombia,2026-06-05,2026-07-05,30,1981880,0,Pagada,True
FV-97009,OC-97009,Rappi,Marketplace,Colombia,2026-06-09,2026-07-09,30,1923871,0,Pagada,True
FV-97010,OC-97010,Fithub,Especializado,Colombia,2026-06-07,2026-07-22,45,5378065,0,Pagada,True
FV-97011,OC-97011,Tiendas naturistas,Especializado,Colombia,2026-06-06,2026-07-21,45,1981728,0,Pagada,True
FV-97012,OC-97012,Tiendas naturistas,Especializado,Colombia,2026-06-06,2026-07-21,45,1928232,0,Pagada,True
FV-97013,OC-97013,Tiendas naturistas,Especializado,Colombia,2026-06-07,2026-07-22,45,1878516,0,Pagada,True
FV-97014,OC-97014,Paranice US,Internacional,Estados Unidos,2026-06-08,2026-06-23,15,2577000,0,Pagada,True
FV-97015,OC-97015,Paranice US,Internacional,Estados Unidos,2026-06-05,2026-06-20,15,2499750,0,Pagada,True
FV-97016,OC-97016,Paranice US,Internacional,Estados Unidos,2026-06-06,2026-06-21,15,2528250,0,Pagada,True
FV-97017,OC-97017,Paranice US,Internacional,Estados Unidos,2026-06-08,2026-06-23,15,2494650,0,Pagada,True
FV-97018,OC-97018,Distribuidor CR,Internacional,Costa Rica,2026-06-06,2026-07-21,45,1410535,0,Pagada,True
FV-97019,OC-97019,Distribuidor CR,Internacional,Costa Rica,2026-06-08,2026-07-23,45,1361955,0,Pagada,True
FV-97020,OC-97020,Distribuidor CR,Internacional,Costa Rica,2026-06-08,2026-07-23,45,1430870,39,Vencida 31-60,False
FV-97021,OC-97021,Éxito,Retail,Colombia,2026-06-07,2026-08-06,60,15902038,0,Pagada,True
FV-97022,OC-97022,Carulla,Retail,Colombia,2026-06-09,2026-08-08,60,11842540,0,Pagada,True
FV-97023,OC-97023,Rappi,Marketplace,Colombia,2026-06-10,2026-07-10,30,5585267,0,Pagada,True
FV-97024,OC-97024,Fithub,Especializado,Colombia,2026-06-09,2026-07-24,45,4651990,0,Pagada,True
FV-97025,OC-97025,Tiendas naturistas,Especializado,Colombia,2026-06-08,2026-07-23,45,4885344,0,Pagada,True
FV-97026,OC-97026,Paranice US,Internacional,Estados Unidos,2026-06-07,2026-06-22,15,2168100,0,Pagada,True
FV-97027,OC-97027,Paranice US,Internacional,Estados Unidos,2026-06-09,2026-06-24,15,2183550,0,Pagada,True
FV-97028,OC-97028,Paranice US,Internacional,Estados Unidos,2026-06-09,2026-06-24,15,2083300,0,Pagada,True
FV-97029,OC-97029,Paranice US,Internacional,Estados Unidos,2026-06-07,2026-06-22,15,2077100,0,Pagada,True
FV-97030,OC-97030,Distribuidor CR,Internacional,Costa Rica,2026-06-07,2026-07-22,45,760270,0,Pagada,True
FV-97031,OC-97031,Distribuidor CR,Internacional,Costa Rica,2026-06-10,2026-07-25,45,774970,0,Pagada,True
FV-97032,OC-97032,Distribuidor CR,Internacional,Costa Rica,2026-06-09,2026-07-24,45,696815,0,Pagada,True
FV-97033,OC-97033,Distribuidor CR,Internacional,Costa Rica,2026-06-07,2026-07-22,45,724920,0,Pagada,True
FV-97034,OC-97034,Distribuidor CR,Internacional,Costa Rica,2026-06-07,2026-07-22,45,715890,0,Pagada,True
FV-97035,OC-97035,Distribuidor CR,Internacional,Costa Rica,2026-06-06,2026-07-21,45,719635,0,Pagada,True
FV-97036,OC-97036,Éxito,Retail,Colombia,2026-06-10,2026-08-09,60,5235354,0,Pagada,True
FV-97037,OC-97037,Éxito,Retail,Colombia,2026-06-10,2026-08-09,60,5242052,0,Pagada,True
FV-97038,OC-97038,Éxito,Retail,Colombia,2026-06-11,2026-08-10,60,5221142,0,Pagada,True
FV-97039,OC-97039,Carulla,Retail,Colombia,2026-06-09,2026-08-08,60,13766396,23,Vencida 1-30,False
FV-97040,OC-97040,Rappi,Marketplace,Colombia,2026-06-08,2026-07-08,30,2033742,0,Pagada,True
FV-97041,OC-97041,Rappi,Marketplace,Colombia,2026-06-10,2026-07-10,30,1969284,0,Pagada,True
FV-97042,OC-97042,Rappi,Marketplace,Colombia,2026-06-07,2026-07-07,30,2019410,0,Pagada,True
FV-97043,OC-97043,Fithub,Especializado,Colombia,2026-06-07,2026-07-22,45,2248435,0,Pagada,True
FV-97044,OC-97044,Fithub,Especializado,Colombia,2026-06-08,2026-07-23,45,2179310,0,Pagada,True
FV-97045,OC-97045,Fithub,Especializado,Colombia,2026-06-08,2026-07-23,45,2256275,0,Pagada,True
FV-97046,OC-97046,Tiendas naturistas,Especializado,Colombia,2026-06-08,2026-07-23,45,1189548,0,Pagada,True
FV-97047,OC-97047,Tiendas naturistas,Especializado,Colombia,2026-06-10,2026-07-25,45,1177740,0,Pagada,True
FV-97048,OC-97048,Tiendas naturistas,Especializado,Colombia,2026-06-09,2026-07-24,45,1305252,0,Pagada,True
FV-97049,OC-97049,Tiendas naturistas,Especializado,Colombia,2026-06-07,2026-07-22,45,1234872,0,Pagada,True
FV-97050,OC-97050,Tiendas naturistas,Especializado,Colombia,2026-06-07,2026-07-22,45,1233144,0,Pagada,True
FV-97051,OC-97051,Paranice US,Internacional,Estados Unidos,2026-06-07,2026-06-22,15,1429000,0,Pagada,True
FV-97052,OC-97052,Paranice US,Internacional,Estados Unidos,2026-06-07,2026-06-22,15,1430100,0,Pagada,True
FV-97053,OC-97053,Paranice US,Internacional,Estados Unidos,2026-06-09,2026-06-24,15,1428950,0,Pagada,True
FV-97054,OC-97054,Paranice US,Internacional,Estados Unidos,2026-06-10,2026-06-25,15,1408650,0,Pagada,True
FV-97055,OC-97055,Paranice US,Internacional,Estados Unidos,2026-06-11,2026-06-26,15,1473850,0,Pagada,True
FV-97056,OC-97056,Paranice US,Internacional,Estados Unidos,2026-06-07,2026-06-22,15,1388350,0,Pagada,True
FV-97057,OC-97057,Distribuidor CR,Internacional,Costa Rica,2026-06-10,2026-07-25,45,5174120,0,Pagada,True
FV-97058,OC-97058,Éxito,Retail,Colombia,2026-06-11,2026-08-10,60,4168740,0,Pagada,True
FV-97059,OC-97059,Éxito,Retail,Colombia,2026-06-09,2026-08-08,60,4213552,0,Pagada,True
FV-97060,OC-97060,Éxito,Retail,Colombia,2026-06-11,2026-08-10,60,4170814,0,Pagada,True
FV-97061,OC-97061,Éxito,Retail,Colombia,2026-06-10,2026-08-09,60,4147932,0,Pagada,True
FV-97062,OC-97062,Carulla,Retail,Colombia,2026-06-10,2026-08-09,60,12585984,0,Pagada,True
FV-97063,OC-97063,Rappi,Marketplace,Colombia,2026-06-12,2026-07-12,30,5906641,0,Pagada,True
FV-97064,OC-97064,Fithub,Especializado,Colombia,2026-06-08,2026-07-23,45,3466785,0,Pagada,True
FV-97065,OC-97065,Fithub,Especializado,Colombia,2026-06-12,2026-07-27,45,3383380,0,Pagada,True
FV-97066,OC-97066,Tiendas naturistas,Especializado,Colombia,2026-06-08,2026-07-23,45,5614920,39,Vencida 31-60,False
FV-97067,OC-97067,Paranice US,Internacional,Estados Unidos,2026-06-10,2026-06-25,15,1427900,0,Pagada,True
FV-97068,OC-97068,Paranice US,Internacional,Estados Unidos,2026-06-10,2026-06-25,15,1281150,0,Pagada,True
FV-97069,OC-97069,Paranice US,Internacional,Estados Unidos,2026-06-12,2026-06-27,15,1158000,0,Pagada,True
FV-97070,OC-97070,Paranice US,Internacional,Estados Unidos,2026-06-09,2026-06-24,15,1430500,0,Pagada,True
FV-97071,OC-97071,Paranice US,Internacional,Estados Unidos,2026-06-10,2026-06-25,15,1210650,0,Pagada,True
FV-97072,OC-97072,Paranice US,Internacional,Estados Unidos,2026-06-10,2026-06-25,15,1243400,0,Pagada,True
FV-97073,OC-97073,Paranice US,Internacional,Estados Unidos,2026-06-12,2026-06-27,15,1207700,0,Pagada,True
FV-97074,OC-97074,Paranice US,Internacional,Estados Unidos,2026-06-08,2026-06-23,15,1222500,0,Pagada,True
FV-97075,OC-97075,Paranice US,Internacional,Estados Unidos,2026-06-10,2026-06-25,15,1255250,0,Pagada,True
FV-97076,OC-97076,Distribuidor CR,Internacional,Costa Rica,2026-06-08,2026-07-23,45,1950305,0,Pagada,True
FV-97077,OC-97077,Distribuidor CR,Internacional,Costa Rica,2026-06-09,2026-07-24,45,1938755,0,Pagada,True
FV-97078,OC-97078,Éxito,Retail,Colombia,2026-06-09,2026-08-08,60,15867426,0,Pagada,True
FV-97079,OC-97079,Carulla,Retail,Colombia,2026-06-10,2026-08-09,60,3417680,0,Pagada,True
FV-97080,OC-97080,Carulla,Retail,Colombia,2026-06-13,2026-08-12,60,3402312,0,Pagada,True
FV-97081,OC-97081,Carulla,Retail,Colombia,2026-06-12,2026-08-11,60,3434408,20,Vencida 1-30,False
FV-97082,OC-97082,Carulla,Retail,Colombia,2026-06-09,2026-08-08,60,3348966,0,Pagada,True
FV-97083,OC-97083,Rappi,Marketplace,Colombia,2026-06-12,2026-07-12,30,6489886,0,Pagada,True
FV-97084,OC-97084,Fithub,Especializado,Colombia,2026-06-13,2026-07-28,45,3255910,0,Pagada,True
FV-97085,OC-97085,Fithub,Especializado,Colombia,2026-06-11,2026-07-26,45,3257240,0,Pagada,True
FV-97086,OC-97086,Tiendas naturistas,Especializado,Colombia,2026-06-10,2026-07-25,45,1691424,0,Pagada,True
FV-97087,OC-97087,Tiendas naturistas,Especializado,Colombia,2026-06-10,2026-07-25,45,1713384,0,Pagada,True
FV-97088,OC-97088,Tiendas naturistas,Especializado,Colombia,2026-06-10,2026-07-25,45,1692216,0,Pagada,True
FV-97089,OC-97089,Tiendas naturistas,Especializado,Colombia,2026-06-10,2026-07-25,45,1750932,0,Pagada,True
FV-97090,OC-97090,Paranice US,Internacional,Estados Unidos,2026-06-13,2026-06-28,15,11132700,0,Pagada,True
FV-97091,OC-97091,Distribuidor CR,Internacional,Costa Rica,2026-06-10,2026-07-25,45,1356740,0,Pagada,True
FV-97092,OC-97092,Distribuidor CR,Internacional,Costa Rica,2026-06-13,2026-07-28,45,1294650,0,Pagada,True
FV-97093,OC-97093,Distribuidor CR,Internacional,Costa Rica,2026-06-09,2026-07-24,45,1283695,0,Pagada,True
FV-97094,OC-97094,Éxito,Retail,Colombia,2026-06-13,2026-08-12,60,8262034,0,Pagada,True
FV-97095,OC-97095,Éxito,Retail,Colombia,2026-06-13,2026-08-12,60,8181556,0,Pagada,True
FV-97096,OC-97096,Carulla,Retail,Colombia,2026-06-10,2026-08-09,60,13139436,0,Pagada,True
FV-97097,OC-97097,Rappi,Marketplace,Colombia,2026-06-14,2026-07-14,30,2449557,0,Pagada,True
FV-97098,OC-97098,Rappi,Marketplace,Colombia,2026-06-13,2026-07-13,30,2430808,0,Pagada,True
FV-97099,OC-97099,Fithub,Especializado,Colombia,2026-06-14,2026-07-29,45,2242625,0,Pagada,True
FV-97100,OC-97100,Fithub,Especializado,Colombia,2026-06-13,2026-07-28,45,2174340,0,Pagada,True
FV-97101,OC-97101,Fithub,Especializado,Colombia,2026-06-10,2026-07-25,45,2104970,0,Pagada,True
FV-97102,OC-97102,Tiendas naturistas,Especializado,Colombia,2026-06-14,2026-07-29,45,6741468,0,Pagada,True
FV-97103,OC-97103,Paranice US,Internacional,Estados Unidos,2026-06-13,2026-06-28,15,1839600,0,Pagada,True
FV-97104,OC-97104,Paranice US,Internacional,Estados Unidos,2026-06-14,2026-06-29,15,1804350,0,Pagada,True
FV-97105,OC-97105,Paranice US,Internacional,Estados Unidos,2026-06-14,2026-06-29,15,1789400,0,Pagada,True
FV-97106,OC-97106,Paranice US,Internacional,Estados Unidos,2026-06-10,2026-06-25,15,1854800,0,Pagada,True
FV-97107,OC-97107,Paranice US,Internacional,Estados Unidos,2026-06-14,2026-06-29,15,1776950,0,Pagada,True
FV-97108,OC-97108,Paranice US,Internacional,Estados Unidos,2026-06-14,2026-06-29,15,1833150,0,Pagada,True
FV-97109,OC-97109,Distribuidor CR,Internacional,Costa Rica,2026-06-12,2026-07-27,45,1338715,35,Vencida 31-60,False
FV-97110,OC-97110,Distribuidor CR,Internacional,Costa Rica,2026-06-14,2026-07-29,45,1369200,33,Vencida 31-60,False
FV-97111,OC-97111,Distribuidor CR,Internacional,Costa Rica,2026-06-11,2026-07-26,45,1267805,36,Vencida 31-60,False
FV-97112,OC-97112,Éxito,Retail,Colombia,2026-06-11,2026-08-10,60,16415030,0,Pagada,True
FV-97113,OC-97113,Carulla,Retail,Colombia,2026-06-13,2026-08-12,60,11328290,0,Pagada,True
FV-97114,OC-97114,Rappi,Marketplace,Colombia,2026-06-13,2026-07-13,30,1391630,49,Vencida 31-60,False
FV-97115,OC-97115,Rappi,Marketplace,Colombia,2026-06-11,2026-07-11,30,1346146,0,Pagada,True
FV-97116,OC-97116,Rappi,Marketplace,Colombia,2026-06-11,2026-07-11,30,1360274,0,Pagada,True
FV-97117,OC-97117,Rappi,Marketplace,Colombia,2026-06-13,2026-07-13,30,1411616,0,Pagada,True
FV-97118,OC-97118,Rappi,Marketplace,Colombia,2026-06-15,2026-07-15,30,1365227,0,Pagada,True
FV-97119,OC-97119,Fithub,Especializado,Colombia,2026-06-13,2026-07-28,45,5710670,0,Pagada,True
FV-97120,OC-97120,Tiendas naturistas,Especializado,Colombia,2026-06-13,2026-07-28,45,1710432,0,Pagada,True
FV-97121,OC-97121,Tiendas naturistas,Especializado,Colombia,2026-06-14,2026-07-29,45,1672560,0,Pagada,True
FV-97122,OC-97122,Tiendas naturistas,Especializado,Colombia,2026-06-15,2026-07-30,45,1605996,0,Pagada,True
FV-97123,OC-97123,Tiendas naturistas,Especializado,Colombia,2026-06-12,2026-07-27,45,1620540,0,Pagada,True
FV-97124,OC-97124,Paranice US,Internacional,Estados Unidos,2026-06-13,2026-06-28,15,4069750,0,Pagada,True
FV-97125,OC-97125,Paranice US,Internacional,Estados Unidos,2026-06-12,2026-06-27,15,4149450,65,Vencida 61-90,False
FV-97126,OC-97126,Distribuidor CR,Internacional,Costa Rica,2026-06-14,2026-07-29,45,2273635,0,Pagada,True
FV-97127,OC-97127,Distribuidor CR,Internacional,Costa Rica,2026-06-13,2026-07-28,45,2323545,0,Pagada,True
FV-97128,OC-97128,Éxito,Retail,Colombia,2026-06-12,2026-08-11,60,9451082,0,Pagada,True
FV-97129,OC-97129,Éxito,Retail,Colombia,2026-06-12,2026-08-11,60,9461962,0,Pagada,True
FV-97130,OC-97130,Carulla,Retail,Colombia,2026-06-16,2026-08-15,60,6706704,0,Pagada,True
FV-97131,OC-97131,Carulla,Retail,Colombia,2026-06-13,2026-08-12,60,6704018,0,Pagada,True
FV-97132,OC-97132,Rappi,Marketplace,Colombia,2026-06-12,2026-07-12,30,3535063,0,Pagada,True
FV-97133,OC-97133,Rappi,Marketplace,Colombia,2026-06-13,2026-07-13,30,3516634,0,Pagada,True
FV-97134,OC-97134,Fithub,Especializado,Colombia,2026-06-14,2026-07-29,45,1238160,0,Pagada,True
FV-97135,OC-97135,Fithub,Especializado,Colombia,2026-06-15,2026-07-30,45,1270150,0,Pagada,True
FV-97136,OC-97136,Fithub,Especializado,Colombia,2026-06-12,2026-07-27,45,1298080,0,Pagada,True
FV-97137,OC-97137,Fithub,Especializado,Colombia,2026-06-12,2026-07-27,45,1364265,0,Pagada,True
FV-97138,OC-97138,Fithub,Especializado,Colombia,2026-06-14,2026-07-29,45,1280825,33,Vencida 31-60,False
FV-97139,OC-97139,Tiendas naturistas,Especializado,Colombia,2026-06-13,2026-07-28,45,2863764,0,Pagada,True
FV-97140,OC-97140,Tiendas naturistas,Especializado,Colombia,2026-06-16,2026-07-31,45,2838816,0,Pagada,True
FV-97141,OC-97141,Paranice US,Internacional,Estados Unidos,2026-06-12,2026-06-27,15,3403650,0,Pagada,True
FV-97142,OC-97142,Paranice US,Internacional,Estados Unidos,2026-06-12,2026-06-27,15,3389600,0,Pagada,True
FV-97143,OC-97143,Paranice US,Internacional,Estados Unidos,2026-06-14,2026-06-29,15,3434000,0,Pagada,True
FV-97144,OC-97144,Distribuidor CR,Internacional,Costa Rica,2026-06-15,2026-07-30,45,1086155,0,Pagada,True
FV-97145,OC-97145,Distribuidor CR,Internacional,Costa Rica,2026-06-13,2026-07-28,45,1038800,34,Vencida 31-60,False
FV-97146,OC-97146,Distribuidor CR,Internacional,Costa Rica,2026-06-13,2026-07-28,45,1104495,0,Pagada,True
FV-97147,OC-97147,Distribuidor CR,Internacional,Costa Rica,2026-06-15,2026-07-30,45,1083810,0,Pagada,True
FV-97148,OC-97148,Éxito,Retail,Colombia,2026-06-17,2026-08-16,60,8490616,15,Vencida 1-30,False
FV-97149,OC-97149,Éxito,Retail,Colombia,2026-06-16,2026-08-15,60,8436216,0,Pagada,True
FV-97150,OC-97150,Carulla,Retail,Colombia,2026-06-16,2026-08-15,60,5098334,0,Pagada,True
FV-97151,OC-97151,Carulla,Retail,Colombia,2026-06-17,2026-08-16,60,5078206,0,Pagada,True
FV-97152,OC-97152,Rappi,Marketplace,Colombia,2026-06-17,2026-07-17,30,3573618,0,Pagada,True
FV-97153,OC-97153,Rappi,Marketplace,Colombia,2026-06-17,2026-07-17,30,3565490,0,Pagada,True
FV-97154,OC-97154,Fithub,Especializado,Colombia,2026-06-14,2026-07-29,45,1957445,0,Pagada,True
FV-97155,OC-97155,Fithub,Especializado,Colombia,2026-06-14,2026-07-29,45,1937915,0,Pagada,True
FV-97156,OC-97156,Fithub,Especializado,Colombia,2026-06-14,2026-07-29,45,1877925,0,Pagada,True
FV-97157,OC-97157,Tiendas naturistas,Especializado,Colombia,2026-06-13,2026-07-28,45,2413476,0,Pagada,True
FV-97158,OC-97158,Tiendas naturistas,Especializado,Colombia,2026-06-16,2026-07-31,45,2421684,0,Pagada,True
FV-97159,OC-97159,Tiendas naturistas,Especializado,Colombia,2026-06-16,2026-07-31,45,2314980,0,Pagada,True
FV-97160,OC-97160,Paranice US,Internacional,Estados Unidos,2026-06-13,2026-06-28,15,4568200,0,Pagada,True
FV-97161,OC-97161,Paranice US,Internacional,Estados Unidos,2026-06-15,2026-06-30,15,4479450,0,Pagada,True
FV-97162,OC-97162,Distribuidor CR,Internacional,Costa Rica,2026-06-13,2026-07-28,45,4346475,0,Pagada,True
FV-97163,OC-97163,Éxito,Retail,Colombia,2026-06-14,2026-08-13,60,5475496,0,Pagada,True
FV-97164,OC-97164,Éxito,Retail,Colombia,2026-06-18,2026-08-17,60,5401750,0,Pagada,True
FV-97165,OC-97165,Éxito,Retail,Colombia,2026-06-14,2026-08-13,60,5467268,0,Pagada,True
FV-97166,OC-97166,Éxito,Retail,Colombia,2026-06-18,2026-08-17,60,5482840,0,Pagada,True
FV-97167,OC-97167,Carulla,Retail,Colombia,2026-06-14,2026-08-13,60,4176050,0,Pagada,True
FV-97168,OC-97168,Carulla,Retail,Colombia,2026-06-17,2026-08-16,60,4146334,0,Pagada,True
FV-97169,OC-97169,Carulla,Retail,Colombia,2026-06-14,2026-08-13,60,4130150,0,Pagada,True
FV-97170,OC-97170,Rappi,Marketplace,Colombia,2026-06-16,2026-07-16,30,3112311,0,Pagada,True
FV-97171,OC-97171,Rappi,Marketplace,Colombia,2026-06-17,2026-07-17,30,3136826,0,Pagada,True
FV-97172,OC-97172,Fithub,Especializado,Colombia,2026-06-17,2026-08-01,45,5968165,0,Pagada,True
FV-97173,OC-97173,Tiendas naturistas,Especializado,Colombia,2026-06-15,2026-07-30,45,1458216,0,Pagada,True
FV-97174,OC-97174,Tiendas naturistas,Especializado,Colombia,2026-06-17,2026-08-01,45,1453680,0,Pagada,True
FV-97175,OC-97175,Tiendas naturistas,Especializado,Colombia,2026-06-14,2026-07-29,45,1482876,0,Pagada,True
FV-97176,OC-97176,Tiendas naturistas,Especializado,Colombia,2026-06-15,2026-07-30,45,1646352,0,Pagada,True
FV-97177,OC-97177,Paranice US,Internacional,Estados Unidos,2026-06-18,2026-07-03,15,2892700,0,Pagada,True
FV-97178,OC-97178,Paranice US,Internacional,Estados Unidos,2026-06-14,2026-06-29,15,2807800,0,Pagada,True
FV-97179,OC-97179,Paranice US,Internacional,Estados Unidos,2026-06-18,2026-07-03,15,2802400,0,Pagada,True
FV-97180,OC-97180,Distribuidor CR,Internacional,Costa Rica,2026-06-15,2026-07-30,45,2113930,0,Pagada,True
FV-97181,OC-97181,Distribuidor CR,Internacional,Costa Rica,2026-06-16,2026-07-31,45,2160305,0,Pagada,True
FV-97182,OC-97182,Éxito,Retail,Colombia,2026-06-19,2026-08-18,60,6759472,13,Vencida 1-30,False
FV-97183,OC-97183,Éxito,Retail,Colombia,2026-06-15,2026-08-14,60,6848314,0,Pagada,True
FV-97184,OC-97184,Éxito,Retail,Colombia,2026-06-18,2026-08-17,60,6821454,0,Pagada,True
FV-97185,OC-97185,Carulla,Retail,Colombia,2026-06-18,2026-08-17,60,1832668,0,Pagada,True
FV-97186,OC-97186,Carulla,Retail,Colombia,2026-06-18,2026-08-17,60,1867076,0,Pagada,True
FV-97187,OC-97187,Carulla,Retail,Colombia,2026-06-15,2026-08-14,60,1872822,0,Pagada,True
FV-97188,OC-97188,Carulla,Retail,Colombia,2026-06-17,2026-08-16,60,1873400,0,Pagada,True
FV-97189,OC-97189,Carulla,Retail,Colombia,2026-06-16,2026-08-15,60,1912024,0,Pagada,True
FV-97190,OC-97190,Carulla,Retail,Colombia,2026-06-18,2026-08-17,60,1855686,0,Pagada,True
FV-97191,OC-97191,Carulla,Retail,Colombia,2026-06-19,2026-08-18,60,1862656,13,Vencida 1-30,False
FV-97192,OC-97192,Rappi,Marketplace,Colombia,2026-06-16,2026-07-16,30,3497064,0,Pagada,True
FV-97193,OC-97193,Rappi,Marketplace,Colombia,2026-06-17,2026-07-17,30,3594756,0,Pagada,True
FV-97194,OC-97194,Fithub,Especializado,Colombia,2026-06-16,2026-07-31,45,1165535,0,Pagada,True
FV-97195,OC-97195,Fithub,Especializado,Colombia,2026-06-18,2026-08-02,45,1253980,0,Pagada,True
FV-97196,OC-97196,Fithub,Especializado,Colombia,2026-06-18,2026-08-02,45,1177435,0,Pagada,True
FV-97197,OC-97197,Fithub,Especializado,Colombia,2026-06-16,2026-07-31,45,1216880,0,Pagada,True
FV-97198,OC-97198,Tiendas naturistas,Especializado,Colombia,2026-06-17,2026-08-01,45,1610352,0,Pagada,True
FV-97199,OC-97199,Tiendas naturistas,Especializado,Colombia,2026-06-18,2026-08-02,45,1586232,0,Pagada,True
FV-97200,OC-97200,Tiendas naturistas,Especializado,Colombia,2026-06-16,2026-07-31,45,1558296,31,Vencida 31-60,False
FV-97201,OC-97201,Tiendas naturistas,Especializado,Colombia,2026-06-15,2026-07-30,45,1659924,0,Pagada,True
FV-97202,OC-97202,Paranice US,Internacional,Estados Unidos,2026-06-19,2026-07-04,15,9113850,0,Pagada,True
FV-97203,OC-97203,Distribuidor CR,Internacional,Costa Rica,2026-06-18,2026-08-02,45,2525005,0,Pagada,True
FV-97204,OC-97204,Distribuidor CR,Internacional,Costa Rica,2026-06-16,2026-07-31,45,2544290,0,Pagada,True
FV-97205,OC-97205,Éxito,Retail,Colombia,2026-06-17,2026-08-16,60,17316302,0,Pagada,True
FV-97206,OC-97206,Carulla,Retail,Colombia,2026-06-17,2026-08-16,60,2517972,0,Pagada,True
FV-97207,OC-97207,Carulla,Retail,Colombia,2026-06-20,2026-08-19,60,2493220,0,Pagada,True
FV-97208,OC-97208,Carulla,Retail,Colombia,2026-06-20,2026-08-19,60,2475064,0,Pagada,True
FV-97209,OC-97209,Carulla,Retail,Colombia,2026-06-18,2026-08-17,60,2502808,0,Pagada,True
FV-97210,OC-97210,Rappi,Marketplace,Colombia,2026-06-16,2026-07-16,30,5902604,0,Pagada,True
FV-97211,OC-97211,Fithub,Especializado,Colombia,2026-06-18,2026-08-02,45,5947410,0,Pagada,True
FV-97212,OC-97212,Tiendas naturistas,Especializado,Colombia,2026-06-16,2026-07-31,45,3118968,0,Pagada,True
FV-97213,OC-97213,Tiendas naturistas,Especializado,Colombia,2026-06-16,2026-07-31,45,3155616,0,Pagada,True
FV-97214,OC-97214,Paranice US,Internacional,Estados Unidos,2026-06-20,2026-07-05,15,4170800,0,Pagada,True
FV-97215,OC-97215,Paranice US,Internacional,Estados Unidos,2026-06-19,2026-07-04,15,4237550,0,Pagada,True
FV-97216,OC-97216,Distribuidor CR,Internacional,Costa Rica,2026-06-19,2026-08-03,45,2176020,0,Pagada,True
FV-97217,OC-97217,Distribuidor CR,Internacional,Costa Rica,2026-06-16,2026-07-31,45,2162265,0,Pagada,True
FV-97218,OC-97218,Éxito,Retail,Colombia,2026-06-20,2026-08-19,60,7165160,0,Pagada,True
FV-97219,OC-97219,Éxito,Retail,Colombia,2026-06-19,2026-08-18,60,7164208,0,Pagada,True
FV-97220,OC-97220,Éxito,Retail,Colombia,2026-06-17,2026-08-16,60,7242510,0,Pagada,True
FV-97221,OC-97221,Carulla,Retail,Colombia,2026-06-18,2026-08-17,60,3382252,14,Vencida 1-30,False
FV-97222,OC-97222,Carulla,Retail,Colombia,2026-06-17,2026-08-16,60,3393642,0,Pagada,True
FV-97223,OC-97223,Carulla,Retail,Colombia,2026-06-19,2026-08-18,60,3423732,0,Pagada,True
FV-97224,OC-97224,Rappi,Marketplace,Colombia,2026-06-20,2026-07-20,30,2877350,0,Pagada,True
FV-97225,OC-97225,Rappi,Marketplace,Colombia,2026-06-17,2026-07-17,30,2746672,0,Pagada,True
FV-97226,OC-97226,Fithub,Especializado,Colombia,2026-06-17,2026-08-01,45,2492280,0,Pagada,True
FV-97227,OC-97227,Fithub,Especializado,Colombia,2026-06-17,2026-08-01,45,2491860,0,Pagada,True
FV-97228,OC-97228,Tiendas naturistas,Especializado,Colombia,2026-06-20,2026-08-04,45,3470904,0,Pagada,True
FV-97229,OC-97229,Tiendas naturistas,Especializado,Colombia,2026-06-21,2026-08-05,45,3393432,0,Pagada,True
FV-97230,OC-97230,Paranice US,Internacional,Estados Unidos,2026-06-19,2026-07-04,15,4209800,0,Pagada,True
FV-97231,OC-97231,Paranice US,Internacional,Estados Unidos,2026-06-18,2026-07-03,15,4198900,0,Pagada,True
FV-97232,OC-97232,Distribuidor CR,Internacional,Costa Rica,2026-06-18,2026-08-02,45,2227435,0,Pagada,True
FV-97233,OC-97233,Distribuidor CR,Internacional,Costa Rica,2026-06-20,2026-08-04,45,2180815,0,Pagada,True
FV-97234,OC-97234,Éxito,Retail,Colombia,2026-06-19,2026-08-18,60,4570620,0,Pagada,True
FV-97235,OC-97235,Éxito,Retail,Colombia,2026-06-18,2026-08-17,60,4521762,0,Pagada,True
FV-97236,OC-97236,Éxito,Retail,Colombia,2026-06-19,2026-08-18,60,4581024,13,Vencida 1-30,False
FV-97237,OC-97237,Éxito,Retail,Colombia,2026-06-18,2026-08-17,60,4554300,0,Pagada,True
FV-97238,OC-97238,Carulla,Retail,Colombia,2026-06-18,2026-08-17,60,12041270,14,Vencida 1-30,False
FV-97239,OC-97239,Rappi,Marketplace,Colombia,2026-06-19,2026-07-19,30,3219860,0,Pagada,True
FV-97240,OC-97240,Rappi,Marketplace,Colombia,2026-06-21,2026-07-21,30,3211144,41,Vencida 31-60,False
FV-97241,OC-97241,Fithub,Especializado,Colombia,2026-06-20,2026-08-04,45,6587560,27,Vencida 1-30,False
FV-97242,OC-97242,Tiendas naturistas,Especializado,Colombia,2026-06-21,2026-08-05,45,6986304,0,Pagada,True
FV-97243,OC-97243,Paranice US,Internacional,Estados Unidos,2026-06-22,2026-07-07,15,8546900,0,Pagada,True
FV-97244,OC-97244,Distribuidor CR,Internacional,Costa Rica,2026-06-22,2026-08-06,45,2131465,0,Pagada,True
FV-97245,OC-97245,Distribuidor CR,Internacional,Costa Rica,2026-06-18,2026-08-02,45,2240665,29,Vencida 1-30,False
FV-97246,OC-97246,Éxito,Retail,Colombia,2026-06-21,2026-08-20,60,8131644,0,Pagada,True
FV-97247,OC-97247,Éxito,Retail,Colombia,2026-06-21,2026-08-20,60,8104104,11,Vencida 1-30,False
FV-97248,OC-97248,Carulla,Retail,Colombia,2026-06-21,2026-08-20,60,5280948,0,Pagada,True
FV-97249,OC-97249,Carulla,Retail,Colombia,2026-06-21,2026-08-20,60,5160520,0,Pagada,True
FV-97250,OC-97250,Rappi,Marketplace,Colombia,2026-06-20,2026-07-20,30,5806254,0,Pagada,True
FV-97251,OC-97251,Fithub,Especializado,Colombia,2026-06-23,2026-08-07,45,1411970,0,Pagada,True
FV-97252,OC-97252,Fithub,Especializado,Colombia,2026-06-23,2026-08-07,45,1314775,0,Pagada,True
FV-97253,OC-97253,Fithub,Especializado,Colombia,2026-06-23,2026-08-07,45,1320760,0,Pagada,True
FV-97254,OC-97254,Fithub,Especializado,Colombia,2026-06-21,2026-08-05,45,1356040,0,Pagada,True
FV-97255,OC-97255,Fithub,Especializado,Colombia,2026-06-20,2026-08-04,45,1335915,0,Pagada,True
FV-97256,OC-97256,Tiendas naturistas,Especializado,Colombia,2026-06-19,2026-08-03,45,1549476,0,Pagada,True
FV-97257,OC-97257,Tiendas naturistas,Especializado,Colombia,2026-06-22,2026-08-06,45,1502748,0,Pagada,True
FV-97258,OC-97258,Tiendas naturistas,Especializado,Colombia,2026-06-19,2026-08-03,45,1483128,0,Pagada,True
FV-97259,OC-97259,Tiendas naturistas,Especializado,Colombia,2026-06-19,2026-08-03,45,1422288,0,Pagada,True
FV-97260,OC-97260,Paranice US,Internacional,Estados Unidos,2026-06-23,2026-07-08,15,1792600,54,Vencida 31-60,False
FV-97261,OC-97261,Paranice US,Internacional,Estados Unidos,2026-06-19,2026-07-04,15,1871500,58,Vencida 31-60,False
FV-97262,OC-97262,Paranice US,Internacional,Estados Unidos,2026-06-22,2026-07-07,15,1823300,0,Pagada,True
FV-97263,OC-97263,Paranice US,Internacional,Estados Unidos,2026-06-23,2026-07-08,15,1837500,0,Pagada,True
FV-97264,OC-97264,Paranice US,Internacional,Estados Unidos,2026-06-21,2026-07-06,15,1751750,0,Pagada,True
FV-97265,OC-97265,Paranice US,Internacional,Estados Unidos,2026-06-20,2026-07-05,15,1851950,0,Pagada,True
FV-97266,OC-97266,Distribuidor CR,Internacional,Costa Rica,2026-06-22,2026-08-06,45,2539775,0,Pagada,True
FV-97267,OC-97267,Distribuidor CR,Internacional,Costa Rica,2026-06-21,2026-08-05,45,2510620,0,Pagada,True
FV-97268,OC-97268,Éxito,Retail,Colombia,2026-06-24,2026-08-23,60,11053468,8,Vencida 1-30,False
FV-97269,OC-97269,Éxito,Retail,Colombia,2026-06-20,2026-08-19,60,11029192,12,Vencida 1-30,False
FV-97270,OC-97270,Carulla,Retail,Colombia,2026-06-20,2026-08-19,60,14343954,12,Vencida 1-30,False
FV-97271,OC-97271,Rappi,Marketplace,Colombia,2026-06-20,2026-07-20,30,1863160,42,Vencida 31-60,False
FV-97272,OC-97272,Rappi,Marketplace,Colombia,2026-06-20,2026-07-20,30,1855130,42,Vencida 31-60,False
FV-97273,OC-97273,Rappi,Marketplace,Colombia,2026-06-22,2026-07-22,30,1867125,0,Pagada,True
FV-97274,OC-97274,Fithub,Especializado,Colombia,2026-06-22,2026-08-06,45,2367995,0,Pagada,True
FV-97275,OC-97275,Fithub,Especializado,Colombia,2026-06-23,2026-08-07,45,2352910,24,Vencida 1-30,False
FV-97276,OC-97276,Tiendas naturistas,Especializado,Colombia,2026-06-21,2026-08-05,45,5151852,0,Pagada,True
FV-97277,OC-97277,Paranice US,Internacional,Estados Unidos,2026-06-21,2026-07-06,15,3426700,0,Pagada,True
FV-97278,OC-97278,Paranice US,Internacional,Estados Unidos,2026-06-22,2026-07-07,15,3360650,0,Pagada,True
FV-97279,OC-97279,Paranice US,Internacional,Estados Unidos,2026-06-23,2026-07-08,15,3441000,0,Pagada,True
FV-97280,OC-97280,Distribuidor CR,Internacional,Costa Rica,2026-06-24,2026-08-08,45,4641665,0,Pagada,True
FV-97281,OC-97281,Éxito,Retail,Colombia,2026-06-22,2026-08-21,60,20312348,0,Pagada,True
FV-97282,OC-97282,Carulla,Retail,Colombia,2026-06-25,2026-08-24,60,3226872,0,Pagada,True
FV-97283,OC-97283,Carulla,Retail,Colombia,2026-06-25,2026-08-24,60,3176144,7,Vencida 1-30,False
FV-97284,OC-97284,Carulla,Retail,Colombia,2026-06-23,2026-08-22,60,3272160,0,Pagada,True
FV-97285,OC-97285,Carulla,Retail,Colombia,2026-06-24,2026-08-23,60,3309118,8,Vencida 1-30,False
FV-97286,OC-97286,Rappi,Marketplace,Colombia,2026-06-24,2026-07-24,30,1941773,0,Pagada,True
FV-97287,OC-97287,Rappi,Marketplace,Colombia,2026-06-23,2026-07-23,30,1956432,0,Pagada,True
FV-97288,OC-97288,Rappi,Marketplace,Colombia,2026-06-21,2026-07-21,30,1973420,0,Pagada,True
FV-97289,OC-97289,Fithub,Especializado,Colombia,2026-06-24,2026-08-08,45,5661250,0,Pagada,True
FV-97290,OC-97290,Tiendas naturistas,Especializado,Colombia,2026-06-25,2026-08-09,45,1765512,0,Pagada,True
FV-97291,OC-97291,Tiendas naturistas,Especializado,Colombia,2026-06-21,2026-08-05,45,1725624,0,Pagada,True
FV-97292,OC-97292,Tiendas naturistas,Especializado,Colombia,2026-06-23,2026-08-07,45,1703736,0,Pagada,True
FV-97293,OC-97293,Paranice US,Internacional,Estados Unidos,2026-06-22,2026-07-07,15,1914650,0,Pagada,True
FV-97294,OC-97294,Paranice US,Internacional,Estados Unidos,2026-06-24,2026-07-09,15,2092050,0,Pagada,True
FV-97295,OC-97295,Paranice US,Internacional,Estados Unidos,2026-06-25,2026-07-10,15,1885850,0,Pagada,True
FV-97296,OC-97296,Paranice US,Internacional,Estados Unidos,2026-06-23,2026-07-08,15,1968650,0,Pagada,True
FV-97297,OC-97297,Paranice US,Internacional,Estados Unidos,2026-06-21,2026-07-06,15,1978450,0,Pagada,True
FV-97298,OC-97298,Distribuidor CR,Internacional,Costa Rica,2026-06-22,2026-08-06,45,1039780,0,Pagada,True
FV-97299,OC-97299,Distribuidor CR,Internacional,Costa Rica,2026-06-24,2026-08-08,45,970305,0,Pagada,True
FV-97300,OC-97300,Distribuidor CR,Internacional,Costa Rica,2026-06-21,2026-08-05,45,972265,0,Pagada,True
FV-97301,OC-97301,Distribuidor CR,Internacional,Costa Rica,2026-06-24,2026-08-08,45,1018500,0,Pagada,True
FV-97302,OC-97302,Éxito,Retail,Colombia,2026-06-26,2026-08-25,60,8154458,0,Pagada,True
FV-97303,OC-97303,Éxito,Retail,Colombia,2026-06-25,2026-08-24,60,8197366,0,Pagada,True
FV-97304,OC-97304,Carulla,Retail,Colombia,2026-06-22,2026-08-21,60,5205400,0,Pagada,True
FV-97305,OC-97305,Carulla,Retail,Colombia,2026-06-26,2026-08-25,60,5180478,0,Pagada,True
FV-97306,OC-97306,Rappi,Marketplace,Colombia,2026-06-24,2026-07-24,30,2561329,0,Pagada,True
FV-97307,OC-97307,Rappi,Marketplace,Colombia,2026-06-23,2026-07-23,30,2531996,0,Pagada,True
FV-97308,OC-97308,Fithub,Especializado,Colombia,2026-06-25,2026-08-09,45,2722860,0,Pagada,True
FV-97309,OC-97309,Fithub,Especializado,Colombia,2026-06-23,2026-08-07,45,2676240,0,Pagada,True
FV-97310,OC-97310,Tiendas naturistas,Especializado,Colombia,2026-06-23,2026-08-07,45,3063888,0,Pagada,True
FV-97311,OC-97311,Tiendas naturistas,Especializado,Colombia,2026-06-23,2026-08-07,45,3068280,0,Pagada,True
FV-97312,OC-97312,Paranice US,Internacional,Estados Unidos,2026-06-22,2026-07-07,15,8120550,0,Pagada,True
FV-97313,OC-97313,Distribuidor CR,Internacional,Costa Rica,2026-06-26,2026-08-10,45,4180085,0,Pagada,True
FV-97314,OC-97314,Éxito,Retail,Colombia,2026-06-26,2026-08-25,60,21753166,0,Pagada,True
FV-97315,OC-97315,Carulla,Retail,Colombia,2026-06-24,2026-08-23,60,3011312,0,Pagada,True
FV-97316,OC-97316,Carulla,Retail,Colombia,2026-06-23,2026-08-22,60,2895406,0,Pagada,True
FV-97317,OC-97317,Carulla,Retail,Colombia,2026-06-25,2026-08-24,60,2951642,7,Vencida 1-30,False
FV-97318,OC-97318,Carulla,Retail,Colombia,2026-06-27,2026-08-26,60,2959088,5,Vencida 1-30,False
FV-97319,OC-97319,Carulla,Retail,Colombia,2026-06-23,2026-08-22,60,2963100,0,Pagada,True
FV-97320,OC-97320,Rappi,Marketplace,Colombia,2026-06-27,2026-07-27,30,6361275,0,Pagada,True
FV-97321,OC-97321,Fithub,Especializado,Colombia,2026-06-23,2026-08-07,45,1685110,0,Pagada,True
FV-97322,OC-97322,Fithub,Especializado,Colombia,2026-06-26,2026-08-10,45,1734460,0,Pagada,True
FV-97323,OC-97323,Fithub,Especializado,Colombia,2026-06-23,2026-08-07,45,1725010,0,Pagada,True
FV-97324,OC-97324,Fithub,Especializado,Colombia,2026-06-24,2026-08-08,45,1765015,0,Pagada,True
FV-97325,OC-97325,Tiendas naturistas,Especializado,Colombia,2026-06-24,2026-08-08,45,2960856,0,Pagada,True
FV-97326,OC-97326,Tiendas naturistas,Especializado,Colombia,2026-06-23,2026-08-07,45,2865852,24,Vencida 1-30,False
FV-97327,OC-97327,Paranice US,Internacional,Estados Unidos,2026-06-24,2026-07-09,15,3909150,0,Pagada,True
FV-97328,OC-97328,Paranice US,Internacional,Estados Unidos,2026-06-23,2026-07-08,15,3819400,0,Pagada,True
FV-97329,OC-97329,Distribuidor CR,Internacional,Costa Rica,2026-06-23,2026-08-07,45,1109395,0,Pagada,True
FV-97330,OC-97330,Distribuidor CR,Internacional,Costa Rica,2026-06-27,2026-08-11,45,1113525,0,Pagada,True
FV-97331,OC-97331,Distribuidor CR,Internacional,Costa Rica,2026-06-23,2026-08-07,45,1088920,24,Vencida 1-30,False
FV-97332,OC-97332,Distribuidor CR,Internacional,Costa Rica,2026-06-27,2026-08-11,45,1118075,0,Pagada,True
FV-97333,OC-97333,Distribuidor CR,Internacional,Costa Rica,2026-06-27,2026-08-11,45,1130815,0,Pagada,True
FV-97334,OC-97334,Éxito,Retail,Colombia,2026-06-27,2026-08-26,60,3126470,0,Pagada,True
FV-97335,OC-97335,Éxito,Retail,Colombia,2026-06-24,2026-08-23,60,3122628,0,Pagada,True
FV-97336,OC-97336,Éxito,Retail,Colombia,2026-06-27,2026-08-26,60,3086520,0,Pagada,True
FV-97337,OC-97337,Éxito,Retail,Colombia,2026-06-28,2026-08-27,60,3126096,4,Vencida 1-30,False
FV-97338,OC-97338,Éxito,Retail,Colombia,2026-06-25,2026-08-24,60,3099712,7,Vencida 1-30,False
FV-97339,OC-97339,Carulla,Retail,Colombia,2026-06-24,2026-08-23,60,3304290,0,Pagada,True
FV-97340,OC-97340,Carulla,Retail,Colombia,2026-06-24,2026-08-23,60,3336658,0,Pagada,True
FV-97341,OC-97341,Carulla,Retail,Colombia,2026-06-27,2026-08-26,60,3374704,0,Pagada,True
FV-97342,OC-97342,Rappi,Marketplace,Colombia,2026-06-26,2026-07-26,30,7289774,0,Pagada,True
FV-97343,OC-97343,Fithub,Especializado,Colombia,2026-06-28,2026-08-12,45,1646190,0,Pagada,True
FV-97344,OC-97344,Fithub,Especializado,Colombia,2026-06-27,2026-08-11,45,1623790,0,Pagada,True
FV-97345,OC-97345,Fithub,Especializado,Colombia,2026-06-26,2026-08-10,45,1604575,0,Pagada,True
FV-97346,OC-97346,Tiendas naturistas,Especializado,Colombia,2026-06-24,2026-08-08,45,5584752,0,Pagada,True
FV-97347,OC-97347,Paranice US,Internacional,Estados Unidos,2026-06-26,2026-07-11,15,2523650,0,Pagada,True
FV-97348,OC-97348,Paranice US,Internacional,Estados Unidos,2026-06-26,2026-07-11,15,2677500,0,Pagada,True
FV-97349,OC-97349,Paranice US,Internacional,Estados Unidos,2026-06-25,2026-07-10,15,2675850,0,Pagada,True
FV-97350,OC-97350,Paranice US,Internacional,Estados Unidos,2026-06-24,2026-07-09,15,2563650,0,Pagada,True
FV-97351,OC-97351,Distribuidor CR,Internacional,Costa Rica,2026-06-26,2026-08-10,45,2566725,0,Pagada,True
FV-97352,OC-97352,Distribuidor CR,Internacional,Costa Rica,2026-06-24,2026-08-08,45,2621535,0,Pagada,True
FV-97353,OC-97353,Éxito,Retail,Colombia,2026-06-29,2026-08-28,60,8268086,0,Pagada,True
FV-97354,OC-97354,Éxito,Retail,Colombia,2026-06-25,2026-08-24,60,8287840,0,Pagada,True
FV-97355,OC-97355,Carulla,Retail,Colombia,2026-06-26,2026-08-25,60,4027674,0,Pagada,True
FV-97356,OC-97356,Carulla,Retail,Colombia,2026-06-26,2026-08-25,60,4098326,0,Pagada,True
FV-97357,OC-97357,Carulla,Retail,Colombia,2026-06-29,2026-08-28,60,4090880,0,Pagada,True
FV-97358,OC-97358,Rappi,Marketplace,Colombia,2026-06-25,2026-07-25,30,2476224,0,Pagada,True
FV-97359,OC-97359,Rappi,Marketplace,Colombia,2026-06-27,2026-07-27,30,2438918,0,Pagada,True
FV-97360,OC-97360,Rappi,Marketplace,Colombia,2026-06-26,2026-07-26,30,2450835,0,Pagada,True
FV-97361,OC-97361,Fithub,Especializado,Colombia,2026-06-25,2026-08-09,45,1915060,22,Vencida 1-30,False
FV-97362,OC-97362,Fithub,Especializado,Colombia,2026-06-25,2026-08-09,45,1866970,0,Pagada,True
FV-97363,OC-97363,Fithub,Especializado,Colombia,2026-06-26,2026-08-10,45,1850485,0,Pagada,True
FV-97364,OC-97364,Tiendas naturistas,Especializado,Colombia,2026-06-26,2026-08-10,45,2626344,0,Pagada,True
FV-97365,OC-97365,Tiendas naturistas,Especializado,Colombia,2026-06-29,2026-08-13,45,2694852,0,Pagada,True
FV-97366,OC-97366,Paranice US,Internacional,Estados Unidos,2026-06-25,2026-07-10,15,5370600,0,Pagada,True
FV-97367,OC-97367,Paranice US,Internacional,Estados Unidos,2026-06-29,2026-07-14,15,5454700,0,Pagada,True
FV-97368,OC-97368,Distribuidor CR,Internacional,Costa Rica,2026-06-27,2026-08-11,45,2357565,0,Pagada,True
FV-97369,OC-97369,Distribuidor CR,Internacional,Costa Rica,2026-06-29,2026-08-13,45,2408980,0,Pagada,True
FV-97370,OC-97370,Éxito,Retail,Colombia,2026-06-29,2026-08-28,60,16802834,3,Vencida 1-30,False
FV-97371,OC-97371,Carulla,Retail,Colombia,2026-06-27,2026-08-26,60,3980142,5,Vencida 1-30,False
FV-97372,OC-97372,Carulla,Retail,Colombia,2026-06-28,2026-08-27,60,4000474,4,Vencida 1-30,False
FV-97373,OC-97373,Carulla,Retail,Colombia,2026-06-27,2026-08-26,60,3965930,0,Pagada,True
FV-97374,OC-97374,Rappi,Marketplace,Colombia,2026-06-28,2026-07-28,30,7146870,0,Pagada,True
FV-97375,OC-97375,Fithub,Especializado,Colombia,2026-06-28,2026-08-12,45,6552070,0,Pagada,True
FV-97376,OC-97376,Tiendas naturistas,Especializado,Colombia,2026-06-26,2026-08-10,45,1400040,21,Vencida 1-30,False
FV-97377,OC-97377,Tiendas naturistas,Especializado,Colombia,2026-06-26,2026-08-10,45,1378872,0,Pagada,True
FV-97378,OC-97378,Tiendas naturistas,Especializado,Colombia,2026-06-28,2026-08-12,45,1454724,0,Pagada,True
FV-97379,OC-97379,Tiendas naturistas,Especializado,Colombia,2026-06-29,2026-08-13,45,1386000,0,Pagada,True
FV-97380,OC-97380,Tiendas naturistas,Especializado,Colombia,2026-06-28,2026-08-12,45,1465704,0,Pagada,True
FV-97381,OC-97381,Paranice US,Internacional,Estados Unidos,2026-06-26,2026-07-11,15,2014250,0,Pagada,True
FV-97382,OC-97382,Paranice US,Internacional,Estados Unidos,2026-06-27,2026-07-12,15,2008050,0,Pagada,True
FV-97383,OC-97383,Paranice US,Internacional,Estados Unidos,2026-06-28,2026-07-13,15,2049250,0,Pagada,True
FV-97384,OC-97384,Paranice US,Internacional,Estados Unidos,2026-06-30,2026-07-15,15,1997850,0,Pagada,True
FV-97385,OC-97385,Distribuidor CR,Internacional,Costa Rica,2026-06-27,2026-08-11,45,1385615,0,Pagada,True
FV-97386,OC-97386,Distribuidor CR,Internacional,Costa Rica,2026-06-29,2026-08-13,45,1274070,0,Pagada,True
FV-97387,OC-97387,Distribuidor CR,Internacional,Costa Rica,2026-06-30,2026-08-14,45,1375395,0,Pagada,True
FV-97388,OC-97388,Distribuidor CR,Internacional,Costa Rica,2026-06-28,2026-08-12,45,1330455,0,Pagada,True
FV-97389,OC-97389,Éxito,Retail,Colombia,2026-06-30,2026-08-29,60,16566194,0,Pagada,True
FV-97390,OC-97390,Carulla,Retail,Colombia,2026-06-30,2026-08-29,60,3430294,0,Pagada,True
FV-97391,OC-97391,Carulla,Retail,Colombia,2026-06-28,2026-08-27,60,3394356,0,Pagada,True
FV-97392,OC-97392,Carulla,Retail,Colombia,2026-07-01,2026-08-30,60,3377458,0,Pagada,True
FV-97393,OC-97393,Rappi,Marketplace,Colombia,2026-06-27,2026-07-27,30,1772902,0,Pagada,True
FV-97394,OC-97394,Rappi,Marketplace,Colombia,2026-06-30,2026-07-30,30,1715705,0,Pagada,True
FV-97395,OC-97395,Rappi,Marketplace,Colombia,2026-06-30,2026-07-30,30,1779882,0,Pagada,True
FV-97396,OC-97396,Fithub,Especializado,Colombia,2026-06-28,2026-08-12,45,6283165,0,Pagada,True
FV-97397,OC-97397,Tiendas naturistas,Especializado,Colombia,2026-06-30,2026-08-14,45,6659424,0,Pagada,True
FV-97398,OC-97398,Paranice US,Internacional,Estados Unidos,2026-06-30,2026-07-15,15,8517450,0,Pagada,True
FV-97399,OC-97399,Distribuidor CR,Internacional,Costa Rica,2026-06-27,2026-08-11,45,5039195,20,Vencida 1-30,False
FV-97400,OC-97400,Éxito,Retail,Colombia,2026-06-29,2026-08-28,60,17160208,0,Pagada,True
FV-97401,OC-97401,Carulla,Retail,Colombia,2026-06-30,2026-08-29,60,4472326,0,Pagada,True
FV-97402,OC-97402,Carulla,Retail,Colombia,2026-07-01,2026-08-30,60,4479262,0,Pagada,True
FV-97403,OC-97403,Carulla,Retail,Colombia,2026-07-01,2026-08-30,60,4408168,0,Pagada,True
FV-97404,OC-97404,Rappi,Marketplace,Colombia,2026-07-01,2026-07-31,30,2898811,0,Pagada,True
FV-97405,OC-97405,Rappi,Marketplace,Colombia,2026-07-01,2026-07-31,30,2923203,0,Pagada,True
FV-97406,OC-97406,Fithub,Especializado,Colombia,2026-06-28,2026-08-12,45,1865080,0,Pagada,True
FV-97407,OC-97407,Fithub,Especializado,Colombia,2026-07-01,2026-08-15,45,1834350,0,Pagada,True
FV-97408,OC-97408,Fithub,Especializado,Colombia,2026-06-30,2026-08-14,45,1878765,17,Vencida 1-30,False
FV-97409,OC-97409,Tiendas naturistas,Especializado,Colombia,2026-06-28,2026-08-12,45,7038468,0,Pagada,True
FV-97410,OC-97410,Paranice US,Internacional,Estados Unidos,2026-07-01,2026-07-16,15,9178650,0,Pagada,True
FV-97411,OC-97411,Distribuidor CR,Internacional,Costa Rica,2026-06-28,2026-08-12,45,1986740,0,Pagada,True
FV-97412,OC-97412,Distribuidor CR,Internacional,Costa Rica,2026-07-02,2026-08-16,45,1994055,0,Pagada,True
FV-97413,OC-97413,Éxito,Retail,Colombia,2026-07-03,2026-09-01,60,16370388,0,Vigente,False
FV-97414,OC-97414,Carulla,Retail,Colombia,2026-06-29,2026-08-28,60,3440426,3,Vencida 1-30,False
FV-97415,OC-97415,Carulla,Retail,Colombia,2026-06-30,2026-08-29,60,3462152,2,Vencida 1-30,False
FV-97416,OC-97416,Carulla,Retail,Colombia,2026-06-30,2026-08-29,60,3506556,0,Pagada,True
FV-97417,OC-97417,Carulla,Retail,Colombia,2026-07-02,2026-08-31,60,3489352,0,Pagada,True
FV-97418,OC-97418,Rappi,Marketplace,Colombia,2026-07-02,2026-08-01,30,1682260,0,Pagada,True
FV-97419,OC-97419,Rappi,Marketplace,Colombia,2026-06-29,2026-07-29,30,1667742,0,Pagada,True
FV-97420,OC-97420,Rappi,Marketplace,Colombia,2026-07-03,2026-08-02,30,1688217,0,Pagada,True
FV-97421,OC-97421,Fithub,Especializado,Colombia,2026-07-03,2026-08-17,45,1841595,14,Vencida 1-30,False
FV-97422,OC-97422,Fithub,Especializado,Colombia,2026-06-29,2026-08-13,45,1801275,0,Pagada,True
FV-97423,OC-97423,Fithub,Especializado,Colombia,2026-07-03,2026-08-17,45,1842085,0,Pagada,True
FV-97424,OC-97424,Tiendas naturistas,Especializado,Colombia,2026-07-03,2026-08-17,45,3453948,0,Pagada,True
FV-97425,OC-97425,Tiendas naturistas,Especializado,Colombia,2026-07-02,2026-08-16,45,3490236,0,Pagada,True
FV-97426,OC-97426,Paranice US,Internacional,Estados Unidos,2026-06-29,2026-07-14,15,4635350,0,Pagada,True
FV-97427,OC-97427,Paranice US,Internacional,Estados Unidos,2026-07-03,2026-07-18,15,4758350,0,Pagada,True
FV-97428,OC-97428,Distribuidor CR,Internacional,Costa Rica,2026-07-03,2026-08-17,45,1849785,0,Pagada,True
FV-97429,OC-97429,Distribuidor CR,Internacional,Costa Rica,2026-06-29,2026-08-13,45,1919995,0,Pagada,True
FV-97430,OC-97430,Éxito,Retail,Colombia,2026-06-30,2026-08-29,60,20191070,2,Vencida 1-30,False
FV-97431,OC-97431,Carulla,Retail,Colombia,2026-07-03,2026-09-01,60,10138426,0,Vigente,False
FV-97432,OC-97432,Rappi,Marketplace,Colombia,2026-07-01,2026-07-31,30,3753304,0,Pagada,True
FV-97433,OC-97433,Rappi,Marketplace,Colombia,2026-06-30,2026-07-30,30,3666750,0,Pagada,True
FV-97434,OC-97434,Fithub,Especializado,Colombia,2026-06-30,2026-08-14,45,1713145,0,Pagada,True
FV-97435,OC-97435,Fithub,Especializado,Colombia,2026-06-30,2026-08-14,45,1639960,0,Pagada,True
FV-97436,OC-97436,Fithub,Especializado,Colombia,2026-07-03,2026-08-17,45,1667225,0,Pagada,True
FV-97437,OC-97437,Fithub,Especializado,Colombia,2026-07-01,2026-08-15,45,1718955,0,Pagada,True
FV-97438,OC-97438,Tiendas naturistas,Especializado,Colombia,2026-07-04,2026-08-18,45,1635624,13,Vencida 1-30,False
FV-97439,OC-97439,Tiendas naturistas,Especializado,Colombia,2026-07-04,2026-08-18,45,1686456,0,Pagada,True
FV-97440,OC-97440,Tiendas naturistas,Especializado,Colombia,2026-07-03,2026-08-17,45,1705176,0,Pagada,True
FV-97441,OC-97441,Paranice US,Internacional,Estados Unidos,2026-07-01,2026-07-16,15,10040850,0,Pagada,True
FV-97442,OC-97442,Distribuidor CR,Internacional,Costa Rica,2026-07-03,2026-08-17,45,5015255,0,Pagada,True
FV-97443,OC-97443,Éxito,Retail,Colombia,2026-07-04,2026-09-02,60,6778240,0,Vigente,False
FV-97444,OC-97444,Éxito,Retail,Colombia,2026-07-04,2026-09-02,60,6728566,0,Vigente,False
FV-97445,OC-97445,Carulla,Retail,Colombia,2026-07-01,2026-08-30,60,3315884,0,Pagada,True
FV-97446,OC-97446,Carulla,Retail,Colombia,2026-07-03,2026-09-01,60,3347436,0,Pagada,True
FV-97447,OC-97447,Carulla,Retail,Colombia,2026-07-05,2026-09-03,60,3317686,0,Vigente,False
FV-97448,OC-97448,Rappi,Marketplace,Colombia,2026-07-02,2026-08-01,30,1298325,0,Pagada,True
FV-97449,OC-97449,Rappi,Marketplace,Colombia,2026-07-02,2026-08-01,30,1359565,0,Pagada,True
FV-97450,OC-97450,Rappi,Marketplace,Colombia,2026-07-03,2026-08-02,30,1263825,0,Pagada,True
FV-97451,OC-97451,Rappi,Marketplace,Colombia,2026-07-03,2026-08-02,30,1358254,0,Pagada,True
FV-97452,OC-97452,Fithub,Especializado,Colombia,2026-07-02,2026-08-16,45,2907205,0,Pagada,True
FV-97453,OC-97453,Fithub,Especializado,Colombia,2026-07-02,2026-08-16,45,2831080,0,Pagada,True
FV-97454,OC-97454,Tiendas naturistas,Especializado,Colombia,2026-07-02,2026-08-16,45,1636092,15,Vencida 1-30,False
FV-97455,OC-97455,Tiendas naturistas,Especializado,Colombia,2026-07-03,2026-08-17,45,1561608,0,Pagada,True
FV-97456,OC-97456,Tiendas naturistas,Especializado,Colombia,2026-07-04,2026-08-18,45,1606500,13,Vencida 1-30,False
FV-97457,OC-97457,Paranice US,Internacional,Estados Unidos,2026-07-01,2026-07-16,15,2790000,0,Pagada,True
FV-97458,OC-97458,Paranice US,Internacional,Estados Unidos,2026-07-04,2026-07-19,15,2830250,0,Pagada,True
FV-97459,OC-97459,Paranice US,Internacional,Estados Unidos,2026-07-05,2026-07-20,15,2921400,0,Pagada,True
FV-97460,OC-97460,Distribuidor CR,Internacional,Costa Rica,2026-07-05,2026-08-19,45,3948140,0,Pagada,True
FV-97461,OC-97461,Éxito,Retail,Colombia,2026-07-02,2026-08-31,60,15957900,0,Vigente,False
FV-97462,OC-97462,Carulla,Retail,Colombia,2026-07-06,2026-09-04,60,3667750,0,Vigente,False
FV-97463,OC-97463,Carulla,Retail,Colombia,2026-07-03,2026-09-01,60,3568300,0,Vigente,False
FV-97464,OC-97464,Carulla,Retail,Colombia,2026-07-05,2026-09-03,60,3558474,0,Vigente,False
FV-97465,OC-97465,Rappi,Marketplace,Colombia,2026-07-06,2026-08-05,30,6276928,0,Pagada,True
FV-97466,OC-97466,Fithub,Especializado,Colombia,2026-07-03,2026-08-17,45,4714290,14,Vencida 1-30,False
FV-97467,OC-97467,Tiendas naturistas,Especializado,Colombia,2026-07-02,2026-08-16,45,5735736,0,Pagada,True
FV-97468,OC-97468,Paranice US,Internacional,Estados Unidos,2026-07-06,2026-07-21,15,4328800,0,Pagada,True
FV-97469,OC-97469,Paranice US,Internacional,Estados Unidos,2026-07-02,2026-07-17,15,4485850,0,Pagada,True
FV-97470,OC-97470,Distribuidor CR,Internacional,Costa Rica,2026-07-04,2026-08-18,45,3553935,0,Pagada,True
FV-97471,OC-97471,Éxito,Retail,Colombia,2026-07-04,2026-09-02,60,12998064,0,Vigente,False
FV-97472,OC-97472,Carulla,Retail,Colombia,2026-07-04,2026-09-02,60,10177764,0,Vigente,False
FV-97473,OC-97473,Rappi,Marketplace,Colombia,2026-07-03,2026-08-02,30,1610135,0,Pagada,True
FV-97474,OC-97474,Rappi,Marketplace,Colombia,2026-07-06,2026-08-05,30,1599717,0,Pagada,True
FV-97475,OC-97475,Rappi,Marketplace,Colombia,2026-07-03,2026-08-02,30,1632001,0,Pagada,True
FV-97476,OC-97476,Fithub,Especializado,Colombia,2026-07-03,2026-08-17,45,1977150,0,Pagada,True
FV-97477,OC-97477,Fithub,Especializado,Colombia,2026-07-06,2026-08-20,45,1878520,0,Pagada,True
FV-97478,OC-97478,Fithub,Especializado,Colombia,2026-07-03,2026-08-17,45,1929690,0,Pagada,True
FV-97479,OC-97479,Tiendas naturistas,Especializado,Colombia,2026-07-03,2026-08-17,45,5876748,0,Pagada,True
FV-97480,OC-97480,Paranice US,Internacional,Estados Unidos,2026-07-05,2026-07-20,15,9461800,0,Pagada,True
FV-97481,OC-97481,Distribuidor CR,Internacional,Costa Rica,2026-07-04,2026-08-18,45,2019920,13,Vencida 1-30,False
FV-97482,OC-97482,Distribuidor CR,Internacional,Costa Rica,2026-07-07,2026-08-21,45,2029195,0,Pagada,True
FV-97483,OC-97483,Éxito,Retail,Colombia,2026-07-08,2026-09-06,60,4362676,0,Vigente,False
FV-97484,OC-97484,Éxito,Retail,Colombia,2026-07-08,2026-09-06,60,4386408,0,Vigente,False
FV-97485,OC-97485,Éxito,Retail,Colombia,2026-07-04,2026-09-02,60,4429894,0,Vigente,False
FV-97486,OC-97486,Carulla,Retail,Colombia,2026-07-06,2026-09-04,60,10345996,0,Vigente,False
FV-97487,OC-97487,Rappi,Marketplace,Colombia,2026-07-08,2026-08-07,30,1473270,0,Pagada,True
FV-97488,OC-97488,Rappi,Marketplace,Colombia,2026-07-07,2026-08-06,30,1496930,0,Pagada,True
FV-97489,OC-97489,Rappi,Marketplace,Colombia,2026-07-07,2026-08-06,30,1475447,0,Pagada,True
FV-97490,OC-97490,Rappi,Marketplace,Colombia,2026-07-05,2026-08-04,30,1516364,0,Pagada,True
FV-97491,OC-97491,Fithub,Especializado,Colombia,2026-07-06,2026-08-20,45,4275355,0,Pagada,True
FV-97492,OC-97492,Tiendas naturistas,Especializado,Colombia,2026-07-08,2026-08-22,45,1026972,0,Pagada,True
FV-97493,OC-97493,Tiendas naturistas,Especializado,Colombia,2026-07-05,2026-08-19,45,1069596,12,Vencida 1-30,False
FV-97494,OC-97494,Tiendas naturistas,Especializado,Colombia,2026-07-05,2026-08-19,45,1104120,0,Pagada,True
FV-97495,OC-97495,Tiendas naturistas,Especializado,Colombia,2026-07-06,2026-08-20,45,998352,11,Vencida 1-30,False
FV-97496,OC-97496,Tiendas naturistas,Especializado,Colombia,2026-07-08,2026-08-22,45,997488,9,Vencida 1-30,False
FV-97497,OC-97497,Paranice US,Internacional,Estados Unidos,2026-07-04,2026-07-19,15,2257500,0,Pagada,True
FV-97498,OC-97498,Paranice US,Internacional,Estados Unidos,2026-07-08,2026-07-23,15,2429600,0,Pagada,True
FV-97499,OC-97499,Paranice US,Internacional,Estados Unidos,2026-07-04,2026-07-19,15,2381850,0,Pagada,True
FV-97500,OC-97500,Distribuidor CR,Internacional,Costa Rica,2026-07-04,2026-08-18,45,3357830,0,Pagada,True
FV-97501,OC-97501,Éxito,Retail,Colombia,2026-07-07,2026-09-05,60,5552540,0,Vigente,False
FV-97502,OC-97502,Éxito,Retail,Colombia,2026-07-06,2026-09-04,60,5582698,0,Vigente,False
FV-97503,OC-97503,Éxito,Retail,Colombia,2026-07-06,2026-09-04,60,5604934,0,Vigente,False
FV-97504,OC-97504,Carulla,Retail,Colombia,2026-07-05,2026-09-03,60,3833126,0,Vigente,False
FV-97505,OC-97505,Carulla,Retail,Colombia,2026-07-05,2026-09-03,60,3795556,0,Vigente,False
FV-97506,OC-97506,Carulla,Retail,Colombia,2026-07-07,2026-09-05,60,3816296,0,Pagada,True
FV-97507,OC-97507,Rappi,Marketplace,Colombia,2026-07-05,2026-08-04,30,4991394,27,Vencida 1-30,False
FV-97508,OC-97508,Fithub,Especializado,Colombia,2026-07-05,2026-08-19,45,5580330,0,Pagada,True
FV-97509,OC-97509,Tiendas naturistas,Especializado,Colombia,2026-07-06,2026-08-20,45,794628,0,Pagada,True
FV-97510,OC-97510,Tiendas naturistas,Especializado,Colombia,2026-07-06,2026-08-20,45,815868,0,Pagada,True
FV-97511,OC-97511,Tiendas naturistas,Especializado,Colombia,2026-07-08,2026-08-22,45,862596,0,Pagada,True
FV-97512,OC-97512,Tiendas naturistas,Especializado,Colombia,2026-07-05,2026-08-19,45,740340,0,Pagada,True
FV-97513,OC-97513,Tiendas naturistas,Especializado,Colombia,2026-07-09,2026-08-23,45,873108,8,Vencida 1-30,False
FV-97514,OC-97514,Tiendas naturistas,Especializado,Colombia,2026-07-07,2026-08-21,45,859284,0,Pagada,True
FV-97515,OC-97515,Paranice US,Internacional,Estados Unidos,2026-07-06,2026-07-21,15,7763600,41,Vencida 31-60,False
FV-97516,OC-97516,Distribuidor CR,Internacional,Costa Rica,2026-07-09,2026-08-23,45,3945515,0,Pagada,True
FV-97517,OC-97517,Éxito,Retail,Colombia,2026-07-07,2026-09-05,60,14925966,0,Vigente,False
FV-97518,OC-97518,Carulla,Retail,Colombia,2026-07-07,2026-09-05,60,3448552,0,Pagada,True
FV-97519,OC-97519,Carulla,Retail,Colombia,2026-07-08,2026-09-06,60,3417578,0,Vigente,False
FV-97520,OC-97520,Carulla,Retail,Colombia,2026-07-07,2026-09-05,60,3478370,0,Vigente,False
FV-97521,OC-97521,Rappi,Marketplace,Colombia,2026-07-07,2026-08-06,30,2814083,0,Pagada,True
FV-97522,OC-97522,Rappi,Marketplace,Colombia,2026-07-08,2026-08-07,30,2807115,0,Pagada,True
FV-97523,OC-97523,Fithub,Especializado,Colombia,2026-07-06,2026-08-20,45,4672045,0,Pagada,True
FV-97524,OC-97524,Tiendas naturistas,Especializado,Colombia,2026-07-08,2026-08-22,45,5400288,0,Pagada,True
FV-97525,OC-97525,Paranice US,Internacional,Estados Unidos,2026-07-10,2026-07-25,15,2158750,37,Vencida 31-60,False
FV-97526,OC-97526,Paranice US,Internacional,Estados Unidos,2026-07-06,2026-07-21,15,2138850,0,Pagada,True
FV-97527,OC-97527,Paranice US,Internacional,Estados Unidos,2026-07-09,2026-07-24,15,2124500,0,Pagada,True
FV-97528,OC-97528,Paranice US,Internacional,Estados Unidos,2026-07-08,2026-07-23,15,2006400,0,Pagada,True
FV-97529,OC-97529,Distribuidor CR,Internacional,Costa Rica,2026-07-06,2026-08-20,45,992670,0,Pagada,True
FV-97530,OC-97530,Distribuidor CR,Internacional,Costa Rica,2026-07-09,2026-08-23,45,1172500,0,Pagada,True
FV-97531,OC-97531,Distribuidor CR,Internacional,Costa Rica,2026-07-07,2026-08-21,45,1218140,0,Pagada,True
FV-97532,OC-97532,Distribuidor CR,Internacional,Costa Rica,2026-07-09,2026-08-23,45,1106980,0,Pagada,True
FV-97533,OC-97533,Éxito,Retail,Colombia,2026-07-10,2026-09-08,60,15378030,0,Vigente,False
FV-97534,OC-97534,Carulla,Retail,Colombia,2026-07-08,2026-09-06,60,5966932,0,Vigente,False
FV-97535,OC-97535,Carulla,Retail,Colombia,2026-07-10,2026-09-08,60,5980838,0,Vigente,False
FV-97536,OC-97536,Rappi,Marketplace,Colombia,2026-07-09,2026-08-08,30,848142,0,Pagada,True
FV-97537,OC-97537,Rappi,Marketplace,Colombia,2026-07-10,2026-08-09,30,818559,22,Vencida 1-30,False
FV-97538,OC-97538,Rappi,Marketplace,Colombia,2026-07-08,2026-08-07,30,953857,0,Pagada,True
FV-97539,OC-97539,Rappi,Marketplace,Colombia,2026-07-09,2026-08-08,30,910611,0,Pagada,True
FV-97540,OC-97540,Rappi,Marketplace,Colombia,2026-07-09,2026-08-08,30,865765,0,Pagada,True
FV-97541,OC-97541,Rappi,Marketplace,Colombia,2026-07-08,2026-08-07,30,803848,0,Pagada,True
FV-97542,OC-97542,Fithub,Especializado,Colombia,2026-07-09,2026-08-23,45,5260745,0,Pagada,True
FV-97543,OC-97543,Tiendas naturistas,Especializado,Colombia,2026-07-08,2026-08-22,45,4881312,0,Pagada,True
FV-97544,OC-97544,Paranice US,Internacional,Estados Unidos,2026-07-07,2026-07-22,15,4486850,0,Pagada,True
FV-97545,OC-97545,Paranice US,Internacional,Estados Unidos,2026-07-09,2026-07-24,15,4436200,0,Pagada,True
FV-97546,OC-97546,Distribuidor CR,Internacional,Costa Rica,2026-07-11,2026-08-25,45,808220,0,Pagada,True
FV-97547,OC-97547,Distribuidor CR,Internacional,Costa Rica,2026-07-11,2026-08-25,45,730695,6,Vencida 1-30,False
FV-97548,OC-97548,Distribuidor CR,Internacional,Costa Rica,2026-07-11,2026-08-25,45,790790,6,Vencida 1-30,False
FV-97549,OC-97549,Distribuidor CR,Internacional,Costa Rica,2026-07-09,2026-08-23,45,828905,0,Pagada,True
FV-97550,OC-97550,Distribuidor CR,Internacional,Costa Rica,2026-07-09,2026-08-23,45,819630,0,Pagada,True
FV-97551,OC-97551,Éxito,Retail,Colombia,2026-07-09,2026-09-07,60,4004180,0,Vigente,False
FV-97552,OC-97552,Éxito,Retail,Colombia,2026-07-09,2026-09-07,60,4009144,0,Vigente,False
FV-97553,OC-97553,Éxito,Retail,Colombia,2026-07-12,2026-09-10,60,4035596,0,Vigente,False
FV-97554,OC-97554,Éxito,Retail,Colombia,2026-07-11,2026-09-09,60,4003772,0,Vigente,False
FV-97555,OC-97555,Carulla,Retail,Colombia,2026-07-10,2026-09-08,60,4048992,0,Vigente,False
FV-97556,OC-97556,Carulla,Retail,Colombia,2026-07-11,2026-09-09,60,4039030,0,Vigente,False
FV-97557,OC-97557,Carulla,Retail,Colombia,2026-07-10,2026-09-08,60,4055010,0,Vigente,False
FV-97558,OC-97558,Rappi,Marketplace,Colombia,2026-07-11,2026-08-10,30,1496861,0,Pagada,True
FV-97559,OC-97559,Rappi,Marketplace,Colombia,2026-07-12,2026-08-11,30,1449450,0,Pagada,True
FV-97560,OC-97560,Rappi,Marketplace,Colombia,2026-07-10,2026-08-09,30,1515344,0,Pagada,True
FV-97561,OC-97561,Fithub,Especializado,Colombia,2026-07-09,2026-08-23,45,1373925,0,Pagada,True
FV-97562,OC-97562,Fithub,Especializado,Colombia,2026-07-09,2026-08-23,45,1364160,0,Pagada,True
FV-97563,OC-97563,Fithub,Especializado,Colombia,2026-07-11,2026-08-25,45,1364755,0,Pagada,True
FV-97564,OC-97564,Tiendas naturistas,Especializado,Colombia,2026-07-08,2026-08-22,45,2039904,0,Pagada,True
FV-97565,OC-97565,Tiendas naturistas,Especializado,Colombia,2026-07-08,2026-08-22,45,1986372,0,Pagada,True
FV-97566,OC-97566,Tiendas naturistas,Especializado,Colombia,2026-07-11,2026-08-25,45,2107404,0,Pagada,True
FV-97567,OC-97567,Paranice US,Internacional,Estados Unidos,2026-07-12,2026-07-27,15,9255700,0,Pagada,True
FV-97568,OC-97568,Distribuidor CR,Internacional,Costa Rica,2026-07-10,2026-08-24,45,1059765,0,Pagada,True
FV-97569,OC-97569,Distribuidor CR,Internacional,Costa Rica,2026-07-11,2026-08-25,45,1074710,6,Vencida 1-30,False
FV-97570,OC-97570,Distribuidor CR,Internacional,Costa Rica,2026-07-08,2026-08-22,45,1061550,0,Pagada,True
FV-97571,OC-97571,Éxito,Retail,Colombia,2026-07-10,2026-09-08,60,8474262,0,Vigente,False
FV-97572,OC-97572,Éxito,Retail,Colombia,2026-07-11,2026-09-09,60,8417040,0,Vigente,False
FV-97573,OC-97573,Carulla,Retail,Colombia,2026-07-12,2026-09-10,60,3851690,0,Vigente,False
FV-97574,OC-97574,Carulla,Retail,Colombia,2026-07-09,2026-09-07,60,3933902,0,Vigente,False
FV-97575,OC-97575,Carulla,Retail,Colombia,2026-07-11,2026-09-09,60,3896842,0,Vigente,False
FV-97576,OC-97576,Rappi,Marketplace,Colombia,2026-07-12,2026-08-11,30,1566532,20,Vencida 1-30,False
FV-97577,OC-97577,Rappi,Marketplace,Colombia,2026-07-13,2026-08-12,30,1603436,0,Pagada,True
FV-97578,OC-97578,Rappi,Marketplace,Colombia,2026-07-09,2026-08-08,30,1590192,0,Pagada,True
FV-97579,OC-97579,Fithub,Especializado,Colombia,2026-07-11,2026-08-25,45,2247280,0,Pagada,True
FV-97580,OC-97580,Fithub,Especializado,Colombia,2026-07-13,2026-08-27,45,2220400,0,Pagada,True
FV-97581,OC-97581,Tiendas naturistas,Especializado,Colombia,2026-07-09,2026-08-23,45,4699692,0,Pagada,True
FV-97582,OC-97582,Paranice US,Internacional,Estados Unidos,2026-07-12,2026-07-27,15,2298250,0,Pagada,True
FV-97583,OC-97583,Paranice US,Internacional,Estados Unidos,2026-07-11,2026-07-26,15,2228150,0,Pagada,True
FV-97584,OC-97584,Paranice US,Internacional,Estados Unidos,2026-07-10,2026-07-25,15,2227700,0,Pagada,True
FV-97585,OC-97585,Paranice US,Internacional,Estados Unidos,2026-07-09,2026-07-24,15,2268000,0,Pagada,True
FV-97586,OC-97586,Distribuidor CR,Internacional,Costa Rica,2026-07-12,2026-08-26,45,3269420,5,Vencida 1-30,False
FV-97587,OC-97587,Éxito,Retail,Colombia,2026-07-10,2026-09-08,60,9659706,0,Vigente,False
FV-97588,OC-97588,Éxito,Retail,Colombia,2026-07-12,2026-09-10,60,9664092,0,Vigente,False
FV-97589,OC-97589,Carulla,Retail,Colombia,2026-07-10,2026-09-08,60,9661338,0,Vigente,False
FV-97590,OC-97590,Rappi,Marketplace,Colombia,2026-07-13,2026-08-12,30,1499972,0,Pagada,True
FV-97591,OC-97591,Rappi,Marketplace,Colombia,2026-07-10,2026-08-09,30,1531170,0,Pagada,True
FV-97592,OC-97592,Rappi,Marketplace,Colombia,2026-07-11,2026-08-10,30,1511892,0,Pagada,True
FV-97593,OC-97593,Rappi,Marketplace,Colombia,2026-07-14,2026-08-13,30,1616930,0,Pagada,True
FV-97594,OC-97594,Fithub,Especializado,Colombia,2026-07-13,2026-08-27,45,1841105,4,Vencida 1-30,False
FV-97595,OC-97595,Fithub,Especializado,Colombia,2026-07-13,2026-08-27,45,1887970,0,Pagada,True
FV-97596,OC-97596,Fithub,Especializado,Colombia,2026-07-13,2026-08-27,45,1785805,0,Pagada,True
FV-97597,OC-97597,Tiendas naturistas,Especializado,Colombia,2026-07-13,2026-08-27,45,4340016,0,Pagada,True
FV-97598,OC-97598,Paranice US,Internacional,Estados Unidos,2026-07-10,2026-07-25,15,9485150,0,Pagada,True
FV-97599,OC-97599,Distribuidor CR,Internacional,Costa Rica,2026-07-11,2026-08-25,45,713930,0,Pagada,True
FV-97600,OC-97600,Distribuidor CR,Internacional,Costa Rica,2026-07-13,2026-08-27,45,790440,0,Pagada,True
FV-97601,OC-97601,Distribuidor CR,Internacional,Costa Rica,2026-07-11,2026-08-25,45,614985,0,Pagada,True
FV-97602,OC-97602,Distribuidor CR,Internacional,Costa Rica,2026-07-12,2026-08-26,45,692405,0,Pagada,True
FV-97603,OC-97603,Distribuidor CR,Internacional,Costa Rica,2026-07-14,2026-08-28,45,658350,3,Vencida 1-30,False
FV-97604,OC-97604,Distribuidor CR,Internacional,Costa Rica,2026-07-10,2026-08-24,45,650055,7,Vencida 1-30,False
FV-97605,OC-97605,Distribuidor CR,Internacional,Costa Rica,2026-07-13,2026-08-27,45,755895,0,Pagada,True
FV-97606,OC-97606,Éxito,Retail,Colombia,2026-07-13,2026-09-11,60,4555660,0,Vigente,False
FV-97607,OC-97607,Éxito,Retail,Colombia,2026-07-11,2026-09-09,60,4536484,0,Vigente,False
FV-97608,OC-97608,Éxito,Retail,Colombia,2026-07-15,2026-09-13,60,4451518,0,Vigente,False
FV-97609,OC-97609,Éxito,Retail,Colombia,2026-07-11,2026-09-09,60,4535226,0,Vigente,False
FV-97610,OC-97610,Carulla,Retail,Colombia,2026-07-14,2026-09-12,60,12573302,0,Vigente,False
FV-97611,OC-97611,Rappi,Marketplace,Colombia,2026-07-14,2026-08-13,30,1646438,0,Pagada,True
FV-97612,OC-97612,Rappi,Marketplace,Colombia,2026-07-13,2026-08-12,30,1673186,0,Pagada,True
FV-97613,OC-97613,Rappi,Marketplace,Colombia,2026-07-14,2026-08-13,30,1688811,0,Pagada,True
FV-97614,OC-97614,Fithub,Especializado,Colombia,2026-07-14,2026-08-28,45,2657165,3,Vencida 1-30,False
FV-97615,OC-97615,Fithub,Especializado,Colombia,2026-07-15,2026-08-29,45,2662275,0,Pagada,True
FV-97616,OC-97616,Tiendas naturistas,Especializado,Colombia,2026-07-14,2026-08-28,45,2149704,0,Pagada,True
FV-97617,OC-97617,Tiendas naturistas,Especializado,Colombia,2026-07-14,2026-08-28,45,2135664,0,Pagada,True
FV-97618,OC-97618,Paranice US,Internacional,Estados Unidos,2026-07-14,2026-07-29,15,4566950,33,Vencida 31-60,False
FV-97619,OC-97619,Paranice US,Internacional,Estados Unidos,2026-07-12,2026-07-27,15,4512800,0,Pagada,True
FV-97620,OC-97620,Distribuidor CR,Internacional,Costa Rica,2026-07-11,2026-08-25,45,3164665,0,Pagada,True
FV-97621,OC-97621,Éxito,Retail,Colombia,2026-07-15,2026-09-13,60,13060216,0,Vigente,False
FV-97622,OC-97622,Carulla,Retail,Colombia,2026-07-12,2026-09-10,60,10911654,0,Vigente,False
FV-97623,OC-97623,Rappi,Marketplace,Colombia,2026-07-14,2026-08-13,30,3217144,0,Pagada,True
FV-97624,OC-97624,Rappi,Marketplace,Colombia,2026-07-12,2026-08-11,30,3136318,0,Pagada,True
FV-97625,OC-97625,Fithub,Especializado,Colombia,2026-07-14,2026-08-28,45,1839705,0,Pagada,True
FV-97626,OC-97626,Fithub,Especializado,Colombia,2026-07-16,2026-08-30,45,1865780,1,Vencida 1-30,False
FV-97627,OC-97627,Fithub,Especializado,Colombia,2026-07-14,2026-08-28,45,1879150,0,Pagada,True
FV-97628,OC-97628,Tiendas naturistas,Especializado,Colombia,2026-07-12,2026-08-26,45,1293480,0,Pagada,True
FV-97629,OC-97629,Tiendas naturistas,Especializado,Colombia,2026-07-13,2026-08-27,45,1244880,0,Pagada,True
FV-97630,OC-97630,Tiendas naturistas,Especializado,Colombia,2026-07-13,2026-08-27,45,1230048,4,Vencida 1-30,False
FV-97631,OC-97631,Tiendas naturistas,Especializado,Colombia,2026-07-13,2026-08-27,45,1271448,4,Vencida 1-30,False
FV-97632,OC-97632,Paranice US,Internacional,Estados Unidos,2026-07-16,2026-07-31,15,8609750,0,Pagada,True
FV-97633,OC-97633,Distribuidor CR,Internacional,Costa Rica,2026-07-12,2026-08-26,45,1473780,0,Pagada,True
FV-97634,OC-97634,Distribuidor CR,Internacional,Costa Rica,2026-07-14,2026-08-28,45,1429085,3,Vencida 1-30,False
FV-97635,OC-97635,Distribuidor CR,Internacional,Costa Rica,2026-07-15,2026-08-29,45,1402345,0,Pagada,True
FV-97636,OC-97636,Éxito,Retail,Colombia,2026-07-13,2026-09-11,60,3994762,0,Vigente,False
FV-97637,OC-97637,Éxito,Retail,Colombia,2026-07-17,2026-09-15,60,4010368,0,Vigente,False
FV-97638,OC-97638,Éxito,Retail,Colombia,2026-07-17,2026-09-15,60,3963108,0,Pagada,True
FV-97639,OC-97639,Éxito,Retail,Colombia,2026-07-13,2026-09-11,60,4009042,0,Vigente,False
FV-97640,OC-97640,Carulla,Retail,Colombia,2026-07-15,2026-09-13,60,2957082,0,Vigente,False
FV-97641,OC-97641,Carulla,Retail,Colombia,2026-07-16,2026-09-14,60,2961842,0,Vigente,False
FV-97642,OC-97642,Carulla,Retail,Colombia,2026-07-15,2026-09-13,60,2989824,0,Pagada,True
FV-97643,OC-97643,Rappi,Marketplace,Colombia,2026-07-13,2026-08-12,30,2815373,0,Pagada,True
FV-97644,OC-97644,Rappi,Marketplace,Colombia,2026-07-17,2026-08-16,30,2808515,0,Pagada,True
FV-97645,OC-97645,Fithub,Especializado,Colombia,2026-07-14,2026-08-28,45,4589200,3,Vencida 1-30,False
FV-97646,OC-97646,Tiendas naturistas,Especializado,Colombia,2026-07-16,2026-08-30,45,1736640,0,Pagada,True
FV-97647,OC-97647,Tiendas naturistas,Especializado,Colombia,2026-07-14,2026-08-28,45,1672452,3,Vencida 1-30,False
FV-97648,OC-97648,Tiendas naturistas,Especializado,Colombia,2026-07-13,2026-08-27,45,1657620,0,Pagada,True
FV-97649,OC-97649,Paranice US,Internacional,Estados Unidos,2026-07-13,2026-07-28,15,2391350,34,Vencida 31-60,False
FV-97650,OC-97650,Paranice US,Internacional,Estados Unidos,2026-07-17,2026-08-01,15,2315600,30,Vencida 1-30,False
FV-97651,OC-97651,Paranice US,Internacional,Estados Unidos,2026-07-16,2026-07-31,15,2330250,31,Vencida 31-60,False
FV-97652,OC-97652,Paranice US,Internacional,Estados Unidos,2026-07-17,2026-08-01,15,2419700,0,Pagada,True
FV-97653,OC-97653,Distribuidor CR,Internacional,Costa Rica,2026-07-13,2026-08-27,45,1301755,0,Pagada,True
FV-97654,OC-97654,Distribuidor CR,Internacional,Costa Rica,2026-07-15,2026-08-29,45,1109850,0,Pagada,True
FV-97655,OC-97655,Distribuidor CR,Internacional,Costa Rica,2026-07-13,2026-08-27,45,1127000,0,Pagada,True
FV-97656,OC-97656,Distribuidor CR,Internacional,Costa Rica,2026-07-17,2026-08-31,45,1081115,0,Vigente,False
FV-97657,OC-97657,Éxito,Retail,Colombia,2026-07-16,2026-09-14,60,18113636,0,Vigente,False
FV-97658,OC-97658,Carulla,Retail,Colombia,2026-07-14,2026-09-12,60,11076112,0,Vigente,False
FV-97659,OC-97659,Rappi,Marketplace,Colombia,2026-07-15,2026-08-14,30,1787942,0,Pagada,True
FV-97660,OC-97660,Rappi,Marketplace,Colombia,2026-07-14,2026-08-13,30,1854348,0,Pagada,True
FV-97661,OC-97661,Rappi,Marketplace,Colombia,2026-07-18,2026-08-17,30,1836152,0,Pagada,True
FV-97662,OC-97662,Fithub,Especializado,Colombia,2026-07-16,2026-08-30,45,4133430,0,Pagada,True
FV-97663,OC-97663,Tiendas naturistas,Especializado,Colombia,2026-07-16,2026-08-30,45,2338704,1,Vencida 1-30,False
FV-97664,OC-97664,Tiendas naturistas,Especializado,Colombia,2026-07-17,2026-08-31,45,2402100,0,Pagada,True
FV-97665,OC-97665,Paranice US,Internacional,Estados Unidos,2026-07-17,2026-08-01,15,2451100,0,Pagada,True
FV-97666,OC-97666,Paranice US,Internacional,Estados Unidos,2026-07-14,2026-07-29,15,2451550,0,Pagada,True
FV-97667,OC-97667,Paranice US,Internacional,Estados Unidos,2026-07-16,2026-07-31,15,2608150,31,Vencida 31-60,False
FV-97668,OC-97668,Paranice US,Internacional,Estados Unidos,2026-07-15,2026-07-30,15,2480650,0,Pagada,True
FV-97669,OC-97669,Distribuidor CR,Internacional,Costa Rica,2026-07-16,2026-08-30,45,3736355,0,Pagada,True
FV-97670,OC-97670,Éxito,Retail,Colombia,2026-07-17,2026-09-15,60,13948534,0,Vigente,False
FV-97671,OC-97671,Carulla,Retail,Colombia,2026-07-16,2026-09-14,60,3376064,0,Vigente,False
FV-97672,OC-97672,Carulla,Retail,Colombia,2026-07-18,2026-09-16,60,3308608,0,Vigente,False
FV-97673,OC-97673,Carulla,Retail,Colombia,2026-07-19,2026-09-17,60,3367258,0,Vigente,False
FV-97674,OC-97674,Rappi,Marketplace,Colombia,2026-07-19,2026-08-18,30,5969087,0,Pagada,True
FV-97675,OC-97675,Fithub,Especializado,Colombia,2026-07-19,2026-09-02,45,2800175,0,Vigente,False
FV-97676,OC-97676,Fithub,Especializado,Colombia,2026-07-19,2026-09-02,45,2750930,0,Vigente,False
FV-97677,OC-97677,Tiendas naturistas,Especializado,Colombia,2026-07-15,2026-08-29,45,719208,0,Pagada,True
FV-97678,OC-97678,Tiendas naturistas,Especializado,Colombia,2026-07-15,2026-08-29,45,767484,2,Vencida 1-30,False
FV-97679,OC-97679,Tiendas naturistas,Especializado,Colombia,2026-07-16,2026-08-30,45,673704,0,Pagada,True
FV-97680,OC-97680,Tiendas naturistas,Especializado,Colombia,2026-07-17,2026-08-31,45,821412,0,Vigente,False
FV-97681,OC-97681,Tiendas naturistas,Especializado,Colombia,2026-07-19,2026-09-02,45,744804,0,Vigente,False
FV-97682,OC-97682,Tiendas naturistas,Especializado,Colombia,2026-07-19,2026-09-02,45,707400,0,Vigente,False
FV-97683,OC-97683,Tiendas naturistas,Especializado,Colombia,2026-07-15,2026-08-29,45,771444,0,Pagada,True
FV-97684,OC-97684,Tiendas naturistas,Especializado,Colombia,2026-07-17,2026-08-31,45,683748,0,Vigente,False
FV-97685,OC-97685,Paranice US,Internacional,Estados Unidos,2026-07-15,2026-07-30,15,2319950,0,Pagada,True
FV-97686,OC-97686,Paranice US,Internacional,Estados Unidos,2026-07-16,2026-07-31,15,2310900,0,Pagada,True
FV-97687,OC-97687,Paranice US,Internacional,Estados Unidos,2026-07-17,2026-08-01,15,2225700,0,Pagada,True
FV-97688,OC-97688,Paranice US,Internacional,Estados Unidos,2026-07-15,2026-07-30,15,2303250,0,Pagada,True
FV-97689,OC-97689,Distribuidor CR,Internacional,Costa Rica,2026-07-19,2026-09-02,45,3171875,0,Vigente,False
FV-97690,OC-97690,Éxito,Retail,Colombia,2026-07-20,2026-09-18,60,3776856,0,Pagada,True
FV-97691,OC-97691,Éxito,Retail,Colombia,2026-07-17,2026-09-15,60,3800894,0,Vigente,False
FV-97692,OC-97692,Éxito,Retail,Colombia,2026-07-20,2026-09-18,60,3731874,0,Vigente,False
FV-97693,OC-97693,Éxito,Retail,Colombia,2026-07-16,2026-09-14,60,3783554,0,Vigente,False
FV-97694,OC-97694,Carulla,Retail,Colombia,2026-07-20,2026-09-18,60,5091908,0,Vigente,False
FV-97695,OC-97695,Carulla,Retail,Colombia,2026-07-18,2026-09-16,60,5183640,0,Vigente,False
FV-97696,OC-97696,Rappi,Marketplace,Colombia,2026-07-19,2026-08-18,30,1199891,13,Vencida 1-30,False
FV-97697,OC-97697,Rappi,Marketplace,Colombia,2026-07-20,2026-08-19,30,1110112,0,Pagada,True
FV-97698,OC-97698,Rappi,Marketplace,Colombia,2026-07-17,2026-08-16,30,1107527,15,Vencida 1-30,False
FV-97699,OC-97699,Rappi,Marketplace,Colombia,2026-07-17,2026-08-16,30,1159165,15,Vencida 1-30,False
FV-97700,OC-97700,Fithub,Especializado,Colombia,2026-07-19,2026-09-02,45,1513155,0,Vigente,False
FV-97701,OC-97701,Fithub,Especializado,Colombia,2026-07-18,2026-09-01,45,1511650,0,Vigente,False
FV-97702,OC-97702,Fithub,Especializado,Colombia,2026-07-17,2026-08-31,45,1477665,0,Pagada,True
FV-97703,OC-97703,Tiendas naturistas,Especializado,Colombia,2026-07-20,2026-09-03,45,865116,0,Vigente,False
FV-97704,OC-97704,Tiendas naturistas,Especializado,Colombia,2026-07-18,2026-09-01,45,875880,0,Vigente,False
FV-97705,OC-97705,Tiendas naturistas,Especializado,Colombia,2026-07-17,2026-08-31,45,858996,0,Pagada,True
FV-97706,OC-97706,Tiendas naturistas,Especializado,Colombia,2026-07-20,2026-09-03,45,950688,0,Vigente,False
FV-97707,OC-97707,Tiendas naturistas,Especializado,Colombia,2026-07-16,2026-08-30,45,872172,1,Vencida 1-30,False
FV-97708,OC-97708,Tiendas naturistas,Especializado,Colombia,2026-07-17,2026-08-31,45,913356,0,Pagada,True
FV-97709,OC-97709,Paranice US,Internacional,Estados Unidos,2026-07-17,2026-08-01,15,7717400,0,Pagada,True
FV-97710,OC-97710,Distribuidor CR,Internacional,Costa Rica,2026-07-18,2026-09-01,45,1850415,0,Vigente,False
FV-97711,OC-97711,Distribuidor CR,Internacional,Costa Rica,2026-07-19,2026-09-02,45,1826965,0,Vigente,False
FV-97712,OC-97712,Éxito,Retail,Colombia,2026-07-17,2026-09-15,60,16229220,0,Vigente,False
FV-97713,OC-97713,Carulla,Retail,Colombia,2026-07-20,2026-09-18,60,5383016,0,Vigente,False
FV-97714,OC-97714,Carulla,Retail,Colombia,2026-07-18,2026-09-16,60,5356360,0,Vigente,False
FV-97715,OC-97715,Rappi,Marketplace,Colombia,2026-07-18,2026-08-17,30,3105614,0,Pagada,True
FV-97716,OC-97716,Rappi,Marketplace,Colombia,2026-07-18,2026-08-17,30,3201917,0,Pagada,True
FV-97717,OC-97717,Fithub,Especializado,Colombia,2026-07-21,2026-09-04,45,4305630,0,Vigente,False
FV-97718,OC-97718,Tiendas naturistas,Especializado,Colombia,2026-07-21,2026-09-04,45,6063552,0,Vigente,False
FV-97719,OC-97719,Paranice US,Internacional,Estados Unidos,2026-07-19,2026-08-03,15,6631550,0,Pagada,True
FV-97720,OC-97720,Distribuidor CR,Internacional,Costa Rica,2026-07-21,2026-09-04,45,2158835,0,Vigente,False
FV-97721,OC-97721,Distribuidor CR,Internacional,Costa Rica,2026-07-20,2026-09-03,45,2215465,0,Vigente,False
FV-97722,OC-97722,Éxito,Retail,Colombia,2026-07-21,2026-09-19,60,15803098,0,Vigente,False
FV-97723,OC-97723,Carulla,Retail,Colombia,2026-07-21,2026-09-19,60,3511622,0,Vigente,False
FV-97724,OC-97724,Carulla,Retail,Colombia,2026-07-18,2026-09-16,60,3496458,0,Vigente,False
FV-97725,OC-97725,Carulla,Retail,Colombia,2026-07-22,2026-09-20,60,3533280,0,Vigente,False
FV-97726,OC-97726,Rappi,Marketplace,Colombia,2026-07-21,2026-08-20,30,915188,0,Pagada,True
FV-97727,OC-97727,Rappi,Marketplace,Colombia,2026-07-19,2026-08-18,30,903410,0,Pagada,True
FV-97728,OC-97728,Rappi,Marketplace,Colombia,2026-07-21,2026-08-20,30,924312,11,Vencida 1-30,False
FV-97729,OC-97729,Rappi,Marketplace,Colombia,2026-07-19,2026-08-18,30,946316,13,Vencida 1-30,False
FV-97730,OC-97730,Rappi,Marketplace,Colombia,2026-07-19,2026-08-18,30,1033389,0,Pagada,True
FV-97731,OC-97731,Fithub,Especializado,Colombia,2026-07-22,2026-09-05,45,2615095,0,Vigente,False
FV-97732,OC-97732,Fithub,Especializado,Colombia,2026-07-19,2026-09-02,45,2542890,0,Vigente,False
FV-97733,OC-97733,Tiendas naturistas,Especializado,Colombia,2026-07-18,2026-09-01,45,2930112,0,Vigente,False
FV-97734,OC-97734,Tiendas naturistas,Especializado,Colombia,2026-07-18,2026-09-01,45,2947320,0,Vigente,False
FV-97735,OC-97735,Paranice US,Internacional,Estados Unidos,2026-07-22,2026-08-06,15,4518700,0,Pagada,True
FV-97736,OC-97736,Paranice US,Internacional,Estados Unidos,2026-07-18,2026-08-02,15,4691200,29,Vencida 1-30,False
FV-97737,OC-97737,Distribuidor CR,Internacional,Costa Rica,2026-07-19,2026-09-02,45,2033955,0,Vigente,False
FV-97738,OC-97738,Distribuidor CR,Internacional,Costa Rica,2026-07-18,2026-09-01,45,2050230,0,Vigente,False
FV-97739,OC-97739,Éxito,Retail,Colombia,2026-07-21,2026-09-19,60,3042082,0,Vigente,False
FV-97740,OC-97740,Éxito,Retail,Colombia,2026-07-21,2026-09-19,60,3017296,0,Vigente,False
FV-97741,OC-97741,Éxito,Retail,Colombia,2026-07-20,2026-09-18,60,2998732,0,Vigente,False
FV-97742,OC-97742,Éxito,Retail,Colombia,2026-07-23,2026-09-21,60,2976836,0,Pagada,True
FV-97743,OC-97743,Éxito,Retail,Colombia,2026-07-19,2026-09-17,60,3093150,0,Vigente,False
FV-97744,OC-97744,Carulla,Retail,Colombia,2026-07-21,2026-09-19,60,4797672,0,Vigente,False
FV-97745,OC-97745,Carulla,Retail,Colombia,2026-07-21,2026-09-19,60,4669186,0,Vigente,False
FV-97746,OC-97746,Rappi,Marketplace,Colombia,2026-07-22,2026-08-21,30,2466307,0,Pagada,True
FV-97747,OC-97747,Rappi,Marketplace,Colombia,2026-07-21,2026-08-20,30,2441804,11,Vencida 1-30,False
FV-97748,OC-97748,Fithub,Especializado,Colombia,2026-07-20,2026-09-03,45,2490985,0,Vigente,False
FV-97749,OC-97749,Fithub,Especializado,Colombia,2026-07-19,2026-09-02,45,2468235,0,Vigente,False
FV-97750,OC-97750,Tiendas naturistas,Especializado,Colombia,2026-07-23,2026-09-06,45,2683512,0,Vigente,False
FV-97751,OC-97751,Tiendas naturistas,Especializado,Colombia,2026-07-21,2026-09-04,45,2663424,0,Vigente,False
FV-97752,OC-97752,Paranice US,Internacional,Estados Unidos,2026-07-20,2026-08-04,15,4022500,0,Pagada,True
FV-97753,OC-97753,Paranice US,Internacional,Estados Unidos,2026-07-21,2026-08-05,15,4086300,0,Pagada,True
FV-97754,OC-97754,Distribuidor CR,Internacional,Costa Rica,2026-07-19,2026-09-02,45,1153565,0,Vigente,False
FV-97755,OC-97755,Distribuidor CR,Internacional,Costa Rica,2026-07-21,2026-09-04,45,1138830,0,Vigente,False
FV-97756,OC-97756,Distribuidor CR,Internacional,Costa Rica,2026-07-19,2026-09-02,45,1115870,0,Vigente,False
FV-97757,OC-97757,Distribuidor CR,Internacional,Costa Rica,2026-07-19,2026-09-02,45,1141280,0,Vigente,False
FV-97758,OC-97758,Éxito,Retail,Colombia,2026-07-22,2026-09-20,60,16193996,0,Vigente,False
FV-97759,OC-97759,Carulla,Retail,Colombia,2026-07-20,2026-09-18,60,6268070,0,Pagada,True
FV-97760,OC-97760,Carulla,Retail,Colombia,2026-07-20,2026-09-18,60,6353818,0,Vigente,False
FV-97761,OC-97761,Rappi,Marketplace,Colombia,2026-07-20,2026-08-19,30,1360225,0,Pagada,True
FV-97762,OC-97762,Rappi,Marketplace,Colombia,2026-07-24,2026-08-23,30,1408767,0,Pagada,True
FV-97763,OC-97763,Rappi,Marketplace,Colombia,2026-07-22,2026-08-21,30,1505253,0,Pagada,True
FV-97764,OC-97764,Rappi,Marketplace,Colombia,2026-07-21,2026-08-20,30,1471457,0,Pagada,True
FV-97765,OC-97765,Fithub,Especializado,Colombia,2026-07-20,2026-09-03,45,1779540,0,Pagada,True
FV-97766,OC-97766,Fithub,Especializado,Colombia,2026-07-23,2026-09-06,45,1832565,0,Vigente,False
FV-97767,OC-97767,Fithub,Especializado,Colombia,2026-07-24,2026-09-07,45,1770125,0,Vigente,False
FV-97768,OC-97768,Tiendas naturistas,Especializado,Colombia,2026-07-20,2026-09-03,45,6198732,0,Vigente,False
FV-97769,OC-97769,Paranice US,Internacional,Estados Unidos,2026-07-21,2026-08-05,15,4189450,0,Pagada,True
FV-97770,OC-97770,Paranice US,Internacional,Estados Unidos,2026-07-20,2026-08-04,15,4117200,0,Pagada,True
FV-97771,OC-97771,Distribuidor CR,Internacional,Costa Rica,2026-07-20,2026-09-03,45,749945,0,Vigente,False
FV-97772,OC-97772,Distribuidor CR,Internacional,Costa Rica,2026-07-20,2026-09-03,45,873390,0,Vigente,False
FV-97773,OC-97773,Distribuidor CR,Internacional,Costa Rica,2026-07-24,2026-09-07,45,933765,0,Vigente,False
FV-97774,OC-97774,Distribuidor CR,Internacional,Costa Rica,2026-07-20,2026-09-03,45,797860,0,Vigente,False
FV-97775,OC-97775,Distribuidor CR,Internacional,Costa Rica,2026-07-23,2026-09-06,45,919555,0,Vigente,False
FV-97776,OC-97776,Éxito,Retail,Colombia,2026-07-24,2026-09-22,60,5786324,0,Vigente,False
FV-97777,OC-97777,Éxito,Retail,Colombia,2026-07-21,2026-09-19,60,5830830,0,Vigente,False
FV-97778,OC-97778,Éxito,Retail,Colombia,2026-07-24,2026-09-22,60,5783672,0,Vigente,False
FV-97779,OC-97779,Carulla,Retail,Colombia,2026-07-24,2026-09-22,60,5012892,0,Vigente,False
FV-97780,OC-97780,Carulla,Retail,Colombia,2026-07-23,2026-09-21,60,5044104,0,Vigente,False
FV-97781,OC-97781,Rappi,Marketplace,Colombia,2026-07-24,2026-08-23,30,5361354,8,Vencida 1-30,False
FV-97782,OC-97782,Fithub,Especializado,Colombia,2026-07-22,2026-09-05,45,4906580,0,Vigente,False
FV-97783,OC-97783,Tiendas naturistas,Especializado,Colombia,2026-07-21,2026-09-04,45,2956356,0,Vigente,False
FV-97784,OC-97784,Tiendas naturistas,Especializado,Colombia,2026-07-22,2026-09-05,45,2829384,0,Vigente,False
FV-97785,OC-97785,Paranice US,Internacional,Estados Unidos,2026-07-21,2026-08-05,15,2241700,0,Pagada,True
FV-97786,OC-97786,Paranice US,Internacional,Estados Unidos,2026-07-22,2026-08-06,15,2294100,0,Pagada,True
FV-97787,OC-97787,Paranice US,Internacional,Estados Unidos,2026-07-21,2026-08-05,15,2177400,0,Pagada,True
FV-97788,OC-97788,Distribuidor CR,Internacional,Costa Rica,2026-07-24,2026-09-07,45,706825,0,Pagada,True
FV-97789,OC-97789,Distribuidor CR,Internacional,Costa Rica,2026-07-25,2026-09-08,45,615755,0,Vigente,False
FV-97790,OC-97790,Distribuidor CR,Internacional,Costa Rica,2026-07-21,2026-09-04,45,690830,0,Vigente,False
FV-97791,OC-97791,Distribuidor CR,Internacional,Costa Rica,2026-07-21,2026-09-04,45,628005,0,Vigente,False
FV-97792,OC-97792,Distribuidor CR,Internacional,Costa Rica,2026-07-22,2026-09-05,45,712880,0,Pagada,True
FV-97793,OC-97793,Distribuidor CR,Internacional,Costa Rica,2026-07-23,2026-09-06,45,673260,0,Vigente,False
FV-97794,OC-97794,Éxito,Retail,Colombia,2026-07-26,2026-09-24,60,4494970,0,Vigente,False
FV-97795,OC-97795,Éxito,Retail,Colombia,2026-07-24,2026-09-22,60,4546990,0,Vigente,False
FV-97796,OC-97796,Éxito,Retail,Colombia,2026-07-23,2026-09-21,60,4533016,0,Vigente,False
FV-97797,OC-97797,Carulla,Retail,Colombia,2026-07-24,2026-09-22,60,10394276,0,Vigente,False
FV-97798,OC-97798,Rappi,Marketplace,Colombia,2026-07-25,2026-08-24,30,1622154,7,Vencida 1-30,False
FV-97799,OC-97799,Rappi,Marketplace,Colombia,2026-07-22,2026-08-21,30,1601850,0,Pagada,True
FV-97800,OC-97800,Rappi,Marketplace,Colombia,2026-07-23,2026-08-22,30,1688108,0,Pagada,True
FV-97801,OC-97801,Fithub,Especializado,Colombia,2026-07-22,2026-09-05,45,2805390,0,Vigente,False
FV-97802,OC-97802,Fithub,Especializado,Colombia,2026-07-25,2026-09-08,45,2788450,0,Vigente,False
FV-97803,OC-97803,Tiendas naturistas,Especializado,Colombia,2026-07-24,2026-09-07,45,4332852,0,Vigente,False
FV-97804,OC-97804,Paranice US,Internacional,Estados Unidos,2026-07-22,2026-08-06,15,7309000,0,Pagada,True
FV-97805,OC-97805,Distribuidor CR,Internacional,Costa Rica,2026-07-24,2026-09-07,45,761250,0,Vigente,False
FV-97806,OC-97806,Distribuidor CR,Internacional,Costa Rica,2026-07-23,2026-09-06,45,761600,0,Vigente,False
FV-97807,OC-97807,Distribuidor CR,Internacional,Costa Rica,2026-07-25,2026-09-08,45,708750,0,Pagada,True
FV-97808,OC-97808,Distribuidor CR,Internacional,Costa Rica,2026-07-25,2026-09-08,45,765135,0,Vigente,False
FV-97809,OC-97809,Distribuidor CR,Internacional,Costa Rica,2026-07-25,2026-09-08,45,745955,0,Vigente,False
FV-97810,OC-97810,Distribuidor CR,Internacional,Costa Rica,2026-07-26,2026-09-09,45,783300,0,Vigente,False
FV-97811,OC-97811,Éxito,Retail,Colombia,2026-07-24,2026-09-22,60,8337650,0,Vigente,False
FV-97812,OC-97812,Éxito,Retail,Colombia,2026-07-25,2026-09-23,60,8415782,0,Pagada,True
FV-97813,OC-97813,Carulla,Retail,Colombia,2026-07-26,2026-09-24,60,8760644,0,Vigente,False
FV-97814,OC-97814,Rappi,Marketplace,Colombia,2026-07-27,2026-08-26,30,1428218,5,Vencida 1-30,False
FV-97815,OC-97815,Rappi,Marketplace,Colombia,2026-07-26,2026-08-25,30,1331247,0,Pagada,True
FV-97816,OC-97816,Rappi,Marketplace,Colombia,2026-07-23,2026-08-22,30,1457364,0,Pagada,True
FV-97817,OC-97817,Rappi,Marketplace,Colombia,2026-07-25,2026-08-24,30,1467420,0,Pagada,True
FV-97818,OC-97818,Fithub,Especializado,Colombia,2026-07-23,2026-09-06,45,840665,0,Vigente,False
FV-97819,OC-97819,Fithub,Especializado,Colombia,2026-07-26,2026-09-09,45,733845,0,Vigente,False
FV-97820,OC-97820,Fithub,Especializado,Colombia,2026-07-25,2026-09-08,45,807485,0,Pagada,True
FV-97821,OC-97821,Fithub,Especializado,Colombia,2026-07-24,2026-09-07,45,754005,0,Pagada,True
FV-97822,OC-97822,Fithub,Especializado,Colombia,2026-07-24,2026-09-07,45,792120,0,Vigente,False
FV-97823,OC-97823,Fithub,Especializado,Colombia,2026-07-23,2026-09-06,45,816200,0,Vigente,False
FV-97824,OC-97824,Fithub,Especializado,Colombia,2026-07-27,2026-09-10,45,881160,0,Vigente,False
FV-97825,OC-97825,Fithub,Especializado,Colombia,2026-07-24,2026-09-07,45,846300,0,Vigente,False
FV-97826,OC-97826,Tiendas naturistas,Especializado,Colombia,2026-07-23,2026-09-06,45,1160856,0,Vigente,False
FV-97827,OC-97827,Tiendas naturistas,Especializado,Colombia,2026-07-25,2026-09-08,45,1191132,0,Vigente,False
FV-97828,OC-97828,Tiendas naturistas,Especializado,Colombia,2026-07-24,2026-09-07,45,1206216,0,Vigente,False
FV-97829,OC-97829,Tiendas naturistas,Especializado,Colombia,2026-07-23,2026-09-06,45,1178856,0,Vigente,False
FV-97830,OC-97830,Tiendas naturistas,Especializado,Colombia,2026-07-27,2026-09-10,45,1139904,0,Vigente,False
FV-97831,OC-97831,Paranice US,Internacional,Estados Unidos,2026-07-24,2026-08-08,15,2198800,0,Pagada,True
FV-97832,OC-97832,Paranice US,Internacional,Estados Unidos,2026-07-23,2026-08-07,15,2146700,0,Pagada,True
FV-97833,OC-97833,Paranice US,Internacional,Estados Unidos,2026-07-27,2026-08-11,15,2314700,0,Pagada,True
FV-97834,OC-97834,Paranice US,Internacional,Estados Unidos,2026-07-26,2026-08-10,15,2247800,0,Pagada,True
FV-97835,OC-97835,Distribuidor CR,Internacional,Costa Rica,2026-07-25,2026-09-08,45,1991010,0,Vigente,False
FV-97836,OC-97836,Distribuidor CR,Internacional,Costa Rica,2026-07-23,2026-09-06,45,1862140,0,Vigente,False
FV-97837,OC-97837,Éxito,Retail,Colombia,2026-07-24,2026-09-22,60,5731924,0,Vigente,False
FV-97838,OC-97838,Éxito,Retail,Colombia,2026-07-25,2026-09-23,60,5783536,0,Vigente,False
FV-97839,OC-97839,Éxito,Retail,Colombia,2026-07-25,2026-09-23,60,5822568,0,Vigente,False
FV-97840,OC-97840,Carulla,Retail,Colombia,2026-07-26,2026-09-24,60,2876434,0,Vigente,False
FV-97841,OC-97841,Carulla,Retail,Colombia,2026-07-28,2026-09-26,60,2949636,0,Vigente,False
FV-97842,OC-97842,Carulla,Retail,Colombia,2026-07-25,2026-09-23,60,2862086,0,Pagada,True
FV-97843,OC-97843,Rappi,Marketplace,Colombia,2026-07-26,2026-08-25,30,5601094,0,Pagada,True
FV-97844,OC-97844,Fithub,Especializado,Colombia,2026-07-27,2026-09-10,45,4990965,0,Vigente,False
FV-97845,OC-97845,Tiendas naturistas,Especializado,Colombia,2026-07-27,2026-09-10,45,4451508,0,Vigente,False
FV-97846,OC-97846,Paranice US,Internacional,Estados Unidos,2026-07-28,2026-08-12,15,1482600,0,Pagada,True
FV-97847,OC-97847,Paranice US,Internacional,Estados Unidos,2026-07-25,2026-08-09,15,1427750,0,Pagada,True
FV-97848,OC-97848,Paranice US,Internacional,Estados Unidos,2026-07-27,2026-08-11,15,1427100,0,Pagada,True
FV-97849,OC-97849,Paranice US,Internacional,Estados Unidos,2026-07-28,2026-08-12,15,1592600,0,Pagada,True
FV-97850,OC-97850,Paranice US,Internacional,Estados Unidos,2026-07-27,2026-08-11,15,1567950,0,Pagada,True
FV-97851,OC-97851,Paranice US,Internacional,Estados Unidos,2026-07-24,2026-08-08,15,1430100,23,Vencida 1-30,False
FV-97852,OC-97852,Distribuidor CR,Internacional,Costa Rica,2026-07-28,2026-09-11,45,1564990,0,Vigente,False
FV-97853,OC-97853,Distribuidor CR,Internacional,Costa Rica,2026-07-25,2026-09-08,45,1603105,0,Vigente,False
FV-97854,OC-97854,Éxito,Retail,Colombia,2026-07-29,2026-09-27,60,9382198,0,Vigente,False
FV-97855,OC-97855,Éxito,Retail,Colombia,2026-07-27,2026-09-25,60,9368564,0,Vigente,False
FV-97856,OC-97856,Carulla,Retail,Colombia,2026-07-26,2026-09-24,60,10471116,0,Vigente,False
FV-97857,OC-97857,Rappi,Marketplace,Colombia,2026-07-25,2026-08-24,30,1829362,7,Vencida 1-30,False
FV-97858,OC-97858,Rappi,Marketplace,Colombia,2026-07-29,2026-08-28,30,1827102,0,Pagada,True
FV-97859,OC-97859,Rappi,Marketplace,Colombia,2026-07-28,2026-08-27,30,1832586,0,Pagada,True
FV-97860,OC-97860,Fithub,Especializado,Colombia,2026-07-27,2026-09-10,45,2038785,0,Pagada,True
FV-97861,OC-97861,Fithub,Especializado,Colombia,2026-07-27,2026-09-10,45,2072595,0,Vigente,False
FV-97862,OC-97862,Tiendas naturistas,Especializado,Colombia,2026-07-29,2026-09-12,45,4911048,0,Vigente,False
FV-97863,OC-97863,Paranice US,Internacional,Estados Unidos,2026-07-25,2026-08-09,15,7573750,0,Pagada,True
FV-97864,OC-97864,Distribuidor CR,Internacional,Costa Rica,2026-07-25,2026-09-08,45,2026115,0,Vigente,False
FV-97865,OC-97865,Distribuidor CR,Internacional,Costa Rica,2026-07-25,2026-09-08,45,2033815,0,Vigente,False
FV-97866,OC-97866,Éxito,Retail,Colombia,2026-07-30,2026-09-28,60,16957874,0,Pagada,True
FV-97867,OC-97867,Carulla,Retail,Colombia,2026-07-29,2026-09-27,60,11179846,0,Vigente,False
FV-97868,OC-97868,Rappi,Marketplace,Colombia,2026-07-26,2026-08-25,30,1499920,0,Pagada,True
FV-97869,OC-97869,Rappi,Marketplace,Colombia,2026-07-26,2026-08-25,30,1461938,0,Pagada,True
FV-97870,OC-97870,Rappi,Marketplace,Colombia,2026-07-29,2026-08-28,30,1563531,0,Pagada,True
FV-97871,OC-97871,Fithub,Especializado,Colombia,2026-07-30,2026-09-13,45,1750035,0,Vigente,False
FV-97872,OC-97872,Fithub,Especializado,Colombia,2026-07-30,2026-09-13,45,1758085,0,Vigente,False
FV-97873,OC-97873,Fithub,Especializado,Colombia,2026-07-27,2026-09-10,45,1800820,0,Vigente,False
FV-97874,OC-97874,Tiendas naturistas,Especializado,Colombia,2026-07-27,2026-09-10,45,4623912,0,Vigente,False
FV-97875,OC-97875,Paranice US,Internacional,Estados Unidos,2026-07-27,2026-08-11,15,2008550,0,Pagada,True
FV-97876,OC-97876,Paranice US,Internacional,Estados Unidos,2026-07-26,2026-08-10,15,2013200,0,Pagada,True
FV-97877,OC-97877,Paranice US,Internacional,Estados Unidos,2026-07-29,2026-08-13,15,1895400,0,Pagada,True
FV-97878,OC-97878,Paranice US,Internacional,Estados Unidos,2026-07-27,2026-08-11,15,2020000,0,Pagada,True
FV-97879,OC-97879,Distribuidor CR,Internacional,Costa Rica,2026-07-28,2026-09-11,45,1362865,0,Vigente,False
FV-97880,OC-97880,Distribuidor CR,Internacional,Costa Rica,2026-07-28,2026-09-11,45,1346695,0,Vigente,False
FV-97881,OC-97881,Distribuidor CR,Internacional,Costa Rica,2026-07-29,2026-09-12,45,1308195,0,Vigente,False
FV-97882,OC-97882,Éxito,Retail,Colombia,2026-07-29,2026-09-27,60,9030434,0,Vigente,False
FV-97883,OC-97883,Éxito,Retail,Colombia,2026-07-30,2026-09-28,60,9028700,0,Vigente,False
FV-97884,OC-97884,Carulla,Retail,Colombia,2026-07-29,2026-09-27,60,11152918,0,Vigente,False
FV-97885,OC-97885,Rappi,Marketplace,Colombia,2026-07-27,2026-08-26,30,4748064,0,Pagada,True
FV-97886,OC-97886,Fithub,Especializado,Colombia,2026-07-28,2026-09-11,45,5000975,0,Vigente,False
FV-97887,OC-97887,Tiendas naturistas,Especializado,Colombia,2026-07-27,2026-09-10,45,2360160,0,Vigente,False
FV-97888,OC-97888,Tiendas naturistas,Especializado,Colombia,2026-07-29,2026-09-12,45,2379672,0,Pagada,True
FV-97889,OC-97889,Paranice US,Internacional,Estados Unidos,2026-07-30,2026-08-14,15,8591900,0,Pagada,True
FV-97890,OC-97890,Distribuidor CR,Internacional,Costa Rica,2026-07-29,2026-09-12,45,2227400,0,Vigente,False
FV-97891,OC-97891,Distribuidor CR,Internacional,Costa Rica,2026-07-31,2026-09-14,45,2276820,0,Vigente,False
FV-97892,OC-97892,Éxito,Retail,Colombia,2026-08-01,2026-09-30,60,8571672,0,Pagada,True
FV-97893,OC-97893,Éxito,Retail,Colombia,2026-07-29,2026-09-27,60,8567728,0,Vigente,False
FV-97894,OC-97894,Carulla,Retail,Colombia,2026-08-01,2026-09-30,60,5693572,0,Pagada,True
FV-97895,OC-97895,Carulla,Retail,Colombia,2026-07-28,2026-09-26,60,5720534,0,Vigente,False
FV-97896,OC-97896,Rappi,Marketplace,Colombia,2026-07-28,2026-08-27,30,4976166,0,Pagada,True
FV-97897,OC-97897,Fithub,Especializado,Colombia,2026-07-30,2026-09-13,45,2387980,0,Vigente,False
FV-97898,OC-97898,Fithub,Especializado,Colombia,2026-07-29,2026-09-12,45,2325085,0,Vigente,False
FV-97899,OC-97899,Tiendas naturistas,Especializado,Colombia,2026-07-31,2026-09-14,45,2187324,0,Vigente,False
FV-97900,OC-97900,Tiendas naturistas,Especializado,Colombia,2026-07-29,2026-09-12,45,2255184,0,Vigente,False
FV-97901,OC-97901,Paranice US,Internacional,Estados Unidos,2026-07-28,2026-08-12,15,8642700,19,Vencida 1-30,False
FV-97902,OC-97902,Distribuidor CR,Internacional,Costa Rica,2026-08-01,2026-09-15,45,1149435,0,Vigente,False
FV-97903,OC-97903,Distribuidor CR,Internacional,Costa Rica,2026-07-31,2026-09-14,45,1061830,0,Vigente,False
FV-97904,OC-97904,Distribuidor CR,Internacional,Costa Rica,2026-07-30,2026-09-13,45,1077370,0,Vigente,False
FV-97905,OC-97905,Éxito,Retail,Colombia,2026-07-29,2026-09-27,60,13517448,0,Vigente,False
FV-97906,OC-97906,Carulla,Retail,Colombia,2026-07-31,2026-09-29,60,11825982,0,Vigente,False
FV-97907,OC-97907,Rappi,Marketplace,Colombia,2026-07-30,2026-08-29,30,3091909,0,Pagada,True
FV-97908,OC-97908,Rappi,Marketplace,Colombia,2026-08-02,2026-09-01,30,3096373,0,Vigente,False
FV-97909,OC-97909,Fithub,Especializado,Colombia,2026-07-31,2026-09-14,45,4554795,0,Vigente,False
FV-97910,OC-97910,Tiendas naturistas,Especializado,Colombia,2026-07-30,2026-09-13,45,1631772,0,Vigente,False
FV-97911,OC-97911,Tiendas naturistas,Especializado,Colombia,2026-07-30,2026-09-13,45,1643040,0,Vigente,False
FV-97912,OC-97912,Tiendas naturistas,Especializado,Colombia,2026-08-02,2026-09-16,45,1688220,0,Vigente,False
FV-97913,OC-97913,Paranice US,Internacional,Estados Unidos,2026-07-30,2026-08-14,15,1835700,0,Pagada,True
FV-97914,OC-97914,Paranice US,Internacional,Estados Unidos,2026-08-02,2026-08-17,15,1935350,0,Pagada,True
FV-97915,OC-97915,Paranice US,Internacional,Estados Unidos,2026-08-02,2026-08-17,15,1729550,0,Pagada,True
FV-97916,OC-97916,Paranice US,Internacional,Estados Unidos,2026-07-29,2026-08-13,15,1864250,18,Vencida 1-30,False
FV-97917,OC-97917,Paranice US,Internacional,Estados Unidos,2026-08-02,2026-08-17,15,1766600,0,Pagada,True
FV-97918,OC-97918,Distribuidor CR,Internacional,Costa Rica,2026-07-30,2026-09-13,45,4568480,0,Vigente,False
FV-97919,OC-97919,Éxito,Retail,Colombia,2026-07-31,2026-09-29,60,1838992,0,Vigente,False
FV-97920,OC-97920,Éxito,Retail,Colombia,2026-08-02,2026-10-01,60,1826174,0,Vigente,False
FV-97921,OC-97921,Éxito,Retail,Colombia,2026-08-02,2026-10-01,60,1833722,0,Vigente,False
FV-97922,OC-97922,Éxito,Retail,Colombia,2026-08-02,2026-10-01,60,1842324,0,Vigente,False
FV-97923,OC-97923,Éxito,Retail,Colombia,2026-08-02,2026-10-01,60,1785000,0,Vigente,False
FV-97924,OC-97924,Éxito,Retail,Colombia,2026-08-02,2026-10-01,60,1828554,0,Vigente,False
FV-97925,OC-97925,Éxito,Retail,Colombia,2026-07-31,2026-09-29,60,1796186,0,Vigente,False
FV-97926,OC-97926,Éxito,Retail,Colombia,2026-08-01,2026-09-30,60,1868470,0,Pagada,True
FV-97927,OC-97927,Carulla,Retail,Colombia,2026-08-03,2026-10-02,60,4777782,0,Vigente,False
FV-97928,OC-97928,Carulla,Retail,Colombia,2026-07-31,2026-09-29,60,4713590,0,Pagada,True
FV-97929,OC-97929,Rappi,Marketplace,Colombia,2026-08-01,2026-08-31,30,968929,0,Pagada,True
FV-97930,OC-97930,Rappi,Marketplace,Colombia,2026-07-31,2026-08-30,30,1081022,1,Vencida 1-30,False
FV-97931,OC-97931,Rappi,Marketplace,Colombia,2026-08-03,2026-09-02,30,1033279,0,Vigente,False
FV-97932,OC-97932,Rappi,Marketplace,Colombia,2026-08-02,2026-09-01,30,1046293,0,Vigente,False
FV-97933,OC-97933,Rappi,Marketplace,Colombia,2026-08-01,2026-08-31,30,1108947,0,Pagada,True
FV-97934,OC-97934,Fithub,Especializado,Colombia,2026-08-01,2026-09-15,45,2924005,0,Vigente,False
FV-97935,OC-97935,Fithub,Especializado,Colombia,2026-08-03,2026-09-17,45,2955855,0,Pagada,True
FV-97936,OC-97936,Tiendas naturistas,Especializado,Colombia,2026-08-01,2026-09-15,45,5225004,0,Pagada,True
FV-97937,OC-97937,Paranice US,Internacional,Estados Unidos,2026-07-30,2026-08-14,15,7236050,0,Pagada,True
FV-97938,OC-97938,Distribuidor CR,Internacional,Costa Rica,2026-08-03,2026-09-17,45,1446585,0,Vigente,False
FV-97939,OC-97939,Distribuidor CR,Internacional,Costa Rica,2026-08-03,2026-09-17,45,1447950,0,Vigente,False
FV-97940,OC-97940,Distribuidor CR,Internacional,Costa Rica,2026-08-02,2026-09-16,45,1457190,0,Vigente,False
FV-97941,OC-97941,Éxito,Retail,Colombia,2026-08-04,2026-10-03,60,8270840,0,Vigente,False
FV-97942,OC-97942,Éxito,Retail,Colombia,2026-07-31,2026-09-29,60,8272200,0,Pagada,True
FV-97943,OC-97943,Carulla,Retail,Colombia,2026-08-03,2026-10-02,60,4159288,0,Pagada,True
FV-97944,OC-97944,Carulla,Retail,Colombia,2026-08-04,2026-10-03,60,4138140,0,Vigente,False
FV-97945,OC-97945,Carulla,Retail,Colombia,2026-08-01,2026-09-30,60,4010266,0,Vigente,False
FV-97946,OC-97946,Rappi,Marketplace,Colombia,2026-08-03,2026-09-02,30,2495177,0,Vigente,False
FV-97947,OC-97947,Rappi,Marketplace,Colombia,2026-08-02,2026-09-01,30,2424346,0,Vigente,False
FV-97948,OC-97948,Fithub,Especializado,Colombia,2026-08-03,2026-09-17,45,1453900,0,Vigente,False
FV-97949,OC-97949,Fithub,Especializado,Colombia,2026-08-03,2026-09-17,45,1467025,0,Vigente,False
FV-97950,OC-97950,Fithub,Especializado,Colombia,2026-07-31,2026-09-14,45,1492855,0,Vigente,False
FV-97951,OC-97951,Fithub,Especializado,Colombia,2026-08-03,2026-09-17,45,1540490,0,Vigente,False
FV-97952,OC-97952,Tiendas naturistas,Especializado,Colombia,2026-08-03,2026-09-17,45,1818216,0,Vigente,False
FV-97953,OC-97953,Tiendas naturistas,Especializado,Colombia,2026-08-01,2026-09-15,45,1830888,0,Vigente,False
FV-97954,OC-97954,Tiendas naturistas,Especializado,Colombia,2026-08-02,2026-09-16,45,1839024,0,Pagada,True
FV-97955,OC-97955,Paranice US,Internacional,Estados Unidos,2026-08-02,2026-08-17,15,2832850,0,Pagada,True
FV-97956,OC-97956,Paranice US,Internacional,Estados Unidos,2026-08-03,2026-08-18,15,2817450,13,Vencida 1-30,False
FV-97957,OC-97957,Paranice US,Internacional,Estados Unidos,2026-08-01,2026-08-16,15,2828250,15,Vencida 1-30,False
FV-97958,OC-97958,Distribuidor CR,Internacional,Costa Rica,2026-08-03,2026-09-17,45,2280390,0,Vigente,False
FV-97959,OC-97959,Distribuidor CR,Internacional,Costa Rica,2026-08-04,2026-09-18,45,2222955,0,Vigente,False
FV-97960,OC-97960,Éxito,Retail,Colombia,2026-08-03,2026-10-02,60,19903464,0,Vigente,False
FV-97961,OC-97961,Carulla,Retail,Colombia,2026-08-05,2026-10-04,60,3469258,0,Vigente,False
FV-97962,OC-97962,Carulla,Retail,Colombia,2026-08-02,2026-10-01,60,3433456,0,Vigente,False
FV-97963,OC-97963,Carulla,Retail,Colombia,2026-08-02,2026-10-01,60,3531512,0,Vigente,False
FV-97964,OC-97964,Rappi,Marketplace,Colombia,2026-08-05,2026-09-04,30,2440455,0,Vigente,False
FV-97965,OC-97965,Rappi,Marketplace,Colombia,2026-08-04,2026-09-03,30,2379196,0,Vigente,False
FV-97966,OC-97966,Fithub,Especializado,Colombia,2026-08-05,2026-09-19,45,5820745,0,Vigente,False
FV-97967,OC-97967,Tiendas naturistas,Especializado,Colombia,2026-08-05,2026-09-19,45,1273608,0,Vigente,False
FV-97968,OC-97968,Tiendas naturistas,Especializado,Colombia,2026-08-03,2026-09-17,45,1261440,0,Vigente,False
FV-97969,OC-97969,Tiendas naturistas,Especializado,Colombia,2026-08-03,2026-09-17,45,1253592,0,Pagada,True
FV-97970,OC-97970,Tiendas naturistas,Especializado,Colombia,2026-08-04,2026-09-18,45,1171044,0,Vigente,False
FV-97971,OC-97971,Paranice US,Internacional,Estados Unidos,2026-08-05,2026-08-20,15,4303550,0,Pagada,True
FV-97972,OC-97972,Paranice US,Internacional,Estados Unidos,2026-08-05,2026-08-20,15,4206650,11,Vencida 1-30,False
FV-97973,OC-97973,Distribuidor CR,Internacional,Costa Rica,2026-08-03,2026-09-17,45,1575910,0,Pagada,True
FV-97974,OC-97974,Distribuidor CR,Internacional,Costa Rica,2026-08-01,2026-09-15,45,1635060,0,Vigente,False
FV-97975,OC-97975,Distribuidor CR,Internacional,Costa Rica,2026-08-01,2026-09-15,45,1734740,0,Vigente,False
FV-97976,OC-97976,Éxito,Retail,Colombia,2026-08-06,2026-10-05,60,8839694,0,Vigente,False
FV-97977,OC-97977,Éxito,Retail,Colombia,2026-08-06,2026-10-05,60,8886342,0,Vigente,False
FV-97978,OC-97978,Carulla,Retail,Colombia,2026-08-03,2026-10-02,60,6129418,0,Vigente,False
FV-97979,OC-97979,Carulla,Retail,Colombia,2026-08-03,2026-10-02,60,6115104,0,Vigente,False
FV-97980,OC-97980,Rappi,Marketplace,Colombia,2026-08-04,2026-09-03,30,5337310,0,Vigente,False
FV-97981,OC-97981,Fithub,Especializado,Colombia,2026-08-02,2026-09-16,45,2170105,0,Vigente,False
FV-97982,OC-97982,Fithub,Especializado,Colombia,2026-08-05,2026-09-19,45,2142735,0,Vigente,False
FV-97983,OC-97983,Fithub,Especializado,Colombia,2026-08-02,2026-09-16,45,2114315,0,Vigente,False
FV-97984,OC-97984,Tiendas naturistas,Especializado,Colombia,2026-08-03,2026-09-17,45,6230304,0,Vigente,False
FV-97985,OC-97985,Paranice US,Internacional,Estados Unidos,2026-08-06,2026-08-21,15,3907100,10,Vencida 1-30,False
FV-97986,OC-97986,Paranice US,Internacional,Estados Unidos,2026-08-02,2026-08-17,15,3790450,14,Vencida 1-30,False
FV-97987,OC-97987,Distribuidor CR,Internacional,Costa Rica,2026-08-03,2026-09-17,45,1103060,0,Vigente,False
FV-97988,OC-97988,Distribuidor CR,Internacional,Costa Rica,2026-08-02,2026-09-16,45,1189055,0,Vigente,False
FV-97989,OC-97989,Distribuidor CR,Internacional,Costa Rica,2026-08-02,2026-09-16,45,1261190,0,Vigente,False
FV-97990,OC-97990,Éxito,Retail,Colombia,2026-08-04,2026-10-03,60,15929918,0,Vigente,False
FV-97991,OC-97991,Carulla,Retail,Colombia,2026-08-05,2026-10-04,60,5190338,0,Vigente,False
FV-97992,OC-97992,Carulla,Retail,Colombia,2026-08-05,2026-10-04,60,5186156,0,Vigente,False
FV-97993,OC-97993,Rappi,Marketplace,Colombia,2026-08-07,2026-09-06,30,1583625,0,Vigente,False
FV-97994,OC-97994,Rappi,Marketplace,Colombia,2026-08-05,2026-09-04,30,1605827,0,Vigente,False
FV-97995,OC-97995,Rappi,Marketplace,Colombia,2026-08-03,2026-09-02,30,1514956,0,Vigente,False
FV-97996,OC-97996,Rappi,Marketplace,Colombia,2026-08-03,2026-09-02,30,1652595,0,Vigente,False
FV-97997,OC-97997,Fithub,Especializado,Colombia,2026-08-06,2026-09-20,45,5026980,0,Vigente,False
FV-97998,OC-97998,Tiendas naturistas,Especializado,Colombia,2026-08-04,2026-09-18,45,1665324,0,Vigente,False
FV-97999,OC-97999,Tiendas naturistas,Especializado,Colombia,2026-08-07,2026-09-21,45,1636596,0,Vigente,False
FV-98000,OC-98000,Tiendas naturistas,Especializado,Colombia,2026-08-07,2026-09-21,45,1620756,0,Vigente,False
FV-98001,OC-98001,Tiendas naturistas,Especializado,Colombia,2026-08-04,2026-09-18,45,1684620,0,Vigente,False
FV-98002,OC-98002,Paranice US,Internacional,Estados Unidos,2026-08-06,2026-08-21,15,5073950,0,Pagada,True
FV-98003,OC-98003,Paranice US,Internacional,Estados Unidos,2026-08-05,2026-08-20,15,5083800,11,Vencida 1-30,False
FV-98004,OC-98004,Distribuidor CR,Internacional,Costa Rica,2026-08-04,2026-09-18,45,2340800,0,Vigente,False
FV-98005,OC-98005,Distribuidor CR,Internacional,Costa Rica,2026-08-04,2026-09-18,45,2344825,0,Pagada,True
FV-98006,OC-98006,Éxito,Retail,Colombia,2026-08-05,2026-10-04,60,4706348,0,Vigente,False
FV-98007,OC-98007,Éxito,Retail,Colombia,2026-08-06,2026-10-05,60,4591530,0,Vigente,False
FV-98008,OC-98008,Éxito,Retail,Colombia,2026-08-08,2026-10-07,60,4642734,0,Vigente,False
FV-98009,OC-98009,Éxito,Retail,Colombia,2026-08-06,2026-10-05,60,4700636,0,Vigente,False
FV-98010,OC-98010,Carulla,Retail,Colombia,2026-08-08,2026-10-07,60,5570016,0,Pagada,True
FV-98011,OC-98011,Carulla,Retail,Colombia,2026-08-06,2026-10-05,60,5532310,0,Vigente,False
FV-98012,OC-98012,Rappi,Marketplace,Colombia,2026-08-08,2026-09-07,30,6693975,0,Vigente,False
FV-98013,OC-98013,Fithub,Especializado,Colombia,2026-08-06,2026-09-20,45,5736395,0,Pagada,True
FV-98014,OC-98014,Tiendas naturistas,Especializado,Colombia,2026-08-07,2026-09-21,45,3545676,0,Vigente,False
FV-98015,OC-98015,Tiendas naturistas,Especializado,Colombia,2026-08-04,2026-09-18,45,3498588,0,Vigente,False
FV-98016,OC-98016,Paranice US,Internacional,Estados Unidos,2026-08-06,2026-08-21,15,8236200,0,Pagada,True
FV-98017,OC-98017,Distribuidor CR,Internacional,Costa Rica,2026-08-05,2026-09-19,45,3625685,0,Pagada,True
FV-98018,OC-98018,Éxito,Retail,Colombia,2026-08-06,2026-10-05,60,7016818,0,Vigente,False
FV-98019,OC-98019,Éxito,Retail,Colombia,2026-08-05,2026-10-04,60,7044256,0,Vigente,False
FV-98020,OC-98020,Éxito,Retail,Colombia,2026-08-06,2026-10-05,60,7017396,0,Vigente,False
FV-98021,OC-98021,Carulla,Retail,Colombia,2026-08-05,2026-10-04,60,3283618,0,Vigente,False
FV-98022,OC-98022,Carulla,Retail,Colombia,2026-08-09,2026-10-08,60,3244178,0,Vigente,False
FV-98023,OC-98023,Carulla,Retail,Colombia,2026-08-07,2026-10-06,60,3367802,0,Vigente,False
FV-98024,OC-98024,Rappi,Marketplace,Colombia,2026-08-05,2026-09-04,30,5187102,0,Vigente,False
FV-98025,OC-98025,Fithub,Especializado,Colombia,2026-08-09,2026-09-23,45,6021190,0,Vigente,False
FV-98026,OC-98026,Tiendas naturistas,Especializado,Colombia,2026-08-06,2026-09-20,45,7007328,0,Vigente,False
FV-98027,OC-98027,Paranice US,Internacional,Estados Unidos,2026-08-06,2026-08-21,15,2857800,0,Pagada,True
FV-98028,OC-98028,Paranice US,Internacional,Estados Unidos,2026-08-07,2026-08-22,15,2723350,0,Pagada,True
FV-98029,OC-98029,Paranice US,Internacional,Estados Unidos,2026-08-05,2026-08-20,15,2766100,0,Pagada,True
FV-98030,OC-98030,Distribuidor CR,Internacional,Costa Rica,2026-08-08,2026-09-22,45,4874485,0,Pagada,True
FV-98031,OC-98031,Éxito,Retail,Colombia,2026-08-09,2026-10-08,60,3995238,0,Vigente,False
FV-98032,OC-98032,Éxito,Retail,Colombia,2026-08-09,2026-10-08,60,4043722,0,Pagada,True
FV-98033,OC-98033,Éxito,Retail,Colombia,2026-08-07,2026-10-06,60,4055758,0,Vigente,False
FV-98034,OC-98034,Éxito,Retail,Colombia,2026-08-09,2026-10-08,60,4034100,0,Vigente,False
FV-98035,OC-98035,Éxito,Retail,Colombia,2026-08-09,2026-10-08,60,4022132,0,Vigente,False
FV-98036,OC-98036,Carulla,Retail,Colombia,2026-08-08,2026-10-07,60,1958978,0,Vigente,False
FV-98037,OC-98037,Carulla,Retail,Colombia,2026-08-10,2026-10-09,60,1875134,0,Vigente,False
FV-98038,OC-98038,Carulla,Retail,Colombia,2026-08-07,2026-10-06,60,1935654,0,Vigente,False
FV-98039,OC-98039,Carulla,Retail,Colombia,2026-08-08,2026-10-07,60,1998010,0,Vigente,False
FV-98040,OC-98040,Carulla,Retail,Colombia,2026-08-08,2026-10-07,60,1873808,0,Vigente,False
FV-98041,OC-98041,Carulla,Retail,Colombia,2026-08-07,2026-10-06,60,1964078,0,Pagada,True
FV-98042,OC-98042,Rappi,Marketplace,Colombia,2026-08-10,2026-09-09,30,5448232,0,Pagada,True
FV-98043,OC-98043,Fithub,Especializado,Colombia,2026-08-08,2026-09-22,45,3142580,0,Vigente,False
FV-98044,OC-98044,Fithub,Especializado,Colombia,2026-08-06,2026-09-20,45,3161620,0,Vigente,False
FV-98045,OC-98045,Tiendas naturistas,Especializado,Colombia,2026-08-10,2026-09-24,45,4769568,0,Vigente,False
FV-98046,OC-98046,Paranice US,Internacional,Estados Unidos,2026-08-09,2026-08-24,15,7709900,0,Pagada,True
FV-98047,OC-98047,Distribuidor CR,Internacional,Costa Rica,2026-08-08,2026-09-22,45,3761380,0,Vigente,False
FV-98048,OC-98048,Éxito,Retail,Colombia,2026-08-08,2026-10-07,60,10466322,0,Vigente,False
FV-98049,OC-98049,Éxito,Retail,Colombia,2026-08-10,2026-10-09,60,10490360,0,Pagada,True
FV-98050,OC-98050,Carulla,Retail,Colombia,2026-08-08,2026-10-07,60,5341910,0,Vigente,False
FV-98051,OC-98051,Carulla,Retail,Colombia,2026-08-07,2026-10-06,60,5277820,0,Vigente,False
FV-98052,OC-98052,Rappi,Marketplace,Colombia,2026-08-07,2026-09-06,30,2799733,0,Vigente,False
FV-98053,OC-98053,Rappi,Marketplace,Colombia,2026-08-09,2026-09-08,30,2698435,0,Vigente,False
FV-98054,OC-98054,Fithub,Especializado,Colombia,2026-08-08,2026-09-22,45,1704675,0,Vigente,False
FV-98055,OC-98055,Fithub,Especializado,Colombia,2026-08-11,2026-09-25,45,1744190,0,Vigente,False
FV-98056,OC-98056,Fithub,Especializado,Colombia,2026-08-09,2026-09-23,45,1695295,0,Vigente,False
FV-98057,OC-98057,Tiendas naturistas,Especializado,Colombia,2026-08-10,2026-09-24,45,961416,0,Vigente,False
FV-98058,OC-98058,Tiendas naturistas,Especializado,Colombia,2026-08-07,2026-09-21,45,1005084,0,Vigente,False
FV-98059,OC-98059,Tiendas naturistas,Especializado,Colombia,2026-08-11,2026-09-25,45,967104,0,Vigente,False
FV-98060,OC-98060,Tiendas naturistas,Especializado,Colombia,2026-08-08,2026-09-22,45,930276,0,Vigente,False
FV-98061,OC-98061,Tiendas naturistas,Especializado,Colombia,2026-08-10,2026-09-24,45,892368,0,Vigente,False
FV-98062,OC-98062,Tiendas naturistas,Especializado,Colombia,2026-08-08,2026-09-22,45,913176,0,Vigente,False
FV-98063,OC-98063,Tiendas naturistas,Especializado,Colombia,2026-08-08,2026-09-22,45,861372,0,Vigente,False
FV-98064,OC-98064,Paranice US,Internacional,Estados Unidos,2026-08-08,2026-08-23,15,2565700,8,Vencida 1-30,False
FV-98065,OC-98065,Paranice US,Internacional,Estados Unidos,2026-08-10,2026-08-25,15,2680100,0,Pagada,True
FV-98066,OC-98066,Paranice US,Internacional,Estados Unidos,2026-08-09,2026-08-24,15,2514900,7,Vencida 1-30,False
FV-98067,OC-98067,Paranice US,Internacional,Estados Unidos,2026-08-09,2026-08-24,15,2636000,0,Pagada,True
FV-98068,OC-98068,Distribuidor CR,Internacional,Costa Rica,2026-08-08,2026-09-22,45,5160890,0,Vigente,False
FV-98069,OC-98069,Éxito,Retail,Colombia,2026-08-12,2026-10-11,60,19595866,0,Vigente,False
FV-98070,OC-98070,Carulla,Retail,Colombia,2026-08-09,2026-10-08,60,12194712,0,Vigente,False
FV-98071,OC-98071,Rappi,Marketplace,Colombia,2026-08-09,2026-09-08,30,2159476,0,Vigente,False
FV-98072,OC-98072,Rappi,Marketplace,Colombia,2026-08-10,2026-09-09,30,2013825,0,Vigente,False
FV-98073,OC-98073,Rappi,Marketplace,Colombia,2026-08-09,2026-09-08,30,2040077,0,Vigente,False
FV-98074,OC-98074,Fithub,Especializado,Colombia,2026-08-12,2026-09-26,45,1851850,0,Pagada,True
FV-98075,OC-98075,Fithub,Especializado,Colombia,2026-08-10,2026-09-24,45,1848385,0,Vigente,False
FV-98076,OC-98076,Fithub,Especializado,Colombia,2026-08-08,2026-09-22,45,1897595,0,Vigente,False
FV-98077,OC-98077,Tiendas naturistas,Especializado,Colombia,2026-08-10,2026-09-24,45,1888740,0,Vigente,False
FV-98078,OC-98078,Tiendas naturistas,Especializado,Colombia,2026-08-09,2026-09-23,45,1834668,0,Vigente,False
FV-98079,OC-98079,Tiendas naturistas,Especializado,Colombia,2026-08-08,2026-09-22,45,1761228,0,Vigente,False
FV-98080,OC-98080,Paranice US,Internacional,Estados Unidos,2026-08-10,2026-08-25,15,3697700,0,Pagada,True
FV-98081,OC-98081,Paranice US,Internacional,Estados Unidos,2026-08-08,2026-08-23,15,3613550,0,Pagada,True
FV-98082,OC-98082,Distribuidor CR,Internacional,Costa Rica,2026-08-12,2026-09-26,45,1043245,0,Vigente,False
FV-98083,OC-98083,Distribuidor CR,Internacional,Costa Rica,2026-08-12,2026-09-26,45,1029910,0,Pagada,True
FV-98084,OC-98084,Distribuidor CR,Internacional,Costa Rica,2026-08-08,2026-09-22,45,1085805,0,Vigente,False
FV-98085,OC-98085,Distribuidor CR,Internacional,Costa Rica,2026-08-09,2026-09-23,45,1003205,0,Vigente,False
FV-98086,OC-98086,Distribuidor CR,Internacional,Costa Rica,2026-08-09,2026-09-23,45,1022245,0,Vigente,False
FV-98087,OC-98087,Éxito,Retail,Colombia,2026-08-12,2026-10-11,60,8539984,0,Vigente,False
FV-98088,OC-98088,Éxito,Retail,Colombia,2026-08-10,2026-10-09,60,8496396,0,Vigente,False
FV-98089,OC-98089,Carulla,Retail,Colombia,2026-08-12,2026-10-11,60,3602572,0,Pagada,True
FV-98090,OC-98090,Carulla,Retail,Colombia,2026-08-12,2026-10-11,60,3548818,0,Vigente,False
FV-98091,OC-98091,Carulla,Retail,Colombia,2026-08-11,2026-10-10,60,3599614,0,Vigente,False
FV-98092,OC-98092,Rappi,Marketplace,Colombia,2026-08-09,2026-09-08,30,5624544,0,Vigente,False
FV-98093,OC-98093,Fithub,Especializado,Colombia,2026-08-13,2026-09-27,45,5696670,0,Vigente,False
FV-98094,OC-98094,Tiendas naturistas,Especializado,Colombia,2026-08-12,2026-09-26,45,2554380,0,Vigente,False
FV-98095,OC-98095,Tiendas naturistas,Especializado,Colombia,2026-08-09,2026-09-23,45,2494332,0,Pagada,True
FV-98096,OC-98096,Paranice US,Internacional,Estados Unidos,2026-08-11,2026-08-26,15,7763300,0,Pagada,True
FV-98097,OC-98097,Distribuidor CR,Internacional,Costa Rica,2026-08-12,2026-09-26,45,4354420,0,Vigente,False
FV-98098,OC-98098,Éxito,Retail,Colombia,2026-08-12,2026-10-11,60,14860754,0,Vigente,False
FV-98099,OC-98099,Carulla,Retail,Colombia,2026-08-13,2026-10-12,60,2750328,0,Vigente,False
FV-98100,OC-98100,Carulla,Retail,Colombia,2026-08-13,2026-10-12,60,2821660,0,Vigente,False
FV-98101,OC-98101,Carulla,Retail,Colombia,2026-08-12,2026-10-11,60,2782390,0,Vigente,False
FV-98102,OC-98102,Carulla,Retail,Colombia,2026-08-14,2026-10-13,60,2729860,0,Pagada,True
FV-98103,OC-98103,Rappi,Marketplace,Colombia,2026-08-12,2026-09-11,30,7157513,0,Vigente,False
FV-98104,OC-98104,Fithub,Especializado,Colombia,2026-08-14,2026-09-28,45,3017980,0,Vigente,False
FV-98105,OC-98105,Fithub,Especializado,Colombia,2026-08-10,2026-09-24,45,2988300,0,Vigente,False
FV-98106,OC-98106,Tiendas naturistas,Especializado,Colombia,2026-08-13,2026-09-27,45,2189232,0,Vigente,False
FV-98107,OC-98107,Tiendas naturistas,Especializado,Colombia,2026-08-13,2026-09-27,45,2183832,0,Vigente,False
FV-98108,OC-98108,Tiendas naturistas,Especializado,Colombia,2026-08-10,2026-09-24,45,2184084,0,Pagada,True
FV-98109,OC-98109,Paranice US,Internacional,Estados Unidos,2026-08-10,2026-08-25,15,4975800,6,Vencida 1-30,False
FV-98110,OC-98110,Paranice US,Internacional,Estados Unidos,2026-08-12,2026-08-27,15,4944550,4,Vencida 1-30,False
FV-98111,OC-98111,Distribuidor CR,Internacional,Costa Rica,2026-08-10,2026-09-24,45,2072490,0,Vigente,False
FV-98112,OC-98112,Distribuidor CR,Internacional,Costa Rica,2026-08-11,2026-09-25,45,2183790,0,Vigente,False
FV-98113,OC-98113,Éxito,Retail,Colombia,2026-08-11,2026-10-10,60,4898074,0,Vigente,False
FV-98114,OC-98114,Éxito,Retail,Colombia,2026-08-11,2026-10-10,60,4929456,0,Pagada,True
FV-98115,OC-98115,Éxito,Retail,Colombia,2026-08-15,2026-10-14,60,4954378,0,Vigente,False
FV-98116,OC-98116,Carulla,Retail,Colombia,2026-08-13,2026-10-12,60,5961662,0,Vigente,False
FV-98117,OC-98117,Carulla,Retail,Colombia,2026-08-15,2026-10-14,60,6002326,0,Pagada,True
FV-98118,OC-98118,Rappi,Marketplace,Colombia,2026-08-13,2026-09-12,30,3425049,0,Vigente,False
FV-98119,OC-98119,Rappi,Marketplace,Colombia,2026-08-12,2026-09-11,30,3384018,0,Vigente,False
FV-98120,OC-98120,Fithub,Especializado,Colombia,2026-08-13,2026-09-27,45,1298255,0,Vigente,False
FV-98121,OC-98121,Fithub,Especializado,Colombia,2026-08-13,2026-09-27,45,1305395,0,Vigente,False
FV-98122,OC-98122,Fithub,Especializado,Colombia,2026-08-15,2026-09-29,45,1329860,0,Vigente,False
FV-98123,OC-98123,Fithub,Especializado,Colombia,2026-08-11,2026-09-25,45,1309280,0,Vigente,False
FV-98124,OC-98124,Tiendas naturistas,Especializado,Colombia,2026-08-13,2026-09-27,45,2489508,0,Vigente,False
FV-98125,OC-98125,Tiendas naturistas,Especializado,Colombia,2026-08-11,2026-09-25,45,2443356,0,Pagada,True
FV-98126,OC-98126,Paranice US,Internacional,Estados Unidos,2026-08-11,2026-08-26,15,1927000,0,Pagada,True
FV-98127,OC-98127,Paranice US,Internacional,Estados Unidos,2026-08-11,2026-08-26,15,1939200,0,Pagada,True
FV-98128,OC-98128,Paranice US,Internacional,Estados Unidos,2026-08-13,2026-08-28,15,1990300,0,Pagada,True
FV-98129,OC-98129,Paranice US,Internacional,Estados Unidos,2026-08-15,2026-08-30,15,2064700,0,Pagada,True
FV-98130,OC-98130,Distribuidor CR,Internacional,Costa Rica,2026-08-14,2026-09-28,45,2638930,0,Vigente,False
FV-98131,OC-98131,Distribuidor CR,Internacional,Costa Rica,2026-08-13,2026-09-27,45,2625770,0,Vigente,False
FV-98132,OC-98132,Éxito,Retail,Colombia,2026-08-15,2026-10-14,60,5531018,0,Vigente,False
FV-98133,OC-98133,Éxito,Retail,Colombia,2026-08-12,2026-10-11,60,5534112,0,Pagada,True
FV-98134,OC-98134,Éxito,Retail,Colombia,2026-08-12,2026-10-11,60,5565732,0,Vigente,False
FV-98135,OC-98135,Carulla,Retail,Colombia,2026-08-15,2026-10-14,60,4498812,0,Vigente,False
FV-98136,OC-98136,Carulla,Retail,Colombia,2026-08-15,2026-10-14,60,4476916,0,Vigente,False
FV-98137,OC-98137,Carulla,Retail,Colombia,2026-08-13,2026-10-12,60,4449172,0,Vigente,False
FV-98138,OC-98138,Rappi,Marketplace,Colombia,2026-08-13,2026-09-12,30,2059676,0,Vigente,False
FV-98139,OC-98139,Rappi,Marketplace,Colombia,2026-08-14,2026-09-13,30,1901455,0,Vigente,False
FV-98140,OC-98140,Rappi,Marketplace,Colombia,2026-08-13,2026-09-12,30,1954500,0,Vigente,False
FV-98141,OC-98141,Fithub,Especializado,Colombia,2026-08-14,2026-09-28,45,1580390,0,Vigente,False
FV-98142,OC-98142,Fithub,Especializado,Colombia,2026-08-15,2026-09-29,45,1594880,0,Pagada,True
FV-98143,OC-98143,Fithub,Especializado,Colombia,2026-08-12,2026-09-26,45,1612625,0,Vigente,False
FV-98144,OC-98144,Fithub,Especializado,Colombia,2026-08-13,2026-09-27,45,1653785,0,Vigente,False
FV-98145,OC-98145,Tiendas naturistas,Especializado,Colombia,2026-08-15,2026-09-29,45,6588756,0,Vigente,False
FV-98146,OC-98146,Paranice US,Internacional,Estados Unidos,2026-08-12,2026-08-27,15,1496650,4,Vencida 1-30,False
FV-98147,OC-98147,Paranice US,Internacional,Estados Unidos,2026-08-13,2026-08-28,15,1558850,0,Pagada,True
FV-98148,OC-98148,Paranice US,Internacional,Estados Unidos,2026-08-12,2026-08-27,15,1586300,0,Pagada,True
FV-98149,OC-98149,Paranice US,Internacional,Estados Unidos,2026-08-15,2026-08-30,15,1603750,0,Pagada,True
FV-98150,OC-98150,Paranice US,Internacional,Estados Unidos,2026-08-16,2026-08-31,15,1497900,0,Vigente,False
FV-98151,OC-98151,Distribuidor CR,Internacional,Costa Rica,2026-08-15,2026-09-29,45,5089035,0,Pagada,True
FV-98152,OC-98152,Éxito,Retail,Colombia,2026-08-14,2026-10-13,60,6474484,0,Pagada,True
FV-98153,OC-98153,Éxito,Retail,Colombia,2026-08-17,2026-10-16,60,6411754,0,Vigente,False
FV-98154,OC-98154,Éxito,Retail,Colombia,2026-08-16,2026-10-15,60,6450140,0,Vigente,False
FV-98155,OC-98155,Carulla,Retail,Colombia,2026-08-16,2026-10-15,60,11281336,0,Vigente,False
FV-98156,OC-98156,Rappi,Marketplace,Colombia,2026-08-15,2026-09-14,30,2025150,0,Vigente,False
FV-98157,OC-98157,Rappi,Marketplace,Colombia,2026-08-17,2026-09-16,30,1930405,0,Vigente,False
FV-98158,OC-98158,Rappi,Marketplace,Colombia,2026-08-16,2026-09-15,30,1920900,0,Vigente,False
FV-98159,OC-98159,Fithub,Especializado,Colombia,2026-08-17,2026-10-01,45,5229980,0,Vigente,False
FV-98160,OC-98160,Tiendas naturistas,Especializado,Colombia,2026-08-16,2026-09-30,45,3605184,0,Vigente,False
FV-98161,OC-98161,Tiendas naturistas,Especializado,Colombia,2026-08-14,2026-09-28,45,3617172,0,Pagada,True
FV-98162,OC-98162,Paranice US,Internacional,Estados Unidos,2026-08-17,2026-09-01,15,7678100,0,Vigente,False
FV-98163,OC-98163,Distribuidor CR,Internacional,Costa Rica,2026-08-15,2026-09-29,45,3744405,0,Vigente,False
FV-98164,OC-98164,Éxito,Retail,Colombia,2026-08-15,2026-10-14,60,18167628,0,Vigente,False
FV-98165,OC-98165,Carulla,Retail,Colombia,2026-08-15,2026-10-14,60,10580800,0,Vigente,False
FV-98166,OC-98166,Rappi,Marketplace,Colombia,2026-08-17,2026-09-16,30,6934345,0,Vigente,False
FV-98167,OC-98167,Fithub,Especializado,Colombia,2026-08-18,2026-10-02,45,3014550,0,Vigente,False
FV-98168,OC-98168,Fithub,Especializado,Colombia,2026-08-14,2026-09-28,45,3017175,0,Vigente,False
FV-98169,OC-98169,Tiendas naturistas,Especializado,Colombia,2026-08-15,2026-09-29,45,1643004,0,Vigente,False
FV-98170,OC-98170,Tiendas naturistas,Especializado,Colombia,2026-08-16,2026-09-30,45,1661364,0,Vigente,False
FV-98171,OC-98171,Tiendas naturistas,Especializado,Colombia,2026-08-15,2026-09-29,45,1629432,0,Vigente,False
FV-98172,OC-98172,Paranice US,Internacional,Estados Unidos,2026-08-18,2026-09-02,15,9769450,0,Vigente,False
FV-98173,OC-98173,Distribuidor CR,Internacional,Costa Rica,2026-08-15,2026-09-29,45,1217895,0,Vigente,False
FV-98174,OC-98174,Distribuidor CR,Internacional,Costa Rica,2026-08-14,2026-09-28,45,1174810,0,Vigente,False
FV-98175,OC-98175,Distribuidor CR,Internacional,Costa Rica,2026-08-15,2026-09-29,45,1266090,0,Vigente,False
FV-98176,OC-98176,Éxito,Retail,Colombia,2026-08-19,2026-10-18,60,5269048,0,Vigente,False
FV-98177,OC-98177,Éxito,Retail,Colombia,2026-08-19,2026-10-18,60,5263914,0,Vigente,False
FV-98178,OC-98178,Éxito,Retail,Colombia,2026-08-15,2026-10-14,60,5241032,0,Vigente,False
FV-98179,OC-98179,Carulla,Retail,Colombia,2026-08-18,2026-10-17,60,5599154,0,Vigente,False
FV-98180,OC-98180,Carulla,Retail,Colombia,2026-08-15,2026-10-14,60,5529522,0,Vigente,False
FV-98181,OC-98181,Rappi,Marketplace,Colombia,2026-08-17,2026-09-16,30,7031843,0,Vigente,False
FV-98182,OC-98182,Fithub,Especializado,Colombia,2026-08-17,2026-10-01,45,5419330,0,Vigente,False
FV-98183,OC-98183,Tiendas naturistas,Especializado,Colombia,2026-08-19,2026-10-03,45,3321828,0,Vigente,False
FV-98184,OC-98184,Tiendas naturistas,Especializado,Colombia,2026-08-15,2026-09-29,45,3278016,0,Vigente,False
FV-98185,OC-98185,Paranice US,Internacional,Estados Unidos,2026-08-17,2026-09-01,15,1992000,0,Vigente,False
FV-98186,OC-98186,Paranice US,Internacional,Estados Unidos,2026-08-17,2026-09-01,15,2002850,0,Vigente,False
FV-98187,OC-98187,Paranice US,Internacional,Estados Unidos,2026-08-15,2026-08-30,15,1847900,0,Pagada,True
FV-98188,OC-98188,Paranice US,Internacional,Estados Unidos,2026-08-19,2026-09-03,15,1967400,0,Vigente,False
FV-98189,OC-98189,Paranice US,Internacional,Estados Unidos,2026-08-18,2026-09-02,15,2051750,0,Vigente,False
FV-98190,OC-98190,Distribuidor CR,Internacional,Costa Rica,2026-08-15,2026-09-29,45,2305765,0,Vigente,False
FV-98191,OC-98191,Distribuidor CR,Internacional,Costa Rica,2026-08-16,2026-09-30,45,2293410,0,Vigente,False
FV-98192,OC-98192,Éxito,Retail,Colombia,2026-08-19,2026-10-18,60,16043886,0,Vigente,False
FV-98193,OC-98193,Carulla,Retail,Colombia,2026-08-18,2026-10-17,60,4006764,0,Vigente,False
FV-98194,OC-98194,Carulla,Retail,Colombia,2026-08-20,2026-10-19,60,3929482,0,Pagada,True
FV-98195,OC-98195,Carulla,Retail,Colombia,2026-08-17,2026-10-16,60,3949168,0,Vigente,False
FV-98196,OC-98196,Rappi,Marketplace,Colombia,2026-08-20,2026-09-19,30,4865968,0,Vigente,False
FV-98197,OC-98197,Fithub,Especializado,Colombia,2026-08-19,2026-10-03,45,2252775,0,Vigente,False
FV-98198,OC-98198,Fithub,Especializado,Colombia,2026-08-16,2026-09-30,45,2279900,0,Vigente,False
FV-98199,OC-98199,Tiendas naturistas,Especializado,Colombia,2026-08-18,2026-10-02,45,6477984,0,Vigente,False
FV-98200,OC-98200,Paranice US,Internacional,Estados Unidos,2026-08-17,2026-09-01,15,5272800,0,Vigente,False
FV-98201,OC-98201,Paranice US,Internacional,Estados Unidos,2026-08-20,2026-09-04,15,5281450,0,Vigente,False
FV-98202,OC-98202,Distribuidor CR,Internacional,Costa Rica,2026-08-16,2026-09-30,45,4103925,0,Pagada,True
FV-98203,OC-98203,Éxito,Retail,Colombia,2026-08-20,2026-10-19,60,15176512,0,Vigente,False
FV-98204,OC-98204,Carulla,Retail,Colombia,2026-08-17,2026-10-16,60,5836678,0,Vigente,False
FV-98205,OC-98205,Carulla,Retail,Colombia,2026-08-21,2026-10-20,60,5740696,0,Vigente,False
FV-98206,OC-98206,Rappi,Marketplace,Colombia,2026-08-17,2026-09-16,30,2449287,0,Vigente,False
FV-98207,OC-98207,Rappi,Marketplace,Colombia,2026-08-17,2026-09-16,30,2409571,0,Vigente,False
FV-98208,OC-98208,Fithub,Especializado,Colombia,2026-08-21,2026-10-05,45,2192680,0,Vigente,False
FV-98209,OC-98209,Fithub,Especializado,Colombia,2026-08-20,2026-10-04,45,2172660,0,Vigente,False
FV-98210,OC-98210,Fithub,Especializado,Colombia,2026-08-18,2026-10-02,45,2200695,0,Vigente,False
FV-98211,OC-98211,Tiendas naturistas,Especializado,Colombia,2026-08-21,2026-10-05,45,2091816,0,Vigente,False
FV-98212,OC-98212,Tiendas naturistas,Especializado,Colombia,2026-08-20,2026-10-04,45,2106504,0,Vigente,False
FV-98213,OC-98213,Tiendas naturistas,Especializado,Colombia,2026-08-21,2026-10-05,45,2154420,0,Vigente,False
FV-98214,OC-98214,Paranice US,Internacional,Estados Unidos,2026-08-17,2026-09-01,15,9936000,0,Vigente,False
FV-98215,OC-98215,Distribuidor CR,Internacional,Costa Rica,2026-08-19,2026-10-03,45,1011885,0,Vigente,False
FV-98216,OC-98216,Distribuidor CR,Internacional,Costa Rica,2026-08-17,2026-10-01,45,945000,0,Vigente,False
FV-98217,OC-98217,Distribuidor CR,Internacional,Costa Rica,2026-08-20,2026-10-04,45,1036000,0,Vigente,False
FV-98218,OC-98218,Distribuidor CR,Internacional,Costa Rica,2026-08-20,2026-10-04,45,1042720,0,Vigente,False
FV-98219,OC-98219,Éxito,Retail,Colombia,2026-08-20,2026-10-19,60,2342974,0,Vigente,False
FV-98220,OC-98220,Éxito,Retail,Colombia,2026-08-21,2026-10-20,60,2404208,0,Vigente,False
FV-98221,OC-98221,Éxito,Retail,Colombia,2026-08-19,2026-10-18,60,2450142,0,Pagada,True
FV-98222,OC-98222,Éxito,Retail,Colombia,2026-08-22,2026-10-21,60,2402746,0,Vigente,False
FV-98223,OC-98223,Éxito,Retail,Colombia,2026-08-18,2026-10-17,60,2402780,0,Vigente,False
FV-98224,OC-98224,Éxito,Retail,Colombia,2026-08-19,2026-10-18,60,2403188,0,Pagada,True
FV-98225,OC-98225,Éxito,Retail,Colombia,2026-08-21,2026-10-20,60,2401760,0,Vigente,False
FV-98226,OC-98226,Carulla,Retail,Colombia,2026-08-21,2026-10-20,60,2459186,0,Vigente,False
FV-98227,OC-98227,Carulla,Retail,Colombia,2026-08-20,2026-10-19,60,2496110,0,Vigente,False
FV-98228,OC-98228,Carulla,Retail,Colombia,2026-08-21,2026-10-20,60,2476254,0,Vigente,False
FV-98229,OC-98229,Carulla,Retail,Colombia,2026-08-18,2026-10-17,60,2510220,0,Pagada,True
FV-98230,OC-98230,Rappi,Marketplace,Colombia,2026-08-20,2026-09-19,30,3374820,0,Vigente,False
FV-98231,OC-98231,Rappi,Marketplace,Colombia,2026-08-21,2026-09-20,30,3331054,0,Vigente,False
FV-98232,OC-98232,Fithub,Especializado,Colombia,2026-08-19,2026-10-03,45,1699285,0,Vigente,False
FV-98233,OC-98233,Fithub,Especializado,Colombia,2026-08-19,2026-10-03,45,1660365,0,Vigente,False
FV-98234,OC-98234,Fithub,Especializado,Colombia,2026-08-22,2026-10-06,45,1707860,0,Vigente,False
FV-98235,OC-98235,Tiendas naturistas,Especializado,Colombia,2026-08-22,2026-10-06,45,7098300,0,Vigente,False
FV-98236,OC-98236,Paranice US,Internacional,Estados Unidos,2026-08-22,2026-09-06,15,2001800,0,Vigente,False
FV-98237,OC-98237,Paranice US,Internacional,Estados Unidos,2026-08-20,2026-09-04,15,1993550,0,Vigente,False
FV-98238,OC-98238,Paranice US,Internacional,Estados Unidos,2026-08-19,2026-09-03,15,2143150,0,Vigente,False
FV-98239,OC-98239,Paranice US,Internacional,Estados Unidos,2026-08-21,2026-09-05,15,2112350,0,Vigente,False
FV-98240,OC-98240,Distribuidor CR,Internacional,Costa Rica,2026-08-21,2026-10-05,45,951755,0,Vigente,False
FV-98241,OC-98241,Distribuidor CR,Internacional,Costa Rica,2026-08-18,2026-10-02,45,984725,0,Vigente,False
FV-98242,OC-98242,Distribuidor CR,Internacional,Costa Rica,2026-08-21,2026-10-05,45,1002575,0,Pagada,True
FV-98243,OC-98243,Distribuidor CR,Internacional,Costa Rica,2026-08-22,2026-10-06,45,978880,0,Vigente,False
FV-98244,OC-98244,Éxito,Retail,Colombia,2026-08-21,2026-10-20,60,18439560,0,Vigente,False
FV-98245,OC-98245,Carulla,Retail,Colombia,2026-08-23,2026-10-22,60,3446036,0,Vigente,False
FV-98246,OC-98246,Carulla,Retail,Colombia,2026-08-21,2026-10-20,60,3389732,0,Vigente,False
FV-98247,OC-98247,Carulla,Retail,Colombia,2026-08-20,2026-10-19,60,3356106,0,Vigente,False
FV-98248,OC-98248,Carulla,Retail,Colombia,2026-08-22,2026-10-21,60,3417714,0,Vigente,False
FV-98249,OC-98249,Rappi,Marketplace,Colombia,2026-08-23,2026-09-22,30,1942165,0,Vigente,False
FV-98250,OC-98250,Rappi,Marketplace,Colombia,2026-08-20,2026-09-19,30,1907025,0,Vigente,False
FV-98251,OC-98251,Rappi,Marketplace,Colombia,2026-08-23,2026-09-22,30,1938225,0,Vigente,False
FV-98252,OC-98252,Fithub,Especializado,Colombia,2026-08-21,2026-10-05,45,4517870,0,Vigente,False
FV-98253,OC-98253,Tiendas naturistas,Especializado,Colombia,2026-08-23,2026-10-07,45,5877036,0,Vigente,False
FV-98254,OC-98254,Paranice US,Internacional,Estados Unidos,2026-08-20,2026-09-04,15,10555550,0,Vigente,False
FV-98255,OC-98255,Distribuidor CR,Internacional,Costa Rica,2026-08-20,2026-10-04,45,2660350,0,Vigente,False
FV-98256,OC-98256,Distribuidor CR,Internacional,Costa Rica,2026-08-20,2026-10-04,45,2636970,0,Vigente,False
FV-98257,OC-98257,Éxito,Retail,Colombia,2026-08-21,2026-10-20,60,15004472,0,Pagada,True
FV-98258,OC-98258,Carulla,Retail,Colombia,2026-08-22,2026-10-21,60,4632160,0,Vigente,False
FV-98259,OC-98259,Carulla,Retail,Colombia,2026-08-24,2026-10-23,60,4616078,0,Vigente,False
FV-98260,OC-98260,Carulla,Retail,Colombia,2026-08-24,2026-10-23,60,4640014,0,Vigente,False
FV-98261,OC-98261,Rappi,Marketplace,Colombia,2026-08-24,2026-09-23,30,2072552,0,Vigente,False
FV-98262,OC-98262,Rappi,Marketplace,Colombia,2026-08-21,2026-09-20,30,2042836,0,Vigente,False
FV-98263,OC-98263,Rappi,Marketplace,Colombia,2026-08-20,2026-09-19,30,2037564,0,Vigente,False
FV-98264,OC-98264,Fithub,Especializado,Colombia,2026-08-24,2026-10-08,45,4587030,0,Vigente,False
FV-98265,OC-98265,Tiendas naturistas,Especializado,Colombia,2026-08-20,2026-10-04,45,6088968,0,Vigente,False
FV-98266,OC-98266,Paranice US,Internacional,Estados Unidos,2026-08-20,2026-09-04,15,3197700,0,Pagada,True
FV-98267,OC-98267,Paranice US,Internacional,Estados Unidos,2026-08-21,2026-09-05,15,3252000,0,Vigente,False
FV-98268,OC-98268,Paranice US,Internacional,Estados Unidos,2026-08-23,2026-09-07,15,3111050,0,Vigente,False
FV-98269,OC-98269,Distribuidor CR,Internacional,Costa Rica,2026-08-23,2026-10-07,45,5086060,0,Vigente,False
FV-98270,OC-98270,Éxito,Retail,Colombia,2026-08-25,2026-10-24,60,15236284,0,Vigente,False
FV-98271,OC-98271,Carulla,Retail,Colombia,2026-08-24,2026-10-23,60,13951662,0,Vigente,False
FV-98272,OC-98272,Rappi,Marketplace,Colombia,2026-08-23,2026-09-22,30,5934258,0,Vigente,False
FV-98273,OC-98273,Fithub,Especializado,Colombia,2026-08-22,2026-10-06,45,5293715,0,Vigente,False
FV-98274,OC-98274,Tiendas naturistas,Especializado,Colombia,2026-08-21,2026-10-05,45,1544976,0,Vigente,False
FV-98275,OC-98275,Tiendas naturistas,Especializado,Colombia,2026-08-25,2026-10-09,45,1645020,0,Vigente,False
FV-98276,OC-98276,Tiendas naturistas,Especializado,Colombia,2026-08-25,2026-10-09,45,1543968,0,Vigente,False
FV-98277,OC-98277,Tiendas naturistas,Especializado,Colombia,2026-08-21,2026-10-05,45,1586916,0,Vigente,False
FV-98278,OC-98278,Paranice US,Internacional,Estados Unidos,2026-08-25,2026-09-09,15,4528450,0,Vigente,False
FV-98279,OC-98279,Paranice US,Internacional,Estados Unidos,2026-08-21,2026-09-05,15,4353650,0,Pagada,True
FV-98280,OC-98280,Distribuidor CR,Internacional,Costa Rica,2026-08-21,2026-10-05,45,3742410,0,Vigente,False
FV-98281,OC-98281,Éxito,Retail,Colombia,2026-08-24,2026-10-23,60,4004010,0,Vigente,False
FV-98282,OC-98282,Éxito,Retail,Colombia,2026-08-23,2026-10-22,60,3945020,0,Vigente,False
FV-98283,OC-98283,Éxito,Retail,Colombia,2026-08-22,2026-10-21,60,3985956,0,Vigente,False
FV-98284,OC-98284,Éxito,Retail,Colombia,2026-08-25,2026-10-24,60,3938900,0,Vigente,False
FV-98285,OC-98285,Carulla,Retail,Colombia,2026-08-24,2026-10-23,60,11822718,0,Vigente,False
FV-98286,OC-98286,Rappi,Marketplace,Colombia,2026-08-26,2026-09-25,30,7055814,0,Pagada,True
FV-98287,OC-98287,Fithub,Especializado,Colombia,2026-08-26,2026-10-10,45,1120210,0,Vigente,False
FV-98288,OC-98288,Fithub,Especializado,Colombia,2026-08-26,2026-10-10,45,1233295,0,Vigente,False
FV-98289,OC-98289,Fithub,Especializado,Colombia,2026-08-25,2026-10-09,45,1175860,0,Vigente,False
FV-98290,OC-98290,Fithub,Especializado,Colombia,2026-08-26,2026-10-10,45,1138410,0,Pagada,True
FV-98291,OC-98291,Fithub,Especializado,Colombia,2026-08-22,2026-10-06,45,1200150,0,Vigente,False
FV-98292,OC-98292,Tiendas naturistas,Especializado,Colombia,2026-08-26,2026-10-10,45,6905808,0,Vigente,False
FV-98293,OC-98293,Paranice US,Internacional,Estados Unidos,2026-08-23,2026-09-07,15,9228000,0,Vigente,False
FV-98294,OC-98294,Distribuidor CR,Internacional,Costa Rica,2026-08-26,2026-10-10,45,5004020,0,Vigente,False
FV-98295,OC-98295,Éxito,Retail,Colombia,2026-08-24,2026-10-23,60,6357558,0,Vigente,False
FV-98296,OC-98296,Éxito,Retail,Colombia,2026-08-25,2026-10-24,60,6381222,0,Pagada,True
FV-98297,OC-98297,Éxito,Retail,Colombia,2026-08-25,2026-10-24,60,6389858,0,Pagada,True
FV-98298,OC-98298,Carulla,Retail,Colombia,2026-08-26,2026-10-25,60,4747522,0,Vigente,False
FV-98299,OC-98299,Carulla,Retail,Colombia,2026-08-25,2026-10-24,60,4754968,0,Pagada,True
FV-98300,OC-98300,Carulla,Retail,Colombia,2026-08-26,2026-10-25,60,4785874,0,Vigente,False
FV-98301,OC-98301,Rappi,Marketplace,Colombia,2026-08-23,2026-09-22,30,1946693,0,Vigente,False
FV-98302,OC-98302,Rappi,Marketplace,Colombia,2026-08-27,2026-09-26,30,1926124,0,Vigente,False
FV-98303,OC-98303,Rappi,Marketplace,Colombia,2026-08-25,2026-09-24,30,1947721,0,Vigente,False
FV-98304,OC-98304,Fithub,Especializado,Colombia,2026-08-24,2026-10-08,45,1431010,0,Vigente,False
FV-98305,OC-98305,Fithub,Especializado,Colombia,2026-08-23,2026-10-07,45,1384740,0,Vigente,False
FV-98306,OC-98306,Fithub,Especializado,Colombia,2026-08-23,2026-10-07,45,1382605,0,Vigente,False
FV-98307,OC-98307,Fithub,Especializado,Colombia,2026-08-26,2026-10-10,45,1340955,0,Pagada,True
FV-98308,OC-98308,Tiendas naturistas,Especializado,Colombia,2026-08-23,2026-10-07,45,1013328,0,Vigente,False
FV-98309,OC-98309,Tiendas naturistas,Especializado,Colombia,2026-08-26,2026-10-10,45,1063296,0,Vigente,False
FV-98310,OC-98310,Tiendas naturistas,Especializado,Colombia,2026-08-25,2026-10-09,45,1021392,0,Pagada,True
FV-98311,OC-98311,Tiendas naturistas,Especializado,Colombia,2026-08-25,2026-10-09,45,979272,0,Vigente,False
FV-98312,OC-98312,Tiendas naturistas,Especializado,Colombia,2026-08-24,2026-10-08,45,992700,0,Vigente,False
FV-98313,OC-98313,Paranice US,Internacional,Estados Unidos,2026-08-26,2026-09-10,15,2613550,0,Vigente,False
FV-98314,OC-98314,Paranice US,Internacional,Estados Unidos,2026-08-24,2026-09-08,15,2563300,0,Vigente,False
FV-98315,OC-98315,Paranice US,Internacional,Estados Unidos,2026-08-25,2026-09-09,15,2572500,0,Vigente,False
FV-98316,OC-98316,Distribuidor CR,Internacional,Costa Rica,2026-08-24,2026-10-08,45,4997440,0,Vigente,False
FV-98317,OC-98317,Éxito,Retail,Colombia,2026-08-24,2026-10-23,60,10448608,0,Vigente,False
FV-98318,OC-98318,Éxito,Retail,Colombia,2026-08-27,2026-10-26,60,10359052,0,Vigente,False
FV-98319,OC-98319,Carulla,Retail,Colombia,2026-08-26,2026-10-25,60,12029676,0,Vigente,False
FV-98320,OC-98320,Rappi,Marketplace,Colombia,2026-08-27,2026-09-26,30,1442510,0,Vigente,False
FV-98321,OC-98321,Rappi,Marketplace,Colombia,2026-08-28,2026-09-27,30,1394935,0,Vigente,False
FV-98322,OC-98322,Rappi,Marketplace,Colombia,2026-08-26,2026-09-25,30,1344760,0,Pagada,True
FV-98323,OC-98323,Rappi,Marketplace,Colombia,2026-08-24,2026-09-23,30,1373354,0,Vigente,False
FV-98324,OC-98324,Fithub,Especializado,Colombia,2026-08-28,2026-10-12,45,1233645,0,Vigente,False
FV-98325,OC-98325,Fithub,Especializado,Colombia,2026-08-28,2026-10-12,45,1185205,0,Vigente,False
FV-98326,OC-98326,Fithub,Especializado,Colombia,2026-08-25,2026-10-09,45,1269485,0,Vigente,False
FV-98327,OC-98327,Fithub,Especializado,Colombia,2026-08-28,2026-10-12,45,1216950,0,Vigente,False
FV-98328,OC-98328,Tiendas naturistas,Especializado,Colombia,2026-08-27,2026-10-11,45,5773464,0,Vigente,False
FV-98329,OC-98329,Paranice US,Internacional,Estados Unidos,2026-08-28,2026-09-12,15,4887550,0,Vigente,False
FV-98330,OC-98330,Paranice US,Internacional,Estados Unidos,2026-08-24,2026-09-08,15,4855900,0,Vigente,False
FV-98331,OC-98331,Distribuidor CR,Internacional,Costa Rica,2026-08-26,2026-10-10,45,2228065,0,Vigente,False
FV-98332,OC-98332,Distribuidor CR,Internacional,Costa Rica,2026-08-26,2026-10-10,45,2141090,0,Pagada,True
FV-98333,OC-98333,Éxito,Retail,Colombia,2026-08-25,2026-10-24,60,8036036,0,Vigente,False
FV-98334,OC-98334,Éxito,Retail,Colombia,2026-08-28,2026-10-27,60,8025972,0,Vigente,False
FV-98335,OC-98335,Carulla,Retail,Colombia,2026-08-27,2026-10-26,60,11817108,0,Vigente,False
FV-98336,OC-98336,Rappi,Marketplace,Colombia,2026-08-26,2026-09-25,30,1931328,0,Vigente,False
FV-98337,OC-98337,Rappi,Marketplace,Colombia,2026-08-29,2026-09-28,30,1893273,0,Vigente,False
FV-98338,OC-98338,Rappi,Marketplace,Colombia,2026-08-25,2026-09-24,30,1908530,0,Vigente,False
FV-98339,OC-98339,Fithub,Especializado,Colombia,2026-08-29,2026-10-13,45,2647960,0,Vigente,False
FV-98340,OC-98340,Fithub,Especializado,Colombia,2026-08-27,2026-10-11,45,2579955,0,Vigente,False
FV-98341,OC-98341,Tiendas naturistas,Especializado,Colombia,2026-08-27,2026-10-11,45,2679696,0,Pagada,True
FV-98342,OC-98342,Tiendas naturistas,Especializado,Colombia,2026-08-27,2026-10-11,45,2744316,0,Vigente,False
FV-98343,OC-98343,Paranice US,Internacional,Estados Unidos,2026-08-27,2026-09-11,15,4684550,0,Vigente,False
FV-98344,OC-98344,Paranice US,Internacional,Estados Unidos,2026-08-27,2026-09-11,15,4810300,0,Vigente,False
FV-98345,OC-98345,Distribuidor CR,Internacional,Costa Rica,2026-08-29,2026-10-13,45,1201620,0,Vigente,False
FV-98346,OC-98346,Distribuidor CR,Internacional,Costa Rica,2026-08-26,2026-10-10,45,1270360,0,Vigente,False
FV-98347,OC-98347,Distribuidor CR,Internacional,Costa Rica,2026-08-28,2026-10-12,45,1155770,0,Vigente,False
FV-98348,OC-98348,Distribuidor CR,Internacional,Costa Rica,2026-08-26,2026-10-10,45,1207115,0,Vigente,False
FV-98349,OC-98349,Éxito,Retail,Colombia,2026-08-29,2026-10-28,60,8062046,0,Vigente,False
FV-98350,OC-98350,Éxito,Retail,Colombia,2026-08-28,2026-10-27,60,7993400,0,Pagada,True
FV-98351,OC-98351,Carulla,Retail,Colombia,2026-08-26,2026-10-25,60,11626572,0,Vigente,False
FV-98352,OC-98352,Rappi,Marketplace,Colombia,2026-08-26,2026-09-25,30,2293870,0,Vigente,False
FV-98353,OC-98353,Rappi,Marketplace,Colombia,2026-08-26,2026-09-25,30,2360263,0,Pagada,True
FV-98354,OC-98354,Rappi,Marketplace,Colombia,2026-08-26,2026-09-25,30,2397000,0,Vigente,False
FV-98355,OC-98355,Fithub,Especializado,Colombia,2026-08-28,2026-10-12,45,2321375,0,Vigente,False
FV-98356,OC-98356,Fithub,Especializado,Colombia,2026-08-28,2026-10-12,45,2414405,0,Vigente,False
FV-98357,OC-98357,Tiendas naturistas,Especializado,Colombia,2026-08-30,2026-10-14,45,6158808,0,Vigente,False
FV-98358,OC-98358,Paranice US,Internacional,Estados Unidos,2026-08-30,2026-09-14,15,2677150,0,Vigente,False
FV-98359,OC-98359,Paranice US,Internacional,Estados Unidos,2026-08-30,2026-09-14,15,2714700,0,Vigente,False
FV-98360,OC-98360,Paranice US,Internacional,Estados Unidos,2026-08-30,2026-09-14,15,2640300,0,Vigente,False
FV-98361,OC-98361,Distribuidor CR,Internacional,Costa Rica,2026-08-29,2026-10-13,45,4212495,0,Vigente,False
FV-98362,OC-98362,Éxito,Retail,Colombia,2026-08-30,2026-10-29,60,5711558,0,Vigente,False
FV-98363,OC-98363,Éxito,Retail,Colombia,2026-08-27,2026-10-26,60,5777926,0,Vigente,False
FV-98364,OC-98364,Éxito,Retail,Colombia,2026-08-28,2026-10-27,60,5757220,0,Vigente,False
FV-98365,OC-98365,Carulla,Retail,Colombia,2026-08-29,2026-10-28,60,4027062,0,Pagada,True
FV-98366,OC-98366,Carulla,Retail,Colombia,2026-08-29,2026-10-28,60,4024614,0,Vigente,False
FV-98367,OC-98367,Carulla,Retail,Colombia,2026-08-28,2026-10-27,60,4057254,0,Vigente,False
FV-98368,OC-98368,Rappi,Marketplace,Colombia,2026-08-28,2026-09-27,30,1922592,0,Pagada,True
FV-98369,OC-98369,Rappi,Marketplace,Colombia,2026-08-29,2026-09-28,30,1991705,0,Vigente,False
FV-98370,OC-98370,Rappi,Marketplace,Colombia,2026-08-31,2026-09-30,30,1971114,0,Vigente,False
FV-98371,OC-98371,Fithub,Especializado,Colombia,2026-08-29,2026-10-13,45,4863705,0,Vigente,False
FV-98372,OC-98372,Tiendas naturistas,Especializado,Colombia,2026-08-28,2026-10-12,45,6445656,0,Vigente,False
FV-98373,OC-98373,Paranice US,Internacional,Estados Unidos,2026-08-28,2026-09-12,15,2767000,0,Vigente,False
FV-98374,OC-98374,Paranice US,Internacional,Estados Unidos,2026-08-30,2026-09-14,15,2772100,0,Vigente,False
FV-98375,OC-98375,Paranice US,Internacional,Estados Unidos,2026-08-28,2026-09-12,15,2712250,0,Vigente,False
FV-98376,OC-98376,Distribuidor CR,Internacional,Costa Rica,2026-08-30,2026-10-14,45,3962875,0,Vigente,False
FV-98377,OC-98377,Éxito,Retail,Colombia,2026-08-30,2026-10-29,60,20768866,0,Vigente,False
FV-98378,OC-98378,Carulla,Retail,Colombia,2026-08-29,2026-10-28,60,10380200,0,Vigente,False
FV-98379,OC-98379,Rappi,Marketplace,Colombia,2026-09-01,2026-10-01,30,3292629,0,Vigente,False
FV-98380,OC-98380,Rappi,Marketplace,Colombia,2026-08-31,2026-09-30,30,3347512,0,Vigente,False
FV-98381,OC-98381,Fithub,Especializado,Colombia,2026-08-31,2026-10-15,45,983185,0,Vigente,False
FV-98382,OC-98382,Fithub,Especializado,Colombia,2026-08-30,2026-10-14,45,1025290,0,Vigente,False
FV-98383,OC-98383,Fithub,Especializado,Colombia,2026-09-01,2026-10-16,45,959350,0,Vigente,False
FV-98384,OC-98384,Fithub,Especializado,Colombia,2026-09-01,2026-10-16,45,1080695,0,Vigente,False
FV-98385,OC-98385,Fithub,Especializado,Colombia,2026-08-30,2026-10-14,45,956935,0,Vigente,False
FV-98386,OC-98386,Fithub,Especializado,Colombia,2026-08-29,2026-10-13,45,1003380,0,Vigente,False
FV-98387,OC-98387,Tiendas naturistas,Especializado,Colombia,2026-09-01,2026-10-16,45,7053264,0,Vigente,False
FV-98388,OC-98388,Paranice US,Internacional,Estados Unidos,2026-09-01,2026-09-16,15,7423250,0,Vigente,False
FV-98389,OC-98389,Distribuidor CR,Internacional,Costa Rica,2026-08-30,2026-10-14,45,4282915,0,Vigente,False
FV-98390,OC-98390,Éxito,Retail,Colombia,2026-09-01,2026-10-31,60,10776300,0,Vigente,False
FV-98391,OC-98391,Éxito,Retail,Colombia,2026-08-30,2026-10-29,60,10825396,0,Vigente,False
FV-98392,OC-98392,Carulla,Retail,Colombia,2026-08-29,2026-10-28,60,6271062,0,Vigente,False
FV-98393,OC-98393,Carulla,Retail,Colombia,2026-09-02,2026-11-01,60,6226080,0,Vigente,False
FV-98394,OC-98394,Rappi,Marketplace,Colombia,2026-08-29,2026-09-28,30,1550675,0,Vigente,False
FV-98395,OC-98395,Rappi,Marketplace,Colombia,2026-09-01,2026-10-01,30,1498084,0,Vigente,False
FV-98396,OC-98396,Rappi,Marketplace,Colombia,2026-09-01,2026-10-01,30,1547625,0,Vigente,False
FV-98397,OC-98397,Rappi,Marketplace,Colombia,2026-08-30,2026-09-29,30,1507052,0,Vigente,False
FV-98398,OC-98398,Fithub,Especializado,Colombia,2026-08-30,2026-10-14,45,1128715,0,Vigente,False
FV-98399,OC-98399,Fithub,Especializado,Colombia,2026-09-01,2026-10-16,45,1107330,0,Vigente,False
FV-98400,OC-98400,Fithub,Especializado,Colombia,2026-08-29,2026-10-13,45,1153215,0,Pagada,True
FV-98401,OC-98401,Fithub,Especializado,Colombia,2026-08-29,2026-10-13,45,1185905,0,Vigente,False
FV-98402,OC-98402,Tiendas naturistas,Especializado,Colombia,2026-08-31,2026-10-15,45,5589288,0,Vigente,False
FV-98403,OC-98403,Paranice US,Internacional,Estados Unidos,2026-09-02,2026-09-17,15,9467650,0,Vigente,False
FV-98404,OC-98404,Distribuidor CR,Internacional,Costa Rica,2026-09-01,2026-10-16,45,1645210,0,Vigente,False
FV-98405,OC-98405,Distribuidor CR,Internacional,Costa Rica,2026-08-29,2026-10-13,45,1607935,0,Vigente,False
FV-98406,OC-98406,Distribuidor CR,Internacional,Costa Rica,2026-08-29,2026-10-13,45,1695085,0,Vigente,False
FV-98407,OC-98407,Éxito,Retail,Colombia,2026-08-30,2026-10-29,60,18842494,0,Vigente,False
FV-98408,OC-98408,Carulla,Retail,Colombia,2026-09-02,2026-11-01,60,5570322,0,Vigente,False
FV-98409,OC-98409,Carulla,Retail,Colombia,2026-09-03,2026-11-02,60,5618432,0,Vigente,False
FV-98410,OC-98410,Rappi,Marketplace,Colombia,2026-09-01,2026-10-01,30,2011244,0,Vigente,False
FV-98411,OC-98411,Rappi,Marketplace,Colombia,2026-09-02,2026-10-02,30,1947942,0,Vigente,False
FV-98412,OC-98412,Rappi,Marketplace,Colombia,2026-09-01,2026-10-01,30,2044917,0,Vigente,False
FV-98413,OC-98413,Fithub,Especializado,Colombia,2026-09-02,2026-10-17,45,2312625,0,Vigente,False
FV-98414,OC-98414,Fithub,Especializado,Colombia,2026-09-01,2026-10-16,45,2306360,0,Vigente,False
FV-98415,OC-98415,Tiendas naturistas,Especializado,Colombia,2026-09-01,2026-10-16,45,3177936,0,Vigente,False
FV-98416,OC-98416,Tiendas naturistas,Especializado,Colombia,2026-08-30,2026-10-14,45,3193596,0,Vigente,False
FV-98417,OC-98417,Paranice US,Internacional,Estados Unidos,2026-09-01,2026-09-16,15,10645050,0,Vigente,False
FV-98418,OC-98418,Distribuidor CR,Internacional,Costa Rica,2026-09-03,2026-10-18,45,1439690,0,Vigente,False
FV-98419,OC-98419,Distribuidor CR,Internacional,Costa Rica,2026-09-02,2026-10-17,45,1475985,0,Vigente,False
FV-98420,OC-98420,Distribuidor CR,Internacional,Costa Rica,2026-09-02,2026-10-17,45,1489110,0,Vigente,False
FV-98421,OC-98421,Éxito,Retail,Colombia,2026-09-02,2026-11-01,60,4013088,0,Vigente,False
FV-98422,OC-98422,Éxito,Retail,Colombia,2026-08-31,2026-10-30,60,3962360,0,Vigente,False
FV-98423,OC-98423,Éxito,Retail,Colombia,2026-09-04,2026-11-03,60,3943320,0,Vigente,False
FV-98424,OC-98424,Éxito,Retail,Colombia,2026-09-04,2026-11-03,60,3922852,0,Vigente,False
FV-98425,OC-98425,Carulla,Retail,Colombia,2026-09-04,2026-11-03,60,10920800,0,Vigente,False
FV-98426,OC-98426,Rappi,Marketplace,Colombia,2026-09-03,2026-10-03,30,1626606,0,Vigente,False
FV-98427,OC-98427,Rappi,Marketplace,Colombia,2026-09-03,2026-10-03,30,1580739,0,Vigente,False
FV-98428,OC-98428,Rappi,Marketplace,Colombia,2026-09-04,2026-10-04,30,1536610,0,Vigente,False
FV-98429,OC-98429,Rappi,Marketplace,Colombia,2026-09-01,2026-10-01,30,1618693,0,Vigente,False
FV-98430,OC-98430,Fithub,Especializado,Colombia,2026-09-04,2026-10-19,45,1035300,0,Vigente,False
FV-98431,OC-98431,Fithub,Especializado,Colombia,2026-09-02,2026-10-17,45,1111950,0,Vigente,False
FV-98432,OC-98432,Fithub,Especializado,Colombia,2026-08-31,2026-10-15,45,1067920,0,Vigente,False
FV-98433,OC-98433,Fithub,Especializado,Colombia,2026-09-04,2026-10-19,45,1086820,0,Vigente,False
FV-98434,OC-98434,Fithub,Especializado,Colombia,2026-09-01,2026-10-16,45,1116395,0,Vigente,False
FV-98435,OC-98435,Fithub,Especializado,Colombia,2026-09-02,2026-10-17,45,1145480,0,Pagada,True
FV-98436,OC-98436,Tiendas naturistas,Especializado,Colombia,2026-09-03,2026-10-18,45,3195432,0,Vigente,False
FV-98437,OC-98437,Tiendas naturistas,Especializado,Colombia,2026-08-31,2026-10-15,45,3144816,0,Pagada,True
FV-98438,OC-98438,Paranice US,Internacional,Estados Unidos,2026-09-02,2026-09-17,15,7928450,0,Vigente,False
FV-98439,OC-98439,Distribuidor CR,Internacional,Costa Rica,2026-08-31,2026-10-15,45,4236435,0,Vigente,False
