cliente_id,pais,ciudad,canal_adquisicion,fecha_primera_compra,fecha_ultima_compra,n_pedidos,ltv_cop,nps_score,cliente_recurrente,segmento
CLI-00001,Colombia,Bucaramanga,Google Ads,2026-03-31,2026-04-22,2,233520,9,True,Recurrente
CLI-00002,Colombia,Bogotá,Instagram Ads,2025-06-16,2026-01-31,3,471856,3,True,Recurrente
CLI-00003,Colombia,Cali,Email/WhatsApp,2025-01-30,2026-08-16,12,1693890,9,True,VIP
CLI-00004,Colombia,Bucaramanga,Orgánico/SEO,2025-09-08,2026-02-24,2,230085,3,True,Recurrente
CLI-00005,Colombia,Pereira,Instagram Ads,2025-03-05,2026-08-01,4,474580,4,True,Recurrente
CLI-00006,Colombia,Barranquilla,Google Ads,2025-02-24,2026-01-17,4,689700,10,True,VIP
CLI-00007,Colombia,Cali,Orgánico/SEO,2025-03-12,2026-03-25,2,209270,10,True,Recurrente
CLI-00008,Colombia,Pereira,Orgánico/SEO,2025-02-27,2026-04-21,4,353380,6,True,Recurrente
CLI-00009,Colombia,Bogotá,Referidos,2026-01-13,2026-01-13,1,113850,5,False,Compra única
CLI-00010,Estados Unidos,Houston,Orgánico/SEO,2026-02-08,2026-04-10,2,232180,6,True,Recurrente
CLI-00011,Colombia,Cali,Instagram Ads,2025-05-12,2026-07-17,5,493180,2,True,Recurrente
CLI-00012,Colombia,Pereira,Instagram Ads,2025-08-09,2026-04-03,3,226050,7,True,Recurrente
CLI-00013,Colombia,Cali,Instagram Ads,2026-01-14,2026-05-23,2,250413,0,True,Recurrente
CLI-00014,Colombia,Barranquilla,Google Ads,2025-12-19,2026-05-17,2,161854,2,True,Recurrente
CLI-00015,Colombia,Pereira,Instagram Ads,2025-04-21,2025-04-21,1,69300,9,False,Compra única
CLI-00016,Costa Rica,Heredia,Google Ads,2026-07-14,2026-07-14,1,161320,1,False,Compra única
CLI-00017,Colombia,Barranquilla,Google Ads,2025-02-24,2026-04-09,2,212520,9,True,Recurrente
CLI-00018,Colombia,Bogotá,TikTok Ads,2025-02-15,2026-08-07,5,498437,0,True,Recurrente
CLI-00019,Colombia,Medellín,Referidos,2025-03-21,2026-05-16,3,551455,1,True,Recurrente
CLI-00020,Colombia,Barranquilla,Instagram Ads,2026-03-15,2026-04-22,2,177016,10,True,Recurrente
CLI-00021,Colombia,Cali,Referidos,2025-01-12,2026-04-18,4,870480,7,True,VIP
CLI-00022,Colombia,Barranquilla,Referidos,2025-05-26,2025-05-26,1,80910,4,False,Compra única
CLI-00023,Colombia,Bucaramanga,Google Ads,2026-08-27,2026-08-27,1,36052,1,False,Compra única
CLI-00024,Colombia,Bogotá,Instagram Ads,2026-04-15,2026-08-31,2,418000,7,True,Recurrente
CLI-00025,Costa Rica,San José,Instagram Ads,2025-06-17,2025-08-27,3,445343,7,True,Recurrente
CLI-00026,Costa Rica,Heredia,Google Ads,2026-05-20,2026-08-12,3,386407,10,True,Recurrente
CLI-00027,Colombia,Medellín,Email/WhatsApp,2025-06-12,2026-08-12,2,247346,1,True,Recurrente
CLI-00028,Estados Unidos,Miami,Google Ads,2026-02-05,2026-08-17,2,524720,6,True,Recurrente
CLI-00029,Estados Unidos,Houston,Google Ads,2026-05-24,2026-05-24,1,168957,7,False,Compra única
CLI-00030,Colombia,Pereira,Email/WhatsApp,2025-01-25,2026-04-26,4,569202,4,True,Recurrente
CLI-00031,Colombia,Pereira,Referidos,2025-12-27,2026-07-18,2,181010,9,True,Recurrente
CLI-00032,Colombia,Cali,TikTok Ads,2025-03-27,2026-08-06,4,291670,3,True,Recurrente
CLI-00033,Colombia,Bucaramanga,Referidos,2025-02-13,2025-10-07,2,253750,4,True,Recurrente
CLI-00035,Colombia,Bogotá,TikTok Ads,2025-03-01,2026-07-15,4,747750,5,True,VIP
CLI-00036,Colombia,Bogotá,Referidos,2025-04-06,2025-11-11,3,349770,6,True,Recurrente
CLI-00037,Colombia,Pereira,TikTok Ads,2025-07-29,2026-05-24,3,258151,5,True,Recurrente
CLI-00038,Estados Unidos,Houston,TikTok Ads,2026-02-23,2026-02-23,1,145770,1,False,Compra única
CLI-00039,Colombia,Barranquilla,Google Ads,2025-03-01,2026-01-29,3,231440,8,True,Recurrente
CLI-00040,Colombia,Pereira,Google Ads,2026-04-18,2026-07-28,3,298020,4,True,Recurrente
CLI-00041,Colombia,Pereira,Instagram Ads,2025-03-02,2025-10-25,4,575108,6,True,Recurrente
CLI-00042,Colombia,Bogotá,Instagram Ads,2025-07-24,2026-02-15,2,140911,7,True,Recurrente
CLI-00043,Colombia,Pereira,Google Ads,2026-03-31,2026-07-18,2,136910,3,True,Recurrente
CLI-00044,Colombia,Medellín,Orgánico/SEO,2025-10-20,2026-03-31,2,132000,10,True,Recurrente
CLI-00045,Colombia,Bogotá,Instagram Ads,2025-08-28,2025-08-28,1,269700,2,False,Compra única
CLI-00046,Colombia,Medellín,TikTok Ads,2025-04-08,2026-05-17,4,654092,10,True,VIP
CLI-00047,Colombia,Pereira,Google Ads,2025-02-02,2026-08-03,4,506800,9,True,Recurrente
CLI-00048,Colombia,Bucaramanga,Referidos,2025-05-04,2025-12-15,5,569190,4,True,Recurrente
CLI-00049,Colombia,Bucaramanga,Orgánico/SEO,2025-05-19,2026-05-25,4,712355,10,True,VIP
CLI-00050,Colombia,Bogotá,Referidos,2025-06-01,2026-04-14,4,612450,5,True,VIP
CLI-00052,Costa Rica,San José,Google Ads,2026-05-15,2026-06-19,2,321129,6,True,Recurrente
CLI-00053,Colombia,Barranquilla,Email/WhatsApp,2025-02-25,2026-05-13,3,491150,4,True,Recurrente
CLI-00054,Colombia,Cali,Google Ads,2025-02-06,2026-03-23,3,623222,2,True,VIP
CLI-00055,Costa Rica,Alajuela,Orgánico/SEO,2026-04-01,2026-04-01,1,87462,1,False,Compra única
CLI-00056,Colombia,Medellín,Instagram Ads,2025-03-31,2026-01-09,4,299860,6,True,Recurrente
CLI-00057,Colombia,Bogotá,Email/WhatsApp,2025-05-29,2026-06-03,4,518460,10,True,Recurrente
CLI-00058,Colombia,Cali,TikTok Ads,2025-03-03,2025-11-21,3,325808,6,True,Recurrente
CLI-00059,Colombia,Bucaramanga,TikTok Ads,2025-01-17,2025-12-28,4,369636,4,True,Recurrente
CLI-00060,Costa Rica,Cartago,Google Ads,2025-09-23,2025-09-23,1,34650,8,False,Compra única
CLI-00061,Estados Unidos,Doral,Google Ads,2026-01-17,2026-04-20,2,125296,8,True,Recurrente
CLI-00062,Colombia,Bucaramanga,Orgánico/SEO,2026-01-11,2026-04-22,2,674388,10,True,VIP
CLI-00063,Colombia,Cali,Instagram Ads,2025-03-16,2026-08-16,5,755150,0,True,VIP
CLI-00064,Colombia,Pereira,Referidos,2025-07-02,2026-02-20,3,424234,2,True,Recurrente
CLI-00065,Colombia,Medellín,Referidos,2025-01-03,2026-02-23,6,540326,6,True,Recurrente
CLI-00066,Costa Rica,San José,TikTok Ads,2025-10-11,2026-04-29,2,83240,0,True,Recurrente
CLI-00067,Estados Unidos,Houston,Referidos,2025-11-10,2025-12-15,2,76300,5,True,Recurrente
CLI-00068,Colombia,Medellín,Instagram Ads,2025-01-02,2026-03-21,4,342423,6,True,Recurrente
CLI-00069,Colombia,Cali,Instagram Ads,2025-01-06,2026-04-01,6,551588,0,True,Recurrente
CLI-00071,Colombia,Pereira,Email/WhatsApp,2025-09-18,2026-06-30,4,345020,3,True,Recurrente
CLI-00072,Colombia,Bogotá,TikTok Ads,2025-09-05,2026-03-04,2,359180,8,True,Recurrente
CLI-00073,Costa Rica,Heredia,Orgánico/SEO,2025-05-10,2026-05-24,4,436550,8,True,Recurrente
CLI-00074,Costa Rica,Cartago,TikTok Ads,2025-08-28,2026-05-07,6,429130,9,True,Recurrente
CLI-00075,Colombia,Cali,Email/WhatsApp,2025-03-30,2025-03-30,1,119900,7,False,Compra única
CLI-00076,Colombia,Cali,Google Ads,2026-01-27,2026-05-23,2,556850,7,True,Recurrente
CLI-00077,Costa Rica,Alajuela,Instagram Ads,2025-11-04,2026-08-18,3,207136,8,True,Recurrente
CLI-00078,Costa Rica,Heredia,TikTok Ads,2025-08-05,2025-08-05,1,123904,9,False,Compra única
CLI-00079,Colombia,Cali,Instagram Ads,2025-05-23,2026-02-26,7,752236,0,True,VIP
CLI-00080,Colombia,Bogotá,Google Ads,2025-02-07,2025-12-02,3,225140,6,True,Recurrente
CLI-00081,Colombia,Bogotá,Email/WhatsApp,2025-06-14,2026-06-16,2,344640,2,True,Recurrente
CLI-00082,Colombia,Barranquilla,Email/WhatsApp,2025-01-29,2026-07-24,8,1561837,1,True,VIP
CLI-00083,Colombia,Medellín,Instagram Ads,2025-01-20,2026-07-22,4,442600,7,True,Recurrente
CLI-00084,Colombia,Medellín,Orgánico/SEO,2025-01-13,2025-10-30,4,387490,4,True,Recurrente
CLI-00085,Colombia,Bucaramanga,TikTok Ads,2025-04-04,2026-08-19,6,633980,2,True,VIP
CLI-00086,Colombia,Barranquilla,Google Ads,2025-01-25,2025-01-25,1,98670,0,False,Compra única
CLI-00087,Colombia,Pereira,Referidos,2025-02-02,2026-05-08,3,454877,3,True,Recurrente
CLI-00088,Costa Rica,Cartago,Instagram Ads,2025-04-28,2026-07-27,8,887602,1,True,VIP
CLI-00089,Colombia,Barranquilla,Email/WhatsApp,2025-06-07,2025-06-07,1,425480,0,False,Compra única
CLI-00090,Colombia,Pereira,Instagram Ads,2026-01-23,2026-01-23,1,37950,3,False,Compra única
CLI-00091,Colombia,Pereira,Google Ads,2026-05-21,2026-06-18,2,191930,2,True,Recurrente
CLI-00092,Estados Unidos,Houston,Referidos,2026-04-11,2026-06-16,3,325200,4,True,Recurrente
CLI-00093,Colombia,Barranquilla,Google Ads,2025-12-17,2026-05-18,3,326240,8,True,Recurrente
CLI-00094,Costa Rica,Cartago,Email/WhatsApp,2026-04-21,2026-04-25,2,607050,7,True,VIP
CLI-00095,Colombia,Medellín,Orgánico/SEO,2025-06-15,2026-08-26,5,568430,5,True,Recurrente
CLI-00096,Colombia,Medellín,TikTok Ads,2026-05-18,2026-05-18,1,145770,2,False,Compra única
CLI-00097,Costa Rica,Alajuela,Orgánico/SEO,2026-01-10,2026-05-11,2,246780,9,True,Recurrente
CLI-00098,Colombia,Bogotá,Instagram Ads,2025-11-14,2026-07-15,3,585600,8,True,VIP
CLI-00099,Costa Rica,Heredia,TikTok Ads,2025-09-11,2026-06-23,3,315606,10,True,Recurrente
CLI-00100,Costa Rica,San José,TikTok Ads,2025-06-10,2026-07-06,4,411830,8,True,Recurrente
CLI-00101,Colombia,Medellín,Instagram Ads,2025-03-13,2025-03-13,1,145770,2,False,Compra única
CLI-00102,Costa Rica,Heredia,Google Ads,2025-04-10,2026-06-02,5,487710,7,True,Recurrente
CLI-00103,Colombia,Cali,Google Ads,2025-11-21,2026-05-30,3,221870,4,True,Recurrente
CLI-00104,Costa Rica,Heredia,Instagram Ads,2025-04-05,2026-08-18,4,229072,5,True,Recurrente
CLI-00105,Colombia,Bogotá,Orgánico/SEO,2025-03-04,2026-05-17,4,814001,7,True,VIP
CLI-00106,Costa Rica,Heredia,Referidos,2025-10-11,2026-03-12,4,627575,10,True,VIP
CLI-00107,Colombia,Bogotá,Google Ads,2026-01-24,2026-06-20,2,152158,8,True,Recurrente
CLI-00108,Colombia,Cali,Google Ads,2025-04-05,2026-02-22,6,442660,7,True,Recurrente
CLI-00109,Estados Unidos,Orlando,Instagram Ads,2025-12-28,2026-07-14,4,416030,1,True,Recurrente
CLI-00110,Estados Unidos,Miami,Orgánico/SEO,2025-12-21,2026-07-28,2,210975,1,True,Recurrente
CLI-00111,Colombia,Pereira,Instagram Ads,2025-01-24,2026-08-31,7,1168787,4,True,VIP
CLI-00112,Colombia,Cali,Instagram Ads,2025-01-08,2026-08-25,4,327820,10,True,Recurrente
CLI-00113,Costa Rica,San José,Google Ads,2026-01-27,2026-05-17,3,575890,0,True,VIP
CLI-00114,Colombia,Bogotá,Instagram Ads,2025-07-11,2026-06-22,2,134950,3,True,Recurrente
CLI-00115,Costa Rica,San José,Email/WhatsApp,2025-10-24,2026-03-21,2,145770,5,True,Recurrente
CLI-00117,Colombia,Bogotá,Instagram Ads,2025-05-11,2026-04-25,2,130295,4,True,Recurrente
CLI-00118,Colombia,Cali,Email/WhatsApp,2025-01-31,2026-05-03,3,389590,0,True,Recurrente
CLI-00119,Colombia,Medellín,Instagram Ads,2026-01-11,2026-07-06,3,232408,1,True,Recurrente
CLI-00120,Colombia,Pereira,Instagram Ads,2025-06-16,2026-08-08,3,712830,2,True,VIP
CLI-00121,Colombia,Medellín,Instagram Ads,2025-03-24,2025-05-06,2,242950,5,True,Recurrente
CLI-00122,Colombia,Bucaramanga,Orgánico/SEO,2025-03-05,2026-01-14,2,93215,6,True,Recurrente
CLI-00123,Colombia,Pereira,Instagram Ads,2025-05-30,2025-06-30,2,155540,8,True,Recurrente
CLI-00124,Colombia,Medellín,Google Ads,2025-12-10,2026-05-18,4,524440,1,True,Recurrente
CLI-00126,Estados Unidos,Houston,Instagram Ads,2025-11-12,2026-06-20,2,116270,2,True,Recurrente
CLI-00127,Colombia,Barranquilla,Email/WhatsApp,2026-07-04,2026-07-04,1,103950,10,False,Compra única
CLI-00128,Colombia,Cali,Google Ads,2025-04-23,2026-04-18,2,124640,6,True,Recurrente
CLI-00129,Colombia,Pereira,Instagram Ads,2025-01-13,2025-11-11,4,872370,5,True,VIP
CLI-00130,Costa Rica,Cartago,Instagram Ads,2026-06-08,2026-08-31,2,212690,9,True,Recurrente
CLI-00131,Costa Rica,Heredia,Instagram Ads,2025-05-21,2026-06-08,3,315600,9,True,Recurrente
CLI-00132,Costa Rica,Heredia,Orgánico/SEO,2025-12-11,2026-07-23,2,387958,3,True,Recurrente
CLI-00134,Colombia,Pereira,Referidos,2025-03-18,2025-12-06,3,218933,3,True,Recurrente
CLI-00135,Colombia,Medellín,Instagram Ads,2025-01-19,2026-08-05,7,829551,5,True,VIP
CLI-00136,Estados Unidos,Orlando,Google Ads,2026-03-22,2026-05-12,2,97152,6,True,Recurrente
CLI-00137,Colombia,Barranquilla,Email/WhatsApp,2025-06-28,2026-04-05,3,430080,8,True,Recurrente
CLI-00138,Colombia,Bucaramanga,Instagram Ads,2026-05-21,2026-05-21,1,359700,10,False,Compra única
CLI-00139,Colombia,Bogotá,Instagram Ads,2025-01-07,2025-05-07,2,353670,7,True,Recurrente
CLI-00141,Colombia,Barranquilla,Referidos,2025-01-11,2026-08-29,2,439420,8,True,Recurrente
CLI-00143,Colombia,Cali,Orgánico/SEO,2025-01-20,2026-05-03,3,333651,4,True,Recurrente
CLI-00144,Colombia,Pereira,Instagram Ads,2025-10-08,2026-04-18,4,671520,8,True,VIP
CLI-00145,Colombia,Cali,Google Ads,2025-03-14,2026-05-06,4,689880,6,True,VIP
CLI-00146,Colombia,Pereira,Instagram Ads,2025-10-19,2026-07-27,3,220440,4,True,Recurrente
CLI-00147,Colombia,Bucaramanga,Referidos,2025-09-11,2026-01-26,3,270190,0,True,Recurrente
CLI-00148,Colombia,Bogotá,Orgánico/SEO,2025-08-26,2026-04-18,3,284548,2,True,Recurrente
CLI-00149,Colombia,Bucaramanga,Google Ads,2026-05-14,2026-07-18,3,460320,4,True,Recurrente
CLI-00150,Costa Rica,San José,Instagram Ads,2025-08-04,2026-06-17,2,267135,6,True,Recurrente
CLI-00151,Colombia,Bucaramanga,Email/WhatsApp,2025-06-01,2026-04-18,2,178292,6,True,Recurrente
CLI-00152,Costa Rica,Alajuela,Email/WhatsApp,2025-07-20,2026-03-20,3,260005,7,True,Recurrente
CLI-00153,Colombia,Medellín,Email/WhatsApp,2025-03-27,2025-03-27,1,138482,4,False,Compra única
CLI-00154,Colombia,Cali,Instagram Ads,2025-01-27,2026-06-14,4,662658,5,True,VIP
CLI-00156,Colombia,Cali,Orgánico/SEO,2025-02-12,2026-08-12,6,661570,9,True,VIP
CLI-00157,Colombia,Bucaramanga,Instagram Ads,2025-04-22,2026-08-25,6,630290,7,True,VIP
CLI-00158,Colombia,Pereira,Orgánico/SEO,2026-04-12,2026-07-14,3,563109,9,True,Recurrente
CLI-00159,Colombia,Bucaramanga,Instagram Ads,2025-09-22,2026-05-05,4,645881,7,True,VIP
CLI-00160,Colombia,Cali,TikTok Ads,2025-06-18,2026-07-03,5,609300,4,True,VIP
CLI-00161,Colombia,Barranquilla,Orgánico/SEO,2025-04-13,2026-04-25,3,481660,3,True,Recurrente
CLI-00162,Estados Unidos,Doral,Email/WhatsApp,2026-04-16,2026-08-26,4,550050,3,True,Recurrente
CLI-00163,Colombia,Medellín,Orgánico/SEO,2025-12-08,2026-07-11,7,590840,6,True,VIP
CLI-00164,Estados Unidos,Houston,Email/WhatsApp,2026-02-15,2026-02-15,1,48590,4,False,Compra única
CLI-00165,Estados Unidos,Orlando,Instagram Ads,2025-10-24,2026-03-11,2,101450,5,True,Recurrente
CLI-00166,Colombia,Medellín,Orgánico/SEO,2025-01-09,2026-08-14,9,1090082,9,True,VIP
CLI-00167,Colombia,Bogotá,Orgánico/SEO,2025-03-18,2025-03-18,1,97180,2,False,Compra única
CLI-00168,Costa Rica,Heredia,Google Ads,2026-01-07,2026-01-07,1,119800,9,False,Compra única
CLI-00169,Costa Rica,Alajuela,Referidos,2025-05-05,2026-08-05,6,372510,5,True,Recurrente
CLI-00170,Colombia,Medellín,TikTok Ads,2025-04-28,2026-01-13,2,163000,2,True,Recurrente
CLI-00171,Costa Rica,Cartago,TikTok Ads,2025-07-11,2026-01-13,3,185596,8,True,Recurrente
CLI-00172,Costa Rica,Alajuela,Google Ads,2026-05-07,2026-08-08,2,225150,8,True,Recurrente
CLI-00173,Colombia,Bogotá,Orgánico/SEO,2025-04-02,2026-03-05,5,286825,7,True,Recurrente
CLI-00174,Colombia,Cali,Orgánico/SEO,2025-05-28,2026-02-22,4,564773,4,True,Recurrente
CLI-00175,Colombia,Medellín,Instagram Ads,2026-03-08,2026-07-20,4,515267,5,True,Recurrente
CLI-00177,Colombia,Pereira,Google Ads,2026-05-30,2026-08-29,2,176510,3,True,Recurrente
CLI-00178,Colombia,Barranquilla,Instagram Ads,2026-03-20,2026-03-20,1,128250,4,False,Compra única
CLI-00180,Colombia,Bucaramanga,Instagram Ads,2025-04-07,2026-02-28,4,689755,8,True,VIP
CLI-00181,Estados Unidos,Orlando,Instagram Ads,2026-05-01,2026-06-26,2,136823,7,True,Recurrente
CLI-00182,Costa Rica,Heredia,Instagram Ads,2026-04-10,2026-08-08,3,246081,8,True,Recurrente
CLI-00183,Colombia,Pereira,Instagram Ads,2025-01-09,2026-04-20,3,585370,4,True,VIP
CLI-00185,Colombia,Bucaramanga,Google Ads,2025-07-25,2026-06-22,3,327934,1,True,Recurrente
CLI-00186,Colombia,Pereira,Orgánico/SEO,2025-05-25,2026-08-31,2,206198,10,True,Recurrente
CLI-00187,Colombia,Cali,Google Ads,2025-03-16,2026-07-31,6,632717,1,True,VIP
CLI-00188,Colombia,Bogotá,Orgánico/SEO,2025-08-25,2026-08-25,3,295090,5,True,Recurrente
CLI-00189,Colombia,Bucaramanga,Referidos,2025-06-27,2026-05-01,6,338318,8,True,Recurrente
CLI-00190,Colombia,Bogotá,Google Ads,2025-06-12,2026-01-07,3,242195,4,True,Recurrente
CLI-00191,Costa Rica,Alajuela,Orgánico/SEO,2026-07-10,2026-07-10,1,127000,1,False,Compra única
CLI-00192,Estados Unidos,Doral,Orgánico/SEO,2025-11-06,2025-11-06,1,98670,7,False,Compra única
CLI-00193,Costa Rica,Cartago,Orgánico/SEO,2026-05-12,2026-05-12,1,98670,6,False,Compra única
CLI-00194,Colombia,Bogotá,Instagram Ads,2025-08-05,2026-08-17,2,102998,10,True,Recurrente
CLI-00195,Colombia,Medellín,Instagram Ads,2025-03-23,2026-07-14,3,256000,3,True,Recurrente
CLI-00196,Costa Rica,Alajuela,Google Ads,2025-06-04,2025-06-04,1,75900,10,False,Compra única
CLI-00197,Colombia,Bucaramanga,Instagram Ads,2025-10-14,2026-07-26,6,916405,7,True,VIP
CLI-00198,Colombia,Medellín,Google Ads,2025-02-14,2026-08-16,5,674010,10,True,VIP
CLI-00199,Colombia,Cali,Instagram Ads,2025-07-16,2026-04-12,3,575696,5,True,VIP
CLI-00200,Costa Rica,Heredia,TikTok Ads,2025-04-19,2026-08-18,5,662115,7,True,VIP
CLI-00201,Costa Rica,Cartago,Email/WhatsApp,2025-05-13,2026-03-19,3,293880,8,True,Recurrente
CLI-00202,Colombia,Cali,Orgánico/SEO,2025-09-16,2026-08-07,7,963543,1,True,VIP
CLI-00203,Colombia,Pereira,Google Ads,2025-01-01,2026-04-28,3,330830,4,True,Recurrente
CLI-00204,Colombia,Cali,Referidos,2025-11-19,2026-04-09,3,617400,9,True,VIP
CLI-00205,Costa Rica,San José,Google Ads,2025-06-21,2026-05-10,4,1133832,4,True,VIP
CLI-00206,Costa Rica,Cartago,Orgánico/SEO,2025-09-11,2026-04-28,3,411390,2,True,Recurrente
CLI-00207,Costa Rica,San José,Orgánico/SEO,2025-06-07,2026-08-02,5,943362,7,True,VIP
CLI-00208,Colombia,Bucaramanga,Instagram Ads,2025-09-10,2026-05-23,3,398470,10,True,Recurrente
CLI-00210,Colombia,Pereira,Orgánico/SEO,2025-01-14,2026-07-06,5,831428,5,True,VIP
CLI-00211,Colombia,Bogotá,Referidos,2025-01-05,2026-05-27,4,401170,9,True,Recurrente
CLI-00212,Colombia,Bucaramanga,Google Ads,2025-03-19,2026-07-15,5,1092640,8,True,VIP
CLI-00213,Colombia,Barranquilla,TikTok Ads,2025-05-12,2025-11-22,2,208480,6,True,Recurrente
CLI-00214,Costa Rica,Cartago,Instagram Ads,2025-04-04,2026-05-01,4,422880,3,True,Recurrente
CLI-00215,Colombia,Medellín,Instagram Ads,2025-01-05,2025-01-05,1,75900,8,False,Compra única
CLI-00216,Costa Rica,San José,Google Ads,2025-06-08,2025-08-26,2,696730,7,True,VIP
CLI-00217,Colombia,Medellín,TikTok Ads,2025-01-08,2025-10-05,3,651050,10,True,VIP
CLI-00218,Colombia,Pereira,Google Ads,2025-10-06,2026-06-02,4,399586,8,True,Recurrente
CLI-00219,Colombia,Bogotá,Instagram Ads,2025-03-06,2026-01-21,4,469560,9,True,Recurrente
CLI-00220,Colombia,Barranquilla,Email/WhatsApp,2025-01-25,2026-07-06,3,304295,3,True,Recurrente
CLI-00221,Colombia,Barranquilla,TikTok Ads,2025-03-17,2025-03-17,1,97180,2,False,Compra única
CLI-00222,Colombia,Bucaramanga,TikTok Ads,2025-09-12,2026-06-15,4,449760,5,True,Recurrente
CLI-00223,Costa Rica,Cartago,Email/WhatsApp,2025-04-26,2025-11-11,2,287830,10,True,Recurrente
CLI-00224,Colombia,Barranquilla,Instagram Ads,2025-01-16,2025-01-16,1,97180,5,False,Compra única
CLI-00225,Colombia,Pereira,Referidos,2025-10-18,2026-04-04,3,446683,9,True,Recurrente
CLI-00226,Costa Rica,Heredia,Email/WhatsApp,2025-12-31,2026-06-04,3,133915,0,True,Recurrente
CLI-00227,Costa Rica,Cartago,Instagram Ads,2025-11-05,2026-05-13,2,113861,9,True,Recurrente
CLI-00228,Colombia,Medellín,Referidos,2025-04-30,2026-07-16,3,335271,4,True,Recurrente
CLI-00229,Colombia,Cali,Google Ads,2025-01-09,2025-08-07,5,525962,2,True,Recurrente
CLI-00230,Colombia,Pereira,Instagram Ads,2026-04-08,2026-06-23,3,404270,4,True,Recurrente
CLI-00231,Colombia,Cali,Email/WhatsApp,2025-01-28,2026-03-06,3,132940,0,True,Recurrente
CLI-00232,Colombia,Medellín,Instagram Ads,2025-07-11,2025-07-11,1,31350,0,False,Compra única
CLI-00233,Estados Unidos,Doral,Google Ads,2026-01-15,2026-06-26,2,121085,6,True,Recurrente
CLI-00234,Colombia,Barranquilla,Google Ads,2025-05-20,2026-04-27,7,925050,6,True,VIP
CLI-00235,Colombia,Bogotá,TikTok Ads,2025-09-01,2026-02-07,3,168360,8,True,Recurrente
CLI-00236,Colombia,Cali,Orgánico/SEO,2025-07-26,2025-07-26,1,265810,6,False,Compra única
CLI-00237,Colombia,Barranquilla,Google Ads,2026-01-30,2026-05-19,2,95590,6,True,Recurrente
CLI-00238,Colombia,Bucaramanga,Google Ads,2025-01-22,2026-05-26,6,651248,5,True,VIP
CLI-00239,Colombia,Cali,Orgánico/SEO,2026-04-28,2026-06-30,2,348390,2,True,Recurrente
CLI-00240,Colombia,Cali,Google Ads,2025-05-23,2026-08-15,2,469038,7,True,Recurrente
CLI-00241,Colombia,Bucaramanga,Google Ads,2025-02-07,2026-08-03,4,384791,8,True,Recurrente
CLI-00242,Colombia,Cali,Orgánico/SEO,2025-06-23,2026-04-29,3,680390,2,True,VIP
CLI-00243,Costa Rica,San José,Instagram Ads,2025-10-14,2025-12-03,3,475940,10,True,Recurrente
CLI-00244,Colombia,Bucaramanga,Instagram Ads,2025-02-25,2025-02-25,1,113850,2,False,Compra única
CLI-00245,Estados Unidos,Houston,Google Ads,2026-03-25,2026-06-09,3,260500,0,True,Recurrente
CLI-00246,Colombia,Pereira,Instagram Ads,2025-10-22,2026-05-02,2,637950,5,True,VIP
CLI-00247,Colombia,Bucaramanga,Instagram Ads,2026-01-01,2026-01-01,1,114622,1,False,Compra única
CLI-00248,Estados Unidos,Houston,Google Ads,2026-02-14,2026-07-19,2,271410,8,True,Recurrente
CLI-00249,Costa Rica,Heredia,Google Ads,2026-05-26,2026-08-15,3,529520,3,True,Recurrente
CLI-00250,Colombia,Cali,Orgánico/SEO,2025-11-07,2026-07-07,2,190850,9,True,Recurrente
CLI-00251,Colombia,Barranquilla,Referidos,2026-03-17,2026-05-08,2,202822,7,True,Recurrente
CLI-00253,Colombia,Pereira,Google Ads,2025-03-18,2026-07-08,3,372185,2,True,Recurrente
CLI-00254,Colombia,Medellín,Google Ads,2025-05-31,2025-05-31,1,190500,3,False,Compra única
CLI-00255,Colombia,Cali,Instagram Ads,2025-06-09,2025-06-09,1,138482,0,False,Compra única
CLI-00256,Costa Rica,Cartago,Google Ads,2025-11-05,2026-08-17,6,453996,2,True,Recurrente
CLI-00257,Costa Rica,Cartago,Instagram Ads,2025-11-07,2026-06-04,4,534780,4,True,Recurrente
CLI-00258,Estados Unidos,Orlando,Orgánico/SEO,2025-10-04,2025-12-22,4,187795,3,True,Recurrente
CLI-00259,Colombia,Cali,Orgánico/SEO,2026-05-06,2026-08-07,2,323650,1,True,Recurrente
CLI-00260,Colombia,Bucaramanga,Orgánico/SEO,2025-09-03,2025-09-03,1,92321,10,False,Compra única
CLI-00261,Costa Rica,Cartago,Instagram Ads,2025-04-03,2026-04-19,6,700922,5,True,VIP
CLI-00262,Estados Unidos,Miami,Instagram Ads,2026-02-07,2026-08-31,2,184095,7,True,Recurrente
CLI-00263,Estados Unidos,Houston,Referidos,2026-03-25,2026-03-25,1,215070,1,False,Compra única
CLI-00264,Colombia,Bogotá,Orgánico/SEO,2025-05-04,2025-08-08,2,486700,10,True,Recurrente
CLI-00265,Estados Unidos,Orlando,Instagram Ads,2026-05-20,2026-06-29,2,93780,6,True,Recurrente
CLI-00266,Colombia,Pereira,Google Ads,2026-05-18,2026-05-18,1,270840,5,False,Compra única
CLI-00267,Costa Rica,Cartago,Google Ads,2026-07-20,2026-07-20,1,218570,7,False,Compra única
CLI-00268,Colombia,Pereira,Email/WhatsApp,2026-07-14,2026-08-16,2,162591,8,True,Recurrente
CLI-00269,Costa Rica,Alajuela,Google Ads,2025-07-04,2026-05-16,4,377290,9,True,Recurrente
CLI-00270,Colombia,Medellín,Instagram Ads,2025-07-21,2026-08-01,3,331415,4,True,Recurrente
CLI-00272,Colombia,Bucaramanga,Instagram Ads,2025-06-21,2026-07-03,4,588930,4,True,VIP
CLI-00273,Colombia,Cali,Google Ads,2025-01-08,2026-02-19,6,948698,4,True,VIP
CLI-00274,Colombia,Bucaramanga,Email/WhatsApp,2025-06-28,2026-06-30,3,424140,1,True,Recurrente
CLI-00275,Costa Rica,San José,TikTok Ads,2025-05-21,2025-11-15,3,285610,6,True,Recurrente
CLI-00276,Costa Rica,Alajuela,Email/WhatsApp,2025-10-17,2025-12-20,2,90280,2,True,Recurrente
CLI-00277,Colombia,Cali,Referidos,2026-01-24,2026-02-22,4,624138,3,True,VIP
CLI-00278,Colombia,Cali,Instagram Ads,2025-01-26,2025-05-07,2,145770,3,True,Recurrente
CLI-00279,Colombia,Medellín,Referidos,2025-02-02,2025-11-06,5,578510,1,True,VIP
CLI-00280,Costa Rica,Heredia,Instagram Ads,2025-05-19,2026-07-06,5,458658,3,True,Recurrente
CLI-00281,Colombia,Bucaramanga,Google Ads,2025-12-14,2026-07-13,3,224283,4,True,Recurrente
CLI-00283,Colombia,Bucaramanga,Email/WhatsApp,2025-03-08,2026-05-20,2,429000,1,True,Recurrente
CLI-00284,Colombia,Barranquilla,TikTok Ads,2025-04-25,2026-02-12,3,627550,10,True,VIP
CLI-00285,Colombia,Bucaramanga,Orgánico/SEO,2025-05-27,2026-07-15,3,577500,2,True,VIP
CLI-00286,Colombia,Cali,Google Ads,2025-02-23,2026-07-21,2,182853,6,True,Recurrente
CLI-00287,Estados Unidos,Houston,Orgánico/SEO,2026-06-14,2026-06-14,1,90000,0,False,Compra única
CLI-00288,Colombia,Medellín,Instagram Ads,2025-03-14,2025-08-15,3,332630,7,True,Recurrente
CLI-00289,Colombia,Pereira,Google Ads,2025-10-18,2025-10-18,1,119900,0,False,Compra única
CLI-00290,Colombia,Bogotá,Instagram Ads,2025-07-09,2026-01-19,2,163040,0,True,Recurrente
CLI-00291,Colombia,Barranquilla,Google Ads,2025-05-04,2026-05-25,5,840870,0,True,VIP
CLI-00292,Estados Unidos,Houston,Instagram Ads,2026-01-05,2026-05-05,4,310360,4,True,Recurrente
CLI-00293,Costa Rica,Cartago,Referidos,2025-08-17,2026-03-19,3,329590,0,True,Recurrente
CLI-00294,Estados Unidos,Doral,Email/WhatsApp,2025-10-11,2026-04-14,3,401120,9,True,Recurrente
CLI-00295,Colombia,Pereira,Google Ads,2025-01-01,2025-12-03,3,194590,3,True,Recurrente
CLI-00296,Colombia,Pereira,Google Ads,2026-08-01,2026-08-01,1,48590,0,False,Compra única
CLI-00297,Colombia,Medellín,Google Ads,2025-01-28,2026-06-20,4,458043,1,True,Recurrente
CLI-00299,Colombia,Barranquilla,Instagram Ads,2025-11-07,2025-11-07,1,108158,8,False,Compra única
CLI-00300,Colombia,Bucaramanga,Orgánico/SEO,2025-07-04,2025-11-01,3,173990,6,True,Recurrente
CLI-00301,Colombia,Medellín,Referidos,2025-04-18,2026-08-31,3,358290,6,True,Recurrente
CLI-00302,Costa Rica,Cartago,Google Ads,2025-09-05,2026-08-30,5,554415,7,True,Recurrente
CLI-00303,Colombia,Bogotá,Google Ads,2025-05-07,2026-08-07,4,694632,9,True,VIP
CLI-00304,Colombia,Cali,Email/WhatsApp,2025-03-15,2025-08-25,2,568170,7,True,Recurrente
CLI-00305,Costa Rica,Heredia,Email/WhatsApp,2025-04-20,2026-08-21,6,1364720,4,True,VIP
CLI-00306,Colombia,Medellín,TikTok Ads,2025-05-15,2025-05-15,1,125070,9,False,Compra única
CLI-00307,Colombia,Pereira,Instagram Ads,2026-03-19,2026-03-19,1,132958,9,False,Compra única
CLI-00308,Colombia,Cali,Email/WhatsApp,2025-05-03,2026-08-22,7,1001562,5,True,VIP
CLI-00310,Colombia,Barranquilla,Orgánico/SEO,2025-06-08,2026-07-02,5,552250,9,True,Recurrente
CLI-00311,Colombia,Bucaramanga,Referidos,2025-05-30,2026-04-17,5,495290,3,True,Recurrente
CLI-00312,Colombia,Bogotá,Orgánico/SEO,2025-09-28,2026-05-19,2,133995,1,True,Recurrente
CLI-00313,Estados Unidos,Doral,Google Ads,2025-12-05,2026-06-08,3,622028,6,True,VIP
CLI-00314,Colombia,Bogotá,Google Ads,2025-12-23,2026-06-08,2,151800,5,True,Recurrente
CLI-00315,Estados Unidos,Orlando,Instagram Ads,2025-10-09,2026-01-02,3,522590,10,True,Recurrente
CLI-00316,Colombia,Medellín,Referidos,2025-01-21,2026-06-04,5,554672,4,True,Recurrente
CLI-00317,Colombia,Pereira,Instagram Ads,2025-07-15,2025-07-15,1,83380,8,False,Compra única
CLI-00318,Colombia,Cali,Instagram Ads,2025-10-01,2026-08-14,4,360238,8,True,Recurrente
CLI-00319,Costa Rica,Cartago,Instagram Ads,2025-08-30,2025-08-30,1,131590,2,False,Compra única
CLI-00320,Estados Unidos,Orlando,Google Ads,2025-11-27,2025-11-27,1,113850,5,False,Compra única
CLI-00321,Colombia,Medellín,Instagram Ads,2025-05-08,2026-05-03,5,881480,7,True,VIP
CLI-00322,Colombia,Bucaramanga,Google Ads,2025-09-19,2026-04-23,4,283620,0,True,Recurrente
CLI-00323,Colombia,Pereira,TikTok Ads,2025-12-01,2026-05-15,2,138590,5,True,Recurrente
CLI-00324,Colombia,Pereira,Referidos,2025-01-04,2026-05-21,7,588980,1,True,VIP
CLI-00325,Estados Unidos,Houston,Instagram Ads,2026-06-30,2026-06-30,1,48590,5,False,Compra única
CLI-00326,Costa Rica,Alajuela,Instagram Ads,2025-11-09,2026-07-12,2,93720,3,True,Recurrente
CLI-00327,Colombia,Bucaramanga,Email/WhatsApp,2026-02-12,2026-05-16,2,391043,7,True,Recurrente
CLI-00328,Colombia,Medellín,Orgánico/SEO,2025-06-10,2026-02-16,3,803450,10,True,VIP
CLI-00329,Costa Rica,Alajuela,Orgánico/SEO,2026-01-04,2026-01-04,1,429550,5,False,Compra única
CLI-00330,Colombia,Bucaramanga,Email/WhatsApp,2025-04-04,2026-07-05,6,826710,0,True,VIP
CLI-00331,Colombia,Bogotá,Google Ads,2025-10-10,2025-10-10,1,97180,1,False,Compra única
CLI-00332,Estados Unidos,Orlando,Referidos,2026-03-01,2026-05-04,2,168221,10,True,Recurrente
CLI-00333,Costa Rica,Cartago,Google Ads,2025-11-13,2026-03-12,2,258340,1,True,Recurrente
CLI-00334,Colombia,Barranquilla,Referidos,2025-09-15,2025-09-15,1,118816,9,False,Compra única
CLI-00335,Colombia,Cali,Orgánico/SEO,2025-02-24,2026-03-24,4,359545,5,True,Recurrente
CLI-00336,Colombia,Pereira,Email/WhatsApp,2025-07-21,2026-06-18,3,222546,3,True,Recurrente
CLI-00337,Colombia,Bogotá,TikTok Ads,2025-03-12,2026-06-07,3,588550,8,True,VIP
CLI-00339,Colombia,Pereira,Instagram Ads,2026-04-05,2026-04-05,1,83380,2,False,Compra única
CLI-00340,Colombia,Bogotá,Instagram Ads,2025-10-16,2026-08-01,3,665800,4,True,VIP
CLI-00341,Costa Rica,Heredia,Orgánico/SEO,2025-07-10,2026-06-19,4,1057150,3,True,VIP
CLI-00342,Colombia,Bucaramanga,Instagram Ads,2025-01-27,2026-08-24,5,384631,9,True,Recurrente
CLI-00343,Costa Rica,Heredia,Google Ads,2025-05-04,2026-07-09,3,562065,3,True,Recurrente
CLI-00344,Colombia,Bucaramanga,Instagram Ads,2025-01-30,2026-07-12,4,521750,5,True,Recurrente
CLI-00345,Costa Rica,Cartago,Orgánico/SEO,2025-11-01,2025-11-01,1,113850,1,False,Compra única
CLI-00346,Estados Unidos,Orlando,Orgánico/SEO,2026-03-06,2026-07-03,5,574610,0,True,Recurrente
CLI-00347,Estados Unidos,Doral,Email/WhatsApp,2025-11-18,2026-04-28,4,319668,0,True,Recurrente
CLI-00348,Colombia,Pereira,Email/WhatsApp,2026-01-02,2026-02-08,2,166350,0,True,Recurrente
CLI-00349,Colombia,Bogotá,Email/WhatsApp,2026-08-01,2026-08-01,1,81000,3,False,Compra única
CLI-00351,Colombia,Medellín,TikTok Ads,2025-09-29,2026-03-31,4,253610,5,True,Recurrente
CLI-00352,Colombia,Pereira,Google Ads,2025-01-01,2026-06-29,3,890370,9,True,VIP
CLI-00353,Colombia,Bucaramanga,Instagram Ads,2025-04-02,2025-05-29,3,311960,1,True,Recurrente
CLI-00354,Costa Rica,Alajuela,Google Ads,2025-04-21,2026-05-10,5,340988,8,True,Recurrente
CLI-00356,Colombia,Pereira,TikTok Ads,2025-01-24,2026-08-22,5,430675,8,True,Recurrente
CLI-00357,Colombia,Barranquilla,Google Ads,2025-05-21,2026-03-08,3,283163,7,True,Recurrente
CLI-00359,Colombia,Pereira,Orgánico/SEO,2025-08-17,2025-08-17,1,128250,10,False,Compra única
CLI-00360,Costa Rica,Cartago,TikTok Ads,2026-04-13,2026-04-13,1,34650,4,False,Compra única
CLI-00361,Estados Unidos,Miami,TikTok Ads,2025-12-18,2026-05-22,2,164950,0,True,Recurrente
CLI-00362,Colombia,Cali,TikTok Ads,2025-05-21,2025-10-03,3,408475,0,True,Recurrente
CLI-00363,Colombia,Bogotá,Orgánico/SEO,2025-02-12,2025-09-03,2,235100,6,True,Recurrente
CLI-00364,Colombia,Barranquilla,Google Ads,2025-01-27,2026-03-24,4,537870,3,True,Recurrente
CLI-00365,Costa Rica,Alajuela,Orgánico/SEO,2025-05-02,2026-05-07,5,514435,10,True,Recurrente
CLI-00366,Colombia,Cali,Referidos,2025-12-02,2026-01-08,2,81200,0,True,Recurrente
CLI-00367,Estados Unidos,Orlando,Google Ads,2026-02-24,2026-02-24,1,97180,1,False,Compra única
CLI-00368,Colombia,Medellín,Google Ads,2025-02-24,2025-05-31,5,493160,3,True,Recurrente
CLI-00369,Colombia,Medellín,Instagram Ads,2025-01-01,2026-07-16,6,578562,9,True,VIP
CLI-00370,Colombia,Cali,Email/WhatsApp,2025-09-14,2026-08-07,5,482176,8,True,Recurrente
CLI-00371,Colombia,Bucaramanga,Email/WhatsApp,2025-04-06,2025-10-15,3,536820,5,True,Recurrente
CLI-00372,Colombia,Bucaramanga,Instagram Ads,2025-10-18,2026-08-15,5,507418,8,True,Recurrente
CLI-00373,Colombia,Pereira,Google Ads,2026-01-16,2026-04-09,2,318290,6,True,Recurrente
CLI-00374,Colombia,Bogotá,Referidos,2025-02-08,2025-11-14,3,209086,8,True,Recurrente
CLI-00375,Costa Rica,Heredia,Google Ads,2025-04-07,2025-11-27,3,219880,6,True,Recurrente
CLI-00377,Costa Rica,Cartago,Instagram Ads,2025-06-09,2025-11-25,2,152580,2,True,Recurrente
CLI-00378,Colombia,Barranquilla,Instagram Ads,2025-02-16,2026-01-09,5,384146,6,True,Recurrente
CLI-00379,Estados Unidos,Houston,Google Ads,2026-03-11,2026-03-11,1,29601,0,False,Compra única
CLI-00380,Colombia,Pereira,TikTok Ads,2025-10-29,2026-03-23,3,426560,8,True,Recurrente
CLI-00381,Colombia,Pereira,Referidos,2026-04-10,2026-04-10,1,145770,8,False,Compra única
CLI-00382,Colombia,Bucaramanga,Email/WhatsApp,2025-08-19,2026-03-20,2,146830,0,True,Recurrente
CLI-00384,Colombia,Cali,Orgánico/SEO,2025-10-31,2026-05-04,3,225510,4,True,Recurrente
CLI-00385,Colombia,Bogotá,Email/WhatsApp,2025-03-10,2026-06-18,9,1258374,10,True,VIP
CLI-00386,Colombia,Medellín,Instagram Ads,2025-05-17,2025-05-17,1,98670,6,False,Compra única
CLI-00387,Costa Rica,Cartago,TikTok Ads,2025-05-13,2026-03-12,4,338851,5,True,Recurrente
CLI-00388,Colombia,Bogotá,Google Ads,2025-08-18,2026-04-24,3,234635,10,True,Recurrente
CLI-00389,Colombia,Medellín,Email/WhatsApp,2025-04-26,2026-05-25,7,1227684,9,True,VIP
CLI-00391,Colombia,Medellín,Orgánico/SEO,2025-04-25,2025-04-25,1,56430,8,False,Compra única
CLI-00392,Estados Unidos,Houston,Instagram Ads,2025-10-17,2026-07-25,3,418655,9,True,Recurrente
CLI-00393,Colombia,Medellín,Instagram Ads,2025-04-03,2026-05-30,5,384401,9,True,Recurrente
CLI-00394,Colombia,Cali,Instagram Ads,2025-01-05,2026-06-12,7,918788,5,True,VIP
CLI-00395,Colombia,Bogotá,Email/WhatsApp,2025-01-26,2026-04-19,4,352880,7,True,Recurrente
CLI-00396,Costa Rica,San José,Orgánico/SEO,2025-05-06,2026-08-15,4,491500,1,True,Recurrente
CLI-00397,Colombia,Bucaramanga,Referidos,2026-04-23,2026-04-23,1,75600,10,False,Compra única
CLI-00398,Colombia,Cali,Instagram Ads,2025-04-26,2025-04-26,1,179800,10,False,Compra única
CLI-00399,Colombia,Pereira,Instagram Ads,2025-10-20,2025-10-20,1,83380,6,False,Compra única
CLI-00400,Estados Unidos,Miami,Instagram Ads,2026-06-19,2026-06-19,1,97180,0,False,Compra única
CLI-00401,Colombia,Bogotá,Google Ads,2025-02-19,2026-05-17,4,391570,7,True,Recurrente
CLI-00402,Estados Unidos,Orlando,Google Ads,2026-05-19,2026-05-19,1,45000,9,False,Compra única
CLI-00403,Colombia,Barranquilla,Google Ads,2025-12-10,2026-03-12,4,323280,0,True,Recurrente
CLI-00404,Estados Unidos,Orlando,Referidos,2026-02-12,2026-04-15,2,128380,8,True,Recurrente
CLI-00405,Costa Rica,Alajuela,Google Ads,2026-02-12,2026-02-12,1,94050,10,False,Compra única
CLI-00406,Costa Rica,Alajuela,Orgánico/SEO,2026-08-31,2026-08-31,1,45000,9,False,Compra única
CLI-00407,Colombia,Pereira,Instagram Ads,2025-05-13,2025-08-30,2,239840,1,True,Recurrente
CLI-00408,Colombia,Bucaramanga,Email/WhatsApp,2025-03-06,2026-06-11,4,506443,4,True,Recurrente
CLI-00409,Colombia,Bogotá,Email/WhatsApp,2025-10-08,2026-03-08,2,202208,5,True,Recurrente
CLI-00411,Colombia,Bucaramanga,Instagram Ads,2025-05-21,2026-07-03,6,325340,3,True,Recurrente
CLI-00412,Estados Unidos,Orlando,Email/WhatsApp,2025-10-25,2026-02-14,2,150050,2,True,Recurrente
CLI-00413,Estados Unidos,Miami,Google Ads,2025-11-21,2026-08-16,4,554600,6,True,Recurrente
CLI-00414,Costa Rica,San José,Referidos,2025-05-23,2025-07-24,3,288410,0,True,Recurrente
CLI-00415,Colombia,Cali,Instagram Ads,2025-03-15,2026-05-23,4,574173,0,True,Recurrente
CLI-00416,Costa Rica,Cartago,Orgánico/SEO,2025-06-25,2026-05-31,4,934970,7,True,VIP
CLI-00417,Colombia,Barranquilla,Email/WhatsApp,2025-09-22,2026-02-18,4,413685,2,True,Recurrente
CLI-00418,Colombia,Pereira,Instagram Ads,2025-06-10,2025-12-18,4,946745,5,True,VIP
CLI-00419,Estados Unidos,Houston,Instagram Ads,2026-07-01,2026-07-01,1,90000,1,False,Compra única
CLI-00420,Colombia,Bucaramanga,Email/WhatsApp,2025-03-17,2026-08-27,4,649760,7,True,VIP
CLI-00421,Costa Rica,Cartago,Google Ads,2025-05-04,2025-05-04,1,94050,3,False,Compra única
CLI-00422,Costa Rica,Cartago,Instagram Ads,2025-08-10,2026-06-07,4,493200,10,True,Recurrente
CLI-00423,Costa Rica,San José,Google Ads,2025-05-02,2026-05-26,3,456555,1,True,Recurrente
CLI-00424,Colombia,Barranquilla,Instagram Ads,2025-04-12,2026-02-05,3,358520,6,True,Recurrente
CLI-00425,Costa Rica,Alajuela,Instagram Ads,2026-03-13,2026-05-18,3,474770,4,True,Recurrente
CLI-00426,Colombia,Barranquilla,Instagram Ads,2026-06-11,2026-06-11,1,83380,4,False,Compra única
CLI-00427,Colombia,Pereira,Google Ads,2025-05-25,2025-09-10,2,296300,3,True,Recurrente
CLI-00428,Colombia,Cali,Orgánico/SEO,2025-02-22,2025-11-17,5,355463,4,True,Recurrente
CLI-00429,Costa Rica,Heredia,Orgánico/SEO,2025-05-01,2026-07-04,2,176550,9,True,Recurrente
CLI-00430,Colombia,Medellín,Referidos,2025-05-06,2025-05-06,1,208827,9,False,Compra única
CLI-00431,Colombia,Barranquilla,TikTok Ads,2025-01-07,2026-01-06,4,301062,4,True,Recurrente
CLI-00432,Estados Unidos,Houston,Instagram Ads,2025-11-02,2025-11-02,1,145770,1,False,Compra única
CLI-00433,Costa Rica,Heredia,Instagram Ads,2025-04-07,2025-06-20,2,175552,8,True,Recurrente
CLI-00434,Costa Rica,Alajuela,Google Ads,2026-02-11,2026-05-12,2,166760,3,True,Recurrente
CLI-00435,Colombia,Cali,Orgánico/SEO,2025-01-29,2025-11-02,4,431338,5,True,Recurrente
CLI-00436,Colombia,Bucaramanga,TikTok Ads,2025-11-06,2026-02-21,2,242580,0,True,Recurrente
CLI-00437,Costa Rica,Heredia,Orgánico/SEO,2025-04-14,2025-12-28,4,351084,7,True,Recurrente
CLI-00438,Colombia,Barranquilla,Instagram Ads,2025-04-15,2026-08-01,6,838830,0,True,VIP
CLI-00439,Colombia,Bogotá,Google Ads,2026-07-05,2026-08-08,2,229150,6,True,Recurrente
CLI-00440,Colombia,Bucaramanga,Google Ads,2026-04-09,2026-04-09,1,94050,7,False,Compra única
CLI-00441,Costa Rica,Heredia,Google Ads,2025-12-14,2026-07-03,2,384690,4,True,Recurrente
CLI-00442,Colombia,Bucaramanga,TikTok Ads,2026-02-01,2026-04-30,3,407640,6,True,Recurrente
CLI-00443,Estados Unidos,Miami,Instagram Ads,2025-12-24,2025-12-24,1,31350,0,False,Compra única
CLI-00444,Colombia,Barranquilla,Referidos,2025-11-04,2026-06-26,2,138600,7,True,Recurrente
CLI-00445,Colombia,Cali,Instagram Ads,2025-04-05,2026-01-23,3,346460,5,True,Recurrente
CLI-00446,Costa Rica,San José,Google Ads,2026-02-24,2026-06-08,3,305670,7,True,Recurrente
CLI-00447,Colombia,Bogotá,Email/WhatsApp,2025-12-02,2026-07-20,4,410450,7,True,Recurrente
CLI-00448,Colombia,Bogotá,Orgánico/SEO,2025-05-10,2025-12-26,3,540260,5,True,Recurrente
CLI-00449,Colombia,Bogotá,Email/WhatsApp,2025-04-10,2026-07-05,5,335536,5,True,Recurrente
CLI-00450,Colombia,Medellín,TikTok Ads,2025-03-05,2025-04-07,3,239310,0,True,Recurrente
CLI-00451,Estados Unidos,Doral,Email/WhatsApp,2025-10-31,2025-10-31,1,92321,3,False,Compra única
CLI-00452,Colombia,Barranquilla,TikTok Ads,2026-03-06,2026-07-21,4,329610,1,True,Recurrente
CLI-00453,Colombia,Medellín,Instagram Ads,2025-12-29,2026-05-17,2,422191,3,True,Recurrente
CLI-00454,Colombia,Medellín,Instagram Ads,2025-01-02,2025-11-27,5,465260,3,True,Recurrente
CLI-00455,Costa Rica,Heredia,TikTok Ads,2025-04-15,2026-07-07,7,686282,10,True,VIP
CLI-00456,Costa Rica,Alajuela,Google Ads,2025-06-21,2026-03-28,4,421780,1,True,Recurrente
CLI-00457,Colombia,Medellín,TikTok Ads,2025-03-10,2026-05-11,2,122926,3,True,Recurrente
CLI-00458,Costa Rica,Cartago,Email/WhatsApp,2025-05-12,2026-08-31,2,212520,1,True,Recurrente
CLI-00459,Costa Rica,San José,Email/WhatsApp,2025-06-10,2026-05-15,3,194380,10,True,Recurrente
CLI-00460,Costa Rica,Alajuela,Instagram Ads,2026-02-01,2026-02-07,2,219920,10,True,Recurrente
CLI-00461,Colombia,Medellín,Instagram Ads,2025-10-19,2026-01-08,2,179365,2,True,Recurrente
CLI-00462,Colombia,Bogotá,Google Ads,2025-07-02,2026-06-07,2,202080,10,True,Recurrente
CLI-00463,Colombia,Bucaramanga,Email/WhatsApp,2025-02-12,2026-08-22,5,542305,0,True,Recurrente
CLI-00465,Colombia,Cali,Google Ads,2025-12-07,2026-02-21,2,180560,7,True,Recurrente
CLI-00466,Colombia,Medellín,Referidos,2025-01-31,2025-01-31,1,79211,4,False,Compra única
CLI-00467,Colombia,Barranquilla,Orgánico/SEO,2025-02-05,2026-01-05,5,601875,0,True,VIP
CLI-00468,Colombia,Medellín,Orgánico/SEO,2025-02-12,2026-05-04,7,650760,8,True,VIP
CLI-00469,Estados Unidos,Houston,Instagram Ads,2026-05-13,2026-08-05,3,357260,9,True,Recurrente
CLI-00470,Colombia,Pereira,Orgánico/SEO,2025-02-08,2026-02-15,4,186981,9,True,Recurrente
CLI-00471,Costa Rica,Heredia,Orgánico/SEO,2026-05-10,2026-08-20,3,193990,7,True,Recurrente
CLI-00472,Colombia,Barranquilla,Instagram Ads,2025-11-15,2026-02-26,2,93101,7,True,Recurrente
CLI-00473,Colombia,Medellín,Orgánico/SEO,2025-06-10,2026-01-05,5,406530,3,True,Recurrente
CLI-00474,Colombia,Bucaramanga,TikTok Ads,2025-03-21,2026-03-06,5,314210,4,True,Recurrente
CLI-00475,Costa Rica,Heredia,Instagram Ads,2026-02-18,2026-02-19,2,292363,7,True,Recurrente
CLI-00476,Estados Unidos,Orlando,Email/WhatsApp,2025-11-01,2026-08-13,3,249280,2,True,Recurrente
CLI-00477,Colombia,Bogotá,Google Ads,2025-03-08,2025-11-17,4,409860,4,True,Recurrente
CLI-00478,Colombia,Bucaramanga,Google Ads,2026-03-05,2026-06-13,2,194360,8,True,Recurrente
CLI-00479,Colombia,Bucaramanga,Instagram Ads,2025-08-20,2026-07-07,5,809780,8,True,VIP
CLI-00480,Colombia,Cali,Referidos,2025-04-06,2025-04-06,1,59202,5,False,Compra única
CLI-00481,Colombia,Bogotá,Google Ads,2025-01-10,2026-05-20,3,269520,3,True,Recurrente
CLI-00482,Colombia,Cali,Orgánico/SEO,2025-11-25,2025-11-25,1,37950,2,False,Compra única
CLI-00483,Colombia,Bogotá,Instagram Ads,2025-03-08,2026-05-19,8,1424812,10,True,VIP
CLI-00484,Colombia,Bucaramanga,Email/WhatsApp,2025-02-18,2025-06-04,2,416610,4,True,Recurrente
CLI-00486,Colombia,Bogotá,Email/WhatsApp,2025-01-19,2025-12-23,3,194490,10,True,Recurrente
CLI-00487,Estados Unidos,Miami,Email/WhatsApp,2026-03-29,2026-03-29,1,187460,7,False,Compra única
CLI-00488,Colombia,Pereira,Instagram Ads,2025-06-25,2026-07-06,3,398102,1,True,Recurrente
CLI-00489,Estados Unidos,Houston,Instagram Ads,2025-12-27,2026-08-27,5,556128,3,True,Recurrente
CLI-00490,Colombia,Bucaramanga,Instagram Ads,2025-02-08,2026-03-23,3,1036725,7,True,VIP
CLI-00491,Colombia,Bogotá,Orgánico/SEO,2025-09-10,2026-05-29,3,636580,7,True,VIP
CLI-00492,Costa Rica,Alajuela,Orgánico/SEO,2025-05-08,2025-09-14,2,265500,5,True,Recurrente
CLI-00493,Colombia,Medellín,Instagram Ads,2025-05-28,2026-05-29,2,228290,7,True,Recurrente
CLI-00494,Costa Rica,Heredia,Referidos,2025-04-24,2026-08-04,4,691510,0,True,VIP
CLI-00495,Colombia,Medellín,Instagram Ads,2026-04-17,2026-05-19,2,197230,1,True,Recurrente
CLI-00496,Colombia,Cali,Google Ads,2025-03-18,2026-07-01,6,384633,10,True,Recurrente
CLI-00497,Costa Rica,San José,Google Ads,2025-10-14,2026-07-12,3,297800,7,True,Recurrente
CLI-00498,Colombia,Barranquilla,Instagram Ads,2025-01-01,2026-03-31,4,449088,4,True,Recurrente
CLI-00499,Colombia,Bogotá,Instagram Ads,2025-03-28,2026-07-14,4,706778,8,True,VIP
CLI-00500,Colombia,Cali,Instagram Ads,2025-07-07,2026-01-01,3,326500,5,True,Recurrente
CLI-00501,Colombia,Medellín,Instagram Ads,2026-02-03,2026-04-24,2,190950,7,True,Recurrente
CLI-00502,Colombia,Medellín,Orgánico/SEO,2025-01-26,2026-03-26,3,379500,3,True,Recurrente
CLI-00503,Costa Rica,Cartago,Instagram Ads,2026-01-09,2026-08-18,5,718195,10,True,VIP
CLI-00504,Colombia,Bogotá,Instagram Ads,2026-03-15,2026-03-15,1,28000,3,False,Compra única
CLI-00505,Estados Unidos,Orlando,Orgánico/SEO,2026-02-02,2026-07-25,3,511499,6,True,Recurrente
CLI-00506,Colombia,Pereira,Orgánico/SEO,2025-03-19,2025-11-02,2,270840,6,True,Recurrente
CLI-00507,Colombia,Pereira,Instagram Ads,2025-03-29,2025-12-27,4,670430,2,True,VIP
CLI-00508,Colombia,Barranquilla,Google Ads,2026-01-01,2026-08-08,3,254761,9,True,Recurrente
CLI-00510,Costa Rica,Alajuela,Referidos,2025-05-13,2026-08-30,3,457150,7,True,Recurrente
CLI-00511,Colombia,Medellín,TikTok Ads,2026-03-18,2026-03-18,1,37950,7,False,Compra única
CLI-00512,Colombia,Bogotá,Orgánico/SEO,2025-12-12,2026-06-20,3,326017,2,True,Recurrente
CLI-00513,Colombia,Medellín,Referidos,2025-01-15,2026-08-04,5,873002,7,True,VIP
CLI-00514,Colombia,Pereira,Instagram Ads,2025-01-09,2025-08-26,2,259620,2,True,Recurrente
CLI-00516,Colombia,Cali,Google Ads,2025-03-20,2026-01-17,3,239440,3,True,Recurrente
CLI-00517,Colombia,Medellín,Instagram Ads,2025-03-11,2026-07-01,7,837145,1,True,VIP
CLI-00518,Colombia,Cali,Instagram Ads,2025-11-20,2025-11-20,1,138482,4,False,Compra única
CLI-00519,Colombia,Pereira,Email/WhatsApp,2025-01-23,2026-03-12,6,736060,2,True,VIP
CLI-00520,Costa Rica,Alajuela,Google Ads,2025-04-14,2025-04-14,1,83380,3,False,Compra única
CLI-00521,Estados Unidos,Houston,Email/WhatsApp,2025-12-10,2026-07-25,2,297700,3,True,Recurrente
CLI-00522,Costa Rica,Cartago,TikTok Ads,2025-09-10,2026-08-13,3,412750,8,True,Recurrente
CLI-00523,Colombia,Bucaramanga,Instagram Ads,2025-03-30,2026-01-16,2,235662,9,True,Recurrente
CLI-00524,Colombia,Barranquilla,Instagram Ads,2026-07-25,2026-07-25,1,92321,5,False,Compra única
CLI-00526,Colombia,Barranquilla,Google Ads,2026-01-04,2026-02-03,2,242590,4,True,Recurrente
CLI-00527,Estados Unidos,Doral,Email/WhatsApp,2026-03-28,2026-03-28,1,48590,10,False,Compra única
CLI-00528,Costa Rica,San José,Referidos,2025-04-11,2026-05-27,2,109722,7,True,Recurrente
CLI-00529,Colombia,Bogotá,Google Ads,2025-11-25,2025-11-25,1,98670,0,False,Compra única
CLI-00530,Colombia,Medellín,Instagram Ads,2025-07-21,2025-12-03,2,531650,0,True,Recurrente
CLI-00533,Colombia,Cali,Orgánico/SEO,2025-01-16,2026-06-21,2,389600,6,True,Recurrente
CLI-00534,Costa Rica,Alajuela,Instagram Ads,2025-11-22,2025-11-22,1,75900,8,False,Compra única
CLI-00535,Colombia,Barranquilla,Referidos,2026-04-26,2026-04-26,1,265810,2,False,Compra única
CLI-00536,Colombia,Barranquilla,Google Ads,2025-01-30,2025-01-30,1,97180,0,False,Compra única
CLI-00537,Colombia,Bogotá,Email/WhatsApp,2025-03-18,2026-04-05,4,374530,3,True,Recurrente
CLI-00538,Colombia,Bucaramanga,Email/WhatsApp,2025-05-03,2026-06-18,5,399880,4,True,Recurrente
CLI-00539,Colombia,Bucaramanga,Instagram Ads,2025-12-11,2025-12-17,2,168025,2,True,Recurrente
CLI-00540,Colombia,Cali,Instagram Ads,2025-02-27,2025-11-05,3,466872,5,True,Recurrente
CLI-00541,Costa Rica,Heredia,Orgánico/SEO,2025-05-08,2026-08-25,2,200630,9,True,Recurrente
CLI-00542,Costa Rica,Cartago,Instagram Ads,2025-07-29,2025-10-03,2,76300,7,True,Recurrente
CLI-00543,Costa Rica,Heredia,TikTok Ads,2026-05-13,2026-05-13,1,37950,2,False,Compra única
CLI-00544,Colombia,Cali,Google Ads,2025-03-12,2026-08-17,2,408712,4,True,Recurrente
CLI-00545,Colombia,Cali,Orgánico/SEO,2025-08-19,2026-04-20,5,489906,8,True,Recurrente
CLI-00546,Colombia,Bogotá,Email/WhatsApp,2025-01-02,2026-01-17,5,723500,7,True,VIP
CLI-00547,Colombia,Bucaramanga,Email/WhatsApp,2025-03-22,2026-06-25,4,605140,2,True,VIP
CLI-00548,Colombia,Cali,Instagram Ads,2025-02-21,2025-12-14,4,241390,1,True,Recurrente
CLI-00549,Colombia,Medellín,Google Ads,2025-04-28,2026-03-11,2,90280,7,True,Recurrente
CLI-00550,Costa Rica,Cartago,Instagram Ads,2025-04-01,2025-04-01,1,269700,2,False,Compra única
CLI-00551,Costa Rica,Heredia,Google Ads,2025-04-10,2026-07-28,3,1213726,7,True,VIP
CLI-00552,Estados Unidos,Doral,Google Ads,2026-02-04,2026-08-23,4,187432,6,True,Recurrente
CLI-00553,Colombia,Barranquilla,Email/WhatsApp,2025-01-10,2026-06-22,4,745600,5,True,VIP
CLI-00554,Colombia,Medellín,Referidos,2025-07-26,2026-07-24,4,588303,2,True,VIP
CLI-00555,Costa Rica,Alajuela,Referidos,2025-08-02,2025-08-25,2,117590,4,True,Recurrente
CLI-00556,Colombia,Medellín,Instagram Ads,2025-05-07,2026-03-22,2,67540,2,True,Recurrente
CLI-00557,Estados Unidos,Doral,Orgánico/SEO,2026-06-21,2026-06-21,1,45000,3,False,Compra única
CLI-00558,Colombia,Cali,Email/WhatsApp,2025-07-19,2025-11-18,3,257398,0,True,Recurrente
CLI-00560,Colombia,Bucaramanga,Instagram Ads,2025-07-19,2026-04-02,4,266111,1,True,Recurrente
CLI-00561,Costa Rica,Heredia,Instagram Ads,2026-06-28,2026-07-12,2,246200,8,True,Recurrente
CLI-00562,Colombia,Bucaramanga,TikTok Ads,2026-06-06,2026-06-06,1,83380,2,False,Compra única
CLI-00563,Costa Rica,Heredia,Email/WhatsApp,2025-05-26,2025-05-26,1,217693,4,False,Compra única
CLI-00564,Costa Rica,San José,Google Ads,2025-06-14,2026-02-03,6,962542,0,True,VIP
CLI-00565,Colombia,Pereira,Orgánico/SEO,2025-02-28,2026-08-19,3,341170,10,True,Recurrente
CLI-00568,Costa Rica,Cartago,Orgánico/SEO,2025-05-06,2026-08-14,6,793526,1,True,VIP
CLI-00569,Colombia,Bogotá,Referidos,2025-01-27,2026-05-19,3,187640,8,True,Recurrente
CLI-00570,Colombia,Medellín,TikTok Ads,2025-02-24,2026-06-30,3,615690,1,True,VIP
CLI-00571,Colombia,Barranquilla,Instagram Ads,2025-02-03,2026-06-19,4,467525,5,True,Recurrente
CLI-00572,Colombia,Medellín,Instagram Ads,2025-08-13,2026-02-04,2,289520,5,True,Recurrente
CLI-00573,Colombia,Bogotá,Email/WhatsApp,2025-01-26,2025-12-23,4,445894,4,True,Recurrente
CLI-00574,Colombia,Pereira,Google Ads,2025-01-18,2026-06-16,7,585933,2,True,VIP
CLI-00575,Costa Rica,San José,Orgánico/SEO,2025-11-09,2026-08-17,2,232045,1,True,Recurrente
CLI-00576,Colombia,Bucaramanga,Instagram Ads,2025-11-14,2026-06-29,3,288090,3,True,Recurrente
CLI-00577,Colombia,Pereira,Referidos,2025-01-20,2026-06-03,4,850311,5,True,VIP
CLI-00578,Estados Unidos,Orlando,Orgánico/SEO,2026-01-07,2026-01-07,1,121365,9,False,Compra única
CLI-00579,Colombia,Barranquilla,Referidos,2025-01-24,2026-06-17,4,281070,4,True,Recurrente
CLI-00580,Estados Unidos,Orlando,Email/WhatsApp,2026-05-14,2026-05-14,1,48590,0,False,Compra única
CLI-00581,Costa Rica,Cartago,Instagram Ads,2026-01-22,2026-01-22,1,90000,6,False,Compra única
CLI-00582,Estados Unidos,Houston,TikTok Ads,2026-08-21,2026-08-21,1,75900,4,False,Compra única
CLI-00583,Colombia,Pereira,Orgánico/SEO,2025-02-05,2026-05-26,6,896450,9,True,VIP
CLI-00584,Colombia,Bucaramanga,Google Ads,2026-03-18,2026-05-25,2,121330,9,True,Recurrente
CLI-00585,Estados Unidos,Houston,Email/WhatsApp,2025-10-20,2025-10-20,1,119900,9,False,Compra única
CLI-00586,Colombia,Bucaramanga,TikTok Ads,2025-07-28,2026-05-20,4,402621,4,True,Recurrente
CLI-00587,Estados Unidos,Miami,Instagram Ads,2026-04-19,2026-04-19,1,40500,0,False,Compra única
CLI-00588,Colombia,Barranquilla,Google Ads,2025-03-14,2026-02-20,2,280620,0,True,Recurrente
CLI-00589,Colombia,Medellín,Google Ads,2025-04-12,2026-03-11,3,575247,9,True,VIP
CLI-00590,Colombia,Medellín,Orgánico/SEO,2025-03-12,2026-06-06,2,127850,9,True,Recurrente
CLI-00591,Colombia,Medellín,Instagram Ads,2025-04-08,2025-04-11,2,274230,9,True,Recurrente
CLI-00592,Colombia,Bogotá,Email/WhatsApp,2025-03-24,2026-05-31,3,287805,3,True,Recurrente
CLI-00593,Estados Unidos,Houston,TikTok Ads,2025-10-01,2026-06-08,4,370500,3,True,Recurrente
CLI-00594,Costa Rica,San José,Instagram Ads,2026-01-23,2026-02-07,2,904050,7,True,VIP
CLI-00595,Colombia,Bucaramanga,Google Ads,2025-02-27,2026-08-05,5,849100,3,True,VIP
CLI-00597,Colombia,Medellín,Instagram Ads,2026-03-20,2026-05-10,2,152680,10,True,Recurrente
CLI-00598,Colombia,Cali,Referidos,2025-04-28,2026-07-03,3,274506,10,True,Recurrente
CLI-00599,Colombia,Medellín,Instagram Ads,2025-03-03,2026-07-02,4,997940,9,True,VIP
CLI-00600,Estados Unidos,Miami,TikTok Ads,2026-01-18,2026-08-17,2,140360,9,True,Recurrente
CLI-00601,Colombia,Cali,Google Ads,2025-11-09,2025-11-09,1,90000,6,False,Compra única
CLI-00602,Colombia,Barranquilla,TikTok Ads,2025-11-05,2026-06-13,3,372900,4,True,Recurrente
CLI-00603,Colombia,Cali,Instagram Ads,2025-01-03,2026-03-16,4,254730,1,True,Recurrente
CLI-00604,Estados Unidos,Houston,Instagram Ads,2026-01-13,2026-08-26,2,414240,3,True,Recurrente
CLI-00605,Colombia,Bogotá,Google Ads,2025-01-19,2026-02-01,5,710970,3,True,VIP
CLI-00606,Estados Unidos,Miami,Instagram Ads,2026-02-01,2026-05-27,2,86500,3,True,Recurrente
CLI-00608,Colombia,Bogotá,Google Ads,2025-03-16,2026-07-26,5,732080,8,True,VIP
CLI-00609,Costa Rica,San José,Referidos,2026-01-08,2026-01-26,2,146080,10,True,Recurrente
CLI-00610,Estados Unidos,Orlando,Instagram Ads,2026-01-08,2026-01-08,1,371621,3,False,Compra única
CLI-00611,Colombia,Cali,TikTok Ads,2025-12-04,2026-05-23,3,268550,0,True,Recurrente
CLI-00612,Costa Rica,San José,Google Ads,2025-07-10,2026-02-14,2,258690,8,True,Recurrente
CLI-00613,Estados Unidos,Orlando,Instagram Ads,2025-12-30,2026-07-22,4,476710,2,True,Recurrente
CLI-00614,Costa Rica,Alajuela,TikTok Ads,2026-03-04,2026-03-04,1,100650,9,False,Compra única
CLI-00615,Colombia,Bogotá,Instagram Ads,2025-01-25,2026-05-03,2,164950,5,True,Recurrente
CLI-00616,Colombia,Medellín,Google Ads,2025-01-11,2025-11-28,2,401600,8,True,Recurrente
CLI-00617,Colombia,Bucaramanga,Orgánico/SEO,2025-09-08,2026-02-22,3,504430,9,True,Recurrente
CLI-00619,Colombia,Bogotá,Referidos,2025-02-24,2025-09-13,3,429626,6,True,Recurrente
CLI-00620,Colombia,Cali,TikTok Ads,2025-11-30,2025-11-30,1,135000,10,False,Compra única
CLI-00621,Colombia,Medellín,Instagram Ads,2025-06-08,2026-06-26,3,312150,10,True,Recurrente
CLI-00622,Colombia,Pereira,Email/WhatsApp,2025-01-25,2026-03-03,3,205010,9,True,Recurrente
CLI-00623,Costa Rica,San José,Instagram Ads,2026-01-01,2026-01-24,2,81480,9,True,Recurrente
CLI-00624,Colombia,Pereira,Instagram Ads,2025-10-07,2025-12-31,3,328815,9,True,Recurrente
CLI-00625,Estados Unidos,Miami,Google Ads,2026-01-17,2026-01-17,1,279800,2,False,Compra única
CLI-00626,Costa Rica,Heredia,Google Ads,2025-11-20,2026-08-04,2,70237,3,True,Recurrente
CLI-00627,Colombia,Cali,Referidos,2025-05-31,2025-05-31,1,280620,0,False,Compra única
CLI-00628,Colombia,Cali,Instagram Ads,2025-08-27,2026-01-23,3,462700,1,True,Recurrente
CLI-00629,Colombia,Pereira,Referidos,2025-01-24,2025-11-08,4,179406,6,True,Recurrente
CLI-00630,Colombia,Medellín,Referidos,2025-02-26,2026-06-24,3,399700,8,True,Recurrente
CLI-00631,Colombia,Bucaramanga,TikTok Ads,2025-05-10,2026-03-10,5,669021,4,True,VIP
CLI-00632,Estados Unidos,Houston,Referidos,2026-01-23,2026-04-24,2,223740,2,True,Recurrente
CLI-00633,Costa Rica,Alajuela,Instagram Ads,2026-05-03,2026-05-03,1,75900,0,False,Compra única
CLI-00634,Colombia,Bucaramanga,Instagram Ads,2025-08-23,2026-07-18,6,425040,2,True,Recurrente
CLI-00635,Costa Rica,San José,Instagram Ads,2025-06-20,2026-07-16,5,767640,6,True,VIP
CLI-00636,Colombia,Pereira,Google Ads,2025-10-21,2026-03-19,2,172950,5,True,Recurrente
CLI-00637,Estados Unidos,Doral,Orgánico/SEO,2025-12-01,2025-12-01,1,173187,7,False,Compra única
CLI-00638,Colombia,Cali,Google Ads,2026-02-04,2026-03-08,2,85150,6,True,Recurrente
CLI-00639,Estados Unidos,Houston,Referidos,2025-10-25,2026-08-21,3,317410,9,True,Recurrente
CLI-00640,Estados Unidos,Houston,Orgánico/SEO,2025-11-20,2026-07-06,4,491950,0,True,Recurrente
CLI-00641,Colombia,Cali,TikTok Ads,2025-09-22,2026-04-11,3,375794,8,True,Recurrente
CLI-00642,Colombia,Barranquilla,TikTok Ads,2025-03-18,2026-01-01,3,328300,9,True,Recurrente
CLI-00643,Colombia,Medellín,Email/WhatsApp,2025-08-03,2026-01-21,2,140905,5,True,Recurrente
CLI-00644,Colombia,Pereira,Google Ads,2025-06-25,2026-08-12,2,214770,9,True,Recurrente
CLI-00645,Colombia,Bucaramanga,Instagram Ads,2025-03-26,2026-08-21,5,567236,6,True,Recurrente
CLI-00647,Costa Rica,Alajuela,Google Ads,2025-04-26,2025-05-04,2,229200,6,True,Recurrente
CLI-00648,Costa Rica,Heredia,Email/WhatsApp,2026-02-28,2026-02-28,1,179800,9,False,Compra única
CLI-00649,Estados Unidos,Miami,Instagram Ads,2025-10-14,2026-06-02,5,569290,1,True,Recurrente
CLI-00650,Costa Rica,Cartago,TikTok Ads,2025-06-06,2026-07-19,7,762805,3,True,VIP
CLI-00651,Colombia,Bogotá,Instagram Ads,2025-08-23,2026-07-24,2,366066,1,True,Recurrente
CLI-00652,Costa Rica,Alajuela,Email/WhatsApp,2025-07-13,2026-05-26,3,169760,1,True,Recurrente
CLI-00653,Costa Rica,Heredia,Email/WhatsApp,2026-03-25,2026-03-25,1,113850,10,False,Compra única
CLI-00654,Colombia,Cali,Referidos,2025-11-02,2025-11-02,1,41690,4,False,Compra única
CLI-00655,Colombia,Cali,Google Ads,2025-01-05,2025-09-23,2,259920,5,True,Recurrente
CLI-00656,Colombia,Bucaramanga,Orgánico/SEO,2025-02-02,2025-12-25,3,425541,4,True,Recurrente
CLI-00657,Colombia,Pereira,Orgánico/SEO,2025-03-05,2026-04-17,3,529650,7,True,Recurrente
CLI-00658,Estados Unidos,Orlando,TikTok Ads,2026-01-11,2026-04-23,2,159193,9,True,Recurrente
CLI-00659,Estados Unidos,Houston,Orgánico/SEO,2026-05-10,2026-07-11,2,329700,4,True,Recurrente
CLI-00660,Colombia,Bogotá,TikTok Ads,2025-01-11,2025-03-12,3,338850,5,True,Recurrente
CLI-00661,Colombia,Bucaramanga,Instagram Ads,2025-01-05,2026-07-16,5,620556,5,True,VIP
CLI-00662,Colombia,Bogotá,Email/WhatsApp,2025-05-04,2026-05-13,6,750543,9,True,VIP
CLI-00663,Colombia,Pereira,Email/WhatsApp,2025-02-02,2025-02-02,1,50400,1,False,Compra única
CLI-00665,Colombia,Pereira,TikTok Ads,2025-06-13,2026-06-11,3,494830,7,True,Recurrente
CLI-00666,Colombia,Medellín,Orgánico/SEO,2025-03-24,2025-08-19,3,700380,2,True,VIP
CLI-00667,Colombia,Bucaramanga,Referidos,2026-01-09,2026-07-25,3,259850,0,True,Recurrente
CLI-00669,Colombia,Cali,Instagram Ads,2026-07-11,2026-07-11,1,48590,5,False,Compra única
CLI-00670,Colombia,Bucaramanga,Google Ads,2025-02-12,2026-08-11,5,798880,3,True,VIP
CLI-00671,Colombia,Cali,Referidos,2025-03-31,2026-08-26,5,369120,8,True,Recurrente
CLI-00672,Costa Rica,Alajuela,Email/WhatsApp,2025-09-08,2025-09-08,1,48590,0,False,Compra única
CLI-00673,Colombia,Bogotá,Orgánico/SEO,2025-01-24,2025-12-22,4,304750,10,True,Recurrente
CLI-00674,Colombia,Bogotá,Referidos,2025-07-10,2026-05-16,3,312752,8,True,Recurrente
CLI-00675,Costa Rica,San José,Orgánico/SEO,2025-05-23,2025-12-18,2,301220,1,True,Recurrente
CLI-00676,Colombia,Bucaramanga,Google Ads,2025-06-24,2026-05-22,3,612555,0,True,VIP
CLI-00677,Colombia,Barranquilla,Referidos,2025-01-04,2026-06-14,4,513100,2,True,Recurrente
CLI-00678,Colombia,Cali,Google Ads,2025-01-01,2026-05-05,4,510520,0,True,Recurrente
CLI-00679,Colombia,Barranquilla,Instagram Ads,2025-03-13,2026-07-03,8,1023790,5,True,VIP
CLI-00680,Colombia,Pereira,Orgánico/SEO,2025-06-26,2025-06-26,1,128480,4,False,Compra única
CLI-00681,Colombia,Pereira,Email/WhatsApp,2025-05-06,2026-08-15,6,530335,9,True,Recurrente
CLI-00682,Colombia,Cali,Google Ads,2025-04-30,2025-11-26,4,486520,3,True,Recurrente
CLI-00683,Colombia,Pereira,Google Ads,2025-01-01,2026-06-22,9,1005352,3,True,VIP
CLI-00684,Colombia,Medellín,Orgánico/SEO,2026-03-25,2026-03-25,1,41690,8,False,Compra única
CLI-00685,Colombia,Bogotá,Instagram Ads,2026-04-23,2026-04-23,1,56000,0,False,Compra única
CLI-00686,Costa Rica,San José,Instagram Ads,2025-11-12,2025-11-12,1,211550,3,False,Compra única
CLI-00687,Colombia,Bogotá,Google Ads,2026-03-06,2026-03-06,1,94050,4,False,Compra única
CLI-00688,Colombia,Bogotá,Referidos,2025-02-09,2026-03-05,2,332340,0,True,Recurrente
CLI-00689,Costa Rica,San José,Orgánico/SEO,2025-06-22,2026-06-15,4,428625,5,True,Recurrente
CLI-00690,Costa Rica,San José,Instagram Ads,2025-07-24,2025-10-02,2,135800,6,True,Recurrente
CLI-00692,Colombia,Bucaramanga,Google Ads,2025-06-01,2026-07-09,3,474850,1,True,Recurrente
CLI-00693,Colombia,Pereira,Referidos,2025-07-10,2026-08-31,4,224570,8,True,Recurrente
CLI-00694,Colombia,Medellín,Instagram Ads,2025-04-09,2026-04-04,4,509917,2,True,Recurrente
CLI-00695,Colombia,Medellín,Google Ads,2025-03-23,2026-08-26,5,652660,10,True,VIP
CLI-00697,Costa Rica,Cartago,Google Ads,2026-01-29,2026-07-22,3,408850,9,True,Recurrente
CLI-00698,Colombia,Bucaramanga,Instagram Ads,2025-01-19,2026-03-13,3,292210,6,True,Recurrente
CLI-00699,Colombia,Barranquilla,Google Ads,2025-04-01,2025-08-16,2,163592,5,True,Recurrente
CLI-00700,Costa Rica,Alajuela,Email/WhatsApp,2025-12-01,2026-04-23,2,182221,8,True,Recurrente
CLI-00701,Costa Rica,Alajuela,Google Ads,2025-05-09,2026-06-10,4,432810,7,True,Recurrente
CLI-00702,Colombia,Medellín,Google Ads,2025-03-11,2026-07-12,5,831292,7,True,VIP
CLI-00703,Colombia,Bucaramanga,Orgánico/SEO,2025-06-20,2026-04-10,2,121820,10,True,Recurrente
CLI-00705,Costa Rica,Heredia,Google Ads,2025-04-02,2026-07-29,5,846175,8,True,VIP
CLI-00706,Colombia,Cali,Instagram Ads,2025-08-16,2025-11-26,2,347180,6,True,Recurrente
CLI-00707,Costa Rica,San José,Email/WhatsApp,2025-10-27,2026-08-03,5,627555,3,True,VIP
CLI-00708,Colombia,Pereira,Referidos,2026-02-08,2026-08-04,2,311830,7,True,Recurrente
CLI-00709,Colombia,Medellín,Google Ads,2025-08-05,2025-08-05,1,41690,0,False,Compra única
CLI-00710,Costa Rica,Alajuela,Email/WhatsApp,2026-06-20,2026-06-20,1,167970,7,False,Compra única
CLI-00711,Colombia,Pereira,TikTok Ads,2025-12-27,2025-12-27,1,44950,1,False,Compra única
CLI-00713,Colombia,Bogotá,Instagram Ads,2026-04-20,2026-05-17,2,180420,1,True,Recurrente
CLI-00714,Colombia,Medellín,Email/WhatsApp,2026-02-26,2026-08-08,2,152680,3,True,Recurrente
CLI-00715,Costa Rica,San José,Referidos,2025-08-17,2026-06-14,3,390210,3,True,Recurrente
CLI-00716,Colombia,Medellín,Google Ads,2025-09-22,2026-05-15,2,510467,8,True,Recurrente
CLI-00717,Colombia,Pereira,Orgánico/SEO,2025-01-25,2026-06-04,3,208170,10,True,Recurrente
CLI-00718,Costa Rica,Heredia,Google Ads,2026-02-01,2026-02-01,1,56000,3,False,Compra única
CLI-00720,Colombia,Barranquilla,TikTok Ads,2026-02-12,2026-08-27,4,506068,9,True,Recurrente
CLI-00721,Costa Rica,Alajuela,Orgánico/SEO,2025-08-17,2026-07-11,3,337213,1,True,Recurrente
CLI-00722,Costa Rica,San José,Email/WhatsApp,2025-05-08,2026-05-21,3,216635,1,True,Recurrente
CLI-00723,Colombia,Bogotá,Orgánico/SEO,2026-07-03,2026-08-26,2,252860,8,True,Recurrente
CLI-00724,Estados Unidos,Orlando,Instagram Ads,2026-05-23,2026-05-23,1,145770,3,False,Compra única
CLI-00725,Costa Rica,Heredia,Orgánico/SEO,2025-11-23,2026-04-28,3,306966,5,True,Recurrente
CLI-00726,Colombia,Bogotá,Instagram Ads,2025-06-04,2025-06-04,1,119800,0,False,Compra única
CLI-00727,Costa Rica,Alajuela,Orgánico/SEO,2025-06-15,2026-08-29,5,524550,9,True,Recurrente
CLI-00728,Estados Unidos,Houston,Instagram Ads,2025-12-01,2026-02-05,3,288256,3,True,Recurrente
CLI-00729,Estados Unidos,Orlando,Referidos,2026-08-15,2026-08-15,1,93736,1,False,Compra única
CLI-00730,Costa Rica,San José,Google Ads,2025-05-10,2026-02-22,4,451935,7,True,Recurrente
CLI-00731,Colombia,Bogotá,Referidos,2025-02-09,2025-10-31,6,683310,5,True,VIP
CLI-00733,Costa Rica,Cartago,Orgánico/SEO,2025-08-10,2026-08-21,3,844170,3,True,VIP
CLI-00734,Colombia,Pereira,Instagram Ads,2025-06-08,2026-05-18,4,471330,6,True,Recurrente
CLI-00735,Colombia,Medellín,Google Ads,2025-06-16,2026-08-14,3,415750,1,True,Recurrente
CLI-00736,Costa Rica,Heredia,TikTok Ads,2025-08-28,2026-06-09,7,812045,0,True,VIP
CLI-00737,Colombia,Bucaramanga,Email/WhatsApp,2025-04-29,2026-03-15,4,830523,0,True,VIP
CLI-00738,Estados Unidos,Miami,Referidos,2025-12-11,2026-07-10,2,633500,10,True,VIP
CLI-00740,Colombia,Pereira,Instagram Ads,2025-01-27,2026-05-22,3,267100,5,True,Recurrente
CLI-00742,Estados Unidos,Houston,Orgánico/SEO,2025-11-16,2026-05-09,2,586420,10,True,VIP
CLI-00743,Colombia,Pereira,Google Ads,2025-02-18,2026-08-27,5,722451,5,True,VIP
CLI-00744,Colombia,Pereira,Orgánico/SEO,2026-03-08,2026-07-23,3,512800,3,True,Recurrente
CLI-00745,Colombia,Medellín,Referidos,2025-06-26,2026-04-18,3,311807,0,True,Recurrente
CLI-00746,Estados Unidos,Orlando,Email/WhatsApp,2026-02-28,2026-04-03,2,287677,0,True,Recurrente
CLI-00747,Costa Rica,San José,Orgánico/SEO,2026-03-17,2026-08-17,5,952470,4,True,VIP
CLI-00748,Colombia,Bogotá,Instagram Ads,2025-08-22,2026-03-23,2,577842,7,True,VIP
CLI-00749,Costa Rica,Alajuela,Orgánico/SEO,2025-04-03,2025-05-27,2,183440,5,True,Recurrente
CLI-00750,Costa Rica,Heredia,Orgánico/SEO,2025-12-31,2026-08-08,5,481650,6,True,Recurrente
CLI-00751,Colombia,Medellín,TikTok Ads,2025-11-07,2025-11-20,2,181512,10,True,Recurrente
CLI-00752,Estados Unidos,Orlando,Referidos,2025-11-04,2026-03-01,2,528503,3,True,Recurrente
CLI-00753,Colombia,Bogotá,Instagram Ads,2025-01-20,2026-08-06,3,474083,5,True,Recurrente
CLI-00754,Colombia,Cali,TikTok Ads,2025-01-25,2025-11-30,4,453230,8,True,Recurrente
CLI-00755,Colombia,Bucaramanga,Instagram Ads,2025-02-25,2026-05-17,2,353650,2,True,Recurrente
CLI-00756,Colombia,Cali,Instagram Ads,2025-09-29,2026-08-20,6,999268,3,True,VIP
CLI-00757,Costa Rica,Cartago,Instagram Ads,2025-07-14,2026-06-12,4,680701,7,True,VIP
CLI-00758,Colombia,Bogotá,Orgánico/SEO,2026-04-19,2026-04-19,1,128108,7,False,Compra única
CLI-00759,Costa Rica,Heredia,Email/WhatsApp,2025-12-21,2025-12-21,1,44950,7,False,Compra única
CLI-00760,Colombia,Barranquilla,Instagram Ads,2025-04-24,2026-08-05,5,629510,8,True,VIP
CLI-00761,Colombia,Medellín,Email/WhatsApp,2026-01-31,2026-01-31,1,263180,0,False,Compra única
CLI-00762,Colombia,Bucaramanga,Google Ads,2025-02-15,2025-11-08,5,576267,8,True,VIP
CLI-00763,Costa Rica,Cartago,Orgánico/SEO,2025-05-19,2026-08-17,2,259886,1,True,Recurrente
CLI-00764,Colombia,Cali,Instagram Ads,2025-03-06,2025-12-15,2,217391,8,True,Recurrente
CLI-00765,Colombia,Barranquilla,Referidos,2025-01-11,2026-03-22,3,211720,10,True,Recurrente
CLI-00766,Colombia,Bogotá,Referidos,2025-10-05,2026-03-15,2,78191,9,True,Recurrente
CLI-00767,Estados Unidos,Miami,Google Ads,2026-07-01,2026-07-01,1,239800,3,False,Compra única
CLI-00768,Colombia,Pereira,Orgánico/SEO,2025-08-01,2026-04-09,3,326400,8,True,Recurrente
CLI-00769,Colombia,Barranquilla,Instagram Ads,2026-02-10,2026-02-10,1,79211,6,False,Compra única
CLI-00770,Colombia,Pereira,Orgánico/SEO,2025-01-20,2025-01-20,1,125070,1,False,Compra única
CLI-00771,Colombia,Bogotá,Referidos,2025-01-04,2026-07-14,6,823325,5,True,VIP
CLI-00772,Colombia,Medellín,Google Ads,2025-05-05,2026-03-04,4,453350,10,True,Recurrente
CLI-00773,Colombia,Barranquilla,Instagram Ads,2026-08-02,2026-08-02,1,179700,7,False,Compra única
CLI-00774,Colombia,Medellín,Instagram Ads,2025-04-17,2025-12-16,4,385723,0,True,Recurrente
CLI-00775,Colombia,Pereira,Instagram Ads,2025-03-18,2026-01-18,3,287010,0,True,Recurrente
CLI-00776,Colombia,Pereira,Instagram Ads,2025-06-24,2026-08-07,5,526030,4,True,Recurrente
CLI-00777,Costa Rica,San José,TikTok Ads,2025-05-06,2026-08-19,3,197156,5,True,Recurrente
CLI-00778,Estados Unidos,Houston,Google Ads,2025-12-15,2025-12-15,1,113850,10,False,Compra única
CLI-00779,Costa Rica,Heredia,Referidos,2025-06-20,2026-05-26,3,272060,5,True,Recurrente
CLI-00780,Colombia,Pereira,Email/WhatsApp,2025-12-29,2026-08-29,3,280780,1,True,Recurrente
CLI-00781,Colombia,Bucaramanga,Google Ads,2025-10-26,2026-07-12,2,363800,0,True,Recurrente
CLI-00782,Colombia,Medellín,Orgánico/SEO,2025-01-20,2026-07-21,4,884720,7,True,VIP
CLI-00783,Costa Rica,Cartago,Referidos,2025-06-14,2026-07-18,5,466526,6,True,Recurrente
CLI-00784,Colombia,Pereira,Email/WhatsApp,2026-05-25,2026-08-04,2,241390,10,True,Recurrente
CLI-00785,Colombia,Barranquilla,Google Ads,2025-12-16,2026-02-13,3,470150,2,True,Recurrente
CLI-00786,Colombia,Pereira,Referidos,2025-12-19,2026-03-30,3,649040,1,True,VIP
CLI-00787,Colombia,Cali,Instagram Ads,2026-08-01,2026-08-01,1,190500,2,False,Compra única
CLI-00788,Colombia,Bucaramanga,Orgánico/SEO,2025-02-15,2025-10-08,3,294450,2,True,Recurrente
CLI-00789,Costa Rica,San José,Google Ads,2026-03-03,2026-08-18,3,593480,4,True,VIP
CLI-00790,Colombia,Pereira,Google Ads,2025-04-15,2026-03-14,3,581370,10,True,VIP
CLI-00791,Colombia,Medellín,TikTok Ads,2025-06-26,2026-05-14,3,528985,7,True,Recurrente
CLI-00793,Colombia,Bogotá,Google Ads,2025-06-10,2025-06-18,2,111290,3,True,Recurrente
CLI-00794,Estados Unidos,Doral,Instagram Ads,2025-11-03,2026-05-22,4,475458,7,True,Recurrente
CLI-00795,Colombia,Pereira,Email/WhatsApp,2025-04-24,2025-07-01,3,354282,3,True,Recurrente
CLI-00796,Estados Unidos,Orlando,Orgánico/SEO,2025-10-13,2025-10-13,1,47600,4,False,Compra única
CLI-00797,Estados Unidos,Miami,Orgánico/SEO,2025-10-22,2025-10-22,1,145770,10,False,Compra única
CLI-00798,Colombia,Cali,Orgánico/SEO,2025-12-02,2026-04-16,2,103900,4,True,Recurrente
CLI-00799,Colombia,Barranquilla,TikTok Ads,2025-03-21,2026-08-11,3,553060,3,True,Recurrente
CLI-00800,Costa Rica,Cartago,Google Ads,2026-05-17,2026-06-10,2,209200,7,True,Recurrente
CLI-00801,Colombia,Barranquilla,Referidos,2025-04-10,2026-05-28,2,173202,2,True,Recurrente
CLI-00802,Estados Unidos,Houston,Email/WhatsApp,2025-10-04,2025-10-04,1,97180,5,False,Compra única
CLI-00803,Colombia,Barranquilla,Instagram Ads,2025-03-10,2025-06-18,2,173080,10,True,Recurrente
CLI-00804,Estados Unidos,Miami,Email/WhatsApp,2026-07-01,2026-07-01,1,37950,4,False,Compra única
CLI-00805,Costa Rica,Cartago,Orgánico/SEO,2025-11-08,2026-03-18,2,140285,8,True,Recurrente
CLI-00807,Costa Rica,Heredia,Email/WhatsApp,2025-12-18,2025-12-18,1,45000,10,False,Compra única
CLI-00808,Costa Rica,Heredia,Referidos,2025-11-30,2026-03-17,3,565500,4,True,Recurrente
CLI-00809,Colombia,Barranquilla,Referidos,2025-10-08,2025-10-27,2,293650,2,True,Recurrente
CLI-00810,Colombia,Bucaramanga,Orgánico/SEO,2025-03-08,2026-06-08,3,612390,2,True,VIP
CLI-00811,Colombia,Bogotá,Google Ads,2025-02-28,2026-01-13,3,399770,8,True,Recurrente
CLI-00812,Colombia,Bogotá,Email/WhatsApp,2025-02-05,2025-11-15,4,273000,7,True,Recurrente
CLI-00813,Colombia,Pereira,Google Ads,2026-08-29,2026-08-29,1,179700,6,False,Compra única
CLI-00815,Costa Rica,Alajuela,Orgánico/SEO,2026-03-08,2026-05-31,3,528500,6,True,Recurrente
CLI-00816,Colombia,Medellín,Instagram Ads,2025-11-11,2026-08-05,4,390900,5,True,Recurrente
CLI-00817,Costa Rica,San José,Instagram Ads,2025-04-20,2026-06-13,6,674662,8,True,VIP
CLI-00818,Costa Rica,San José,Instagram Ads,2025-07-02,2026-08-09,4,730680,6,True,VIP
CLI-00819,Costa Rica,Alajuela,Google Ads,2025-04-01,2026-08-29,7,793770,4,True,VIP
CLI-00820,Estados Unidos,Orlando,Google Ads,2026-05-18,2026-08-27,2,237080,8,True,Recurrente
CLI-00822,Estados Unidos,Houston,Email/WhatsApp,2026-06-03,2026-06-03,1,239800,1,False,Compra única
CLI-00823,Costa Rica,Cartago,Email/WhatsApp,2025-05-24,2026-06-12,2,369950,0,True,Recurrente
CLI-00824,Colombia,Cali,Google Ads,2025-06-05,2026-07-30,2,184970,2,True,Recurrente
CLI-00825,Costa Rica,Heredia,Instagram Ads,2025-05-01,2025-10-31,3,534268,3,True,Recurrente
CLI-00826,Colombia,Cali,Instagram Ads,2025-10-17,2025-10-17,1,172950,6,False,Compra única
CLI-00827,Costa Rica,San José,Google Ads,2025-10-04,2026-08-18,2,173052,7,True,Recurrente
CLI-00828,Colombia,Cali,Instagram Ads,2026-03-31,2026-03-31,1,64515,0,False,Compra única
CLI-00829,Estados Unidos,Miami,Instagram Ads,2025-10-09,2026-07-03,5,836850,7,True,VIP
CLI-00830,Costa Rica,San José,Referidos,2025-07-13,2025-10-23,3,656520,6,True,VIP
CLI-00831,Colombia,Medellín,Orgánico/SEO,2025-04-06,2026-07-06,7,929610,5,True,VIP
CLI-00832,Colombia,Pereira,Orgánico/SEO,2025-04-04,2026-08-12,5,619273,5,True,VIP
CLI-00833,Colombia,Bogotá,Google Ads,2025-06-19,2026-03-20,3,192900,3,True,Recurrente
CLI-00834,Costa Rica,Alajuela,Google Ads,2025-06-13,2026-05-03,6,1319092,6,True,VIP
CLI-00836,Costa Rica,San José,Instagram Ads,2025-08-22,2026-08-27,3,437350,10,True,Recurrente
CLI-00837,Colombia,Medellín,Orgánico/SEO,2025-01-15,2026-08-03,7,1045396,10,True,VIP
CLI-00838,Colombia,Pereira,TikTok Ads,2025-04-04,2025-04-04,1,113850,8,False,Compra única
CLI-00839,Estados Unidos,Orlando,Email/WhatsApp,2026-06-12,2026-06-12,1,146740,2,False,Compra única
CLI-00840,Costa Rica,Cartago,Email/WhatsApp,2025-09-26,2025-11-19,2,142560,2,True,Recurrente
CLI-00841,Colombia,Bucaramanga,Email/WhatsApp,2025-02-28,2026-04-20,3,352976,7,True,Recurrente
CLI-00842,Colombia,Medellín,Instagram Ads,2025-01-10,2026-06-20,4,601556,10,True,VIP
CLI-00843,Costa Rica,Alajuela,Google Ads,2025-08-28,2025-10-21,2,431290,0,True,Recurrente
CLI-00844,Costa Rica,Heredia,TikTok Ads,2026-01-29,2026-06-03,3,426265,10,True,Recurrente
CLI-00845,Estados Unidos,Orlando,Email/WhatsApp,2026-01-01,2026-01-01,1,103950,0,False,Compra única
CLI-00846,Costa Rica,San José,Referidos,2025-05-13,2026-08-30,6,565720,6,True,Recurrente
CLI-00847,Costa Rica,Alajuela,Google Ads,2025-08-21,2026-05-15,5,754840,2,True,VIP
CLI-00848,Costa Rica,Cartago,Instagram Ads,2026-04-17,2026-04-17,1,41690,5,False,Compra única
CLI-00849,Colombia,Medellín,Orgánico/SEO,2025-05-25,2026-07-22,3,204005,2,True,Recurrente
CLI-00850,Colombia,Pereira,Referidos,2026-05-26,2026-06-13,2,183590,0,True,Recurrente
CLI-00851,Colombia,Bogotá,Instagram Ads,2025-01-26,2025-10-03,2,59355,6,True,Recurrente
CLI-00852,Costa Rica,Cartago,Google Ads,2026-05-29,2026-07-01,2,254900,10,True,Recurrente
CLI-00853,Colombia,Medellín,Instagram Ads,2025-01-30,2026-07-05,7,616090,1,True,VIP
CLI-00854,Colombia,Cali,Google Ads,2025-03-05,2025-12-19,2,189750,6,True,Recurrente
CLI-00855,Costa Rica,Heredia,Google Ads,2026-08-05,2026-08-05,1,60325,2,False,Compra única
CLI-00856,Colombia,Medellín,Instagram Ads,2025-06-15,2025-06-15,1,48590,9,False,Compra única
CLI-00857,Colombia,Medellín,Instagram Ads,2025-05-23,2026-06-05,4,290736,3,True,Recurrente
CLI-00858,Costa Rica,Heredia,TikTok Ads,2025-04-30,2026-07-11,3,333870,8,True,Recurrente
CLI-00860,Colombia,Bogotá,Instagram Ads,2025-04-26,2025-04-26,1,97180,3,False,Compra única
CLI-00861,Colombia,Bucaramanga,TikTok Ads,2026-02-13,2026-02-13,1,31350,6,False,Compra única
CLI-00862,Costa Rica,Heredia,Google Ads,2025-05-28,2026-08-12,6,514420,4,True,Recurrente
CLI-00863,Costa Rica,San José,Referidos,2025-05-16,2026-07-26,6,858810,8,True,VIP
CLI-00864,Estados Unidos,Houston,Email/WhatsApp,2026-02-07,2026-05-23,2,186604,5,True,Recurrente
CLI-00865,Colombia,Pereira,Email/WhatsApp,2025-02-14,2026-03-11,6,720533,7,True,VIP
CLI-00866,Colombia,Barranquilla,Orgánico/SEO,2025-04-03,2026-01-28,4,399782,4,True,Recurrente
CLI-00867,Colombia,Bucaramanga,Referidos,2025-11-15,2026-04-01,2,228390,0,True,Recurrente
CLI-00868,Colombia,Cali,TikTok Ads,2025-01-31,2025-03-28,2,204378,5,True,Recurrente
CLI-00869,Colombia,Bucaramanga,TikTok Ads,2025-10-13,2026-03-08,4,847410,8,True,VIP
CLI-00870,Estados Unidos,Orlando,TikTok Ads,2025-10-10,2026-03-13,3,969200,0,True,VIP
CLI-00871,Estados Unidos,Houston,Instagram Ads,2026-03-14,2026-03-14,1,113850,5,False,Compra única
CLI-00872,Colombia,Bogotá,Email/WhatsApp,2026-06-30,2026-06-30,1,139900,0,False,Compra única
CLI-00873,Colombia,Pereira,Orgánico/SEO,2025-01-06,2026-07-28,5,852343,5,True,VIP
CLI-00874,Colombia,Bucaramanga,Google Ads,2026-02-09,2026-02-09,1,125070,10,False,Compra única
CLI-00875,Colombia,Pereira,Google Ads,2025-03-08,2026-08-19,5,330355,2,True,Recurrente
CLI-00877,Colombia,Barranquilla,Instagram Ads,2025-03-25,2026-03-15,2,294410,1,True,Recurrente
CLI-00878,Costa Rica,San José,Email/WhatsApp,2025-11-07,2026-03-04,2,249560,5,True,Recurrente
CLI-00879,Colombia,Barranquilla,Google Ads,2025-03-05,2025-12-19,2,207390,0,True,Recurrente
CLI-00880,Estados Unidos,Orlando,Referidos,2026-01-03,2026-03-06,3,512300,3,True,Recurrente
CLI-00881,Colombia,Bogotá,Referidos,2025-06-08,2026-08-19,4,498420,2,True,Recurrente
CLI-00882,Colombia,Barranquilla,Instagram Ads,2025-09-20,2026-06-15,3,294920,3,True,Recurrente
CLI-00883,Colombia,Bucaramanga,Referidos,2025-01-17,2026-07-29,5,783854,6,True,VIP
CLI-00884,Colombia,Medellín,Instagram Ads,2026-03-01,2026-04-29,2,164450,2,True,Recurrente
CLI-00885,Colombia,Barranquilla,Google Ads,2025-02-01,2026-05-02,3,235780,8,True,Recurrente
CLI-00886,Costa Rica,San José,Instagram Ads,2025-05-25,2025-09-30,4,478120,3,True,Recurrente
CLI-00887,Colombia,Barranquilla,Email/WhatsApp,2025-02-07,2026-06-08,4,344751,10,True,Recurrente
CLI-00888,Colombia,Bucaramanga,TikTok Ads,2025-12-26,2026-08-05,3,257050,0,True,Recurrente
CLI-00889,Colombia,Pereira,Instagram Ads,2025-01-02,2026-06-02,4,583990,1,True,VIP
CLI-00890,Costa Rica,Heredia,Instagram Ads,2025-09-16,2026-04-02,3,440998,6,True,Recurrente
CLI-00891,Colombia,Cali,Instagram Ads,2025-01-11,2026-05-24,7,581205,2,True,VIP
CLI-00892,Estados Unidos,Orlando,Google Ads,2025-11-01,2026-07-10,4,555080,5,True,Recurrente
CLI-00893,Estados Unidos,Houston,Google Ads,2025-10-17,2026-03-22,3,465220,10,True,Recurrente
CLI-00894,Colombia,Bucaramanga,Instagram Ads,2025-05-11,2026-07-28,3,256760,2,True,Recurrente
CLI-00895,Colombia,Bogotá,Instagram Ads,2025-04-02,2025-09-06,2,94750,9,True,Recurrente
CLI-00896,Estados Unidos,Orlando,Instagram Ads,2025-12-06,2026-02-10,2,476000,3,True,Recurrente
CLI-00897,Colombia,Barranquilla,Instagram Ads,2026-07-30,2026-07-30,1,56000,5,False,Compra única
CLI-00898,Colombia,Bucaramanga,Referidos,2026-06-21,2026-07-19,2,218230,1,True,Recurrente
CLI-00899,Colombia,Cali,Google Ads,2025-10-05,2025-10-05,1,125180,7,False,Compra única
CLI-00900,Colombia,Pereira,TikTok Ads,2025-01-05,2026-05-17,5,462130,7,True,Recurrente
CLI-00901,Costa Rica,Cartago,Google Ads,2025-06-22,2026-06-20,4,726940,7,True,VIP
CLI-00902,Colombia,Bogotá,Referidos,2025-05-19,2026-08-07,6,760680,8,True,VIP
CLI-00903,Colombia,Bucaramanga,Instagram Ads,2025-08-31,2026-08-18,3,644060,8,True,VIP
CLI-00904,Colombia,Bucaramanga,Instagram Ads,2025-07-14,2026-05-19,5,1163600,2,True,VIP
CLI-00905,Costa Rica,Heredia,Orgánico/SEO,2025-11-05,2025-11-05,1,245410,7,False,Compra única
CLI-00907,Colombia,Medellín,Orgánico/SEO,2025-03-09,2026-07-21,4,707650,9,True,VIP
CLI-00908,Estados Unidos,Houston,Orgánico/SEO,2026-05-06,2026-08-30,3,413320,7,True,Recurrente
CLI-00909,Colombia,Medellín,Instagram Ads,2025-05-15,2025-05-15,1,47600,7,False,Compra única
CLI-00910,Colombia,Bucaramanga,Orgánico/SEO,2025-01-29,2026-07-10,6,763778,5,True,VIP
CLI-00911,Colombia,Barranquilla,Google Ads,2025-01-29,2026-08-01,5,588313,8,True,VIP
CLI-00912,Estados Unidos,Doral,TikTok Ads,2025-10-22,2025-12-26,2,180560,4,True,Recurrente
CLI-00913,Estados Unidos,Houston,TikTok Ads,2025-11-17,2026-08-23,2,142180,4,True,Recurrente
CLI-00914,Colombia,Bogotá,Instagram Ads,2025-09-03,2026-05-07,2,296850,3,True,Recurrente
CLI-00915,Colombia,Medellín,Orgánico/SEO,2025-06-06,2026-06-15,5,993235,4,True,VIP
CLI-00916,Costa Rica,Heredia,TikTok Ads,2025-05-13,2026-04-01,5,849780,10,True,VIP
CLI-00918,Colombia,Medellín,Google Ads,2025-02-17,2026-01-12,3,659900,7,True,VIP
CLI-00919,Colombia,Barranquilla,Instagram Ads,2026-05-06,2026-05-06,1,94050,2,False,Compra única
CLI-00920,Colombia,Cali,Instagram Ads,2025-07-04,2026-06-01,4,429410,9,True,Recurrente
CLI-00921,Colombia,Bogotá,Google Ads,2025-03-31,2026-05-26,3,264910,2,True,Recurrente
CLI-00923,Colombia,Pereira,Email/WhatsApp,2025-09-10,2026-03-09,2,170286,10,True,Recurrente
CLI-00925,Colombia,Pereira,Instagram Ads,2026-03-04,2026-03-04,1,59900,7,False,Compra única
CLI-00926,Costa Rica,Alajuela,Referidos,2025-06-22,2026-08-20,4,498490,2,True,Recurrente
CLI-00927,Costa Rica,Alajuela,TikTok Ads,2025-04-10,2025-08-09,2,384900,4,True,Recurrente
CLI-00928,Estados Unidos,Miami,Instagram Ads,2025-11-07,2026-08-24,3,434880,6,True,Recurrente
CLI-00929,Costa Rica,Alajuela,Email/WhatsApp,2025-07-02,2025-07-02,1,62700,7,False,Compra única
CLI-00930,Costa Rica,San José,Google Ads,2025-04-15,2025-12-18,4,342930,5,True,Recurrente
CLI-00932,Costa Rica,San José,Referidos,2025-04-09,2026-04-29,3,586096,1,True,VIP
CLI-00933,Colombia,Bucaramanga,Instagram Ads,2025-06-02,2026-05-07,2,154670,4,True,Recurrente
CLI-00935,Costa Rica,Heredia,Orgánico/SEO,2025-11-22,2025-11-22,1,260070,0,False,Compra única
CLI-00936,Colombia,Bogotá,Referidos,2025-09-09,2026-03-18,2,199645,10,True,Recurrente
CLI-00937,Colombia,Bogotá,Instagram Ads,2025-01-19,2026-08-12,6,910840,4,True,VIP
CLI-00938,Colombia,Cali,Google Ads,2025-05-11,2026-02-22,3,856160,2,True,VIP
CLI-00939,Colombia,Medellín,Instagram Ads,2025-03-06,2026-08-19,3,661908,6,True,VIP
CLI-00940,Costa Rica,Heredia,Orgánico/SEO,2025-07-12,2026-08-25,4,625571,7,True,VIP
CLI-00941,Colombia,Bogotá,Referidos,2025-04-01,2026-05-07,4,512408,9,True,Recurrente
CLI-00942,Costa Rica,San José,TikTok Ads,2026-01-20,2026-07-03,4,530085,8,True,Recurrente
CLI-00943,Colombia,Barranquilla,Google Ads,2025-02-13,2026-03-05,5,637980,6,True,VIP
CLI-00944,Colombia,Medellín,TikTok Ads,2025-07-18,2026-01-04,3,307475,1,True,Recurrente
CLI-00945,Colombia,Bogotá,Referidos,2025-12-31,2026-06-15,3,370504,10,True,Recurrente
CLI-00946,Colombia,Bucaramanga,TikTok Ads,2025-01-17,2026-05-05,5,777345,1,True,VIP
CLI-00947,Colombia,Medellín,Orgánico/SEO,2025-01-25,2025-05-07,2,138870,4,True,Recurrente
CLI-00948,Costa Rica,Heredia,Instagram Ads,2025-08-07,2026-05-01,6,616880,6,True,VIP
CLI-00949,Colombia,Barranquilla,Google Ads,2026-03-14,2026-03-14,1,62370,7,False,Compra única
CLI-00950,Estados Unidos,Miami,Referidos,2025-10-25,2026-06-27,5,731090,10,True,VIP
CLI-00951,Colombia,Bogotá,Referidos,2025-08-21,2026-05-09,3,170650,4,True,Recurrente
CLI-00953,Colombia,Cali,Instagram Ads,2025-06-03,2026-08-15,4,496100,4,True,Recurrente
CLI-00954,Colombia,Pereira,TikTok Ads,2025-11-09,2026-02-16,2,291320,2,True,Recurrente
CLI-00955,Colombia,Bucaramanga,Instagram Ads,2025-10-05,2026-08-05,3,213975,4,True,Recurrente
CLI-00956,Colombia,Pereira,Instagram Ads,2026-03-27,2026-04-08,2,643470,0,True,VIP
CLI-00957,Colombia,Bucaramanga,Instagram Ads,2025-01-02,2025-10-12,2,233010,2,True,Recurrente
CLI-00958,Colombia,Cali,Email/WhatsApp,2025-01-28,2025-01-28,1,135000,5,False,Compra única
CLI-00959,Colombia,Cali,Email/WhatsApp,2026-08-20,2026-08-20,1,37950,6,False,Compra única
CLI-00960,Colombia,Bogotá,Instagram Ads,2025-07-05,2026-03-31,2,217800,3,True,Recurrente
CLI-00961,Colombia,Bogotá,Referidos,2026-01-21,2026-01-21,1,48590,3,False,Compra única
CLI-00962,Costa Rica,Alajuela,Instagram Ads,2025-12-23,2026-05-11,2,121330,8,True,Recurrente
CLI-00963,Costa Rica,Alajuela,Orgánico/SEO,2026-03-23,2026-03-23,1,419700,7,False,Compra única
CLI-00964,Estados Unidos,Houston,Email/WhatsApp,2025-11-14,2025-11-14,1,86690,3,False,Compra única
CLI-00965,Colombia,Barranquilla,Instagram Ads,2025-04-01,2025-04-01,1,190500,5,False,Compra única
CLI-00966,Estados Unidos,Orlando,Google Ads,2026-01-25,2026-08-30,6,729761,9,True,VIP
CLI-00967,Colombia,Bogotá,Google Ads,2025-07-30,2025-12-20,3,569593,4,True,Recurrente
CLI-00968,Estados Unidos,Miami,Instagram Ads,2026-01-29,2026-04-08,2,305580,7,True,Recurrente
CLI-00969,Colombia,Cali,Instagram Ads,2025-12-20,2025-12-20,1,53975,8,False,Compra única
CLI-00970,Costa Rica,San José,Instagram Ads,2025-08-04,2025-10-25,2,189750,7,True,Recurrente
CLI-00971,Costa Rica,Alajuela,Google Ads,2025-06-24,2026-06-03,6,818046,4,True,VIP
CLI-00972,Colombia,Cali,Instagram Ads,2025-02-01,2026-07-28,3,385160,0,True,Recurrente
CLI-00973,Colombia,Bucaramanga,Email/WhatsApp,2026-04-09,2026-08-29,3,228220,9,True,Recurrente
CLI-00974,Colombia,Bogotá,Instagram Ads,2025-10-31,2026-04-14,2,231622,10,True,Recurrente
CLI-00975,Estados Unidos,Houston,Orgánico/SEO,2025-11-24,2025-11-24,1,227810,7,False,Compra única
CLI-00976,Colombia,Medellín,Instagram Ads,2025-07-19,2025-12-28,2,293550,6,True,Recurrente
CLI-00977,Colombia,Barranquilla,Instagram Ads,2025-01-03,2026-08-29,2,238920,2,True,Recurrente
CLI-00978,Colombia,Bucaramanga,TikTok Ads,2025-01-02,2025-10-04,5,592653,8,True,VIP
CLI-00979,Colombia,Bogotá,Instagram Ads,2025-04-28,2026-08-14,6,1395453,8,True,VIP
CLI-00980,Estados Unidos,Orlando,Email/WhatsApp,2025-10-19,2026-08-18,4,486086,7,True,Recurrente
CLI-00981,Colombia,Bucaramanga,Instagram Ads,2026-01-11,2026-04-27,3,183500,9,True,Recurrente
CLI-00982,Colombia,Barranquilla,TikTok Ads,2025-09-14,2026-05-12,3,435640,5,True,Recurrente
CLI-00983,Colombia,Pereira,Instagram Ads,2025-06-21,2026-05-10,3,249092,5,True,Recurrente
CLI-00984,Estados Unidos,Miami,Email/WhatsApp,2025-10-22,2026-06-14,6,606633,7,True,VIP
CLI-00985,Costa Rica,Cartago,TikTok Ads,2025-11-22,2025-11-22,1,86540,5,False,Compra única
CLI-00986,Costa Rica,San José,Instagram Ads,2026-01-21,2026-05-27,2,211930,10,True,Recurrente
CLI-00987,Estados Unidos,Houston,Instagram Ads,2026-06-11,2026-08-31,2,126940,5,True,Recurrente
CLI-00988,Colombia,Barranquilla,Instagram Ads,2025-02-04,2025-12-18,2,315700,4,True,Recurrente
CLI-00989,Colombia,Pereira,Instagram Ads,2025-09-19,2026-02-17,4,252823,0,True,Recurrente
CLI-00991,Costa Rica,Alajuela,Orgánico/SEO,2025-05-12,2026-06-05,4,518753,9,True,Recurrente
CLI-00992,Colombia,Bogotá,TikTok Ads,2025-02-28,2026-04-11,5,263878,1,True,Recurrente
CLI-00993,Colombia,Barranquilla,Referidos,2025-01-12,2026-07-23,4,1097708,9,True,VIP
CLI-00994,Costa Rica,Cartago,Referidos,2025-05-22,2025-11-21,2,274450,7,True,Recurrente
CLI-00995,Colombia,Barranquilla,Instagram Ads,2025-07-17,2026-03-13,3,294970,10,True,Recurrente
CLI-00996,Colombia,Pereira,Google Ads,2025-01-19,2026-05-10,6,747365,3,True,VIP
CLI-00997,Colombia,Bogotá,Orgánico/SEO,2025-05-29,2026-05-19,3,354220,1,True,Recurrente
CLI-00998,Costa Rica,Heredia,Email/WhatsApp,2026-01-27,2026-05-08,2,208261,7,True,Recurrente
CLI-00999,Colombia,Medellín,Instagram Ads,2025-12-17,2026-05-02,2,394770,0,True,Recurrente
CLI-01000,Colombia,Medellín,Referidos,2025-02-22,2026-08-01,4,418770,4,True,Recurrente
CLI-01001,Colombia,Medellín,TikTok Ads,2025-06-17,2025-11-30,3,285742,8,True,Recurrente
CLI-01002,Estados Unidos,Orlando,Instagram Ads,2025-12-18,2026-05-25,3,199375,10,True,Recurrente
CLI-01004,Estados Unidos,Houston,Instagram Ads,2025-10-19,2026-08-30,4,498540,6,True,Recurrente
CLI-01005,Colombia,Cali,Referidos,2025-05-12,2026-05-24,3,179460,6,True,Recurrente
CLI-01006,Colombia,Bucaramanga,Orgánico/SEO,2025-08-21,2026-06-20,5,606785,4,True,VIP
CLI-01007,Colombia,Cali,Referidos,2025-01-23,2026-07-04,6,569700,7,True,Recurrente
CLI-01008,Colombia,Bogotá,Instagram Ads,2025-05-18,2026-06-21,5,461845,9,True,Recurrente
CLI-01009,Estados Unidos,Doral,Google Ads,2026-05-05,2026-05-05,1,239800,4,False,Compra única
CLI-01010,Colombia,Barranquilla,TikTok Ads,2025-06-11,2026-04-27,4,412210,4,True,Recurrente
CLI-01011,Colombia,Pereira,Orgánico/SEO,2025-01-27,2026-08-06,3,218540,7,True,Recurrente
CLI-01012,Colombia,Pereira,Orgánico/SEO,2025-12-13,2025-12-13,1,75900,4,False,Compra única
CLI-01013,Colombia,Pereira,Google Ads,2026-06-19,2026-06-19,2,435653,5,True,Recurrente
CLI-01014,Colombia,Bogotá,TikTok Ads,2025-09-07,2026-01-21,2,131970,4,True,Recurrente
CLI-01015,Colombia,Pereira,TikTok Ads,2025-11-01,2025-11-01,1,75900,9,False,Compra única
CLI-01016,Colombia,Cali,Referidos,2025-12-22,2026-05-27,2,166760,4,True,Recurrente
CLI-01017,Colombia,Bogotá,Instagram Ads,2025-02-24,2025-10-30,3,368020,7,True,Recurrente
CLI-01018,Costa Rica,Alajuela,Email/WhatsApp,2025-04-19,2026-08-10,5,731310,6,True,VIP
CLI-01019,Colombia,Cali,Referidos,2025-02-21,2025-02-21,1,39606,0,False,Compra única
CLI-01020,Colombia,Pereira,Orgánico/SEO,2025-02-04,2025-10-24,5,666613,10,True,VIP
CLI-01021,Colombia,Cali,Orgánico/SEO,2025-03-26,2026-02-26,3,228580,10,True,Recurrente
CLI-01022,Colombia,Bogotá,Instagram Ads,2025-07-04,2026-04-07,3,270490,6,True,Recurrente
CLI-01023,Colombia,Barranquilla,Orgánico/SEO,2025-07-21,2026-05-17,2,256123,7,True,Recurrente
CLI-01024,Estados Unidos,Houston,Instagram Ads,2025-10-24,2026-07-31,3,211340,1,True,Recurrente
CLI-01025,Costa Rica,Heredia,Orgánico/SEO,2025-12-07,2025-12-07,1,76340,2,False,Compra única
CLI-01026,Colombia,Barranquilla,Orgánico/SEO,2025-11-23,2026-01-20,5,622990,3,True,VIP
CLI-01027,Costa Rica,Cartago,Email/WhatsApp,2025-12-13,2026-08-28,5,596425,1,True,VIP
CLI-01028,Colombia,Medellín,Orgánico/SEO,2026-04-15,2026-04-15,1,515970,9,False,Compra única
CLI-01029,Colombia,Bogotá,Google Ads,2025-01-06,2026-07-08,4,587736,10,True,VIP
CLI-01030,Costa Rica,San José,Referidos,2025-09-14,2025-11-19,2,84000,2,True,Recurrente
CLI-01031,Costa Rica,Heredia,Google Ads,2026-06-26,2026-06-26,1,113850,9,False,Compra única
CLI-01032,Colombia,Medellín,Orgánico/SEO,2025-08-26,2026-06-16,3,596306,6,True,VIP
CLI-01033,Colombia,Medellín,Orgánico/SEO,2025-01-08,2026-03-08,5,1105600,0,True,VIP
CLI-01034,Estados Unidos,Miami,Instagram Ads,2025-12-01,2026-05-03,4,819230,0,True,VIP
CLI-01035,Colombia,Medellín,Referidos,2025-04-30,2026-07-09,7,874190,9,True,VIP
CLI-01036,Costa Rica,Heredia,Orgánico/SEO,2025-04-06,2025-04-06,1,97180,7,False,Compra única
CLI-01037,Costa Rica,Cartago,Referidos,2025-09-26,2026-06-24,2,145913,5,True,Recurrente
CLI-01038,Colombia,Medellín,Instagram Ads,2025-11-29,2026-08-28,6,686564,0,True,VIP
CLI-01039,Colombia,Medellín,Instagram Ads,2025-04-15,2025-12-17,2,122890,3,True,Recurrente
CLI-01040,Colombia,Cali,Orgánico/SEO,2025-01-01,2026-08-07,3,364240,1,True,Recurrente
CLI-01041,Colombia,Barranquilla,Referidos,2025-05-11,2026-05-13,3,336620,0,True,Recurrente
CLI-01042,Colombia,Pereira,Google Ads,2025-03-12,2026-07-25,8,774950,3,True,VIP
CLI-01043,Costa Rica,Heredia,Instagram Ads,2026-02-12,2026-08-10,2,213128,5,True,Recurrente
CLI-01044,Colombia,Bogotá,Instagram Ads,2025-01-17,2026-06-24,3,577450,2,True,VIP
CLI-01045,Colombia,Medellín,Referidos,2025-02-13,2026-07-20,4,331010,1,True,Recurrente
CLI-01047,Colombia,Bogotá,Instagram Ads,2025-06-25,2026-01-11,3,506240,4,True,Recurrente
CLI-01048,Colombia,Pereira,Referidos,2025-07-06,2026-08-15,2,251925,7,True,Recurrente
CLI-01049,Colombia,Medellín,TikTok Ads,2025-04-28,2025-04-28,1,119900,9,False,Compra única
CLI-01050,Estados Unidos,Houston,Google Ads,2026-06-17,2026-07-26,2,197850,6,True,Recurrente
CLI-01051,Colombia,Cali,Orgánico/SEO,2025-05-04,2026-08-15,3,665190,7,True,VIP
CLI-01052,Colombia,Cali,TikTok Ads,2025-01-17,2026-05-21,4,484190,9,True,Recurrente
CLI-01053,Colombia,Cali,Instagram Ads,2025-07-20,2026-07-13,4,372900,8,True,Recurrente
CLI-01054,Colombia,Pereira,Referidos,2025-09-01,2025-09-01,1,48590,10,False,Compra única
CLI-01055,Colombia,Bogotá,Instagram Ads,2025-08-09,2026-08-21,4,422252,9,True,Recurrente
CLI-01056,Colombia,Bogotá,Google Ads,2026-04-21,2026-06-19,2,353460,9,True,Recurrente
CLI-01057,Estados Unidos,Doral,Google Ads,2026-08-19,2026-08-19,1,37950,9,False,Compra única
CLI-01059,Costa Rica,Alajuela,Orgánico/SEO,2025-12-11,2025-12-11,1,84000,2,False,Compra única
CLI-01060,Colombia,Bucaramanga,Email/WhatsApp,2025-01-02,2026-03-30,4,681930,1,True,VIP
CLI-01061,Colombia,Bucaramanga,Referidos,2025-06-28,2025-06-28,1,97180,6,False,Compra única
CLI-01062,Colombia,Medellín,Google Ads,2025-07-14,2025-12-24,2,217486,1,True,Recurrente
CLI-01063,Colombia,Bogotá,Google Ads,2025-01-15,2026-05-14,2,126130,10,True,Recurrente
CLI-01064,Colombia,Bogotá,Instagram Ads,2025-09-06,2026-05-30,2,71550,7,True,Recurrente
CLI-01065,Costa Rica,Heredia,Orgánico/SEO,2025-08-02,2025-08-02,1,113850,7,False,Compra única
CLI-01066,Colombia,Medellín,Email/WhatsApp,2025-03-11,2026-01-20,5,563910,3,True,Recurrente
CLI-01067,Costa Rica,Alajuela,TikTok Ads,2025-05-20,2026-05-27,5,781670,5,True,VIP
CLI-01068,Colombia,Medellín,Instagram Ads,2025-11-10,2026-05-15,2,170070,7,True,Recurrente
CLI-01069,Colombia,Bucaramanga,Email/WhatsApp,2026-03-26,2026-05-06,2,162440,2,True,Recurrente
CLI-01070,Costa Rica,Heredia,Google Ads,2026-05-28,2026-05-28,1,121330,9,False,Compra única
CLI-01071,Costa Rica,Heredia,Instagram Ads,2025-11-01,2025-11-01,1,83380,4,False,Compra única
CLI-01072,Colombia,Bogotá,Orgánico/SEO,2025-02-07,2026-03-17,4,385930,7,True,Recurrente
CLI-01073,Estados Unidos,Orlando,Orgánico/SEO,2025-10-11,2026-01-04,3,446453,9,True,Recurrente
CLI-01074,Costa Rica,Heredia,Instagram Ads,2025-11-15,2025-11-15,1,48590,9,False,Compra única
CLI-01075,Colombia,Bogotá,TikTok Ads,2025-10-03,2025-10-03,1,263862,4,False,Compra única
CLI-01076,Estados Unidos,Miami,Google Ads,2025-11-15,2026-07-30,3,607240,7,True,VIP
CLI-01077,Colombia,Bogotá,Referidos,2025-10-25,2026-07-09,3,297490,6,True,Recurrente
CLI-01078,Colombia,Bucaramanga,Instagram Ads,2025-06-10,2026-08-24,8,1247570,3,True,VIP
CLI-01079,Colombia,Medellín,Instagram Ads,2025-08-27,2026-07-30,6,1272560,7,True,VIP
CLI-01080,Colombia,Bucaramanga,TikTok Ads,2025-03-18,2026-08-22,5,577620,7,True,VIP
CLI-01081,Costa Rica,Cartago,Google Ads,2025-12-22,2026-07-09,2,207900,7,True,Recurrente
CLI-01082,Costa Rica,Alajuela,Orgánico/SEO,2025-05-26,2026-08-14,2,236410,1,True,Recurrente
CLI-01083,Colombia,Medellín,Referidos,2025-10-01,2026-07-23,2,554700,6,True,Recurrente
CLI-01084,Colombia,Pereira,Referidos,2025-10-04,2026-04-23,3,301040,10,True,Recurrente
CLI-01085,Costa Rica,Alajuela,Instagram Ads,2025-04-29,2025-10-31,3,229900,5,True,Recurrente
CLI-01086,Colombia,Pereira,Orgánico/SEO,2025-01-22,2026-06-28,4,320560,7,True,Recurrente
CLI-01087,Colombia,Pereira,Orgánico/SEO,2025-05-26,2026-08-14,3,421210,3,True,Recurrente
CLI-01088,Colombia,Medellín,Instagram Ads,2025-01-20,2026-05-14,5,378853,2,True,Recurrente
CLI-01089,Colombia,Barranquilla,TikTok Ads,2025-04-26,2026-07-24,2,179966,10,True,Recurrente
CLI-01090,Colombia,Medellín,Email/WhatsApp,2025-05-06,2025-07-28,2,233950,8,True,Recurrente
CLI-01091,Colombia,Bucaramanga,Referidos,2025-02-05,2026-08-06,3,402815,8,True,Recurrente
CLI-01092,Colombia,Bucaramanga,Instagram Ads,2025-11-25,2026-08-18,5,822489,9,True,VIP
CLI-01093,Colombia,Bogotá,Instagram Ads,2025-04-29,2025-04-29,1,56430,5,False,Compra única
CLI-01094,Colombia,Bogotá,Google Ads,2025-10-31,2026-07-27,3,405725,5,True,Recurrente
CLI-01095,Estados Unidos,Doral,TikTok Ads,2026-02-15,2026-02-15,1,125070,10,False,Compra única
CLI-01096,Colombia,Barranquilla,TikTok Ads,2026-01-30,2026-06-26,2,272770,7,True,Recurrente
CLI-01097,Colombia,Cali,TikTok Ads,2025-03-23,2025-12-17,3,383155,7,True,Recurrente
CLI-01098,Costa Rica,Cartago,Orgánico/SEO,2025-04-06,2026-05-03,4,455860,8,True,Recurrente
CLI-01099,Colombia,Bogotá,Google Ads,2025-02-24,2026-05-04,6,563557,5,True,Recurrente
CLI-01100,Costa Rica,Alajuela,Instagram Ads,2026-07-16,2026-07-16,1,44950,6,False,Compra única
CLI-01101,Costa Rica,Alajuela,Orgánico/SEO,2025-08-05,2026-08-23,3,377510,6,True,Recurrente
CLI-01103,Colombia,Bucaramanga,Instagram Ads,2025-02-02,2026-02-21,5,755060,4,True,VIP
CLI-01104,Colombia,Cali,Google Ads,2025-05-10,2025-06-29,2,122942,9,True,Recurrente
CLI-01105,Colombia,Bogotá,TikTok Ads,2025-06-15,2026-05-04,3,377991,2,True,Recurrente
CLI-01106,Colombia,Medellín,Email/WhatsApp,2025-05-22,2025-05-22,1,62700,2,False,Compra única
CLI-01107,Colombia,Barranquilla,Google Ads,2026-01-12,2026-08-28,3,240780,1,True,Recurrente
CLI-01108,Costa Rica,Heredia,Orgánico/SEO,2026-02-07,2026-02-07,1,75900,3,False,Compra única
CLI-01110,Colombia,Bogotá,Instagram Ads,2025-11-01,2025-11-01,1,84000,8,False,Compra única
CLI-01111,Costa Rica,Heredia,Instagram Ads,2025-05-07,2026-02-27,2,240550,8,True,Recurrente
CLI-01112,Costa Rica,Heredia,Email/WhatsApp,2025-06-01,2026-07-12,4,494450,10,True,Recurrente
CLI-01113,Colombia,Medellín,Referidos,2025-04-27,2026-04-26,3,503855,3,True,Recurrente
CLI-01114,Costa Rica,Alajuela,Instagram Ads,2025-04-06,2026-04-17,3,729765,9,True,VIP
CLI-01115,Colombia,Bogotá,Referidos,2025-01-30,2026-01-17,3,155876,3,True,Recurrente
CLI-01116,Colombia,Bogotá,Instagram Ads,2025-03-24,2026-04-30,5,446873,10,True,Recurrente
CLI-01117,Estados Unidos,Doral,Google Ads,2026-02-22,2026-06-03,2,233607,6,True,Recurrente
CLI-01118,Estados Unidos,Miami,Email/WhatsApp,2025-11-22,2026-06-05,2,176494,0,True,Recurrente
CLI-01119,Colombia,Bogotá,Email/WhatsApp,2025-12-30,2025-12-30,1,107470,8,False,Compra única
CLI-01120,Costa Rica,Alajuela,Instagram Ads,2026-08-14,2026-08-14,1,113850,3,False,Compra única
CLI-01122,Colombia,Bogotá,Google Ads,2025-11-24,2025-11-24,2,211770,7,True,Recurrente
CLI-01123,Colombia,Medellín,Orgánico/SEO,2025-10-11,2026-07-25,4,500390,7,True,Recurrente
CLI-01124,Costa Rica,San José,Instagram Ads,2025-10-24,2026-08-15,4,334951,5,True,Recurrente
CLI-01125,Costa Rica,Alajuela,Referidos,2025-05-14,2026-04-25,5,412798,6,True,Recurrente
CLI-01126,Costa Rica,San José,Email/WhatsApp,2025-11-05,2025-12-21,3,517780,4,True,Recurrente
CLI-01128,Estados Unidos,Houston,Instagram Ads,2026-03-30,2026-05-14,2,217532,10,True,Recurrente
CLI-01129,Colombia,Bogotá,Email/WhatsApp,2025-01-02,2026-08-10,4,846317,8,True,VIP
CLI-01130,Colombia,Pereira,TikTok Ads,2025-03-22,2026-04-02,6,889200,0,True,VIP
CLI-01131,Colombia,Bucaramanga,Email/WhatsApp,2025-01-12,2026-06-22,5,408944,8,True,Recurrente
CLI-01132,Colombia,Bogotá,Google Ads,2025-12-16,2025-12-16,1,97180,5,False,Compra única
CLI-01133,Colombia,Cali,Instagram Ads,2025-02-14,2026-02-20,2,155540,0,True,Recurrente
CLI-01134,Colombia,Barranquilla,Orgánico/SEO,2025-02-13,2026-07-01,2,429961,9,True,Recurrente
CLI-01135,Costa Rica,Alajuela,Google Ads,2026-04-25,2026-04-25,1,28000,2,False,Compra única
CLI-01136,Costa Rica,Cartago,Referidos,2026-05-14,2026-05-14,1,48590,1,False,Compra única
CLI-01137,Estados Unidos,Doral,Email/WhatsApp,2026-05-26,2026-05-26,1,65780,10,False,Compra única
CLI-01138,Colombia,Pereira,Instagram Ads,2025-01-01,2026-01-04,2,163020,7,True,Recurrente
CLI-01139,Colombia,Pereira,Instagram Ads,2025-05-03,2026-08-25,2,250140,1,True,Recurrente
CLI-01140,Colombia,Pereira,TikTok Ads,2025-02-09,2025-11-11,3,342543,0,True,Recurrente
CLI-01141,Colombia,Barranquilla,Instagram Ads,2025-07-13,2026-08-14,2,273750,5,True,Recurrente
CLI-01142,Costa Rica,Alajuela,Instagram Ads,2025-08-17,2026-06-28,3,246320,0,True,Recurrente
CLI-01143,Costa Rica,San José,Google Ads,2025-06-22,2026-05-16,2,162440,10,True,Recurrente
CLI-01145,Colombia,Pereira,TikTok Ads,2025-02-07,2026-08-03,2,204150,5,True,Recurrente
CLI-01146,Costa Rica,Alajuela,TikTok Ads,2025-08-11,2026-08-30,2,505470,7,True,Recurrente
CLI-01147,Colombia,Barranquilla,Instagram Ads,2025-02-10,2025-09-06,3,328656,8,True,Recurrente
CLI-01148,Colombia,Bucaramanga,Instagram Ads,2025-05-18,2025-08-27,3,397775,9,True,Recurrente
CLI-01149,Costa Rica,Heredia,TikTok Ads,2025-04-07,2026-02-02,3,744640,1,True,VIP
CLI-01151,Colombia,Barranquilla,Instagram Ads,2025-02-16,2026-06-22,3,293875,0,True,Recurrente
CLI-01152,Costa Rica,Cartago,Email/WhatsApp,2025-05-17,2026-03-01,4,352033,3,True,Recurrente
CLI-01153,Estados Unidos,Houston,Orgánico/SEO,2025-10-01,2026-08-08,3,349197,1,True,Recurrente
CLI-01154,Colombia,Bogotá,TikTok Ads,2025-07-10,2026-02-21,2,479500,1,True,Recurrente
CLI-01155,Colombia,Pereira,Instagram Ads,2025-03-17,2026-05-05,4,330970,9,True,Recurrente
CLI-01156,Colombia,Pereira,TikTok Ads,2025-11-18,2025-11-18,1,108810,0,False,Compra única
CLI-01157,Colombia,Bogotá,Referidos,2025-10-28,2026-05-27,3,185793,6,True,Recurrente
CLI-01158,Costa Rica,Cartago,TikTok Ads,2025-04-05,2025-12-22,5,678413,6,True,VIP
CLI-01159,Colombia,Bucaramanga,Instagram Ads,2025-06-09,2026-07-02,4,727880,8,True,VIP
CLI-01160,Colombia,Cali,Google Ads,2025-05-02,2026-04-14,3,564245,6,True,Recurrente
CLI-01161,Colombia,Pereira,Orgánico/SEO,2025-02-09,2026-06-01,4,566740,3,True,Recurrente
CLI-01162,Colombia,Bucaramanga,Instagram Ads,2025-11-18,2026-07-13,3,383530,8,True,Recurrente
CLI-01163,Colombia,Pereira,Email/WhatsApp,2025-01-10,2026-08-18,4,863800,5,True,VIP
CLI-01164,Colombia,Pereira,Email/WhatsApp,2025-10-03,2026-07-06,4,371812,2,True,Recurrente
CLI-01165,Estados Unidos,Houston,Google Ads,2026-01-20,2026-03-19,2,330553,0,True,Recurrente
CLI-01166,Colombia,Barranquilla,Email/WhatsApp,2025-10-20,2026-03-17,3,388945,4,True,Recurrente
CLI-01167,Costa Rica,Cartago,Google Ads,2025-09-28,2026-06-18,2,190720,2,True,Recurrente
CLI-01168,Estados Unidos,Doral,Email/WhatsApp,2025-12-29,2026-04-23,2,159680,10,True,Recurrente
CLI-01169,Colombia,Bogotá,Google Ads,2025-03-13,2026-08-02,3,210745,8,True,Recurrente
CLI-01170,Colombia,Barranquilla,Referidos,2025-03-13,2026-04-26,2,107250,10,True,Recurrente
CLI-01171,Colombia,Medellín,Orgánico/SEO,2025-12-11,2026-06-14,3,267100,2,True,Recurrente
CLI-01172,Colombia,Medellín,Google Ads,2025-01-15,2025-11-24,2,121555,10,True,Recurrente
CLI-01173,Estados Unidos,Houston,Instagram Ads,2026-01-08,2026-01-08,1,131193,1,False,Compra única
CLI-01174,Colombia,Barranquilla,Referidos,2025-10-07,2026-07-27,8,717039,10,True,VIP
CLI-01175,Costa Rica,Cartago,Referidos,2026-01-04,2026-03-13,2,69300,3,True,Recurrente
CLI-01176,Costa Rica,Heredia,Google Ads,2026-05-18,2026-05-22,2,121950,2,True,Recurrente
CLI-01177,Colombia,Medellín,TikTok Ads,2025-02-17,2026-06-22,4,273730,4,True,Recurrente
CLI-01179,Colombia,Pereira,Instagram Ads,2025-07-17,2025-07-17,1,124490,10,False,Compra única
CLI-01180,Colombia,Bogotá,Referidos,2025-10-14,2026-07-08,5,353840,0,True,Recurrente
CLI-01181,Colombia,Bucaramanga,TikTok Ads,2025-08-07,2026-06-14,4,328872,5,True,Recurrente
CLI-01182,Colombia,Bogotá,Instagram Ads,2025-03-31,2026-01-08,3,294430,8,True,Recurrente
CLI-01183,Colombia,Barranquilla,Instagram Ads,2025-08-03,2026-03-09,2,267360,5,True,Recurrente
CLI-01184,Costa Rica,Alajuela,Instagram Ads,2026-01-28,2026-01-28,1,145770,0,False,Compra única
CLI-01185,Colombia,Bogotá,TikTok Ads,2025-12-01,2026-07-12,3,493290,2,True,Recurrente
CLI-01186,Colombia,Medellín,Email/WhatsApp,2025-05-10,2025-06-26,2,128480,4,True,Recurrente
CLI-01187,Costa Rica,Alajuela,Email/WhatsApp,2025-05-02,2026-05-15,2,223970,2,True,Recurrente
CLI-01188,Estados Unidos,Doral,Instagram Ads,2025-12-27,2026-08-23,4,545726,2,True,Recurrente
CLI-01189,Costa Rica,Alajuela,Referidos,2025-05-25,2026-07-30,8,1257845,3,True,VIP
CLI-01190,Colombia,Medellín,Email/WhatsApp,2025-06-26,2025-07-08,2,120980,6,True,Recurrente
CLI-01191,Estados Unidos,Houston,Email/WhatsApp,2026-02-25,2026-05-15,4,401905,6,True,Recurrente
CLI-01193,Costa Rica,Alajuela,TikTok Ads,2025-05-29,2026-08-05,6,726702,7,True,VIP
CLI-01194,Colombia,Pereira,Instagram Ads,2025-05-27,2026-08-18,4,550060,2,True,Recurrente
CLI-01195,Estados Unidos,Miami,Email/WhatsApp,2026-06-29,2026-06-29,1,48590,10,False,Compra única
CLI-01196,Colombia,Pereira,Instagram Ads,2025-01-15,2026-07-22,3,598960,1,True,VIP
CLI-01197,Colombia,Cali,Referidos,2025-05-06,2026-05-12,4,399272,2,True,Recurrente
CLI-01198,Colombia,Cali,Instagram Ads,2025-02-15,2026-06-19,6,592850,8,True,VIP
CLI-01199,Colombia,Medellín,Referidos,2025-12-07,2025-12-07,1,119800,3,False,Compra única
CLI-01200,Colombia,Cali,Instagram Ads,2025-05-16,2026-08-11,4,778882,4,True,VIP
CLI-01201,Colombia,Medellín,Google Ads,2025-04-07,2026-01-11,3,376386,3,True,Recurrente
CLI-01202,Costa Rica,Alajuela,Orgánico/SEO,2026-02-03,2026-02-03,1,145770,9,False,Compra única
CLI-01203,Colombia,Bucaramanga,Google Ads,2025-08-01,2026-05-04,5,612961,5,True,VIP
CLI-01204,Colombia,Barranquilla,Referidos,2025-07-06,2025-07-23,2,396880,6,True,Recurrente
CLI-01205,Estados Unidos,Doral,TikTok Ads,2025-11-15,2025-11-15,1,119900,2,False,Compra única
CLI-01206,Costa Rica,Heredia,Instagram Ads,2025-09-23,2025-12-24,3,567600,8,True,Recurrente
CLI-01207,Colombia,Barranquilla,Instagram Ads,2025-04-03,2025-12-23,2,318670,2,True,Recurrente
CLI-01208,Colombia,Barranquilla,Google Ads,2025-07-14,2026-05-16,4,546121,3,True,Recurrente
CLI-01209,Costa Rica,Alajuela,Referidos,2025-07-08,2026-03-27,2,197550,9,True,Recurrente
CLI-01210,Colombia,Barranquilla,Google Ads,2025-02-02,2026-02-08,4,493960,7,True,Recurrente
CLI-01211,Colombia,Barranquilla,Email/WhatsApp,2025-03-27,2026-04-28,4,506002,8,True,Recurrente
CLI-01212,Costa Rica,San José,Google Ads,2025-06-26,2026-01-19,3,335480,5,True,Recurrente
CLI-01213,Costa Rica,Heredia,Referidos,2026-05-17,2026-06-01,2,394770,9,True,Recurrente
CLI-01214,Colombia,Bucaramanga,Referidos,2025-03-21,2025-07-11,3,221021,1,True,Recurrente
CLI-01215,Costa Rica,San José,Instagram Ads,2025-12-16,2026-08-11,4,359720,0,True,Recurrente
CLI-01216,Colombia,Medellín,Instagram Ads,2025-04-08,2025-11-18,4,332070,10,True,Recurrente
CLI-01217,Colombia,Pereira,TikTok Ads,2025-01-06,2026-02-05,3,279100,8,True,Recurrente
CLI-01218,Colombia,Bucaramanga,Referidos,2025-03-30,2025-09-29,3,228941,1,True,Recurrente
CLI-01220,Colombia,Bogotá,Google Ads,2025-02-02,2026-05-18,4,595990,7,True,VIP
CLI-01221,Colombia,Bogotá,Instagram Ads,2025-12-18,2026-08-10,3,363580,0,True,Recurrente
CLI-01222,Colombia,Pereira,TikTok Ads,2025-05-28,2025-11-14,2,171380,3,True,Recurrente
CLI-01223,Colombia,Cali,Orgánico/SEO,2025-02-25,2025-02-25,1,145200,3,False,Compra única
CLI-01224,Colombia,Cali,Referidos,2025-01-22,2026-08-25,6,1018295,5,True,VIP
CLI-01225,Colombia,Bogotá,TikTok Ads,2025-03-24,2026-07-08,2,519620,4,True,Recurrente
CLI-01226,Colombia,Medellín,Referidos,2025-01-19,2026-07-29,4,467840,5,True,Recurrente
CLI-01227,Costa Rica,San José,TikTok Ads,2025-04-16,2026-08-04,7,903286,8,True,VIP
CLI-01229,Costa Rica,Alajuela,Instagram Ads,2025-09-04,2025-11-22,2,83240,4,True,Recurrente
CLI-01230,Costa Rica,San José,Referidos,2026-02-18,2026-04-12,2,242950,7,True,Recurrente
CLI-01231,Costa Rica,Heredia,Orgánico/SEO,2025-10-31,2025-11-25,2,280620,1,True,Recurrente
CLI-01232,Costa Rica,Heredia,Instagram Ads,2025-09-18,2026-08-15,4,255646,0,True,Recurrente
CLI-01233,Estados Unidos,Orlando,TikTok Ads,2025-10-09,2026-08-06,2,405120,2,True,Recurrente
CLI-01234,Colombia,Medellín,Orgánico/SEO,2025-01-27,2025-12-26,2,393750,3,True,Recurrente
CLI-01235,Colombia,Bogotá,TikTok Ads,2025-09-05,2025-09-05,1,145770,9,False,Compra única
CLI-01236,Colombia,Bucaramanga,Email/WhatsApp,2025-06-18,2026-07-20,2,304800,1,True,Recurrente
CLI-01237,Estados Unidos,Doral,Email/WhatsApp,2026-04-06,2026-06-30,2,242950,3,True,Recurrente
CLI-01238,Colombia,Bogotá,Google Ads,2025-02-12,2026-04-07,4,232340,7,True,Recurrente
CLI-01239,Colombia,Bogotá,Instagram Ads,2025-01-14,2026-03-05,3,491680,0,True,Recurrente
CLI-01240,Colombia,Bogotá,Google Ads,2025-03-29,2026-05-23,6,547657,3,True,Recurrente
CLI-01241,Colombia,Bucaramanga,TikTok Ads,2025-06-13,2025-12-21,3,331600,5,True,Recurrente
CLI-01242,Colombia,Barranquilla,TikTok Ads,2026-08-30,2026-08-30,1,125070,5,False,Compra única
CLI-01243,Colombia,Barranquilla,Email/WhatsApp,2025-01-26,2026-08-27,6,648263,10,True,VIP
CLI-01244,Estados Unidos,Orlando,Instagram Ads,2026-02-08,2026-02-08,1,127000,0,False,Compra única
CLI-01245,Colombia,Medellín,Instagram Ads,2026-05-28,2026-05-28,1,134850,10,False,Compra única
CLI-01246,Costa Rica,Heredia,TikTok Ads,2026-08-07,2026-08-07,1,131830,7,False,Compra única
CLI-01247,Colombia,Bucaramanga,Email/WhatsApp,2025-05-17,2026-07-06,2,397160,3,True,Recurrente
CLI-01248,Costa Rica,Alajuela,Instagram Ads,2025-07-01,2026-03-21,5,486483,0,True,Recurrente
CLI-01249,Colombia,Cali,Google Ads,2025-03-26,2026-04-14,2,65521,4,True,Recurrente
CLI-01250,Colombia,Bucaramanga,Google Ads,2025-09-03,2026-05-25,5,550060,7,True,Recurrente
CLI-01251,Colombia,Cali,Instagram Ads,2025-07-22,2025-07-22,1,94050,2,False,Compra única
CLI-01252,Costa Rica,Alajuela,Instagram Ads,2026-05-06,2026-05-06,1,503700,6,False,Compra única
CLI-01253,Costa Rica,San José,Orgánico/SEO,2025-05-09,2026-05-05,6,1404428,10,True,VIP
CLI-01254,Estados Unidos,Doral,TikTok Ads,2025-11-18,2026-04-21,4,909470,0,True,VIP
CLI-01255,Colombia,Medellín,Google Ads,2025-01-24,2026-07-06,3,291390,2,True,Recurrente
CLI-01256,Colombia,Bucaramanga,Orgánico/SEO,2025-02-10,2026-05-19,5,331440,4,True,Recurrente
CLI-01257,Estados Unidos,Doral,Instagram Ads,2026-02-08,2026-02-08,1,139900,1,False,Compra única
CLI-01258,Colombia,Medellín,Orgánico/SEO,2025-05-08,2025-05-08,1,29601,4,False,Compra única
CLI-01259,Colombia,Barranquilla,TikTok Ads,2025-03-02,2025-06-01,2,194370,7,True,Recurrente
CLI-01260,Estados Unidos,Orlando,Instagram Ads,2026-02-10,2026-03-17,2,350220,9,True,Recurrente
CLI-01261,Estados Unidos,Orlando,Google Ads,2026-01-16,2026-03-12,2,349430,7,True,Recurrente
CLI-01262,Estados Unidos,Houston,Referidos,2025-10-14,2026-08-27,3,339520,2,True,Recurrente
CLI-01263,Costa Rica,Alajuela,Orgánico/SEO,2025-12-17,2026-06-23,3,228970,9,True,Recurrente
CLI-01264,Estados Unidos,Orlando,Google Ads,2026-01-19,2026-07-21,4,695142,0,True,VIP
CLI-01265,Colombia,Cali,Referidos,2025-04-25,2026-07-19,4,350530,6,True,Recurrente
CLI-01266,Colombia,Medellín,Email/WhatsApp,2025-05-02,2026-04-28,3,583820,2,True,VIP
CLI-01267,Colombia,Barranquilla,Orgánico/SEO,2025-03-25,2026-05-10,3,400800,8,True,Recurrente
CLI-01268,Costa Rica,Heredia,Referidos,2025-07-26,2025-07-26,1,145770,8,False,Compra única
CLI-01269,Colombia,Pereira,Instagram Ads,2025-03-15,2026-08-13,3,293020,2,True,Recurrente
CLI-01270,Colombia,Bucaramanga,Instagram Ads,2026-01-28,2026-01-28,1,86540,3,False,Compra única
CLI-01271,Colombia,Cali,TikTok Ads,2025-03-20,2026-05-04,5,559500,1,True,Recurrente
CLI-01273,Colombia,Bogotá,Orgánico/SEO,2025-04-01,2025-08-01,2,324830,1,True,Recurrente
CLI-01274,Colombia,Bucaramanga,Google Ads,2026-01-26,2026-01-26,1,65780,1,False,Compra única
CLI-01275,Colombia,Medellín,Referidos,2025-05-07,2026-01-21,3,228340,7,True,Recurrente
CLI-01276,Colombia,Bogotá,Google Ads,2025-01-30,2026-08-19,3,382900,3,True,Recurrente
CLI-01277,Colombia,Cali,Google Ads,2025-03-17,2025-03-17,1,37950,3,False,Compra única
CLI-01278,Colombia,Bucaramanga,TikTok Ads,2025-03-26,2026-08-07,7,654455,2,True,VIP
CLI-01279,Costa Rica,Alajuela,Google Ads,2025-08-12,2026-05-18,4,639520,9,True,VIP
CLI-01280,Colombia,Cali,Email/WhatsApp,2025-04-07,2025-04-19,2,536700,7,True,Recurrente
CLI-01281,Colombia,Cali,Instagram Ads,2025-02-26,2026-08-19,3,256630,7,True,Recurrente
CLI-01282,Colombia,Barranquilla,TikTok Ads,2025-06-08,2026-03-26,4,506480,1,True,Recurrente
CLI-01283,Colombia,Bogotá,Instagram Ads,2026-03-05,2026-03-16,2,201410,4,True,Recurrente
CLI-01284,Estados Unidos,Doral,Orgánico/SEO,2025-10-29,2026-07-08,6,647470,1,True,VIP
CLI-01285,Colombia,Pereira,Orgánico/SEO,2025-09-09,2026-04-29,2,301480,10,True,Recurrente
CLI-01286,Colombia,Pereira,Instagram Ads,2025-11-25,2026-01-30,2,265670,0,True,Recurrente
CLI-01287,Colombia,Cali,Instagram Ads,2025-03-16,2026-08-23,4,846060,7,True,VIP
CLI-01288,Colombia,Bucaramanga,Orgánico/SEO,2025-08-06,2026-04-28,2,69135,2,True,Recurrente
CLI-01289,Colombia,Bogotá,Referidos,2025-01-31,2025-11-06,4,600130,3,True,VIP
CLI-01290,Colombia,Pereira,Google Ads,2025-04-01,2025-09-03,2,114730,5,True,Recurrente
CLI-01291,Costa Rica,Cartago,Instagram Ads,2025-07-31,2026-02-12,2,173080,5,True,Recurrente
CLI-01292,Costa Rica,San José,Email/WhatsApp,2025-05-11,2026-08-08,2,239720,9,True,Recurrente
CLI-01293,Colombia,Pereira,TikTok Ads,2025-02-23,2025-08-21,2,235670,5,True,Recurrente
CLI-01294,Colombia,Bucaramanga,Email/WhatsApp,2025-01-27,2025-12-25,4,780450,0,True,VIP
CLI-01295,Colombia,Barranquilla,Google Ads,2025-03-02,2026-03-26,5,408920,9,True,Recurrente
CLI-01296,Colombia,Cali,Instagram Ads,2025-11-13,2025-11-13,1,172950,7,False,Compra única
CLI-01297,Colombia,Pereira,Google Ads,2025-02-17,2026-07-29,4,263830,3,True,Recurrente
CLI-01298,Colombia,Pereira,TikTok Ads,2026-02-13,2026-02-17,2,175371,0,True,Recurrente
CLI-01299,Colombia,Barranquilla,Google Ads,2026-08-23,2026-08-23,1,102465,2,False,Compra única
CLI-01300,Costa Rica,Alajuela,Instagram Ads,2025-07-24,2026-07-31,3,300220,5,True,Recurrente
CLI-01301,Colombia,Bogotá,Instagram Ads,2025-03-18,2026-07-30,5,294960,8,True,Recurrente
CLI-01302,Colombia,Pereira,Instagram Ads,2025-12-19,2025-12-19,1,145770,3,False,Compra única
CLI-01303,Estados Unidos,Doral,Google Ads,2025-10-21,2025-10-21,1,220932,6,False,Compra única
CLI-01304,Estados Unidos,Houston,Instagram Ads,2025-11-10,2025-11-10,1,134850,0,False,Compra única
CLI-01305,Costa Rica,Cartago,Email/WhatsApp,2026-05-23,2026-05-23,1,107910,10,False,Compra única
CLI-01306,Colombia,Bucaramanga,TikTok Ads,2025-04-24,2026-04-25,4,567440,0,True,Recurrente
CLI-01307,Colombia,Bucaramanga,TikTok Ads,2025-05-31,2026-07-24,3,838290,6,True,VIP
CLI-01308,Colombia,Cali,Google Ads,2025-09-26,2026-06-09,2,114250,9,True,Recurrente
CLI-01309,Colombia,Barranquilla,Email/WhatsApp,2025-03-24,2026-06-02,4,276874,3,True,Recurrente
CLI-01310,Colombia,Barranquilla,Referidos,2025-01-05,2026-08-14,8,1053445,0,True,VIP
CLI-01311,Colombia,Barranquilla,TikTok Ads,2025-04-27,2026-04-28,3,169490,3,True,Recurrente
CLI-01312,Colombia,Bogotá,Instagram Ads,2025-11-25,2026-07-10,2,239090,7,True,Recurrente
CLI-01313,Colombia,Bogotá,Google Ads,2025-01-25,2026-08-30,4,335720,9,True,Recurrente
CLI-01314,Colombia,Barranquilla,Google Ads,2026-01-18,2026-01-18,1,98752,0,False,Compra única
CLI-01315,Colombia,Pereira,Orgánico/SEO,2025-01-17,2026-05-02,3,560330,1,True,Recurrente
CLI-01316,Costa Rica,Heredia,Email/WhatsApp,2025-12-12,2026-07-09,3,802945,9,True,VIP
CLI-01317,Colombia,Bogotá,TikTok Ads,2026-02-07,2026-06-03,4,955362,3,True,VIP
CLI-01318,Colombia,Bucaramanga,Email/WhatsApp,2026-06-22,2026-06-22,1,97180,10,False,Compra única
CLI-01319,Colombia,Bogotá,Orgánico/SEO,2025-05-02,2026-03-29,4,370952,3,True,Recurrente
CLI-01320,Colombia,Pereira,Instagram Ads,2026-01-29,2026-01-29,1,97180,10,False,Compra única
CLI-01321,Costa Rica,Alajuela,TikTok Ads,2025-04-01,2026-07-19,8,885544,9,True,VIP
CLI-01322,Estados Unidos,Miami,Instagram Ads,2026-06-04,2026-06-04,1,363180,8,False,Compra única
CLI-01323,Colombia,Barranquilla,TikTok Ads,2025-11-17,2025-11-17,1,239800,3,False,Compra única
CLI-01324,Estados Unidos,Doral,Instagram Ads,2025-10-06,2026-01-18,3,297230,8,True,Recurrente
CLI-01325,Colombia,Bucaramanga,Instagram Ads,2025-01-18,2025-11-10,4,431910,2,True,Recurrente
CLI-01326,Colombia,Pereira,Instagram Ads,2025-10-21,2026-07-01,3,395910,10,True,Recurrente
CLI-01327,Colombia,Cali,Google Ads,2025-09-28,2026-06-29,3,314830,4,True,Recurrente
CLI-01328,Estados Unidos,Miami,TikTok Ads,2025-12-06,2026-07-06,4,458215,4,True,Recurrente
CLI-01329,Colombia,Medellín,Email/WhatsApp,2025-04-25,2025-12-12,2,381512,2,True,Recurrente
CLI-01330,Colombia,Cali,Referidos,2025-07-23,2025-07-23,1,98670,2,False,Compra única
CLI-01331,Estados Unidos,Doral,TikTok Ads,2025-10-02,2026-05-13,5,816495,10,True,VIP
CLI-01332,Colombia,Pereira,Google Ads,2025-12-21,2026-08-28,4,450060,7,True,Recurrente
CLI-01333,Colombia,Barranquilla,TikTok Ads,2025-08-12,2026-08-12,4,492230,2,True,Recurrente
CLI-01334,Colombia,Barranquilla,Email/WhatsApp,2025-06-26,2025-06-26,1,125070,8,False,Compra única
CLI-01335,Colombia,Medellín,Instagram Ads,2025-05-08,2026-08-24,3,221670,6,True,Recurrente
CLI-01336,Estados Unidos,Doral,Orgánico/SEO,2025-10-20,2025-10-20,1,76415,3,False,Compra única
CLI-01337,Costa Rica,San José,Email/WhatsApp,2025-11-25,2026-06-27,3,256490,5,True,Recurrente
CLI-01338,Colombia,Bogotá,Instagram Ads,2026-05-05,2026-05-05,1,138482,1,False,Compra única
CLI-01339,Colombia,Barranquilla,Email/WhatsApp,2025-01-13,2025-12-06,3,297348,9,True,Recurrente
CLI-01340,Colombia,Pereira,Instagram Ads,2025-06-26,2026-01-26,3,353862,9,True,Recurrente
CLI-01341,Colombia,Barranquilla,Email/WhatsApp,2025-01-17,2026-01-20,3,297700,2,True,Recurrente
CLI-01342,Colombia,Pereira,Instagram Ads,2025-02-01,2025-02-01,1,31350,6,False,Compra única
CLI-01343,Colombia,Medellín,Google Ads,2025-05-26,2026-04-27,4,493670,8,True,Recurrente
CLI-01344,Colombia,Pereira,Instagram Ads,2025-02-22,2026-08-10,3,155203,9,True,Recurrente
CLI-01345,Colombia,Pereira,Instagram Ads,2025-09-03,2026-03-17,2,658314,1,True,VIP
CLI-01346,Colombia,Cali,Instagram Ads,2025-01-17,2026-08-27,7,1813060,8,True,VIP
CLI-01347,Colombia,Bogotá,Instagram Ads,2025-11-19,2025-11-19,1,257592,9,False,Compra única
CLI-01348,Colombia,Barranquilla,Referidos,2025-01-29,2026-06-15,5,415980,1,True,Recurrente
CLI-01349,Estados Unidos,Doral,Instagram Ads,2025-10-27,2026-04-08,2,308330,6,True,Recurrente
CLI-01350,Colombia,Barranquilla,Instagram Ads,2025-03-07,2026-06-04,7,548687,6,True,Recurrente
CLI-01351,Colombia,Bucaramanga,Orgánico/SEO,2025-01-24,2026-08-16,5,570370,1,True,Recurrente
CLI-01352,Costa Rica,Heredia,TikTok Ads,2026-03-20,2026-03-20,1,92321,0,False,Compra única
CLI-01353,Colombia,Bucaramanga,Orgánico/SEO,2025-02-02,2026-06-07,5,342730,5,True,Recurrente
CLI-01354,Colombia,Bucaramanga,Instagram Ads,2025-09-10,2026-07-16,3,522091,1,True,Recurrente
CLI-01355,Colombia,Pereira,Instagram Ads,2025-05-22,2026-05-27,4,616760,3,True,VIP
CLI-01356,Costa Rica,San José,Google Ads,2026-03-26,2026-08-05,2,291930,3,True,Recurrente
CLI-01357,Colombia,Barranquilla,Google Ads,2025-11-12,2026-08-13,3,301860,6,True,Recurrente
CLI-01358,Estados Unidos,Miami,Referidos,2025-10-12,2026-08-30,4,244071,6,True,Recurrente
CLI-01359,Colombia,Bucaramanga,Referidos,2025-01-07,2025-04-03,2,229635,3,True,Recurrente
CLI-01360,Colombia,Bogotá,Instagram Ads,2025-07-14,2025-07-14,1,112563,9,False,Compra única
CLI-01361,Colombia,Barranquilla,Google Ads,2025-03-03,2026-08-13,5,527910,7,True,Recurrente
CLI-01363,Colombia,Bucaramanga,Orgánico/SEO,2026-01-24,2026-04-17,2,277360,3,True,Recurrente
CLI-01365,Costa Rica,San José,Email/WhatsApp,2025-10-02,2026-01-07,2,157563,1,True,Recurrente
CLI-01366,Colombia,Bogotá,Referidos,2025-09-30,2026-03-02,2,367990,0,True,Recurrente
CLI-01367,Colombia,Cali,Google Ads,2025-03-20,2025-07-10,2,499473,9,True,Recurrente
CLI-01368,Colombia,Cali,Email/WhatsApp,2025-06-05,2025-12-30,3,334652,8,True,Recurrente
CLI-01369,Colombia,Bucaramanga,Referidos,2025-06-02,2026-06-30,5,752003,2,True,VIP
CLI-01370,Colombia,Medellín,Referidos,2026-03-10,2026-05-01,2,218850,9,True,Recurrente
CLI-01371,Colombia,Pereira,TikTok Ads,2025-04-17,2026-06-08,7,608618,7,True,VIP
CLI-01372,Colombia,Barranquilla,Referidos,2025-02-19,2026-05-21,6,867955,3,True,VIP
CLI-01373,Costa Rica,San José,Orgánico/SEO,2025-05-26,2026-04-12,5,524020,1,True,Recurrente
CLI-01374,Costa Rica,San José,Orgánico/SEO,2025-10-13,2025-11-18,2,203850,3,True,Recurrente
CLI-01376,Colombia,Bogotá,Referidos,2025-01-01,2026-08-29,4,299895,8,True,Recurrente
CLI-01377,Colombia,Cali,Google Ads,2025-12-24,2025-12-24,1,168714,8,False,Compra única
CLI-01378,Colombia,Barranquilla,Email/WhatsApp,2026-05-22,2026-06-30,2,182600,4,True,Recurrente
CLI-01379,Colombia,Medellín,Referidos,2025-06-13,2026-07-17,7,759185,6,True,VIP
CLI-01380,Estados Unidos,Orlando,Google Ads,2026-05-28,2026-05-28,1,121365,7,False,Compra única
CLI-01381,Costa Rica,Alajuela,Email/WhatsApp,2026-07-30,2026-07-30,1,86751,2,False,Compra única
CLI-01382,Colombia,Medellín,Instagram Ads,2025-01-10,2025-11-29,4,641320,2,True,VIP
CLI-01384,Colombia,Medellín,Instagram Ads,2025-02-14,2026-05-05,2,215550,5,True,Recurrente
CLI-01385,Estados Unidos,Orlando,Google Ads,2025-11-08,2025-11-08,1,125070,0,False,Compra única
CLI-01386,Colombia,Cali,TikTok Ads,2025-10-07,2026-06-22,3,380395,1,True,Recurrente
CLI-01387,Colombia,Barranquilla,Instagram Ads,2026-03-17,2026-03-17,1,48590,4,False,Compra única
CLI-01388,Colombia,Cali,Instagram Ads,2025-09-11,2026-07-17,2,148321,6,True,Recurrente
CLI-01389,Colombia,Medellín,Email/WhatsApp,2025-06-06,2026-07-31,4,587125,6,True,VIP
CLI-01390,Costa Rica,San José,Email/WhatsApp,2026-08-03,2026-08-03,1,269700,7,False,Compra única
CLI-01391,Estados Unidos,Doral,Instagram Ads,2025-11-17,2026-07-24,2,260070,8,True,Recurrente
CLI-01392,Colombia,Cali,Orgánico/SEO,2025-11-14,2025-12-28,2,149900,2,True,Recurrente
CLI-01393,Colombia,Bucaramanga,TikTok Ads,2026-06-15,2026-07-23,2,164676,1,True,Recurrente
CLI-01394,Colombia,Medellín,Instagram Ads,2025-06-05,2026-08-26,5,993656,7,True,VIP
CLI-01395,Colombia,Medellín,Referidos,2025-06-23,2026-06-26,7,855135,4,True,VIP
CLI-01396,Costa Rica,Heredia,Instagram Ads,2025-06-16,2026-02-12,3,222600,2,True,Recurrente
CLI-01397,Colombia,Bogotá,Orgánico/SEO,2025-06-09,2026-07-20,4,640942,5,True,VIP
CLI-01398,Colombia,Bogotá,Orgánico/SEO,2025-02-17,2026-07-24,5,361612,5,True,Recurrente
CLI-01399,Colombia,Bogotá,Instagram Ads,2025-01-03,2026-08-03,9,932151,0,True,VIP
CLI-01400,Colombia,Barranquilla,Google Ads,2026-05-03,2026-05-03,1,28215,7,False,Compra única
CLI-01401,Costa Rica,San José,Orgánico/SEO,2025-04-15,2026-03-02,3,582203,2,True,VIP
CLI-01402,Colombia,Bogotá,Instagram Ads,2025-01-01,2026-08-20,9,1331108,8,True,VIP
CLI-01403,Colombia,Bucaramanga,Instagram Ads,2025-07-20,2026-05-06,4,328634,5,True,Recurrente
CLI-01405,Costa Rica,Alajuela,Google Ads,2025-04-23,2025-12-28,4,432530,2,True,Recurrente
CLI-01406,Colombia,Barranquilla,TikTok Ads,2025-04-29,2026-05-04,3,165336,4,True,Recurrente
CLI-01408,Colombia,Medellín,Email/WhatsApp,2025-02-05,2025-09-17,2,251939,0,True,Recurrente
CLI-01409,Colombia,Barranquilla,Instagram Ads,2026-01-09,2026-06-09,2,657430,9,True,VIP
CLI-01410,Estados Unidos,Doral,Google Ads,2026-03-18,2026-05-25,2,210900,4,True,Recurrente
CLI-01411,Colombia,Bogotá,Instagram Ads,2025-05-17,2025-11-29,4,256460,9,True,Recurrente
CLI-01412,Costa Rica,Heredia,Orgánico/SEO,2025-07-28,2025-07-28,1,69300,0,False,Compra única
CLI-01413,Colombia,Pereira,TikTok Ads,2025-04-20,2026-02-13,2,125070,9,True,Recurrente
CLI-01414,Colombia,Barranquilla,Google Ads,2025-10-04,2026-07-09,4,437825,5,True,Recurrente
CLI-01415,Colombia,Bucaramanga,Referidos,2026-03-14,2026-04-12,2,215070,0,True,Recurrente
CLI-01416,Colombia,Cali,Instagram Ads,2025-05-30,2025-10-03,2,78405,0,True,Recurrente
CLI-01417,Estados Unidos,Miami,Google Ads,2026-03-20,2026-07-02,3,844998,0,True,VIP
CLI-01418,Colombia,Bogotá,Orgánico/SEO,2025-02-04,2026-04-06,5,305070,2,True,Recurrente
CLI-01419,Colombia,Barranquilla,TikTok Ads,2025-01-14,2026-07-27,5,454060,4,True,Recurrente
CLI-01420,Estados Unidos,Houston,Email/WhatsApp,2025-12-12,2026-03-12,2,195850,1,True,Recurrente
CLI-01421,Colombia,Cali,Email/WhatsApp,2025-01-09,2026-06-29,5,610995,0,True,VIP
CLI-01422,Colombia,Medellín,Orgánico/SEO,2025-08-24,2026-06-28,3,138270,6,True,Recurrente
CLI-01423,Colombia,Barranquilla,Email/WhatsApp,2025-01-03,2025-11-26,3,207155,3,True,Recurrente
CLI-01424,Colombia,Cali,Google Ads,2025-01-01,2025-01-01,1,145770,3,False,Compra única
CLI-01425,Colombia,Barranquilla,Orgánico/SEO,2025-02-23,2026-04-26,5,565440,8,True,Recurrente
CLI-01426,Estados Unidos,Houston,Instagram Ads,2026-02-01,2026-02-01,1,257298,2,False,Compra única
CLI-01428,Costa Rica,Alajuela,Google Ads,2025-04-01,2026-07-03,3,226955,9,True,Recurrente
CLI-01429,Costa Rica,Heredia,Google Ads,2025-05-03,2025-05-03,1,37950,3,False,Compra única
CLI-01430,Colombia,Medellín,Google Ads,2025-02-04,2026-06-17,3,150780,9,True,Recurrente
CLI-01431,Costa Rica,Heredia,TikTok Ads,2026-02-01,2026-08-07,2,408950,0,True,Recurrente
CLI-01432,Colombia,Pereira,Google Ads,2025-08-03,2026-07-19,2,99935,4,True,Recurrente
CLI-01433,Colombia,Bogotá,TikTok Ads,2025-02-02,2026-07-22,5,479970,5,True,Recurrente
CLI-01434,Colombia,Barranquilla,Google Ads,2025-02-16,2025-11-05,4,680155,5,True,VIP
CLI-01435,Colombia,Cali,Orgánico/SEO,2025-01-20,2025-01-20,1,179850,5,False,Compra única
CLI-01436,Colombia,Cali,Email/WhatsApp,2025-01-31,2026-02-19,3,232650,9,True,Recurrente
CLI-01437,Colombia,Bucaramanga,Referidos,2026-05-27,2026-06-13,2,225150,5,True,Recurrente
CLI-01438,Costa Rica,Cartago,Instagram Ads,2025-12-12,2025-12-12,1,69300,7,False,Compra única
CLI-01439,Colombia,Pereira,Google Ads,2025-01-19,2026-08-17,6,883623,9,True,VIP
CLI-01440,Colombia,Barranquilla,TikTok Ads,2025-03-05,2026-01-25,3,384710,9,True,Recurrente
CLI-01441,Estados Unidos,Houston,Google Ads,2025-11-21,2026-08-20,5,418945,2,True,Recurrente
CLI-01442,Colombia,Pereira,Email/WhatsApp,2025-07-04,2026-06-06,3,307087,8,True,Recurrente
CLI-01443,Costa Rica,San José,Instagram Ads,2025-11-09,2025-11-09,1,41690,4,False,Compra única
CLI-01444,Colombia,Medellín,TikTok Ads,2025-06-21,2026-04-12,4,384377,3,True,Recurrente
CLI-01445,Costa Rica,Heredia,Google Ads,2025-06-03,2026-01-21,4,352625,5,True,Recurrente
CLI-01446,Colombia,Barranquilla,Email/WhatsApp,2025-01-04,2026-07-11,2,131490,8,True,Recurrente
CLI-01447,Colombia,Barranquilla,Email/WhatsApp,2025-06-18,2025-06-18,1,98670,3,False,Compra única
CLI-01449,Colombia,Cali,Google Ads,2025-08-24,2026-05-09,3,479150,0,True,Recurrente
CLI-01450,Colombia,Barranquilla,TikTok Ads,2025-03-31,2026-07-22,3,406451,2,True,Recurrente
CLI-01451,Colombia,Barranquilla,Google Ads,2025-10-17,2025-10-17,1,145770,0,False,Compra única
CLI-01452,Costa Rica,San José,Orgánico/SEO,2025-09-14,2026-07-21,2,345880,0,True,Recurrente
CLI-01453,Estados Unidos,Houston,Orgánico/SEO,2026-01-11,2026-05-21,2,82900,10,True,Recurrente
CLI-01454,Colombia,Bogotá,Instagram Ads,2025-09-13,2026-02-18,3,247750,1,True,Recurrente
CLI-01455,Colombia,Barranquilla,Instagram Ads,2025-05-06,2026-05-27,5,519770,0,True,Recurrente
CLI-01456,Estados Unidos,Orlando,Instagram Ads,2025-11-10,2025-11-10,1,304350,8,False,Compra única
CLI-01457,Costa Rica,Cartago,Email/WhatsApp,2025-12-21,2026-08-15,3,450170,9,True,Recurrente
CLI-01458,Colombia,Cali,Email/WhatsApp,2025-05-02,2026-04-22,4,470457,1,True,Recurrente
CLI-01459,Costa Rica,San José,TikTok Ads,2025-12-31,2026-05-05,2,233835,0,True,Recurrente
CLI-01460,Colombia,Bucaramanga,Google Ads,2025-02-05,2026-07-26,7,484761,9,True,Recurrente
CLI-01461,Colombia,Barranquilla,Orgánico/SEO,2026-02-18,2026-02-18,1,44950,3,False,Compra única
CLI-01462,Costa Rica,San José,Email/WhatsApp,2025-08-26,2025-11-27,2,68750,9,True,Recurrente
CLI-01463,Colombia,Pereira,Orgánico/SEO,2025-01-03,2026-01-04,2,232190,3,True,Recurrente
CLI-01464,Colombia,Pereira,Orgánico/SEO,2025-02-13,2025-09-04,2,178270,1,True,Recurrente
CLI-01465,Colombia,Barranquilla,Orgánico/SEO,2025-12-24,2025-12-24,1,32890,2,False,Compra única
CLI-01466,Costa Rica,San José,Google Ads,2025-05-23,2026-05-18,3,380910,10,True,Recurrente
CLI-01467,Colombia,Medellín,Instagram Ads,2025-11-14,2025-11-14,1,138600,8,False,Compra única
CLI-01468,Costa Rica,Cartago,Google Ads,2025-11-08,2026-08-22,4,1150785,0,True,VIP
CLI-01469,Colombia,Medellín,Orgánico/SEO,2025-11-05,2026-08-22,2,70840,7,True,Recurrente
CLI-01470,Colombia,Bogotá,Instagram Ads,2026-01-21,2026-01-21,1,75900,6,False,Compra única
CLI-01471,Colombia,Medellín,Orgánico/SEO,2026-03-11,2026-04-26,3,154956,3,True,Recurrente
CLI-01472,Colombia,Pereira,TikTok Ads,2025-01-09,2026-08-07,7,946768,1,True,VIP
CLI-01473,Colombia,Pereira,TikTok Ads,2025-08-31,2025-08-31,1,108158,2,False,Compra única
CLI-01474,Estados Unidos,Orlando,TikTok Ads,2025-11-16,2026-05-13,5,380780,0,True,Recurrente
CLI-01475,Colombia,Pereira,Instagram Ads,2025-10-31,2026-06-09,4,757422,3,True,VIP
CLI-01476,Colombia,Barranquilla,Google Ads,2025-07-16,2026-02-02,4,550905,0,True,Recurrente
CLI-01477,Colombia,Pereira,Google Ads,2025-05-21,2026-08-09,5,1178720,0,True,VIP
CLI-01478,Costa Rica,San José,Email/WhatsApp,2026-04-21,2026-04-21,1,102465,2,False,Compra única
CLI-01479,Estados Unidos,Miami,Google Ads,2025-12-17,2026-08-11,2,360600,1,True,Recurrente
CLI-01480,Colombia,Cali,Email/WhatsApp,2025-12-16,2026-03-18,3,197830,3,True,Recurrente
CLI-01481,Colombia,Cali,TikTok Ads,2025-03-14,2025-10-13,3,373610,7,True,Recurrente
CLI-01482,Colombia,Medellín,Google Ads,2025-04-13,2026-08-16,6,755210,10,True,VIP
CLI-01483,Colombia,Bogotá,Referidos,2025-01-05,2026-07-01,5,914888,10,True,VIP
CLI-01484,Colombia,Medellín,Google Ads,2025-03-16,2026-08-09,3,235785,2,True,Recurrente
CLI-01485,Colombia,Barranquilla,Google Ads,2025-02-13,2025-10-17,2,502800,5,True,Recurrente
CLI-01486,Colombia,Bucaramanga,Email/WhatsApp,2026-01-25,2026-01-25,1,48590,9,False,Compra única
CLI-01487,Estados Unidos,Miami,Orgánico/SEO,2026-04-13,2026-04-13,1,48590,3,False,Compra única
CLI-01488,Colombia,Bogotá,Instagram Ads,2025-03-09,2025-07-19,2,212520,3,True,Recurrente
CLI-01489,Colombia,Cali,Google Ads,2025-10-30,2026-07-15,2,276750,2,True,Recurrente
CLI-01490,Costa Rica,Alajuela,TikTok Ads,2025-07-03,2026-08-06,4,328172,4,True,Recurrente
CLI-01491,Colombia,Bogotá,Orgánico/SEO,2025-01-10,2025-10-25,4,507532,2,True,Recurrente
CLI-01492,Colombia,Medellín,Google Ads,2025-03-12,2026-07-22,3,384780,0,True,Recurrente
CLI-01493,Colombia,Pereira,Google Ads,2026-08-25,2026-08-25,1,48590,2,False,Compra única
CLI-01494,Colombia,Barranquilla,Referidos,2025-03-03,2026-07-01,5,633340,2,True,VIP
CLI-01495,Colombia,Cali,Orgánico/SEO,2025-10-18,2026-03-08,3,263900,9,True,Recurrente
CLI-01496,Colombia,Medellín,Google Ads,2025-06-16,2025-09-12,2,167290,6,True,Recurrente
CLI-01497,Costa Rica,Cartago,Orgánico/SEO,2025-04-21,2025-05-10,2,274000,10,True,Recurrente
CLI-01498,Costa Rica,Heredia,Instagram Ads,2025-08-18,2026-08-12,2,351250,2,True,Recurrente
CLI-01499,Colombia,Medellín,Instagram Ads,2025-01-16,2026-03-27,2,396700,0,True,Recurrente
CLI-01500,Colombia,Medellín,Google Ads,2025-11-25,2026-06-11,4,810800,0,True,VIP
CLI-01501,Colombia,Cali,Orgánico/SEO,2025-08-20,2026-05-06,3,557558,6,True,Recurrente
CLI-01502,Colombia,Bogotá,Instagram Ads,2025-01-29,2025-01-29,1,348536,9,False,Compra única
CLI-01503,Colombia,Bucaramanga,Instagram Ads,2025-02-16,2026-07-16,6,943670,3,True,VIP
CLI-01504,Colombia,Barranquilla,Instagram Ads,2025-05-04,2026-03-24,4,751290,3,True,VIP
CLI-01505,Estados Unidos,Orlando,TikTok Ads,2025-12-30,2026-08-06,2,76185,2,True,Recurrente
CLI-01506,Colombia,Barranquilla,Referidos,2025-04-28,2025-10-09,4,739760,6,True,VIP
CLI-01507,Colombia,Bogotá,Google Ads,2025-02-25,2025-02-25,1,244440,10,False,Compra única
CLI-01508,Colombia,Barranquilla,Instagram Ads,2025-01-29,2025-01-29,1,41690,8,False,Compra única
CLI-01510,Costa Rica,Cartago,Instagram Ads,2025-08-05,2026-08-28,3,381540,9,True,Recurrente
CLI-01511,Colombia,Cali,Orgánico/SEO,2025-05-16,2026-06-27,3,225290,5,True,Recurrente
CLI-01512,Costa Rica,Alajuela,TikTok Ads,2025-05-25,2026-04-17,3,414220,2,True,Recurrente
CLI-01513,Costa Rica,Heredia,Email/WhatsApp,2026-02-13,2026-07-28,5,536540,1,True,Recurrente
CLI-01514,Colombia,Barranquilla,TikTok Ads,2025-06-17,2026-02-24,3,267710,10,True,Recurrente
CLI-01515,Colombia,Bucaramanga,Email/WhatsApp,2025-09-30,2026-08-10,2,161498,10,True,Recurrente
CLI-01516,Estados Unidos,Houston,Instagram Ads,2026-03-14,2026-03-14,1,94050,3,False,Compra única
CLI-01517,Colombia,Bucaramanga,TikTok Ads,2025-01-03,2026-05-02,3,423520,7,True,Recurrente
CLI-01518,Costa Rica,Cartago,Referidos,2026-02-08,2026-02-08,1,374800,5,False,Compra única
CLI-01519,Colombia,Barranquilla,Instagram Ads,2025-06-17,2026-05-16,2,274230,6,True,Recurrente
CLI-01522,Costa Rica,San José,TikTok Ads,2025-06-03,2026-06-06,7,535630,4,True,Recurrente
CLI-01523,Costa Rica,Alajuela,Email/WhatsApp,2025-04-10,2026-05-29,2,522660,4,True,Recurrente
CLI-01524,Colombia,Pereira,Instagram Ads,2025-03-01,2025-11-08,3,513646,7,True,Recurrente
CLI-01525,Colombia,Bucaramanga,Instagram Ads,2025-05-15,2025-05-15,1,398715,10,False,Compra única
CLI-01526,Colombia,Medellín,Orgánico/SEO,2025-01-18,2025-01-18,1,139050,7,False,Compra única
CLI-01527,Costa Rica,Heredia,Google Ads,2025-10-10,2025-12-07,2,621515,5,True,VIP
CLI-01528,Costa Rica,Cartago,Referidos,2025-05-31,2026-07-19,6,702440,6,True,VIP
CLI-01529,Costa Rica,Cartago,Referidos,2025-06-18,2026-08-24,6,910300,9,True,VIP
CLI-01530,Colombia,Bucaramanga,Orgánico/SEO,2025-06-14,2025-12-04,5,520795,6,True,Recurrente
CLI-01531,Costa Rica,San José,Orgánico/SEO,2025-06-05,2026-04-16,4,546243,4,True,Recurrente
CLI-01532,Colombia,Barranquilla,Instagram Ads,2025-03-29,2026-03-09,3,305645,6,True,Recurrente
CLI-01533,Costa Rica,Alajuela,Instagram Ads,2025-08-28,2026-04-23,4,515400,4,True,Recurrente
CLI-01534,Colombia,Cali,Instagram Ads,2025-06-21,2026-02-12,2,471800,3,True,Recurrente
CLI-01536,Costa Rica,San José,TikTok Ads,2025-05-04,2026-02-01,3,290680,10,True,Recurrente
CLI-01537,Costa Rica,Heredia,Email/WhatsApp,2026-06-02,2026-06-02,1,32890,8,False,Compra única
CLI-01538,Colombia,Bogotá,Orgánico/SEO,2025-02-27,2026-08-01,4,261490,10,True,Recurrente
CLI-01539,Colombia,Cali,Email/WhatsApp,2025-06-18,2026-04-26,5,877390,6,True,VIP
CLI-01540,Colombia,Cali,Instagram Ads,2025-01-02,2026-08-03,8,956593,7,True,VIP
CLI-01541,Costa Rica,Cartago,Orgánico/SEO,2025-05-27,2026-06-15,4,398380,3,True,Recurrente
CLI-01542,Costa Rica,Heredia,Google Ads,2025-04-09,2026-04-18,3,451351,0,True,Recurrente
CLI-01543,Colombia,Pereira,TikTok Ads,2025-05-27,2026-02-26,3,434160,8,True,Recurrente
CLI-01544,Costa Rica,Alajuela,Referidos,2026-08-15,2026-08-15,1,113905,7,False,Compra única
CLI-01545,Costa Rica,Heredia,Orgánico/SEO,2026-08-30,2026-08-30,1,239800,9,False,Compra única
CLI-01546,Colombia,Cali,Instagram Ads,2026-08-27,2026-08-27,1,65780,6,False,Compra única
CLI-01547,Costa Rica,Alajuela,Orgánico/SEO,2026-07-03,2026-07-03,1,104390,8,False,Compra única
CLI-01548,Colombia,Bucaramanga,Referidos,2025-12-14,2025-12-14,1,97180,8,False,Compra única
CLI-01549,Colombia,Barranquilla,Google Ads,2025-05-12,2026-08-24,5,578586,0,True,VIP
CLI-01550,Colombia,Pereira,Referidos,2025-02-06,2026-05-25,6,974850,3,True,VIP
CLI-01551,Colombia,Bucaramanga,Referidos,2025-01-16,2026-08-22,5,651612,1,True,VIP
CLI-01552,Colombia,Barranquilla,Email/WhatsApp,2026-07-27,2026-07-27,1,113850,2,False,Compra única
CLI-01553,Costa Rica,Cartago,Google Ads,2025-06-10,2025-06-10,1,287390,9,False,Compra única
CLI-01554,Colombia,Cali,TikTok Ads,2025-05-16,2026-06-27,5,677213,2,True,VIP
CLI-01555,Colombia,Bogotá,Instagram Ads,2025-08-13,2026-08-04,3,178660,6,True,Recurrente
CLI-01556,Colombia,Pereira,Instagram Ads,2025-08-01,2026-02-03,3,249672,9,True,Recurrente
CLI-01557,Colombia,Pereira,Instagram Ads,2025-11-22,2026-06-11,7,940885,0,True,VIP
CLI-01558,Colombia,Cali,Orgánico/SEO,2025-05-10,2026-06-24,3,452112,2,True,Recurrente
CLI-01559,Colombia,Bucaramanga,Google Ads,2025-01-11,2026-07-22,7,668508,1,True,VIP
CLI-01560,Colombia,Medellín,Orgánico/SEO,2025-02-03,2026-02-12,7,972181,10,True,VIP
CLI-01561,Costa Rica,Cartago,Instagram Ads,2025-04-25,2026-07-21,2,87850,4,True,Recurrente
CLI-01562,Colombia,Medellín,Google Ads,2025-03-16,2025-04-05,2,337944,2,True,Recurrente
CLI-01563,Colombia,Bucaramanga,TikTok Ads,2025-02-24,2026-08-08,6,398036,3,True,Recurrente
CLI-01564,Costa Rica,Heredia,Email/WhatsApp,2025-12-12,2025-12-12,1,48590,2,False,Compra única
CLI-01565,Colombia,Bucaramanga,Instagram Ads,2025-01-06,2025-03-07,2,156420,1,True,Recurrente
CLI-01566,Colombia,Barranquilla,Instagram Ads,2025-01-08,2026-08-11,2,309650,8,True,Recurrente
CLI-01567,Estados Unidos,Orlando,Orgánico/SEO,2025-12-02,2025-12-02,1,208470,2,False,Compra única
CLI-01568,Colombia,Bogotá,Email/WhatsApp,2025-09-30,2026-05-19,2,90280,10,True,Recurrente
CLI-01569,Colombia,Pereira,Instagram Ads,2026-01-23,2026-05-29,2,200630,5,True,Recurrente
CLI-01570,Colombia,Pereira,Instagram Ads,2025-07-30,2026-06-20,3,488405,3,True,Recurrente
CLI-01571,Colombia,Bogotá,Orgánico/SEO,2025-04-24,2026-07-05,4,542268,9,True,Recurrente
CLI-01572,Colombia,Medellín,TikTok Ads,2025-03-09,2026-03-12,3,416910,4,True,Recurrente
CLI-01573,Colombia,Bucaramanga,Referidos,2025-12-03,2025-12-03,1,113850,6,False,Compra única
CLI-01574,Colombia,Pereira,Google Ads,2025-01-13,2026-08-19,9,952168,10,True,VIP
CLI-01575,Colombia,Medellín,TikTok Ads,2025-02-21,2026-07-16,3,271970,2,True,Recurrente
CLI-01577,Colombia,Barranquilla,Instagram Ads,2025-03-07,2025-11-30,2,176391,0,True,Recurrente
CLI-01578,Colombia,Barranquilla,Email/WhatsApp,2025-02-18,2025-06-15,2,90280,3,True,Recurrente
CLI-01579,Colombia,Medellín,Orgánico/SEO,2025-03-11,2025-10-10,2,180420,6,True,Recurrente
CLI-01580,Colombia,Bucaramanga,Instagram Ads,2026-07-10,2026-07-10,1,125070,9,False,Compra única
CLI-01581,Colombia,Medellín,Google Ads,2025-01-07,2026-08-27,6,689729,8,True,VIP
CLI-01582,Colombia,Pereira,Orgánico/SEO,2025-04-30,2025-04-30,1,121500,10,False,Compra única
CLI-01583,Costa Rica,Heredia,Instagram Ads,2025-04-06,2025-04-06,1,31350,3,False,Compra única
CLI-01584,Colombia,Pereira,Instagram Ads,2025-03-27,2026-05-21,3,132300,3,True,Recurrente
CLI-01585,Estados Unidos,Orlando,Instagram Ads,2025-11-20,2025-11-20,1,84000,1,False,Compra única
CLI-01586,Colombia,Medellín,Orgánico/SEO,2025-01-06,2025-10-25,3,713350,3,True,VIP
CLI-01587,Colombia,Bogotá,Instagram Ads,2025-11-05,2025-11-05,1,284800,7,False,Compra única
CLI-01588,Costa Rica,Alajuela,Google Ads,2025-12-10,2026-01-14,2,331898,4,True,Recurrente
CLI-01589,Colombia,Bucaramanga,Google Ads,2025-08-02,2026-08-08,5,577620,4,True,VIP
CLI-01590,Colombia,Bogotá,Google Ads,2025-12-12,2026-07-15,3,464015,6,True,Recurrente
CLI-01591,Costa Rica,San José,Google Ads,2025-05-15,2026-08-30,4,397578,8,True,Recurrente
CLI-01592,Colombia,Pereira,Instagram Ads,2026-02-19,2026-05-21,2,221850,8,True,Recurrente
CLI-01593,Costa Rica,Alajuela,Email/WhatsApp,2025-10-07,2026-06-14,6,508400,2,True,Recurrente
CLI-01594,Colombia,Pereira,Instagram Ads,2025-10-04,2026-05-03,5,724198,8,True,VIP
CLI-01595,Colombia,Bucaramanga,Referidos,2025-10-02,2026-03-26,2,479500,9,True,Recurrente
CLI-01596,Colombia,Barranquilla,TikTok Ads,2025-08-26,2026-01-15,4,277030,2,True,Recurrente
CLI-01597,Colombia,Bogotá,Google Ads,2026-01-16,2026-01-16,1,179800,4,False,Compra única
CLI-01598,Costa Rica,San José,Google Ads,2025-05-26,2026-08-17,4,341159,7,True,Recurrente
CLI-01599,Colombia,Cali,Referidos,2025-02-28,2025-12-12,3,855056,8,True,VIP
CLI-01600,Colombia,Pereira,TikTok Ads,2025-02-28,2026-08-08,10,922380,4,True,VIP
CLI-01601,Estados Unidos,Houston,Referidos,2025-12-18,2026-07-12,3,439120,0,True,Recurrente
CLI-01602,Costa Rica,Heredia,Referidos,2026-02-15,2026-02-15,1,111290,3,False,Compra única
CLI-01603,Colombia,Medellín,Email/WhatsApp,2025-04-22,2026-08-07,7,684825,7,True,VIP
CLI-01604,Estados Unidos,Orlando,Instagram Ads,2026-05-28,2026-07-08,2,273750,5,True,Recurrente
CLI-01605,Colombia,Pereira,Instagram Ads,2025-06-08,2026-07-29,5,768310,4,True,VIP
CLI-01606,Colombia,Pereira,Instagram Ads,2025-04-15,2026-07-09,4,372630,9,True,Recurrente
CLI-01607,Costa Rica,San José,Referidos,2025-04-08,2026-01-14,3,311770,6,True,Recurrente
CLI-01608,Estados Unidos,Miami,Instagram Ads,2026-02-19,2026-08-17,2,146816,4,True,Recurrente
CLI-01609,Costa Rica,Heredia,Instagram Ads,2025-11-10,2026-03-20,2,362240,9,True,Recurrente
CLI-01610,Colombia,Medellín,Orgánico/SEO,2025-04-22,2025-07-12,2,154350,1,True,Recurrente
CLI-01611,Colombia,Medellín,Referidos,2025-01-05,2026-08-21,3,326200,8,True,Recurrente
CLI-01612,Estados Unidos,Orlando,Orgánico/SEO,2025-12-27,2026-02-28,2,197850,0,True,Recurrente
CLI-01614,Costa Rica,Heredia,Referidos,2025-05-01,2026-03-14,2,170090,2,True,Recurrente
CLI-01615,Colombia,Bucaramanga,Instagram Ads,2025-10-02,2026-04-17,3,490710,9,True,Recurrente
CLI-01616,Estados Unidos,Miami,Instagram Ads,2025-11-15,2025-11-15,1,145770,3,False,Compra única
CLI-01617,Colombia,Pereira,Referidos,2025-05-10,2026-05-06,3,685000,4,True,VIP
CLI-01618,Colombia,Cali,Email/WhatsApp,2025-03-27,2025-11-16,5,606916,7,True,VIP
CLI-01619,Colombia,Pereira,Google Ads,2026-01-12,2026-05-10,2,247860,0,True,Recurrente
CLI-01620,Colombia,Cali,TikTok Ads,2025-02-08,2026-06-30,4,719356,6,True,VIP
CLI-01622,Colombia,Pereira,TikTok Ads,2025-04-24,2026-05-26,7,799380,7,True,VIP
CLI-01624,Colombia,Cali,Google Ads,2026-03-01,2026-07-04,2,183150,4,True,Recurrente
CLI-01625,Colombia,Cali,Instagram Ads,2025-02-23,2026-08-26,4,485080,10,True,Recurrente
CLI-01626,Colombia,Bogotá,Referidos,2026-02-11,2026-02-11,1,190500,3,False,Compra única
CLI-01627,Colombia,Medellín,Referidos,2025-04-06,2026-05-23,5,387906,0,True,Recurrente
CLI-01628,Colombia,Pereira,Google Ads,2025-01-21,2025-12-23,3,313280,7,True,Recurrente
CLI-01629,Costa Rica,Cartago,Google Ads,2026-02-02,2026-08-03,2,329370,4,True,Recurrente
CLI-01630,Colombia,Barranquilla,Instagram Ads,2025-09-28,2025-09-28,1,181590,2,False,Compra única
CLI-01631,Colombia,Barranquilla,Orgánico/SEO,2025-01-10,2025-09-20,2,232310,3,True,Recurrente
CLI-01632,Costa Rica,San José,Instagram Ads,2026-03-09,2026-07-08,2,141680,7,True,Recurrente
CLI-01633,Costa Rica,Alajuela,Instagram Ads,2025-04-22,2025-12-18,3,203453,2,True,Recurrente
CLI-01634,Colombia,Pereira,Orgánico/SEO,2025-03-01,2026-03-05,3,274770,7,True,Recurrente
CLI-01635,Costa Rica,Cartago,Email/WhatsApp,2026-08-27,2026-08-27,1,98670,2,False,Compra única
CLI-01636,Costa Rica,San José,TikTok Ads,2025-10-21,2026-07-18,2,203605,10,True,Recurrente
CLI-01637,Colombia,Cali,Google Ads,2025-08-15,2026-08-27,5,1289630,1,True,VIP
CLI-01638,Estados Unidos,Houston,TikTok Ads,2025-12-12,2026-06-30,4,664450,0,True,VIP
CLI-01639,Colombia,Medellín,TikTok Ads,2025-05-14,2026-03-14,3,459135,10,True,Recurrente
CLI-01640,Colombia,Pereira,Referidos,2025-06-19,2026-07-23,4,516620,8,True,Recurrente
CLI-01641,Costa Rica,Alajuela,TikTok Ads,2025-10-20,2026-06-05,3,377321,1,True,Recurrente
CLI-01642,Colombia,Barranquilla,Email/WhatsApp,2025-01-25,2026-05-06,4,252585,9,True,Recurrente
CLI-01643,Colombia,Barranquilla,Orgánico/SEO,2025-01-23,2025-07-27,2,218380,4,True,Recurrente
CLI-01644,Colombia,Pereira,Instagram Ads,2025-01-11,2026-06-13,6,736183,7,True,VIP
CLI-01645,Estados Unidos,Miami,Orgánico/SEO,2025-10-11,2026-02-15,3,216680,9,True,Recurrente
CLI-01646,Colombia,Bucaramanga,Google Ads,2025-02-03,2025-12-13,4,381039,1,True,Recurrente
CLI-01647,Colombia,Bogotá,Google Ads,2025-03-06,2026-02-19,4,442386,8,True,Recurrente
CLI-01648,Estados Unidos,Miami,TikTok Ads,2026-02-19,2026-04-15,3,230582,3,True,Recurrente
CLI-01649,Colombia,Pereira,Instagram Ads,2025-01-22,2026-07-19,5,322770,5,True,Recurrente
CLI-01650,Costa Rica,Heredia,Instagram Ads,2025-06-15,2025-06-15,1,134850,4,False,Compra única
CLI-01651,Costa Rica,Heredia,TikTok Ads,2025-10-10,2026-05-27,2,157200,9,True,Recurrente
CLI-01652,Colombia,Medellín,Email/WhatsApp,2025-07-05,2026-02-12,2,456880,4,True,Recurrente
CLI-01653,Estados Unidos,Houston,Email/WhatsApp,2025-10-06,2026-04-23,2,173660,2,True,Recurrente
CLI-01655,Costa Rica,Heredia,Instagram Ads,2025-06-08,2026-03-15,4,288490,7,True,Recurrente
CLI-01656,Colombia,Medellín,Instagram Ads,2025-01-08,2026-05-25,7,828115,2,True,VIP
CLI-01658,Estados Unidos,Houston,Google Ads,2026-02-17,2026-08-31,5,596560,0,True,VIP
CLI-01659,Colombia,Pereira,Instagram Ads,2025-04-11,2026-03-08,6,737320,3,True,VIP
CLI-01661,Colombia,Cali,Referidos,2025-02-19,2026-06-01,3,248714,4,True,Recurrente
CLI-01662,Colombia,Cali,Orgánico/SEO,2025-01-25,2026-04-08,4,574062,2,True,Recurrente
CLI-01663,Costa Rica,San José,Instagram Ads,2025-09-21,2025-11-21,2,237152,6,True,Recurrente
CLI-01664,Costa Rica,Alajuela,Instagram Ads,2025-09-03,2026-06-14,5,367400,1,True,Recurrente
CLI-01665,Colombia,Cali,Email/WhatsApp,2025-02-02,2025-11-20,3,550400,6,True,Recurrente
CLI-01666,Costa Rica,Alajuela,Referidos,2025-06-17,2026-08-07,3,566780,10,True,Recurrente
CLI-01667,Colombia,Cali,Email/WhatsApp,2025-08-16,2025-09-05,2,425480,4,True,Recurrente
CLI-01668,Estados Unidos,Orlando,Google Ads,2025-11-19,2025-12-09,2,392280,6,True,Recurrente
CLI-01669,Costa Rica,Heredia,Google Ads,2025-08-26,2025-12-19,2,147345,3,True,Recurrente
CLI-01670,Colombia,Medellín,TikTok Ads,2026-04-01,2026-05-05,2,305630,6,True,Recurrente
CLI-01671,Colombia,Pereira,Instagram Ads,2025-05-12,2026-05-30,3,244998,6,True,Recurrente
CLI-01672,Costa Rica,Heredia,Orgánico/SEO,2025-05-12,2025-05-12,1,80910,1,False,Compra única
CLI-01673,Colombia,Medellín,Orgánico/SEO,2025-12-10,2026-07-19,3,342875,7,True,Recurrente
CLI-01674,Colombia,Bogotá,Google Ads,2025-05-30,2025-11-02,2,152048,10,True,Recurrente
CLI-01676,Costa Rica,Heredia,Google Ads,2026-04-25,2026-04-25,1,28000,6,False,Compra única
CLI-01677,Costa Rica,Alajuela,Email/WhatsApp,2025-04-22,2026-08-21,5,607560,1,True,VIP
CLI-01678,Colombia,Bogotá,Orgánico/SEO,2026-02-25,2026-02-25,1,62491,5,False,Compra única
CLI-01679,Colombia,Medellín,Google Ads,2025-03-11,2025-12-10,2,222088,9,True,Recurrente
CLI-01680,Colombia,Pereira,Email/WhatsApp,2025-01-05,2026-04-22,5,500928,3,True,Recurrente
CLI-01681,Costa Rica,Alajuela,Referidos,2025-07-03,2025-11-01,2,90280,0,True,Recurrente
CLI-01682,Colombia,Cali,Email/WhatsApp,2025-05-05,2026-01-24,3,601921,5,True,VIP
CLI-01683,Colombia,Barranquilla,TikTok Ads,2025-11-22,2025-11-22,1,37950,9,False,Compra única
CLI-01684,Estados Unidos,Orlando,Referidos,2025-10-21,2025-10-21,1,65780,9,False,Compra única
CLI-01685,Colombia,Medellín,Instagram Ads,2025-05-24,2026-07-24,7,951700,9,True,VIP
CLI-01686,Costa Rica,San José,Google Ads,2025-04-03,2026-07-24,3,257860,2,True,Recurrente
CLI-01687,Colombia,Cali,Instagram Ads,2025-11-13,2026-08-27,3,394770,3,True,Recurrente
CLI-01688,Colombia,Pereira,Google Ads,2025-03-18,2025-09-12,5,852870,4,True,VIP
CLI-01689,Costa Rica,Heredia,Referidos,2025-10-24,2025-10-24,1,145770,10,False,Compra única
CLI-01690,Costa Rica,Cartago,Instagram Ads,2025-09-29,2026-06-01,5,735540,1,True,VIP
CLI-01691,Colombia,Pereira,Google Ads,2026-05-22,2026-05-22,1,139900,9,False,Compra única
CLI-01692,Colombia,Medellín,Google Ads,2026-05-28,2026-05-28,2,138600,9,True,Recurrente
CLI-01693,Colombia,Pereira,Referidos,2025-01-31,2026-04-11,6,454960,0,True,Recurrente
CLI-01694,Colombia,Pereira,Google Ads,2025-03-19,2026-08-24,6,952030,9,True,VIP
CLI-01695,Costa Rica,Cartago,Orgánico/SEO,2025-06-03,2026-08-12,3,412026,4,True,Recurrente
CLI-01696,Colombia,Cali,Instagram Ads,2026-02-27,2026-08-30,2,205090,9,True,Recurrente
CLI-01697,Colombia,Bogotá,Google Ads,2025-12-27,2026-05-23,3,711738,9,True,VIP
CLI-01698,Colombia,Medellín,Google Ads,2025-09-20,2026-08-24,5,410980,3,True,Recurrente
CLI-01699,Costa Rica,Heredia,TikTok Ads,2025-04-01,2026-07-02,4,494065,6,True,Recurrente
CLI-01700,Costa Rica,San José,Orgánico/SEO,2026-08-13,2026-08-24,2,245415,10,True,Recurrente
CLI-01701,Colombia,Cali,TikTok Ads,2026-05-25,2026-05-25,1,62700,9,False,Compra única
CLI-01702,Estados Unidos,Miami,Email/WhatsApp,2026-08-14,2026-08-14,1,80910,1,False,Compra única
CLI-01703,Costa Rica,Cartago,Referidos,2025-07-04,2026-08-10,5,648368,1,True,VIP
CLI-01704,Colombia,Barranquilla,Google Ads,2025-12-28,2026-06-19,3,456500,1,True,Recurrente
CLI-01705,Colombia,Bucaramanga,Google Ads,2025-11-20,2026-05-08,2,190490,0,True,Recurrente
CLI-01706,Colombia,Medellín,Google Ads,2025-07-20,2026-08-31,4,284905,1,True,Recurrente
CLI-01707,Colombia,Cali,Instagram Ads,2025-01-11,2025-12-08,4,236020,0,True,Recurrente
CLI-01708,Colombia,Medellín,Instagram Ads,2025-05-25,2026-08-11,3,266980,1,True,Recurrente
CLI-01709,Colombia,Bogotá,TikTok Ads,2026-06-10,2026-06-10,1,83380,0,False,Compra única
CLI-01711,Colombia,Barranquilla,Orgánico/SEO,2025-09-02,2026-08-13,2,495600,0,True,Recurrente
CLI-01712,Colombia,Cali,Google Ads,2026-03-08,2026-06-20,3,343640,1,True,Recurrente
CLI-01713,Costa Rica,San José,Google Ads,2025-09-14,2025-12-23,2,322190,9,True,Recurrente
CLI-01714,Costa Rica,Alajuela,TikTok Ads,2026-05-02,2026-05-02,1,62700,8,False,Compra única
CLI-01715,Costa Rica,San José,Referidos,2025-06-09,2026-06-24,6,807434,4,True,VIP
CLI-01716,Colombia,Cali,Referidos,2025-11-19,2025-11-19,1,89900,8,False,Compra única
CLI-01717,Colombia,Bucaramanga,Google Ads,2025-01-05,2025-11-14,4,1005305,9,True,VIP
CLI-01718,Colombia,Cali,TikTok Ads,2025-11-16,2025-12-26,3,273571,6,True,Recurrente
CLI-01719,Colombia,Bogotá,Orgánico/SEO,2025-09-22,2026-07-09,2,474080,7,True,Recurrente
CLI-01720,Colombia,Bucaramanga,TikTok Ads,2025-08-30,2026-07-26,3,498280,3,True,Recurrente
CLI-01721,Colombia,Barranquilla,Orgánico/SEO,2025-03-20,2025-09-19,4,255793,9,True,Recurrente
CLI-01722,Colombia,Bucaramanga,Email/WhatsApp,2026-07-11,2026-07-11,1,145056,3,False,Compra única
CLI-01723,Estados Unidos,Doral,Instagram Ads,2026-06-04,2026-06-04,1,102465,10,False,Compra única
CLI-01725,Colombia,Bucaramanga,TikTok Ads,2026-03-15,2026-04-02,2,408290,7,True,Recurrente
CLI-01726,Colombia,Cali,Instagram Ads,2025-11-04,2026-05-27,4,225605,10,True,Recurrente
CLI-01727,Costa Rica,San José,Instagram Ads,2025-05-24,2026-06-02,3,433080,4,True,Recurrente
CLI-01729,Colombia,Cali,Instagram Ads,2025-12-04,2026-05-01,5,344076,4,True,Recurrente
CLI-01730,Colombia,Pereira,Referidos,2025-02-27,2026-07-01,5,595193,10,True,VIP
CLI-01731,Costa Rica,Cartago,Instagram Ads,2025-08-06,2025-08-06,1,79940,2,False,Compra única
CLI-01732,Costa Rica,San José,TikTok Ads,2025-05-01,2026-04-30,2,347710,5,True,Recurrente
CLI-01733,Colombia,Barranquilla,Referidos,2025-10-30,2026-05-06,6,662921,4,True,VIP
CLI-01734,Estados Unidos,Miami,Referidos,2025-12-13,2026-01-01,2,73040,5,True,Recurrente
CLI-01735,Estados Unidos,Miami,Google Ads,2026-04-05,2026-04-05,1,84000,6,False,Compra única
CLI-01736,Colombia,Bucaramanga,Orgánico/SEO,2025-05-14,2026-08-11,4,233010,10,True,Recurrente
CLI-01737,Colombia,Cali,Google Ads,2025-01-03,2026-08-01,4,753512,6,True,VIP
CLI-01738,Costa Rica,Alajuela,Google Ads,2025-04-03,2026-05-25,5,259490,8,True,Recurrente
CLI-01739,Colombia,Bucaramanga,Referidos,2025-11-08,2025-11-08,1,269700,0,False,Compra única
CLI-01741,Colombia,Cali,Orgánico/SEO,2025-03-30,2025-06-23,3,368050,10,True,Recurrente
CLI-01742,Colombia,Barranquilla,Referidos,2025-02-14,2026-08-23,4,344220,0,True,Recurrente
CLI-01743,Colombia,Bogotá,Orgánico/SEO,2026-03-04,2026-03-08,2,217800,7,True,Recurrente
CLI-01744,Colombia,Barranquilla,Instagram Ads,2026-05-27,2026-05-27,1,145770,0,False,Compra única
CLI-01745,Colombia,Barranquilla,Google Ads,2026-04-21,2026-04-21,1,113850,8,False,Compra única
CLI-01747,Colombia,Pereira,Referidos,2026-02-16,2026-02-16,1,48590,2,False,Compra única
CLI-01748,Estados Unidos,Orlando,Instagram Ads,2025-10-07,2026-08-25,2,445957,4,True,Recurrente
CLI-01749,Costa Rica,San José,Instagram Ads,2026-01-18,2026-01-18,1,183150,3,False,Compra única
CLI-01750,Costa Rica,San José,Orgánico/SEO,2025-12-31,2026-03-19,2,335520,10,True,Recurrente
CLI-01751,Colombia,Barranquilla,Google Ads,2025-01-23,2026-08-21,6,649978,0,True,VIP
CLI-01752,Colombia,Bogotá,TikTok Ads,2026-06-09,2026-06-09,1,134850,10,False,Compra única
CLI-01753,Costa Rica,San José,Referidos,2025-05-10,2026-04-19,5,501238,2,True,Recurrente
CLI-01754,Colombia,Pereira,Email/WhatsApp,2025-02-03,2026-04-13,4,532950,9,True,Recurrente
CLI-01755,Costa Rica,Alajuela,Google Ads,2025-04-17,2026-04-11,4,672455,0,True,VIP
CLI-01756,Colombia,Medellín,Referidos,2025-02-16,2026-03-16,5,330100,9,True,Recurrente
CLI-01757,Costa Rica,Cartago,Google Ads,2025-05-03,2026-03-23,4,937790,6,True,VIP
CLI-01758,Estados Unidos,Orlando,TikTok Ads,2026-02-25,2026-02-25,1,72105,7,False,Compra única
CLI-01759,Costa Rica,Heredia,Instagram Ads,2025-09-06,2026-07-23,4,536380,2,True,Recurrente
CLI-01760,Costa Rica,Heredia,Instagram Ads,2025-05-13,2026-02-04,4,399770,8,True,Recurrente
CLI-01761,Costa Rica,Heredia,Google Ads,2025-04-27,2026-08-02,5,574740,9,True,Recurrente
CLI-01762,Colombia,Cali,Orgánico/SEO,2025-05-27,2026-08-07,6,791168,10,True,VIP
CLI-01763,Colombia,Medellín,Referidos,2025-02-21,2026-01-25,3,478740,9,True,Recurrente
CLI-01764,Colombia,Medellín,Orgánico/SEO,2025-01-04,2026-08-28,7,1167245,8,True,VIP
CLI-01765,Colombia,Medellín,Instagram Ads,2025-12-17,2025-12-17,1,41690,2,False,Compra única
CLI-01766,Costa Rica,Alajuela,Referidos,2026-01-24,2026-01-24,1,90000,0,False,Compra única
CLI-01767,Costa Rica,San José,Google Ads,2025-08-20,2026-04-12,3,491220,3,True,Recurrente
CLI-01768,Colombia,Cali,Instagram Ads,2025-01-02,2025-11-22,4,501170,10,True,Recurrente
CLI-01769,Colombia,Bucaramanga,TikTok Ads,2025-07-07,2025-12-24,3,180560,9,True,Recurrente
CLI-01770,Colombia,Bogotá,Google Ads,2026-01-13,2026-08-24,5,520938,2,True,Recurrente
CLI-01771,Colombia,Bogotá,TikTok Ads,2026-01-29,2026-05-23,3,398435,3,True,Recurrente
CLI-01772,Costa Rica,San José,Google Ads,2025-07-28,2026-08-07,4,519240,8,True,Recurrente
CLI-01773,Estados Unidos,Doral,Google Ads,2026-03-13,2026-03-16,2,312120,7,True,Recurrente
CLI-01774,Costa Rica,Alajuela,Instagram Ads,2026-02-16,2026-08-12,4,539065,6,True,Recurrente
CLI-01775,Costa Rica,Heredia,Google Ads,2025-06-02,2026-08-26,4,542982,8,True,Recurrente
CLI-01776,Colombia,Cali,Instagram Ads,2025-01-18,2025-12-23,4,164748,3,True,Recurrente
CLI-01777,Estados Unidos,Doral,Referidos,2026-06-25,2026-08-02,2,245043,9,True,Recurrente
CLI-01778,Colombia,Barranquilla,TikTok Ads,2025-01-04,2026-05-07,3,697620,1,True,VIP
CLI-01779,Costa Rica,Cartago,Google Ads,2026-04-22,2026-06-25,2,422650,10,True,Recurrente
CLI-01780,Colombia,Barranquilla,Instagram Ads,2025-07-19,2026-06-26,2,177120,8,True,Recurrente
CLI-01781,Costa Rica,Heredia,Instagram Ads,2025-11-24,2026-08-05,2,194750,3,True,Recurrente
CLI-01782,Estados Unidos,Houston,Google Ads,2026-07-23,2026-07-23,1,121500,5,False,Compra única
CLI-01784,Colombia,Barranquilla,Google Ads,2025-11-19,2025-11-19,1,98670,0,False,Compra única
CLI-01785,Colombia,Bucaramanga,Referidos,2026-03-31,2026-07-12,2,118613,10,True,Recurrente
CLI-01786,Colombia,Pereira,Instagram Ads,2025-12-27,2025-12-27,1,56000,9,False,Compra única
CLI-01787,Costa Rica,Alajuela,TikTok Ads,2025-11-10,2026-05-26,2,69196,4,True,Recurrente
CLI-01788,Colombia,Medellín,TikTok Ads,2025-06-01,2026-06-29,3,431540,5,True,Recurrente
CLI-01789,Colombia,Bucaramanga,Orgánico/SEO,2025-06-24,2026-05-13,6,835190,3,True,VIP
CLI-01791,Costa Rica,Cartago,Instagram Ads,2026-02-27,2026-02-27,1,118816,10,False,Compra única
CLI-01792,Colombia,Bucaramanga,Email/WhatsApp,2026-08-04,2026-08-04,1,83380,6,False,Compra única
CLI-01793,Colombia,Bucaramanga,Instagram Ads,2026-02-14,2026-02-14,1,32918,3,False,Compra única
CLI-01794,Colombia,Bucaramanga,Instagram Ads,2025-04-28,2026-08-17,6,454809,0,True,Recurrente
CLI-01796,Estados Unidos,Orlando,Instagram Ads,2025-12-01,2026-01-14,2,283370,6,True,Recurrente
CLI-01797,Colombia,Bogotá,Orgánico/SEO,2025-03-13,2025-10-29,5,621263,7,True,VIP
CLI-01798,Colombia,Bucaramanga,Referidos,2025-06-27,2026-01-10,3,291540,2,True,Recurrente
CLI-01799,Costa Rica,Cartago,Instagram Ads,2026-07-26,2026-07-26,1,187180,2,False,Compra única
CLI-01800,Colombia,Medellín,Referidos,2025-11-09,2025-11-09,1,48590,6,False,Compra única
CLI-01801,Colombia,Cali,Orgánico/SEO,2026-08-21,2026-08-21,1,72105,8,False,Compra única
CLI-01802,Costa Rica,Alajuela,Instagram Ads,2025-10-30,2025-10-30,1,48590,0,False,Compra única
CLI-01803,Colombia,Cali,Referidos,2025-01-19,2026-08-23,4,478310,5,True,Recurrente
CLI-01804,Colombia,Bogotá,Orgánico/SEO,2025-06-13,2025-12-12,3,308548,10,True,Recurrente
CLI-01805,Colombia,Bogotá,Instagram Ads,2025-06-07,2025-06-17,2,110055,9,True,Recurrente
CLI-01806,Colombia,Bogotá,TikTok Ads,2026-05-18,2026-07-23,2,372920,10,True,Recurrente
CLI-01807,Colombia,Bucaramanga,Google Ads,2025-10-15,2025-10-15,1,65780,7,False,Compra única
CLI-01808,Costa Rica,Alajuela,TikTok Ads,2026-07-05,2026-07-05,1,28000,3,False,Compra única
CLI-01809,Colombia,Barranquilla,Email/WhatsApp,2025-10-06,2025-10-06,1,127000,6,False,Compra única
CLI-01811,Estados Unidos,Houston,Email/WhatsApp,2026-01-08,2026-05-13,3,252131,8,True,Recurrente
CLI-01812,Colombia,Pereira,Orgánico/SEO,2025-03-06,2026-04-02,4,368575,0,True,Recurrente
CLI-01813,Costa Rica,Cartago,Instagram Ads,2025-09-26,2026-08-07,5,810935,1,True,VIP
CLI-01814,Colombia,Cali,Instagram Ads,2025-05-11,2026-08-15,3,618610,7,True,VIP
CLI-01815,Costa Rica,Heredia,Google Ads,2026-04-01,2026-04-29,2,160121,6,True,Recurrente
CLI-01816,Costa Rica,Cartago,Instagram Ads,2026-02-12,2026-05-23,3,399995,3,True,Recurrente
CLI-01817,Colombia,Bucaramanga,Email/WhatsApp,2025-11-01,2026-06-19,4,234490,2,True,Recurrente
CLI-01818,Costa Rica,Alajuela,Instagram Ads,2025-06-15,2026-07-31,3,449415,9,True,Recurrente
CLI-01819,Colombia,Cali,Email/WhatsApp,2025-01-03,2025-01-03,1,97180,9,False,Compra única
CLI-01820,Estados Unidos,Doral,Google Ads,2025-10-02,2026-06-01,2,113195,0,True,Recurrente
CLI-01821,Costa Rica,Heredia,TikTok Ads,2026-03-06,2026-03-06,1,45000,4,False,Compra única
CLI-01822,Estados Unidos,Miami,Instagram Ads,2025-12-17,2026-07-19,2,133232,1,True,Recurrente
CLI-01823,Colombia,Cali,Orgánico/SEO,2025-06-24,2026-08-10,2,114370,7,True,Recurrente
CLI-01824,Costa Rica,Heredia,Instagram Ads,2026-06-02,2026-06-02,1,145770,0,False,Compra única
CLI-01825,Costa Rica,Alajuela,TikTok Ads,2025-06-12,2026-01-18,2,179800,3,True,Recurrente
CLI-01826,Colombia,Medellín,Instagram Ads,2025-01-20,2025-12-29,3,198291,2,True,Recurrente
CLI-01827,Colombia,Cali,Referidos,2025-01-28,2026-06-05,3,292108,6,True,Recurrente
CLI-01828,Estados Unidos,Orlando,Instagram Ads,2025-11-20,2025-11-20,1,89900,6,False,Compra única
CLI-01830,Colombia,Pereira,Instagram Ads,2025-12-30,2026-05-26,2,103900,2,True,Recurrente
CLI-01831,Costa Rica,Heredia,Instagram Ads,2025-11-28,2026-01-26,2,166760,0,True,Recurrente
CLI-01832,Colombia,Medellín,Orgánico/SEO,2026-07-27,2026-07-27,1,190500,7,False,Compra única
CLI-01833,Colombia,Medellín,Instagram Ads,2025-05-31,2025-10-05,3,391470,8,True,Recurrente
CLI-01834,Estados Unidos,Orlando,Instagram Ads,2025-11-29,2026-02-23,3,366428,6,True,Recurrente
CLI-01835,Costa Rica,Alajuela,Email/WhatsApp,2025-08-05,2026-07-20,2,102036,7,True,Recurrente
CLI-01836,Colombia,Pereira,Instagram Ads,2025-01-29,2026-01-25,6,517055,0,True,Recurrente
CLI-01837,Colombia,Medellín,Instagram Ads,2025-03-16,2026-06-30,2,200120,9,True,Recurrente
CLI-01838,Colombia,Pereira,Google Ads,2025-06-24,2026-04-19,2,191230,7,True,Recurrente
CLI-01839,Colombia,Cali,Google Ads,2025-08-12,2026-02-22,3,238878,0,True,Recurrente
CLI-01840,Colombia,Cali,TikTok Ads,2025-01-12,2025-12-11,5,459530,0,True,Recurrente
CLI-01841,Colombia,Barranquilla,Instagram Ads,2025-11-09,2026-08-25,3,318850,0,True,Recurrente
CLI-01842,Colombia,Bucaramanga,Orgánico/SEO,2025-04-07,2025-12-17,2,393100,4,True,Recurrente
CLI-01843,Costa Rica,Cartago,Google Ads,2025-12-30,2025-12-30,1,125070,6,False,Compra única
CLI-01844,Colombia,Barranquilla,Instagram Ads,2025-02-15,2026-05-02,5,469656,0,True,Recurrente
CLI-01846,Colombia,Pereira,Instagram Ads,2025-04-06,2026-08-10,8,983180,8,True,VIP
CLI-01847,Colombia,Bogotá,Google Ads,2025-06-21,2026-07-20,2,128150,8,True,Recurrente
CLI-01848,Colombia,Barranquilla,Orgánico/SEO,2025-05-23,2025-11-11,2,327820,3,True,Recurrente
CLI-01849,Colombia,Medellín,TikTok Ads,2025-04-02,2025-10-05,2,125952,10,True,Recurrente
CLI-01850,Colombia,Barranquilla,Google Ads,2025-03-21,2026-07-30,3,355850,1,True,Recurrente
CLI-01851,Colombia,Barranquilla,Email/WhatsApp,2026-04-27,2026-05-22,2,218900,1,True,Recurrente
CLI-01852,Colombia,Medellín,Orgánico/SEO,2025-01-06,2026-01-15,3,263370,6,True,Recurrente
CLI-01853,Estados Unidos,Doral,Google Ads,2026-06-17,2026-06-17,1,37950,6,False,Compra única
CLI-01854,Costa Rica,Alajuela,Google Ads,2025-06-15,2026-06-25,6,664800,3,True,VIP
CLI-01855,Colombia,Bucaramanga,Instagram Ads,2026-02-06,2026-06-25,4,394980,5,True,Recurrente
CLI-01856,Colombia,Medellín,Referidos,2025-01-07,2026-03-24,4,385020,1,True,Recurrente
CLI-01857,Colombia,Medellín,Orgánico/SEO,2025-08-31,2025-08-31,1,28000,3,False,Compra única
CLI-01858,Colombia,Bucaramanga,Instagram Ads,2025-05-25,2026-04-18,3,236390,2,True,Recurrente
CLI-01860,Costa Rica,Cartago,Email/WhatsApp,2025-04-19,2026-06-09,3,261610,8,True,Recurrente
CLI-01861,Colombia,Bogotá,Instagram Ads,2025-04-24,2026-07-13,3,215590,6,True,Recurrente
CLI-01863,Colombia,Medellín,Google Ads,2025-10-02,2026-03-26,3,439860,2,True,Recurrente
CLI-01864,Colombia,Cali,Google Ads,2025-09-23,2026-01-23,3,294165,8,True,Recurrente
CLI-01865,Estados Unidos,Doral,Instagram Ads,2026-04-19,2026-04-19,1,449400,1,False,Compra única
CLI-01866,Colombia,Bucaramanga,Orgánico/SEO,2026-06-21,2026-07-27,2,351900,3,True,Recurrente
CLI-01867,Colombia,Bucaramanga,Google Ads,2025-09-01,2026-06-29,4,425900,1,True,Recurrente
CLI-01869,Colombia,Cali,Instagram Ads,2026-01-20,2026-08-14,2,124490,2,True,Recurrente
CLI-01870,Colombia,Barranquilla,TikTok Ads,2025-10-05,2025-10-05,1,75900,10,False,Compra única
CLI-01871,Colombia,Cali,Google Ads,2025-07-09,2025-11-19,3,277750,2,True,Recurrente
CLI-01872,Colombia,Medellín,Email/WhatsApp,2025-07-22,2025-12-31,2,196800,8,True,Recurrente
CLI-01873,Colombia,Cali,Google Ads,2025-04-26,2026-05-31,2,377900,2,True,Recurrente
CLI-01874,Colombia,Medellín,Google Ads,2025-06-23,2026-07-18,4,760150,9,True,VIP
CLI-01875,Colombia,Bucaramanga,TikTok Ads,2025-12-19,2026-03-08,2,241973,5,True,Recurrente
CLI-01876,Colombia,Bogotá,Referidos,2026-03-25,2026-08-28,2,293550,0,True,Recurrente
CLI-01877,Colombia,Bogotá,Orgánico/SEO,2025-02-17,2026-01-12,3,294510,9,True,Recurrente
CLI-01878,Colombia,Medellín,TikTok Ads,2025-01-12,2026-08-31,3,394405,5,True,Recurrente
CLI-01879,Colombia,Bucaramanga,Email/WhatsApp,2025-12-25,2025-12-25,1,419700,5,False,Compra única
CLI-01880,Colombia,Barranquilla,Orgánico/SEO,2025-08-18,2025-12-02,2,197960,3,True,Recurrente
CLI-01881,Estados Unidos,Orlando,Instagram Ads,2026-01-07,2026-04-01,3,627670,2,True,VIP
CLI-01882,Colombia,Pereira,Orgánico/SEO,2025-02-13,2026-05-27,7,612206,7,True,VIP
CLI-01883,Colombia,Cali,Google Ads,2025-02-25,2026-07-05,6,707695,4,True,VIP
CLI-01884,Estados Unidos,Miami,Referidos,2026-05-30,2026-05-30,1,138870,3,False,Compra única
CLI-01885,Colombia,Cali,Email/WhatsApp,2025-11-14,2026-06-26,6,900001,8,True,VIP
CLI-01886,Colombia,Bucaramanga,Orgánico/SEO,2025-06-07,2026-05-11,5,436871,2,True,Recurrente
CLI-01887,Colombia,Medellín,TikTok Ads,2025-01-30,2026-05-22,4,417970,1,True,Recurrente
CLI-01888,Colombia,Bogotá,Instagram Ads,2025-02-19,2026-07-07,6,493140,6,True,Recurrente
CLI-01889,Costa Rica,Heredia,Google Ads,2025-09-10,2026-06-29,4,539330,5,True,Recurrente
CLI-01890,Colombia,Bogotá,Instagram Ads,2025-02-06,2026-01-22,2,300080,4,True,Recurrente
CLI-01891,Estados Unidos,Miami,Referidos,2025-10-17,2025-12-05,2,201130,7,True,Recurrente
CLI-01893,Costa Rica,Heredia,Orgánico/SEO,2025-04-30,2026-06-07,4,608391,5,True,VIP
CLI-01894,Costa Rica,San José,TikTok Ads,2025-06-13,2026-08-18,3,686208,6,True,VIP
CLI-01895,Colombia,Bogotá,Instagram Ads,2026-04-21,2026-08-31,2,169950,7,True,Recurrente
CLI-01896,Colombia,Bucaramanga,TikTok Ads,2025-01-29,2026-05-01,4,260611,8,True,Recurrente
CLI-01897,Estados Unidos,Miami,Google Ads,2026-02-20,2026-02-20,1,97180,10,False,Compra única
CLI-01898,Colombia,Medellín,Orgánico/SEO,2025-05-22,2025-11-25,4,477250,4,True,Recurrente
CLI-01899,Colombia,Bogotá,Google Ads,2025-06-06,2026-04-11,3,373940,2,True,Recurrente
CLI-01900,Estados Unidos,Doral,Instagram Ads,2025-12-08,2025-12-08,1,108158,5,False,Compra única
CLI-01901,Colombia,Medellín,Orgánico/SEO,2026-05-04,2026-05-04,1,31246,9,False,Compra única
CLI-01902,Costa Rica,Cartago,Google Ads,2025-05-12,2026-07-27,8,1149275,10,True,VIP
CLI-01903,Costa Rica,San José,Instagram Ads,2025-10-04,2026-08-13,3,199452,5,True,Recurrente
CLI-01904,Colombia,Bucaramanga,Referidos,2026-02-03,2026-07-16,4,274300,9,True,Recurrente
CLI-01905,Costa Rica,Heredia,Instagram Ads,2025-06-07,2025-11-23,2,175701,1,True,Recurrente
CLI-01907,Costa Rica,San José,Google Ads,2025-12-24,2026-08-08,3,465160,5,True,Recurrente
CLI-01908,Colombia,Cali,TikTok Ads,2025-02-06,2026-03-24,3,368220,3,True,Recurrente
CLI-01909,Costa Rica,Heredia,Google Ads,2026-02-13,2026-08-24,3,102641,10,True,Recurrente
CLI-01910,Costa Rica,Alajuela,Orgánico/SEO,2026-05-15,2026-05-15,1,119800,10,False,Compra única
CLI-01911,Colombia,Pereira,Referidos,2026-05-10,2026-05-31,2,241265,1,True,Recurrente
CLI-01912,Colombia,Medellín,Instagram Ads,2025-01-16,2026-08-05,5,906311,0,True,VIP
CLI-01913,Colombia,Barranquilla,Email/WhatsApp,2025-05-04,2026-06-21,5,854310,9,True,VIP
CLI-01915,Estados Unidos,Doral,TikTok Ads,2026-05-01,2026-05-31,2,363180,0,True,Recurrente
CLI-01916,Colombia,Bogotá,Email/WhatsApp,2025-01-10,2026-05-05,4,446090,5,True,Recurrente
CLI-01917,Estados Unidos,Houston,Referidos,2026-03-23,2026-08-22,3,210598,5,True,Recurrente
CLI-01918,Colombia,Barranquilla,Instagram Ads,2025-05-27,2026-02-11,2,157080,8,True,Recurrente
CLI-01919,Costa Rica,Cartago,TikTok Ads,2025-07-29,2025-12-16,2,372090,2,True,Recurrente
CLI-01920,Colombia,Cali,Email/WhatsApp,2026-05-20,2026-05-20,1,97180,1,False,Compra única
CLI-01921,Colombia,Cali,Instagram Ads,2025-04-30,2025-11-18,3,385540,8,True,Recurrente
CLI-01922,Colombia,Barranquilla,Referidos,2025-01-13,2026-05-07,4,288530,0,True,Recurrente
CLI-01923,Colombia,Bucaramanga,Instagram Ads,2026-06-20,2026-06-20,1,69300,9,False,Compra única
CLI-01924,Costa Rica,Heredia,Google Ads,2025-11-14,2026-06-05,2,299750,0,True,Recurrente
CLI-01925,Colombia,Barranquilla,Instagram Ads,2025-01-03,2026-06-23,4,567827,9,True,Recurrente
CLI-01926,Colombia,Barranquilla,TikTok Ads,2026-01-08,2026-03-10,2,181863,0,True,Recurrente
CLI-01928,Colombia,Barranquilla,TikTok Ads,2025-02-13,2026-03-09,4,406320,2,True,Recurrente
CLI-01929,Colombia,Cali,Google Ads,2025-07-22,2025-07-22,1,162440,1,False,Compra única
CLI-01930,Colombia,Pereira,Instagram Ads,2025-01-04,2025-09-30,6,891720,8,True,VIP
CLI-01931,Colombia,Bucaramanga,Google Ads,2025-01-08,2026-04-09,4,647970,5,True,VIP
CLI-01932,Colombia,Cali,Google Ads,2025-05-31,2026-02-11,4,578655,0,True,VIP
CLI-01933,Colombia,Cali,TikTok Ads,2025-04-04,2026-05-06,5,504614,2,True,Recurrente
CLI-01935,Costa Rica,Heredia,Email/WhatsApp,2026-07-27,2026-07-27,1,62370,8,False,Compra única
CLI-01936,Costa Rica,Heredia,Instagram Ads,2025-06-22,2025-06-22,1,127000,2,False,Compra única
CLI-01937,Colombia,Pereira,Instagram Ads,2025-08-19,2026-01-20,6,903775,1,True,VIP
CLI-01938,Colombia,Medellín,Orgánico/SEO,2025-07-19,2026-01-24,3,334470,6,True,Recurrente
CLI-01939,Costa Rica,Cartago,Instagram Ads,2026-01-27,2026-05-21,3,294000,8,True,Recurrente
CLI-01940,Colombia,Barranquilla,Google Ads,2025-01-08,2026-06-20,2,242950,2,True,Recurrente
CLI-01941,Colombia,Barranquilla,Google Ads,2025-11-02,2026-08-14,3,219948,6,True,Recurrente
CLI-01942,Colombia,Bogotá,Instagram Ads,2025-05-22,2026-08-13,4,636356,6,True,VIP
CLI-01943,Estados Unidos,Miami,Google Ads,2026-07-14,2026-07-14,1,32890,5,False,Compra única
CLI-01945,Estados Unidos,Houston,Referidos,2026-06-12,2026-06-12,1,84000,5,False,Compra única
CLI-01946,Costa Rica,San José,TikTok Ads,2025-06-19,2026-07-16,3,299115,0,True,Recurrente
CLI-01947,Colombia,Pereira,Instagram Ads,2025-01-13,2026-08-15,4,663160,0,True,VIP
CLI-01948,Costa Rica,Cartago,Orgánico/SEO,2025-10-29,2026-06-26,4,448360,7,True,Recurrente
CLI-01949,Colombia,Pereira,Google Ads,2025-02-07,2025-05-27,2,140415,9,True,Recurrente
CLI-01950,Colombia,Bogotá,Google Ads,2025-08-03,2026-04-22,4,293784,7,True,Recurrente
CLI-01951,Estados Unidos,Doral,Email/WhatsApp,2025-12-02,2026-06-18,2,136620,1,True,Recurrente
CLI-01952,Colombia,Barranquilla,Orgánico/SEO,2025-06-03,2026-01-31,2,554060,2,True,Recurrente
CLI-01953,Colombia,Pereira,Instagram Ads,2025-01-18,2026-08-21,5,450580,1,True,Recurrente
CLI-01954,Costa Rica,Cartago,Instagram Ads,2025-08-10,2026-05-29,3,270950,7,True,Recurrente
CLI-01955,Colombia,Bucaramanga,Orgánico/SEO,2025-04-14,2026-03-13,5,587580,8,True,VIP
CLI-01956,Colombia,Bucaramanga,Instagram Ads,2026-03-20,2026-03-20,1,41690,10,False,Compra única
CLI-01957,Colombia,Bucaramanga,Referidos,2025-01-10,2026-07-30,4,366290,6,True,Recurrente
CLI-01958,Colombia,Barranquilla,TikTok Ads,2025-08-30,2026-06-28,3,692400,8,True,VIP
CLI-01959,Estados Unidos,Houston,Instagram Ads,2026-02-03,2026-02-03,1,113850,3,False,Compra única
CLI-01960,Colombia,Barranquilla,Email/WhatsApp,2025-10-20,2025-12-24,2,146805,2,True,Recurrente
CLI-01961,Colombia,Bucaramanga,Orgánico/SEO,2025-02-06,2025-11-02,3,345400,1,True,Recurrente
CLI-01962,Colombia,Barranquilla,Instagram Ads,2025-10-01,2026-06-13,4,451000,8,True,Recurrente
CLI-01963,Colombia,Bucaramanga,TikTok Ads,2025-12-12,2026-06-24,3,445640,7,True,Recurrente
CLI-01964,Colombia,Pereira,Instagram Ads,2025-06-06,2025-06-06,1,34650,5,False,Compra única
CLI-01965,Estados Unidos,Doral,Instagram Ads,2025-11-12,2026-07-15,3,243280,8,True,Recurrente
CLI-01966,Colombia,Barranquilla,Referidos,2026-05-31,2026-05-31,1,239800,0,False,Compra única
CLI-01967,Costa Rica,San José,Instagram Ads,2025-08-07,2026-06-27,3,436116,7,True,Recurrente
CLI-01968,Colombia,Cali,TikTok Ads,2025-01-27,2026-05-12,4,709885,2,True,VIP
CLI-01969,Costa Rica,Heredia,Instagram Ads,2026-05-08,2026-08-07,2,262850,8,True,Recurrente
CLI-01970,Colombia,Cali,TikTok Ads,2025-05-26,2026-08-16,3,528230,2,True,Recurrente
CLI-01971,Estados Unidos,Orlando,Orgánico/SEO,2026-02-17,2026-02-17,1,190500,0,False,Compra única
CLI-01972,Costa Rica,San José,Instagram Ads,2025-07-31,2026-08-03,3,497030,2,True,Recurrente
CLI-01973,Colombia,Barranquilla,Google Ads,2026-05-29,2026-05-29,1,75042,7,False,Compra única
CLI-01974,Colombia,Cali,Instagram Ads,2025-06-05,2025-06-23,2,198328,8,True,Recurrente
CLI-01975,Costa Rica,Cartago,Referidos,2025-05-01,2025-12-23,4,433540,4,True,Recurrente
CLI-01976,Colombia,Cali,Email/WhatsApp,2025-01-25,2026-06-25,6,628868,3,True,VIP
CLI-01977,Costa Rica,Heredia,Instagram Ads,2025-04-15,2025-04-15,1,65780,4,False,Compra única
CLI-01978,Colombia,Barranquilla,TikTok Ads,2025-01-04,2026-07-12,3,379920,10,True,Recurrente
CLI-01979,Colombia,Pereira,Email/WhatsApp,2025-09-09,2026-08-31,5,734636,3,True,VIP
CLI-01980,Colombia,Bucaramanga,Google Ads,2025-01-10,2025-09-24,5,860771,1,True,VIP
CLI-01981,Colombia,Medellín,Google Ads,2025-01-31,2025-11-23,3,178000,7,True,Recurrente
CLI-01982,Costa Rica,Cartago,Google Ads,2025-10-25,2026-01-22,2,639500,7,True,VIP
CLI-01983,Colombia,Medellín,Google Ads,2025-03-30,2026-07-07,4,466440,3,True,Recurrente
CLI-01984,Colombia,Medellín,Orgánico/SEO,2025-08-09,2026-04-25,2,323180,4,True,Recurrente
CLI-01985,Colombia,Pereira,TikTok Ads,2025-06-23,2026-08-20,4,501590,9,True,Recurrente
CLI-01986,Colombia,Pereira,Email/WhatsApp,2025-02-16,2026-02-22,4,554281,3,True,Recurrente
CLI-01987,Estados Unidos,Miami,Google Ads,2025-11-09,2025-12-17,4,319400,6,True,Recurrente
CLI-01988,Costa Rica,Alajuela,Referidos,2025-10-16,2026-06-25,2,107250,10,True,Recurrente
CLI-01989,Colombia,Bucaramanga,Orgánico/SEO,2025-06-18,2026-08-02,4,554620,5,True,Recurrente
CLI-01990,Colombia,Cali,TikTok Ads,2025-01-11,2026-06-03,3,630021,0,True,VIP
CLI-01991,Colombia,Bogotá,Google Ads,2025-04-06,2026-08-17,4,266930,1,True,Recurrente
CLI-01992,Colombia,Pereira,Referidos,2025-07-11,2026-06-24,4,723593,8,True,VIP
CLI-01993,Colombia,Barranquilla,Instagram Ads,2025-02-20,2026-02-04,5,703548,8,True,VIP
CLI-01994,Colombia,Bucaramanga,Email/WhatsApp,2025-02-19,2026-08-05,4,589400,4,True,VIP
CLI-01995,Costa Rica,San José,Referidos,2025-04-03,2026-01-11,5,1067470,6,True,VIP
CLI-01996,Colombia,Barranquilla,Referidos,2025-01-27,2026-05-09,6,604403,6,True,VIP
CLI-01997,Colombia,Pereira,TikTok Ads,2025-02-15,2026-05-28,6,888611,8,True,VIP
CLI-01998,Colombia,Pereira,Orgánico/SEO,2025-02-06,2025-12-29,5,921852,6,True,VIP
CLI-01999,Colombia,Bogotá,Orgánico/SEO,2025-05-02,2026-06-18,4,771040,1,True,VIP
CLI-02000,Costa Rica,San José,Orgánico/SEO,2025-04-27,2026-08-30,5,562641,7,True,Recurrente
CLI-02001,Colombia,Pereira,Instagram Ads,2025-06-27,2026-04-15,2,215800,1,True,Recurrente
CLI-02002,Colombia,Barranquilla,TikTok Ads,2025-01-08,2025-10-23,6,594864,3,True,VIP
CLI-02003,Estados Unidos,Doral,Referidos,2026-06-03,2026-06-03,1,119800,5,False,Compra única
CLI-02004,Colombia,Cali,Email/WhatsApp,2025-02-22,2026-07-10,4,478008,2,True,Recurrente
CLI-02005,Estados Unidos,Orlando,Email/WhatsApp,2026-07-09,2026-07-09,1,119900,1,False,Compra única
CLI-02006,Colombia,Bogotá,Google Ads,2025-05-10,2026-01-20,2,83380,9,True,Recurrente
CLI-02008,Colombia,Bogotá,Orgánico/SEO,2025-03-19,2026-06-27,5,620640,4,True,VIP
CLI-02009,Colombia,Medellín,Google Ads,2025-05-15,2026-01-29,3,301900,8,True,Recurrente
CLI-02010,Colombia,Cali,Orgánico/SEO,2025-01-04,2025-01-04,1,113850,5,False,Compra única
CLI-02011,Colombia,Medellín,Instagram Ads,2025-10-02,2025-10-02,1,108158,2,False,Compra única
CLI-02012,Colombia,Cali,Orgánico/SEO,2025-01-15,2026-08-13,5,514772,8,True,Recurrente
CLI-02013,Estados Unidos,Miami,Orgánico/SEO,2026-04-01,2026-04-01,1,217000,5,False,Compra única
CLI-02014,Colombia,Barranquilla,TikTok Ads,2025-03-30,2025-03-30,1,92321,8,False,Compra única
CLI-02015,Costa Rica,Alajuela,Orgánico/SEO,2025-07-19,2025-11-21,2,163020,9,True,Recurrente
CLI-02016,Estados Unidos,Houston,Instagram Ads,2026-05-04,2026-08-26,2,152540,7,True,Recurrente
CLI-02017,Costa Rica,Cartago,Google Ads,2026-01-18,2026-06-27,3,170136,7,True,Recurrente
CLI-02018,Estados Unidos,Orlando,Email/WhatsApp,2026-01-31,2026-08-21,2,303063,4,True,Recurrente
CLI-02019,Colombia,Cali,Google Ads,2025-04-27,2026-08-05,8,920345,5,True,VIP
CLI-02020,Estados Unidos,Houston,Instagram Ads,2026-03-26,2026-07-20,3,596345,10,True,VIP
CLI-02021,Costa Rica,Heredia,Instagram Ads,2025-08-30,2026-06-23,4,453275,9,True,Recurrente
CLI-02022,Colombia,Cali,Email/WhatsApp,2025-07-10,2026-07-04,5,500340,0,True,Recurrente
CLI-02023,Costa Rica,Alajuela,Instagram Ads,2026-06-11,2026-06-11,1,47600,8,False,Compra única
CLI-02024,Colombia,Bogotá,Instagram Ads,2025-01-02,2026-06-24,6,570515,7,True,Recurrente
CLI-02025,Colombia,Medellín,Email/WhatsApp,2025-03-08,2025-12-29,3,619320,2,True,VIP
CLI-02026,Colombia,Bucaramanga,Instagram Ads,2025-09-29,2026-05-23,4,573650,6,True,Recurrente
CLI-02027,Colombia,Bucaramanga,Orgánico/SEO,2025-01-01,2026-03-04,4,263925,7,True,Recurrente
CLI-02028,Costa Rica,San José,Google Ads,2025-04-03,2025-10-28,3,339093,2,True,Recurrente
CLI-02029,Colombia,Medellín,Email/WhatsApp,2025-07-19,2026-04-12,2,180550,9,True,Recurrente
CLI-02030,Colombia,Pereira,Instagram Ads,2025-01-13,2026-02-11,4,247882,7,True,Recurrente
CLI-02031,Colombia,Medellín,Google Ads,2025-01-02,2026-05-03,3,152680,5,True,Recurrente
CLI-02032,Colombia,Bucaramanga,Google Ads,2025-03-11,2026-08-08,4,386010,4,True,Recurrente
CLI-02033,Colombia,Medellín,Referidos,2025-04-11,2026-05-18,5,888452,1,True,VIP
CLI-02034,Colombia,Medellín,Orgánico/SEO,2025-01-07,2026-08-05,4,375517,10,True,Recurrente
CLI-02035,Colombia,Bogotá,Orgánico/SEO,2025-03-19,2026-08-13,5,878740,9,True,VIP
CLI-02036,Colombia,Bogotá,Instagram Ads,2026-08-12,2026-08-12,1,31350,3,False,Compra única
CLI-02037,Estados Unidos,Houston,Instagram Ads,2026-05-19,2026-05-19,1,125070,0,False,Compra única
CLI-02038,Colombia,Cali,TikTok Ads,2025-04-10,2026-05-21,2,179950,7,True,Recurrente
CLI-02039,Colombia,Cali,TikTok Ads,2025-01-24,2025-01-24,1,205040,10,False,Compra única
CLI-02040,Colombia,Pereira,Google Ads,2025-07-19,2026-04-21,4,430430,3,True,Recurrente
CLI-02041,Costa Rica,San José,Orgánico/SEO,2025-11-18,2025-11-18,1,103950,0,False,Compra única
CLI-02042,Costa Rica,San José,Google Ads,2025-08-06,2026-01-18,2,127950,10,True,Recurrente
CLI-02043,Colombia,Barranquilla,Referidos,2025-01-30,2025-08-23,5,374085,9,True,Recurrente
CLI-02044,Colombia,Medellín,Instagram Ads,2025-10-17,2026-05-20,2,155680,0,True,Recurrente
CLI-02045,Costa Rica,Heredia,Instagram Ads,2025-09-14,2025-12-05,3,144456,8,True,Recurrente
CLI-02046,Estados Unidos,Miami,Google Ads,2026-03-01,2026-06-26,3,526600,5,True,Recurrente
CLI-02047,Colombia,Bogotá,Instagram Ads,2025-02-18,2026-05-27,5,706520,4,True,VIP
CLI-02048,Costa Rica,San José,Instagram Ads,2025-11-11,2026-07-02,2,146000,4,True,Recurrente
CLI-02049,Colombia,Pereira,Google Ads,2025-10-17,2026-07-23,4,224736,10,True,Recurrente
CLI-02050,Colombia,Barranquilla,Google Ads,2025-04-25,2025-09-28,2,247940,4,True,Recurrente
CLI-02051,Colombia,Bucaramanga,Instagram Ads,2025-03-12,2026-05-13,4,506840,10,True,Recurrente
CLI-02053,Colombia,Barranquilla,Referidos,2026-01-02,2026-01-02,1,41690,3,False,Compra única
CLI-02054,Costa Rica,Alajuela,Orgánico/SEO,2025-11-08,2025-12-28,2,62700,4,True,Recurrente
CLI-02055,Costa Rica,Cartago,Instagram Ads,2026-05-16,2026-05-16,1,97180,6,False,Compra única
CLI-02056,Colombia,Bogotá,Orgánico/SEO,2025-12-20,2025-12-20,1,97180,7,False,Compra única
CLI-02057,Costa Rica,San José,Email/WhatsApp,2025-11-15,2026-06-16,5,516710,1,True,Recurrente
CLI-02058,Costa Rica,Alajuela,Google Ads,2025-06-03,2026-07-22,2,401950,6,True,Recurrente
CLI-02060,Colombia,Bogotá,Instagram Ads,2025-01-31,2026-05-15,6,1037410,7,True,VIP
CLI-02061,Estados Unidos,Houston,Referidos,2025-10-07,2026-04-28,2,222091,10,True,Recurrente
CLI-02062,Costa Rica,Alajuela,Instagram Ads,2026-02-03,2026-08-31,4,237182,3,True,Recurrente
CLI-02063,Colombia,Barranquilla,Google Ads,2025-04-17,2026-05-11,2,783500,7,True,VIP
CLI-02064,Colombia,Pereira,Google Ads,2025-02-08,2026-07-17,3,175530,9,True,Recurrente
CLI-02065,Colombia,Barranquilla,Google Ads,2025-07-16,2026-06-30,2,481780,4,True,Recurrente
CLI-02066,Colombia,Pereira,Google Ads,2025-09-16,2026-04-23,2,295956,10,True,Recurrente
CLI-02067,Colombia,Cali,Email/WhatsApp,2025-09-07,2026-07-13,5,1104590,8,True,VIP
CLI-02068,Colombia,Bogotá,Orgánico/SEO,2025-02-24,2025-02-24,1,86540,8,False,Compra única
CLI-02069,Colombia,Medellín,Instagram Ads,2025-12-04,2026-08-03,2,188116,8,True,Recurrente
CLI-02070,Colombia,Pereira,Email/WhatsApp,2025-04-24,2026-02-12,5,714400,2,True,VIP
CLI-02071,Estados Unidos,Miami,Instagram Ads,2026-06-26,2026-06-26,1,62700,7,False,Compra única
CLI-02072,Colombia,Bucaramanga,Google Ads,2025-05-07,2026-01-06,5,498670,3,True,Recurrente
CLI-02073,Colombia,Cali,Instagram Ads,2026-04-07,2026-05-27,2,209248,4,True,Recurrente
CLI-02075,Colombia,Cali,Google Ads,2025-01-01,2026-04-27,4,485702,9,True,Recurrente
CLI-02078,Colombia,Barranquilla,Email/WhatsApp,2025-03-16,2026-07-21,3,203701,6,True,Recurrente
CLI-02079,Colombia,Bogotá,Orgánico/SEO,2025-12-29,2026-07-06,5,482500,4,True,Recurrente
CLI-02081,Colombia,Bucaramanga,TikTok Ads,2025-03-10,2026-08-12,6,853535,10,True,VIP
CLI-02082,Colombia,Barranquilla,Instagram Ads,2025-02-11,2025-11-01,2,180663,1,True,Recurrente
CLI-02083,Estados Unidos,Miami,Instagram Ads,2026-05-16,2026-05-27,2,253750,3,True,Recurrente
CLI-02084,Estados Unidos,Miami,Google Ads,2025-11-15,2026-06-29,3,359180,2,True,Recurrente
CLI-02085,Estados Unidos,Miami,Referidos,2025-10-20,2026-07-13,5,329771,10,True,Recurrente
CLI-02086,Colombia,Pereira,Instagram Ads,2025-02-15,2026-05-17,2,194670,2,True,Recurrente
CLI-02087,Colombia,Bogotá,Google Ads,2025-02-17,2026-06-24,2,173750,1,True,Recurrente
CLI-02088,Colombia,Bogotá,Email/WhatsApp,2025-01-06,2026-07-08,4,835760,7,True,VIP
CLI-02089,Colombia,Bogotá,Google Ads,2025-01-19,2025-09-04,2,181305,3,True,Recurrente
CLI-02090,Colombia,Barranquilla,Google Ads,2025-03-18,2026-07-22,3,699830,3,True,VIP
CLI-02091,Colombia,Pereira,Instagram Ads,2025-08-11,2026-06-16,4,319910,7,True,Recurrente
CLI-02092,Colombia,Cali,Instagram Ads,2025-01-24,2026-06-05,7,1253145,1,True,VIP
CLI-02093,Colombia,Barranquilla,Google Ads,2026-03-16,2026-03-16,1,108158,3,False,Compra única
CLI-02094,Colombia,Bogotá,TikTok Ads,2025-02-16,2026-03-18,2,162960,2,True,Recurrente
CLI-02095,Costa Rica,Cartago,Google Ads,2025-05-15,2026-07-16,3,215460,1,True,Recurrente
CLI-02096,Colombia,Bogotá,TikTok Ads,2025-01-03,2026-05-13,7,801237,6,True,VIP
CLI-02097,Colombia,Pereira,Email/WhatsApp,2025-01-04,2026-08-11,5,527120,5,True,Recurrente
CLI-02098,Colombia,Bogotá,Email/WhatsApp,2025-09-17,2025-09-17,1,31350,10,False,Compra única
CLI-02099,Colombia,Bucaramanga,Instagram Ads,2025-05-31,2026-02-06,2,214382,6,True,Recurrente
CLI-02100,Colombia,Barranquilla,Instagram Ads,2026-05-25,2026-07-03,2,190361,1,True,Recurrente
CLI-02101,Colombia,Cali,Instagram Ads,2025-01-04,2026-06-14,2,165090,7,True,Recurrente
CLI-02102,Costa Rica,Alajuela,Instagram Ads,2025-09-24,2026-06-19,3,632220,9,True,VIP
CLI-02103,Colombia,Bogotá,Orgánico/SEO,2026-06-04,2026-06-04,1,139900,9,False,Compra única
CLI-02104,Costa Rica,Cartago,Instagram Ads,2025-05-29,2026-03-02,5,486720,0,True,Recurrente
CLI-02105,Colombia,Barranquilla,Google Ads,2025-02-14,2026-07-13,2,79252,0,True,Recurrente
CLI-02106,Colombia,Bucaramanga,Orgánico/SEO,2025-10-31,2025-12-13,2,239820,1,True,Recurrente
CLI-02107,Colombia,Barranquilla,Instagram Ads,2025-04-08,2026-07-18,3,200540,5,True,Recurrente
CLI-02108,Colombia,Barranquilla,Email/WhatsApp,2025-03-03,2025-03-03,1,97180,1,False,Compra única
CLI-02109,Colombia,Medellín,Google Ads,2025-07-15,2026-04-27,4,510480,8,True,Recurrente
CLI-02110,Costa Rica,Cartago,Referidos,2025-10-27,2025-10-27,1,359700,4,False,Compra única
CLI-02111,Colombia,Barranquilla,Orgánico/SEO,2025-08-24,2026-07-31,4,383830,4,True,Recurrente
CLI-02112,Colombia,Medellín,Email/WhatsApp,2025-12-20,2026-08-09,2,162850,1,True,Recurrente
CLI-02113,Costa Rica,Cartago,Orgánico/SEO,2025-04-25,2026-07-10,2,173750,2,True,Recurrente
CLI-02115,Colombia,Bucaramanga,Instagram Ads,2025-11-11,2026-02-26,4,426313,8,True,Recurrente
CLI-02116,Costa Rica,Heredia,Email/WhatsApp,2025-11-27,2026-03-09,2,178660,8,True,Recurrente
CLI-02117,Colombia,Barranquilla,Email/WhatsApp,2025-09-15,2025-11-30,2,154852,6,True,Recurrente
CLI-02118,Colombia,Medellín,Email/WhatsApp,2025-01-13,2026-07-04,4,222030,5,True,Recurrente
CLI-02119,Colombia,Bucaramanga,Instagram Ads,2026-03-02,2026-03-02,1,48590,9,False,Compra única
CLI-02120,Colombia,Bogotá,Email/WhatsApp,2025-01-09,2026-01-16,4,321310,10,True,Recurrente
CLI-02122,Colombia,Medellín,Google Ads,2025-04-05,2026-06-18,3,266690,2,True,Recurrente
CLI-02123,Colombia,Medellín,TikTok Ads,2026-03-05,2026-03-05,1,41690,9,False,Compra única
CLI-02124,Colombia,Pereira,Orgánico/SEO,2025-11-21,2026-06-28,3,432500,10,True,Recurrente
CLI-02125,Estados Unidos,Houston,Instagram Ads,2025-11-18,2026-03-07,2,281561,5,True,Recurrente
CLI-02126,Colombia,Medellín,Email/WhatsApp,2025-03-25,2026-04-05,3,362400,7,True,Recurrente
CLI-02127,Colombia,Bogotá,Referidos,2025-01-12,2026-07-28,7,1656201,9,True,VIP
CLI-02128,Colombia,Pereira,Orgánico/SEO,2026-01-07,2026-01-07,1,44950,10,False,Compra única
CLI-02129,Colombia,Pereira,TikTok Ads,2025-06-02,2026-06-28,5,388110,6,True,Recurrente
CLI-02130,Colombia,Bucaramanga,Email/WhatsApp,2025-01-14,2026-03-29,3,267100,0,True,Recurrente
CLI-02131,Costa Rica,Alajuela,Email/WhatsApp,2025-05-31,2026-08-17,3,247538,7,True,Recurrente
CLI-02132,Colombia,Medellín,Google Ads,2025-02-22,2026-03-07,3,327360,0,True,Recurrente
CLI-02133,Colombia,Bogotá,Instagram Ads,2025-01-18,2026-07-11,4,648073,3,True,VIP
CLI-02134,Colombia,Bogotá,Instagram Ads,2025-08-07,2026-05-24,4,432560,7,True,Recurrente
CLI-02135,Costa Rica,Cartago,Email/WhatsApp,2025-09-23,2026-08-31,2,325350,10,True,Recurrente
CLI-02136,Estados Unidos,Houston,Orgánico/SEO,2025-10-03,2025-12-22,2,103455,8,True,Recurrente
CLI-02137,Estados Unidos,Doral,Google Ads,2025-11-03,2026-03-28,2,160341,5,True,Recurrente
CLI-02138,Colombia,Medellín,Email/WhatsApp,2025-09-10,2026-08-15,3,273730,3,True,Recurrente
CLI-02139,Colombia,Bucaramanga,Referidos,2025-09-04,2026-04-09,2,153285,7,True,Recurrente
CLI-02140,Colombia,Bogotá,Email/WhatsApp,2026-05-07,2026-05-07,1,145770,6,False,Compra única
CLI-02141,Colombia,Cali,Google Ads,2026-01-10,2026-05-20,3,305050,2,True,Recurrente
CLI-02142,Costa Rica,Cartago,Orgánico/SEO,2026-01-03,2026-01-26,2,145640,7,True,Recurrente
CLI-02143,Estados Unidos,Houston,Orgánico/SEO,2026-06-15,2026-06-15,1,145770,0,False,Compra única
CLI-02145,Costa Rica,Heredia,Orgánico/SEO,2025-11-12,2026-05-20,5,284020,10,True,Recurrente
CLI-02146,Colombia,Bogotá,Instagram Ads,2025-08-21,2025-09-05,2,143670,4,True,Recurrente
CLI-02147,Colombia,Bogotá,Referidos,2025-02-05,2026-06-15,5,949982,0,True,VIP
CLI-02148,Estados Unidos,Miami,Instagram Ads,2025-11-26,2026-03-07,3,115702,10,True,Recurrente
CLI-02149,Colombia,Bogotá,Instagram Ads,2026-01-14,2026-08-25,2,149736,9,True,Recurrente
CLI-02150,Colombia,Pereira,Email/WhatsApp,2026-04-04,2026-04-04,1,148500,10,False,Compra única
CLI-02151,Colombia,Medellín,Instagram Ads,2025-10-02,2026-04-29,4,286055,4,True,Recurrente
CLI-02152,Colombia,Bucaramanga,Email/WhatsApp,2026-04-25,2026-04-25,1,75900,5,False,Compra única
CLI-02153,Colombia,Bucaramanga,Instagram Ads,2025-01-28,2026-02-07,2,151800,7,True,Recurrente
CLI-02154,Colombia,Pereira,Orgánico/SEO,2025-07-16,2026-05-26,3,429840,6,True,Recurrente
CLI-02155,Colombia,Bogotá,Instagram Ads,2025-04-16,2026-05-25,4,797983,5,True,VIP
CLI-02156,Colombia,Pereira,Instagram Ads,2025-02-25,2025-05-09,2,157960,9,True,Recurrente
CLI-02157,Colombia,Cali,Orgánico/SEO,2025-04-26,2026-08-31,8,1046290,7,True,VIP
CLI-02159,Colombia,Bucaramanga,Instagram Ads,2026-02-02,2026-02-02,1,179700,6,False,Compra única
CLI-02160,Colombia,Barranquilla,Orgánico/SEO,2025-12-07,2026-01-13,2,270840,7,True,Recurrente
CLI-02161,Colombia,Pereira,Referidos,2025-02-23,2026-08-24,5,807813,10,True,VIP
CLI-02162,Colombia,Barranquilla,Orgánico/SEO,2025-01-04,2026-08-08,5,529900,2,True,Recurrente
CLI-02163,Colombia,Bogotá,Email/WhatsApp,2026-05-11,2026-06-27,2,309420,8,True,Recurrente
CLI-02164,Colombia,Cali,Referidos,2025-01-04,2026-03-13,8,826246,6,True,VIP
CLI-02165,Estados Unidos,Miami,Orgánico/SEO,2026-01-25,2026-01-25,1,108158,6,False,Compra única
CLI-02166,Colombia,Barranquilla,Instagram Ads,2026-01-03,2026-06-22,5,588580,7,True,VIP
CLI-02167,Colombia,Cali,Instagram Ads,2025-04-28,2026-06-29,4,549092,4,True,Recurrente
CLI-02168,Colombia,Medellín,TikTok Ads,2025-02-18,2025-03-09,2,253730,5,True,Recurrente
CLI-02169,Costa Rica,Alajuela,Email/WhatsApp,2025-07-11,2025-07-11,1,97180,2,False,Compra única
CLI-02170,Costa Rica,Cartago,Instagram Ads,2025-07-10,2026-07-09,7,775101,7,True,VIP
CLI-02171,Estados Unidos,Doral,Instagram Ads,2026-01-17,2026-08-01,3,389604,9,True,Recurrente
CLI-02172,Estados Unidos,Orlando,Orgánico/SEO,2025-10-04,2026-02-10,2,161122,5,True,Recurrente
CLI-02173,Colombia,Pereira,TikTok Ads,2026-05-19,2026-05-19,1,75900,4,False,Compra única
CLI-02174,Colombia,Bogotá,Instagram Ads,2025-12-13,2026-04-21,2,291200,7,True,Recurrente
CLI-02175,Costa Rica,San José,Instagram Ads,2026-04-14,2026-07-15,2,312530,8,True,Recurrente
CLI-02176,Colombia,Cali,TikTok Ads,2025-04-20,2025-04-20,1,37950,6,False,Compra única
CLI-02177,Costa Rica,Cartago,Referidos,2025-12-23,2026-01-01,2,99082,7,True,Recurrente
CLI-02178,Costa Rica,Heredia,Email/WhatsApp,2025-06-13,2026-05-03,2,200970,1,True,Recurrente
CLI-02179,Estados Unidos,Doral,Instagram Ads,2025-10-28,2026-04-14,2,173080,9,True,Recurrente
CLI-02181,Colombia,Cali,Referidos,2025-01-26,2026-07-01,5,551020,5,True,Recurrente
CLI-02182,Costa Rica,San José,Instagram Ads,2025-05-28,2026-07-13,7,926835,9,True,VIP
CLI-02184,Estados Unidos,Houston,Google Ads,2025-10-11,2026-07-25,4,554340,2,True,Recurrente
CLI-02185,Colombia,Cali,Email/WhatsApp,2025-12-14,2025-12-14,1,103950,7,False,Compra única
CLI-02186,Estados Unidos,Miami,TikTok Ads,2025-12-01,2025-12-07,2,229800,0,True,Recurrente
CLI-02187,Colombia,Pereira,Orgánico/SEO,2025-01-07,2025-01-07,1,159280,2,False,Compra única
CLI-02188,Colombia,Bogotá,TikTok Ads,2025-09-02,2026-05-15,3,217320,0,True,Recurrente
CLI-02189,Costa Rica,Cartago,TikTok Ads,2025-06-10,2026-02-21,2,189501,9,True,Recurrente
CLI-02190,Colombia,Bucaramanga,Instagram Ads,2025-09-21,2026-06-14,6,1153330,0,True,VIP
CLI-02191,Colombia,Bogotá,Instagram Ads,2025-12-09,2026-07-29,4,388211,10,True,Recurrente
CLI-02192,Costa Rica,Heredia,Referidos,2025-11-17,2026-04-03,3,235695,7,True,Recurrente
CLI-02193,Colombia,Bogotá,Orgánico/SEO,2025-02-23,2026-02-07,2,179270,2,True,Recurrente
CLI-02194,Colombia,Pereira,Instagram Ads,2025-10-23,2025-12-28,2,187080,2,True,Recurrente
CLI-02195,Colombia,Barranquilla,Google Ads,2025-10-27,2026-07-02,2,142130,6,True,Recurrente
CLI-02196,Estados Unidos,Doral,TikTok Ads,2025-12-11,2026-08-16,4,399040,9,True,Recurrente
CLI-02197,Colombia,Pereira,Google Ads,2025-10-01,2026-07-24,6,743541,10,True,VIP
CLI-02198,Costa Rica,San José,Google Ads,2025-07-13,2026-03-21,4,378553,7,True,Recurrente
CLI-02199,Colombia,Pereira,Google Ads,2026-05-15,2026-05-15,1,65780,8,False,Compra única
CLI-02200,Estados Unidos,Doral,Referidos,2026-03-10,2026-05-08,2,215760,6,True,Recurrente
CLI-02201,Colombia,Bucaramanga,TikTok Ads,2026-08-31,2026-08-31,1,37950,7,False,Compra única
CLI-02202,Colombia,Pereira,Email/WhatsApp,2025-01-04,2026-05-14,3,336215,5,True,Recurrente
CLI-02204,Costa Rica,Cartago,Orgánico/SEO,2026-06-19,2026-07-20,2,252463,6,True,Recurrente
CLI-02205,Colombia,Medellín,Google Ads,2025-10-01,2026-02-16,2,280780,9,True,Recurrente
CLI-02206,Costa Rica,Cartago,TikTok Ads,2025-11-17,2026-02-25,2,274900,10,True,Recurrente
CLI-02207,Colombia,Cali,Referidos,2026-02-03,2026-08-10,2,196973,10,True,Recurrente
CLI-02209,Costa Rica,Heredia,Google Ads,2026-07-22,2026-07-22,1,239800,1,False,Compra única
CLI-02210,Colombia,Bogotá,Orgánico/SEO,2025-01-22,2026-02-10,4,487700,8,True,Recurrente
CLI-02211,Colombia,Barranquilla,Email/WhatsApp,2025-08-31,2026-08-07,5,786580,4,True,VIP
CLI-02212,Colombia,Medellín,Instagram Ads,2025-08-03,2025-08-03,1,119900,7,False,Compra única
CLI-02213,Colombia,Medellín,Google Ads,2025-11-10,2026-05-12,3,288155,7,True,Recurrente
CLI-02214,Costa Rica,Cartago,Orgánico/SEO,2025-04-29,2025-11-17,2,436475,9,True,Recurrente
CLI-02215,Estados Unidos,Doral,Instagram Ads,2026-03-10,2026-06-14,3,280611,4,True,Recurrente
CLI-02216,Estados Unidos,Doral,Orgánico/SEO,2025-10-24,2025-10-24,1,59900,4,False,Compra única
CLI-02217,Colombia,Cali,TikTok Ads,2025-01-04,2025-12-05,3,683820,9,True,VIP
CLI-02218,Colombia,Cali,TikTok Ads,2025-03-27,2026-08-28,5,401505,5,True,Recurrente
CLI-02219,Costa Rica,Alajuela,Orgánico/SEO,2025-12-23,2026-03-26,2,105190,0,True,Recurrente
CLI-02221,Estados Unidos,Orlando,TikTok Ads,2026-01-13,2026-01-13,1,161925,4,False,Compra única
CLI-02222,Costa Rica,San José,TikTok Ads,2025-09-22,2026-05-08,4,332725,5,True,Recurrente
CLI-02223,Colombia,Bogotá,Email/WhatsApp,2025-03-22,2025-07-28,3,246526,7,True,Recurrente
CLI-02224,Costa Rica,Heredia,Referidos,2025-07-06,2026-05-21,4,897327,5,True,VIP
CLI-02225,Colombia,Medellín,Google Ads,2025-09-10,2025-09-10,1,89900,9,False,Compra única
CLI-02226,Costa Rica,San José,Google Ads,2025-05-17,2026-05-31,7,804278,2,True,VIP
CLI-02227,Costa Rica,Heredia,Instagram Ads,2025-06-02,2025-09-09,3,308415,2,True,Recurrente
CLI-02228,Estados Unidos,Orlando,Orgánico/SEO,2026-03-24,2026-03-24,1,69300,2,False,Compra única
CLI-02229,Costa Rica,Alajuela,Orgánico/SEO,2025-04-15,2026-06-24,3,235396,4,True,Recurrente
CLI-02230,Colombia,Bogotá,Orgánico/SEO,2025-02-14,2026-01-20,8,738204,5,True,VIP
CLI-02231,Costa Rica,Cartago,Referidos,2025-12-16,2025-12-16,1,65780,8,False,Compra única
CLI-02232,Estados Unidos,Orlando,Orgánico/SEO,2026-05-03,2026-08-26,3,286827,9,True,Recurrente
CLI-02233,Costa Rica,Heredia,Instagram Ads,2025-07-08,2026-07-19,3,361020,9,True,Recurrente
CLI-02234,Estados Unidos,Doral,Orgánico/SEO,2025-10-24,2026-07-25,5,896687,2,True,VIP
CLI-02235,Colombia,Medellín,TikTok Ads,2025-01-12,2026-08-25,3,330710,3,True,Recurrente
CLI-02236,Colombia,Bucaramanga,Instagram Ads,2025-01-01,2026-08-13,5,383231,7,True,Recurrente
CLI-02237,Costa Rica,Alajuela,TikTok Ads,2025-12-09,2025-12-09,1,31350,1,False,Compra única
CLI-02238,Costa Rica,San José,TikTok Ads,2025-05-07,2025-08-25,2,182050,7,True,Recurrente
CLI-02239,Colombia,Pereira,Instagram Ads,2025-01-17,2026-07-13,7,1753568,5,True,VIP
CLI-02240,Estados Unidos,Houston,Instagram Ads,2026-01-12,2026-06-12,2,405195,2,True,Recurrente
CLI-02241,Costa Rica,Alajuela,TikTok Ads,2025-04-13,2026-08-12,2,166760,6,True,Recurrente
CLI-02242,Costa Rica,San José,Orgánico/SEO,2025-04-23,2026-07-27,2,97180,3,True,Recurrente
CLI-02243,Colombia,Barranquilla,TikTok Ads,2025-05-04,2025-09-08,3,167740,0,True,Recurrente
CLI-02244,Costa Rica,San José,Email/WhatsApp,2025-07-23,2026-04-20,3,370090,8,True,Recurrente
CLI-02245,Colombia,Bogotá,Referidos,2025-02-08,2026-05-20,6,403400,7,True,Recurrente
CLI-02246,Colombia,Pereira,TikTok Ads,2025-02-20,2026-08-17,6,796640,7,True,VIP
CLI-02247,Colombia,Bucaramanga,Email/WhatsApp,2025-01-26,2026-05-22,5,464475,2,True,Recurrente
CLI-02248,Colombia,Bogotá,Email/WhatsApp,2025-04-19,2026-04-05,3,334235,4,True,Recurrente
CLI-02249,Estados Unidos,Orlando,Instagram Ads,2026-07-01,2026-07-01,1,227810,8,False,Compra única
CLI-02250,Colombia,Barranquilla,Orgánico/SEO,2025-05-10,2025-05-10,1,135000,2,False,Compra única
CLI-02251,Colombia,Bucaramanga,Google Ads,2025-01-09,2026-03-11,3,494830,6,True,Recurrente
CLI-02252,Colombia,Bogotá,TikTok Ads,2025-09-23,2026-07-28,3,273061,2,True,Recurrente
CLI-02253,Costa Rica,Cartago,Instagram Ads,2025-09-29,2026-06-03,2,179700,4,True,Recurrente
CLI-02254,Costa Rica,Heredia,Instagram Ads,2025-10-13,2026-05-09,3,313660,6,True,Recurrente
CLI-02256,Colombia,Barranquilla,Instagram Ads,2026-08-30,2026-08-30,1,145770,7,False,Compra única
CLI-02257,Colombia,Bogotá,TikTok Ads,2025-01-14,2026-08-24,6,1071339,8,True,VIP
CLI-02258,Colombia,Bucaramanga,Google Ads,2025-12-29,2026-01-07,2,169950,9,True,Recurrente
CLI-02259,Costa Rica,Alajuela,Referidos,2025-04-22,2026-03-17,2,212660,2,True,Recurrente
CLI-02260,Costa Rica,Heredia,Orgánico/SEO,2025-06-24,2025-10-20,2,437760,9,True,Recurrente
CLI-02261,Colombia,Bogotá,Orgánico/SEO,2025-10-22,2026-04-09,2,383550,5,True,Recurrente
CLI-02262,Colombia,Bucaramanga,Instagram Ads,2025-03-09,2026-06-06,4,351198,8,True,Recurrente
CLI-02263,Estados Unidos,Orlando,Instagram Ads,2025-12-08,2025-12-08,1,230214,2,False,Compra única
CLI-02264,Colombia,Barranquilla,Instagram Ads,2025-08-14,2026-04-23,4,259900,6,True,Recurrente
CLI-02265,Colombia,Pereira,Google Ads,2025-11-11,2025-11-11,1,113850,9,False,Compra única
CLI-02266,Colombia,Bogotá,Google Ads,2025-02-25,2026-05-23,5,512870,6,True,Recurrente
CLI-02268,Colombia,Cali,Instagram Ads,2025-01-07,2026-04-15,3,226860,10,True,Recurrente
CLI-02269,Colombia,Bogotá,TikTok Ads,2026-08-27,2026-08-27,1,178050,4,False,Compra única
CLI-02270,Colombia,Bogotá,Google Ads,2025-01-17,2026-07-26,6,899513,9,True,VIP
CLI-02274,Colombia,Cali,Google Ads,2025-10-21,2026-05-29,4,469600,3,True,Recurrente
CLI-02275,Colombia,Bucaramanga,Instagram Ads,2025-01-17,2026-06-13,7,861760,0,True,VIP
CLI-02277,Costa Rica,Heredia,Google Ads,2026-03-18,2026-03-18,1,45000,6,False,Compra única
CLI-02278,Costa Rica,Heredia,Google Ads,2025-08-03,2025-08-21,2,255108,3,True,Recurrente
CLI-02279,Costa Rica,Alajuela,TikTok Ads,2026-01-26,2026-08-01,3,478295,6,True,Recurrente
CLI-02280,Colombia,Medellín,Referidos,2025-01-30,2026-03-12,3,282005,4,True,Recurrente
CLI-02281,Colombia,Medellín,Instagram Ads,2025-07-31,2026-07-14,5,702020,1,True,VIP
CLI-02282,Estados Unidos,Orlando,TikTok Ads,2026-04-14,2026-04-14,1,127000,1,False,Compra única
CLI-02283,Costa Rica,Cartago,Email/WhatsApp,2026-04-19,2026-04-19,1,89900,3,False,Compra única
CLI-02284,Estados Unidos,Houston,Google Ads,2025-11-22,2026-08-23,2,208450,1,True,Recurrente
CLI-02285,Costa Rica,Heredia,Orgánico/SEO,2025-06-07,2026-07-25,5,565330,8,True,Recurrente
CLI-02286,Colombia,Pereira,Orgánico/SEO,2025-01-18,2025-09-30,3,429020,1,True,Recurrente
CLI-02288,Colombia,Bucaramanga,Orgánico/SEO,2025-04-23,2026-07-25,4,294138,3,True,Recurrente
CLI-02289,Colombia,Cali,Orgánico/SEO,2025-10-18,2026-05-13,2,422530,3,True,Recurrente
CLI-02290,Colombia,Barranquilla,Instagram Ads,2025-01-02,2026-04-29,5,514146,9,True,Recurrente
CLI-02291,Colombia,Bogotá,Instagram Ads,2025-02-21,2026-07-05,4,539495,10,True,Recurrente
CLI-02292,Costa Rica,Heredia,Instagram Ads,2025-05-07,2025-12-26,3,173990,2,True,Recurrente
CLI-02293,Colombia,Medellín,Google Ads,2025-07-01,2026-02-21,2,216330,4,True,Recurrente
CLI-02294,Colombia,Cali,Email/WhatsApp,2025-03-16,2026-03-16,4,428390,0,True,Recurrente
CLI-02295,Colombia,Medellín,Google Ads,2026-03-03,2026-08-11,2,167740,5,True,Recurrente
CLI-02296,Colombia,Cali,Email/WhatsApp,2025-04-09,2026-03-04,3,315590,1,True,Recurrente
CLI-02297,Colombia,Medellín,Orgánico/SEO,2025-02-17,2026-04-12,4,452130,3,True,Recurrente
CLI-02298,Colombia,Pereira,Google Ads,2025-01-20,2026-07-14,4,431164,9,True,Recurrente
CLI-02299,Colombia,Pereira,Email/WhatsApp,2025-05-21,2026-08-21,4,764463,0,True,VIP
CLI-02300,Colombia,Cali,Referidos,2025-01-21,2026-03-26,2,169850,10,True,Recurrente
CLI-02302,Colombia,Barranquilla,Orgánico/SEO,2025-11-23,2026-02-09,3,248800,5,True,Recurrente
CLI-02303,Colombia,Bucaramanga,Instagram Ads,2025-01-20,2026-03-10,6,641910,6,True,VIP
CLI-02304,Colombia,Medellín,Instagram Ads,2025-04-29,2026-04-15,5,469193,3,True,Recurrente
CLI-02305,Colombia,Cali,Referidos,2025-04-04,2025-09-12,2,211233,3,True,Recurrente
CLI-02306,Estados Unidos,Miami,Instagram Ads,2026-04-05,2026-06-13,4,464275,3,True,Recurrente
CLI-02307,Colombia,Bogotá,Instagram Ads,2025-04-28,2026-05-29,4,557185,2,True,Recurrente
CLI-02308,Colombia,Cali,Orgánico/SEO,2025-01-08,2025-02-14,2,374920,3,True,Recurrente
CLI-02309,Colombia,Cali,Orgánico/SEO,2025-01-28,2026-06-04,6,730741,0,True,VIP
CLI-02310,Colombia,Barranquilla,Instagram Ads,2025-12-01,2025-12-01,1,187460,4,False,Compra única
CLI-02311,Colombia,Bucaramanga,Orgánico/SEO,2025-04-20,2026-02-20,3,288410,0,True,Recurrente
CLI-02312,Colombia,Bucaramanga,TikTok Ads,2026-07-23,2026-07-23,1,34155,4,False,Compra única
CLI-02313,Costa Rica,Alajuela,Instagram Ads,2026-01-30,2026-07-20,3,214640,6,True,Recurrente
CLI-02314,Colombia,Medellín,Instagram Ads,2025-01-02,2026-08-23,5,1122311,9,True,VIP
CLI-02315,Colombia,Bucaramanga,Orgánico/SEO,2025-04-06,2026-08-23,7,852562,6,True,VIP
CLI-02316,Colombia,Pereira,Referidos,2026-08-12,2026-08-12,1,170810,9,False,Compra única
CLI-02317,Costa Rica,Cartago,Referidos,2026-07-05,2026-07-05,1,425480,4,False,Compra única
CLI-02318,Colombia,Bucaramanga,Google Ads,2025-08-24,2026-06-27,3,359020,9,True,Recurrente
CLI-02319,Colombia,Bogotá,Google Ads,2025-10-17,2026-07-14,4,598390,8,True,VIP
CLI-02320,Colombia,Cali,Orgánico/SEO,2026-07-09,2026-07-14,2,96390,10,True,Recurrente
CLI-02321,Estados Unidos,Orlando,Referidos,2025-10-11,2025-10-11,1,218470,2,False,Compra única
CLI-02322,Costa Rica,San José,Referidos,2025-08-29,2025-08-29,1,37950,10,False,Compra única
CLI-02323,Colombia,Bucaramanga,TikTok Ads,2025-11-29,2026-07-13,3,316834,9,True,Recurrente
CLI-02324,Colombia,Bucaramanga,Instagram Ads,2025-03-11,2025-10-06,4,391873,3,True,Recurrente
CLI-02325,Costa Rica,Cartago,Google Ads,2025-06-25,2026-08-06,6,880800,0,True,VIP
CLI-02326,Colombia,Cali,Google Ads,2025-02-24,2025-02-24,1,37950,2,False,Compra única
CLI-02327,Costa Rica,Heredia,Referidos,2025-04-29,2025-11-10,5,884751,0,True,VIP
CLI-02328,Estados Unidos,Miami,Google Ads,2025-10-10,2026-08-26,4,546801,0,True,Recurrente
CLI-02329,Costa Rica,Cartago,Instagram Ads,2025-09-25,2025-12-11,2,318182,7,True,Recurrente
CLI-02330,Costa Rica,Heredia,Email/WhatsApp,2025-05-25,2026-01-06,2,146700,2,True,Recurrente
CLI-02331,Costa Rica,Alajuela,Instagram Ads,2025-12-04,2025-12-04,1,225734,7,False,Compra única
CLI-02332,Colombia,Medellín,Google Ads,2025-01-25,2026-04-05,3,752638,0,True,VIP
CLI-02333,Colombia,Bucaramanga,Instagram Ads,2025-01-02,2026-06-18,3,189690,9,True,Recurrente
CLI-02334,Colombia,Medellín,Instagram Ads,2025-05-28,2026-04-02,4,499720,0,True,Recurrente
CLI-02335,Colombia,Pereira,Instagram Ads,2025-01-02,2026-08-01,5,952365,7,True,VIP
CLI-02336,Costa Rica,Alajuela,Instagram Ads,2025-10-17,2026-01-26,4,525325,7,True,Recurrente
CLI-02337,Colombia,Bucaramanga,TikTok Ads,2026-02-12,2026-02-12,1,37950,7,False,Compra única
CLI-02338,Estados Unidos,Houston,TikTok Ads,2025-11-16,2026-05-21,3,284900,1,True,Recurrente
CLI-02339,Colombia,Bucaramanga,Orgánico/SEO,2025-08-22,2026-03-29,3,187945,2,True,Recurrente
CLI-02340,Colombia,Bucaramanga,Instagram Ads,2025-01-30,2025-01-30,1,108158,6,False,Compra única
CLI-02341,Colombia,Cali,Email/WhatsApp,2025-07-19,2025-10-09,2,210900,0,True,Recurrente
CLI-02342,Estados Unidos,Miami,Email/WhatsApp,2026-05-13,2026-06-26,2,326970,7,True,Recurrente
CLI-02343,Colombia,Cali,Google Ads,2025-04-01,2025-11-07,3,323593,3,True,Recurrente
CLI-02344,Colombia,Cali,Orgánico/SEO,2025-02-09,2026-05-29,3,414320,3,True,Recurrente
CLI-02345,Estados Unidos,Houston,Email/WhatsApp,2025-11-07,2026-06-21,5,1001760,8,True,VIP
CLI-02346,Colombia,Pereira,Email/WhatsApp,2025-03-05,2026-04-07,4,202080,8,True,Recurrente
CLI-02347,Colombia,Bucaramanga,Email/WhatsApp,2026-01-28,2026-01-28,1,179700,6,False,Compra única
CLI-02348,Colombia,Pereira,Email/WhatsApp,2025-06-02,2026-07-20,4,438613,1,True,Recurrente
CLI-02349,Colombia,Bogotá,Orgánico/SEO,2025-02-19,2026-06-27,3,105466,7,True,Recurrente
CLI-02351,Costa Rica,Heredia,Orgánico/SEO,2025-04-01,2026-01-19,3,413835,3,True,Recurrente
CLI-02352,Colombia,Medellín,TikTok Ads,2025-01-22,2026-07-28,7,797615,10,True,VIP
CLI-02353,Colombia,Medellín,Instagram Ads,2026-03-07,2026-08-13,3,292366,4,True,Recurrente
CLI-02355,Colombia,Cali,Instagram Ads,2025-01-26,2026-08-03,4,670831,3,True,VIP
CLI-02356,Costa Rica,Cartago,Instagram Ads,2026-01-10,2026-06-27,3,331860,8,True,Recurrente
CLI-02357,Colombia,Bucaramanga,Orgánico/SEO,2025-08-31,2026-06-23,4,573200,10,True,Recurrente
CLI-02358,Colombia,Cali,Instagram Ads,2025-01-24,2025-10-25,3,218510,0,True,Recurrente
CLI-02359,Colombia,Medellín,Instagram Ads,2025-02-02,2025-06-18,3,518114,7,True,Recurrente
CLI-02360,Costa Rica,Heredia,Instagram Ads,2026-01-21,2026-08-28,4,557770,5,True,Recurrente
CLI-02361,Colombia,Pereira,Instagram Ads,2025-06-27,2026-05-13,2,137845,4,True,Recurrente
CLI-02363,Colombia,Bogotá,Google Ads,2025-04-12,2026-05-28,2,127158,5,True,Recurrente
CLI-02365,Colombia,Bogotá,Google Ads,2025-06-02,2026-01-02,4,473362,10,True,Recurrente
CLI-02366,Colombia,Medellín,Email/WhatsApp,2025-09-26,2026-03-18,2,104900,0,True,Recurrente
CLI-02367,Estados Unidos,Houston,TikTok Ads,2025-11-12,2026-02-23,2,229770,7,True,Recurrente
CLI-02368,Estados Unidos,Doral,Instagram Ads,2026-03-03,2026-07-07,4,397438,5,True,Recurrente
CLI-02369,Estados Unidos,Houston,Email/WhatsApp,2025-12-27,2026-04-17,2,172883,6,True,Recurrente
CLI-02370,Colombia,Pereira,Orgánico/SEO,2025-02-09,2026-07-10,3,295125,8,True,Recurrente
CLI-02371,Colombia,Cali,Instagram Ads,2025-05-29,2026-01-10,2,222250,4,True,Recurrente
CLI-02372,Colombia,Bucaramanga,Email/WhatsApp,2025-01-13,2025-02-24,2,262350,1,True,Recurrente
CLI-02373,Colombia,Medellín,Google Ads,2025-10-16,2026-02-16,2,405230,1,True,Recurrente
CLI-02374,Colombia,Barranquilla,Referidos,2025-01-19,2026-02-19,6,552340,9,True,Recurrente
CLI-02375,Colombia,Medellín,Google Ads,2025-01-02,2026-07-15,4,503869,2,True,Recurrente
CLI-02376,Colombia,Barranquilla,TikTok Ads,2025-02-19,2026-04-16,5,437110,6,True,Recurrente
CLI-02377,Estados Unidos,Miami,Orgánico/SEO,2025-10-25,2026-08-28,4,406020,6,True,Recurrente
CLI-02378,Costa Rica,Heredia,Referidos,2025-08-25,2025-12-29,3,144500,1,True,Recurrente
CLI-02379,Colombia,Bucaramanga,Email/WhatsApp,2025-10-02,2026-08-19,3,597750,2,True,VIP
CLI-02380,Colombia,Medellín,TikTok Ads,2025-03-03,2025-10-08,3,291310,0,True,Recurrente
CLI-02381,Colombia,Bucaramanga,Orgánico/SEO,2025-01-20,2025-11-20,5,466620,6,True,Recurrente
CLI-02382,Colombia,Barranquilla,Google Ads,2025-01-19,2026-07-10,6,848622,10,True,VIP
CLI-02383,Costa Rica,Alajuela,Google Ads,2025-06-06,2026-05-16,4,321572,3,True,Recurrente
CLI-02384,Costa Rica,Heredia,Instagram Ads,2025-11-02,2026-08-17,3,125800,9,True,Recurrente
CLI-02385,Colombia,Medellín,Email/WhatsApp,2025-02-26,2026-03-21,4,278560,3,True,Recurrente
CLI-02387,Colombia,Medellín,Email/WhatsApp,2026-02-27,2026-08-04,2,158570,7,True,Recurrente
CLI-02388,Colombia,Pereira,Orgánico/SEO,2026-04-06,2026-08-05,3,889170,2,True,VIP
CLI-02389,Colombia,Barranquilla,Orgánico/SEO,2025-01-09,2026-08-03,5,295700,2,True,Recurrente
CLI-02390,Estados Unidos,Orlando,Instagram Ads,2026-02-18,2026-08-02,2,176990,7,True,Recurrente
CLI-02391,Estados Unidos,Orlando,Instagram Ads,2025-10-22,2026-08-03,2,189750,1,True,Recurrente
CLI-02392,Estados Unidos,Miami,Google Ads,2026-01-10,2026-02-17,3,287170,10,True,Recurrente
CLI-02393,Colombia,Bogotá,Instagram Ads,2025-11-28,2025-12-06,2,316485,6,True,Recurrente
CLI-02394,Colombia,Pereira,Google Ads,2025-11-16,2026-07-19,2,178365,9,True,Recurrente
CLI-02395,Colombia,Medellín,TikTok Ads,2025-01-02,2025-08-13,3,235730,1,True,Recurrente
CLI-02396,Colombia,Bogotá,Orgánico/SEO,2025-06-12,2025-06-12,1,239800,2,False,Compra única
CLI-02397,Estados Unidos,Houston,Google Ads,2025-12-08,2026-08-19,3,226280,2,True,Recurrente
CLI-02398,Colombia,Pereira,Google Ads,2025-01-26,2026-06-29,5,580320,1,True,VIP
CLI-02399,Colombia,Bogotá,Instagram Ads,2025-02-12,2026-06-01,3,336911,0,True,Recurrente
CLI-02400,Costa Rica,Cartago,Orgánico/SEO,2025-12-01,2026-08-29,5,664800,3,True,VIP
CLI-02401,Estados Unidos,Miami,Email/WhatsApp,2025-10-20,2026-02-14,5,424600,2,True,Recurrente
CLI-02402,Colombia,Bucaramanga,Instagram Ads,2025-07-26,2026-07-20,5,619810,2,True,VIP
CLI-02403,Estados Unidos,Doral,Instagram Ads,2026-04-26,2026-04-26,1,182809,0,False,Compra única
CLI-02404,Colombia,Cali,Orgánico/SEO,2025-01-12,2026-06-18,3,361120,0,True,Recurrente
CLI-02405,Colombia,Barranquilla,Google Ads,2025-05-15,2026-03-22,4,824110,6,True,VIP
CLI-02406,Colombia,Cali,Orgánico/SEO,2025-02-07,2026-01-08,3,895255,10,True,VIP
CLI-02407,Costa Rica,Heredia,Referidos,2025-04-10,2026-05-11,7,558251,10,True,Recurrente
CLI-02408,Colombia,Barranquilla,Instagram Ads,2025-01-17,2026-06-25,3,538895,9,True,Recurrente
CLI-02409,Colombia,Medellín,Referidos,2025-02-14,2026-08-07,2,260492,8,True,Recurrente
CLI-02410,Estados Unidos,Houston,Referidos,2026-06-29,2026-06-29,1,90000,8,False,Compra única
CLI-02411,Costa Rica,Heredia,Instagram Ads,2025-12-30,2026-08-03,4,375100,2,True,Recurrente
CLI-02412,Colombia,Pereira,Orgánico/SEO,2025-02-05,2026-06-25,4,815671,7,True,VIP
CLI-02413,Costa Rica,San José,Orgánico/SEO,2025-04-03,2026-07-30,6,803917,2,True,VIP
CLI-02414,Colombia,Cali,Instagram Ads,2025-06-16,2026-08-07,4,1235367,9,True,VIP
CLI-02415,Colombia,Cali,Orgánico/SEO,2025-05-22,2026-06-05,5,785206,3,True,VIP
CLI-02416,Colombia,Bogotá,TikTok Ads,2025-04-07,2026-01-05,4,685066,3,True,VIP
CLI-02417,Colombia,Barranquilla,Email/WhatsApp,2025-05-12,2026-01-16,3,413070,10,True,Recurrente
CLI-02418,Colombia,Medellín,Email/WhatsApp,2025-07-03,2026-02-16,2,170750,3,True,Recurrente
CLI-02419,Colombia,Bogotá,Google Ads,2025-09-16,2026-02-02,2,183950,0,True,Recurrente
CLI-02420,Colombia,Barranquilla,Referidos,2025-02-24,2025-03-11,2,159280,1,True,Recurrente
CLI-02421,Costa Rica,Heredia,TikTok Ads,2025-06-27,2026-05-08,4,463350,5,True,Recurrente
CLI-02422,Colombia,Pereira,Google Ads,2026-03-07,2026-06-13,2,103730,3,True,Recurrente
CLI-02423,Estados Unidos,Miami,Instagram Ads,2025-11-10,2026-07-29,4,558870,0,True,Recurrente
CLI-02424,Estados Unidos,Doral,Instagram Ads,2025-12-29,2026-03-05,2,128530,1,True,Recurrente
CLI-02425,Costa Rica,Cartago,Email/WhatsApp,2025-11-26,2026-06-10,4,541953,3,True,Recurrente
CLI-02426,Estados Unidos,Doral,Email/WhatsApp,2025-12-26,2025-12-26,1,309100,5,False,Compra única
CLI-02427,Colombia,Pereira,Email/WhatsApp,2025-03-22,2026-08-26,5,485006,0,True,Recurrente
CLI-02428,Colombia,Bucaramanga,Instagram Ads,2025-01-27,2025-08-25,2,142340,10,True,Recurrente
CLI-02430,Colombia,Bogotá,Instagram Ads,2025-05-15,2026-03-23,5,614245,6,True,VIP
CLI-02431,Colombia,Bogotá,Referidos,2025-03-13,2026-08-10,6,430265,8,True,Recurrente
CLI-02432,Colombia,Cali,Email/WhatsApp,2025-06-10,2026-05-16,3,694710,2,True,VIP
CLI-02433,Costa Rica,Alajuela,Orgánico/SEO,2025-09-10,2025-11-23,2,66000,8,True,Recurrente
CLI-02434,Costa Rica,Cartago,Email/WhatsApp,2026-01-01,2026-03-24,2,173030,10,True,Recurrente
CLI-02435,Costa Rica,Heredia,TikTok Ads,2025-05-08,2026-05-28,3,707220,2,True,VIP
CLI-02436,Colombia,Medellín,Email/WhatsApp,2025-03-09,2026-03-17,4,495660,10,True,Recurrente
CLI-02437,Colombia,Cali,Instagram Ads,2025-09-18,2026-04-16,3,257686,9,True,Recurrente
CLI-02438,Colombia,Barranquilla,Referidos,2025-11-21,2026-03-07,2,339700,2,True,Recurrente
CLI-02439,Costa Rica,San José,Google Ads,2026-01-07,2026-07-30,3,444250,0,True,Recurrente
CLI-02440,Costa Rica,San José,Instagram Ads,2025-12-25,2026-04-01,2,235670,3,True,Recurrente
CLI-02441,Colombia,Bogotá,Google Ads,2026-02-05,2026-02-05,1,113850,0,False,Compra única
CLI-02442,Colombia,Medellín,Orgánico/SEO,2025-01-12,2026-08-24,9,970705,10,True,VIP
CLI-02443,Colombia,Cali,Orgánico/SEO,2025-06-14,2026-08-31,2,471480,2,True,Recurrente
CLI-02444,Costa Rica,Cartago,Orgánico/SEO,2025-04-13,2026-06-30,3,397065,1,True,Recurrente
CLI-02445,Colombia,Medellín,Referidos,2025-02-18,2026-03-24,3,337690,8,True,Recurrente
CLI-02446,Colombia,Cali,Google Ads,2025-08-04,2026-05-05,2,114370,5,True,Recurrente
CLI-02447,Colombia,Medellín,Referidos,2025-11-12,2026-07-28,3,614060,1,True,VIP
CLI-02448,Costa Rica,Alajuela,Referidos,2025-08-21,2026-04-12,4,190999,7,True,Recurrente
CLI-02449,Colombia,Pereira,Instagram Ads,2026-01-03,2026-07-09,3,248430,10,True,Recurrente
CLI-02450,Costa Rica,Alajuela,Google Ads,2025-10-05,2025-10-05,1,48590,8,False,Compra única
CLI-02451,Costa Rica,Alajuela,Orgánico/SEO,2025-10-17,2026-04-19,2,199626,7,True,Recurrente
CLI-02452,Costa Rica,San José,Email/WhatsApp,2026-05-07,2026-08-21,3,302420,0,True,Recurrente
CLI-02453,Costa Rica,Alajuela,Google Ads,2025-11-15,2026-01-27,2,157960,5,True,Recurrente
CLI-02454,Colombia,Bogotá,Google Ads,2026-02-07,2026-02-07,1,41690,10,False,Compra única
CLI-02455,Costa Rica,Alajuela,TikTok Ads,2025-05-04,2026-08-24,4,464078,4,True,Recurrente
CLI-02456,Colombia,Pereira,Orgánico/SEO,2026-01-25,2026-08-06,3,232501,6,True,Recurrente
CLI-02457,Colombia,Barranquilla,Referidos,2025-11-28,2026-08-21,4,444132,4,True,Recurrente
CLI-02458,Estados Unidos,Miami,Orgánico/SEO,2026-03-05,2026-03-05,1,113850,0,False,Compra única
CLI-02459,Colombia,Bucaramanga,Referidos,2025-06-21,2026-04-09,3,183370,1,True,Recurrente
CLI-02460,Costa Rica,Alajuela,Instagram Ads,2025-08-22,2026-06-11,4,668281,2,True,VIP
CLI-02461,Colombia,Barranquilla,Instagram Ads,2025-10-22,2025-10-22,1,93736,5,False,Compra única
CLI-02463,Colombia,Bogotá,Orgánico/SEO,2025-01-26,2026-06-02,7,1350260,2,True,VIP
CLI-02464,Estados Unidos,Orlando,TikTok Ads,2026-02-21,2026-02-21,1,59565,5,False,Compra única
CLI-02465,Costa Rica,San José,Orgánico/SEO,2025-12-07,2026-08-26,4,293731,0,True,Recurrente
CLI-02466,Colombia,Bucaramanga,Orgánico/SEO,2025-09-05,2025-12-23,2,321490,0,True,Recurrente
CLI-02467,Colombia,Barranquilla,Orgánico/SEO,2025-02-06,2025-11-16,2,124490,0,True,Recurrente
CLI-02469,Costa Rica,Cartago,Instagram Ads,2025-11-30,2026-04-06,3,586710,5,True,VIP
CLI-02470,Colombia,Bogotá,Referidos,2025-10-14,2025-10-14,1,41690,3,False,Compra única
CLI-02471,Colombia,Bogotá,Google Ads,2025-02-19,2026-06-03,5,908175,3,True,VIP
CLI-02472,Colombia,Pereira,TikTok Ads,2025-05-01,2025-05-01,1,97180,3,False,Compra única
CLI-02473,Costa Rica,San José,TikTok Ads,2025-04-17,2026-04-04,2,100650,8,True,Recurrente
CLI-02474,Colombia,Bucaramanga,Instagram Ads,2025-12-22,2026-07-27,3,437290,7,True,Recurrente
CLI-02475,Colombia,Barranquilla,Email/WhatsApp,2025-04-02,2025-04-02,1,98670,5,False,Compra única
CLI-02476,Colombia,Barranquilla,TikTok Ads,2026-05-02,2026-06-10,3,509697,6,True,Recurrente
CLI-02478,Colombia,Cali,Email/WhatsApp,2025-08-08,2026-05-01,3,695381,6,True,VIP
CLI-02480,Colombia,Bogotá,Orgánico/SEO,2026-04-29,2026-08-04,2,179800,7,True,Recurrente
CLI-02481,Colombia,Medellín,Instagram Ads,2025-02-23,2026-08-09,3,771430,10,True,VIP
CLI-02482,Colombia,Bucaramanga,Orgánico/SEO,2025-06-27,2026-02-24,6,815575,1,True,VIP
CLI-02483,Estados Unidos,Miami,Email/WhatsApp,2026-02-04,2026-08-25,3,218810,10,True,Recurrente
CLI-02484,Colombia,Bucaramanga,Email/WhatsApp,2025-01-13,2026-01-29,6,861292,3,True,VIP
CLI-02485,Colombia,Medellín,Google Ads,2025-01-30,2026-04-14,7,813328,2,True,VIP
CLI-02486,Colombia,Pereira,TikTok Ads,2026-03-06,2026-08-01,3,326605,4,True,Recurrente
CLI-02487,Costa Rica,Alajuela,Instagram Ads,2025-05-08,2026-06-09,4,203185,0,True,Recurrente
CLI-02488,Colombia,Cali,Google Ads,2025-06-26,2025-12-02,2,177016,1,True,Recurrente
CLI-02489,Colombia,Bucaramanga,TikTok Ads,2025-03-30,2026-07-27,4,345040,7,True,Recurrente
CLI-02490,Colombia,Bogotá,Instagram Ads,2025-05-10,2025-08-19,2,189750,10,True,Recurrente
CLI-02491,Colombia,Barranquilla,Instagram Ads,2025-03-08,2025-07-02,2,366880,5,True,Recurrente
CLI-02492,Estados Unidos,Houston,Instagram Ads,2025-10-14,2025-10-14,1,84645,7,False,Compra única
CLI-02493,Costa Rica,Alajuela,Instagram Ads,2025-09-12,2026-01-27,3,512650,8,True,Recurrente
CLI-02494,Colombia,Cali,Orgánico/SEO,2025-01-13,2025-10-05,3,428000,1,True,Recurrente
CLI-02495,Estados Unidos,Orlando,Instagram Ads,2026-01-24,2026-01-24,1,94050,3,False,Compra única
CLI-02496,Colombia,Pereira,Instagram Ads,2025-01-07,2026-07-08,5,580188,3,True,VIP
CLI-02497,Colombia,Pereira,Email/WhatsApp,2025-04-23,2026-04-27,5,735153,7,True,VIP
CLI-02498,Colombia,Cali,Google Ads,2025-11-20,2026-01-13,2,166023,0,True,Recurrente
CLI-02499,Colombia,Pereira,Google Ads,2025-02-16,2026-06-19,5,471656,6,True,Recurrente
CLI-02500,Estados Unidos,Doral,TikTok Ads,2025-10-25,2026-07-23,4,469740,8,True,Recurrente
CLI-02501,Colombia,Medellín,Referidos,2025-03-02,2025-12-05,3,204650,7,True,Recurrente
CLI-02502,Costa Rica,Heredia,Orgánico/SEO,2025-05-26,2026-01-29,4,449550,8,True,Recurrente
CLI-02503,Costa Rica,Alajuela,Google Ads,2025-11-14,2026-02-09,2,104390,1,True,Recurrente
CLI-02504,Estados Unidos,Doral,Referidos,2026-08-04,2026-08-04,1,64515,7,False,Compra única
CLI-02505,Estados Unidos,Houston,Instagram Ads,2025-12-17,2026-02-24,2,130020,2,True,Recurrente
CLI-02507,Colombia,Barranquilla,Instagram Ads,2026-05-02,2026-05-02,1,359700,6,False,Compra única
CLI-02508,Costa Rica,Alajuela,Orgánico/SEO,2025-12-07,2026-07-06,2,352420,3,True,Recurrente
CLI-02509,Colombia,Medellín,Orgánico/SEO,2025-09-12,2025-11-07,2,178050,3,True,Recurrente
CLI-02510,Colombia,Bogotá,Google Ads,2025-04-09,2026-06-05,3,395290,10,True,Recurrente
CLI-02511,Colombia,Cali,Email/WhatsApp,2025-09-26,2026-02-24,2,182670,9,True,Recurrente
CLI-02512,Colombia,Medellín,TikTok Ads,2025-12-16,2025-12-16,1,134850,3,False,Compra única
CLI-02513,Colombia,Barranquilla,Referidos,2026-08-28,2026-08-30,2,249180,4,True,Recurrente
CLI-02514,Costa Rica,Alajuela,Instagram Ads,2025-05-27,2026-08-01,3,231440,1,True,Recurrente
CLI-02515,Colombia,Medellín,Google Ads,2025-02-13,2026-08-12,4,452610,7,True,Recurrente
CLI-02516,Estados Unidos,Doral,TikTok Ads,2026-07-21,2026-07-21,1,327420,1,False,Compra única
CLI-02517,Costa Rica,Heredia,Instagram Ads,2025-09-15,2026-05-13,3,363482,10,True,Recurrente
CLI-02518,Costa Rica,Heredia,Instagram Ads,2025-06-26,2025-11-05,3,367450,5,True,Recurrente
CLI-02519,Colombia,Medellín,Instagram Ads,2025-01-28,2026-07-24,5,831570,6,True,VIP
CLI-02520,Costa Rica,Alajuela,Google Ads,2025-04-22,2026-04-16,5,684912,5,True,VIP
CLI-02521,Colombia,Barranquilla,TikTok Ads,2025-07-26,2025-07-26,1,35436,5,False,Compra única
CLI-02522,Colombia,Barranquilla,Instagram Ads,2025-03-23,2026-07-28,6,511670,6,True,Recurrente
CLI-02523,Colombia,Pereira,TikTok Ads,2025-09-14,2026-03-26,2,194360,8,True,Recurrente
CLI-02524,Colombia,Pereira,Instagram Ads,2025-01-11,2026-06-25,3,380540,2,True,Recurrente
CLI-02525,Estados Unidos,Doral,TikTok Ads,2026-06-10,2026-06-10,1,59202,8,False,Compra única
CLI-02526,Costa Rica,Cartago,Instagram Ads,2026-02-15,2026-02-15,1,76415,5,False,Compra única
CLI-02527,Colombia,Medellín,Google Ads,2025-01-11,2025-07-15,3,613340,8,True,VIP
CLI-02528,Costa Rica,Alajuela,Instagram Ads,2025-11-19,2026-07-08,3,604130,6,True,VIP
CLI-02529,Costa Rica,Cartago,Google Ads,2025-06-10,2025-06-10,1,145770,5,False,Compra única
CLI-02530,Colombia,Bogotá,TikTok Ads,2025-06-18,2026-08-23,5,355810,4,True,Recurrente
CLI-02531,Colombia,Bucaramanga,Orgánico/SEO,2025-10-31,2025-10-31,1,37950,0,False,Compra única
CLI-02532,Costa Rica,Heredia,Google Ads,2025-04-26,2026-06-19,5,1012020,6,True,VIP
CLI-02533,Colombia,Barranquilla,TikTok Ads,2025-10-19,2026-05-05,3,330900,2,True,Recurrente
CLI-02534,Colombia,Barranquilla,Instagram Ads,2025-05-31,2025-09-10,2,142180,0,True,Recurrente
CLI-02535,Colombia,Medellín,Orgánico/SEO,2025-02-16,2026-06-27,10,1215361,2,True,VIP
CLI-02536,Colombia,Barranquilla,Email/WhatsApp,2025-09-14,2025-09-14,1,103950,1,False,Compra única
CLI-02537,Colombia,Medellín,Instagram Ads,2025-01-14,2026-03-24,2,131970,3,True,Recurrente
CLI-02539,Colombia,Barranquilla,Instagram Ads,2025-02-22,2026-04-22,5,743065,1,True,VIP
CLI-02540,Estados Unidos,Doral,Instagram Ads,2025-10-15,2026-08-05,4,277302,8,True,Recurrente
CLI-02541,Colombia,Barranquilla,Referidos,2025-07-03,2026-07-29,4,650510,1,True,VIP
CLI-02542,Costa Rica,Cartago,Instagram Ads,2026-06-09,2026-06-09,1,113850,1,False,Compra única
CLI-02543,Colombia,Pereira,Instagram Ads,2025-09-10,2026-05-25,4,630792,10,True,VIP
CLI-02544,Colombia,Barranquilla,Google Ads,2025-01-03,2026-08-17,5,375185,2,True,Recurrente
CLI-02545,Estados Unidos,Miami,TikTok Ads,2026-02-15,2026-04-27,3,404753,5,True,Recurrente
CLI-02546,Colombia,Bogotá,Referidos,2026-02-25,2026-02-28,2,522750,0,True,Recurrente
CLI-02547,Colombia,Cali,Instagram Ads,2025-09-17,2026-07-21,4,481990,6,True,Recurrente
CLI-02549,Colombia,Bogotá,Referidos,2025-06-17,2026-05-15,5,545125,3,True,Recurrente
CLI-02550,Estados Unidos,Doral,TikTok Ads,2026-06-11,2026-06-11,1,65780,7,False,Compra única
CLI-02551,Costa Rica,San José,Email/WhatsApp,2026-02-22,2026-07-07,4,419390,4,True,Recurrente
CLI-02552,Costa Rica,Heredia,Referidos,2025-05-28,2026-05-28,4,697079,7,True,VIP
CLI-02553,Costa Rica,Heredia,Referidos,2025-10-14,2026-08-10,3,309700,8,True,Recurrente
CLI-02554,Colombia,Bucaramanga,Instagram Ads,2025-04-11,2026-05-24,4,346251,10,True,Recurrente
CLI-02555,Colombia,Medellín,TikTok Ads,2026-02-06,2026-07-02,2,264970,6,True,Recurrente
CLI-02556,Colombia,Barranquilla,Instagram Ads,2025-06-25,2026-05-06,3,302570,9,True,Recurrente
CLI-02557,Estados Unidos,Orlando,Referidos,2025-12-11,2026-06-02,3,97130,2,True,Recurrente
CLI-02558,Colombia,Medellín,Instagram Ads,2025-01-03,2026-01-14,4,838632,0,True,VIP
CLI-02559,Colombia,Cali,Instagram Ads,2025-11-26,2026-06-07,3,213293,4,True,Recurrente
CLI-02560,Colombia,Medellín,Google Ads,2025-05-07,2025-05-07,1,32918,7,False,Compra única
CLI-02561,Costa Rica,Alajuela,TikTok Ads,2025-05-17,2026-06-21,3,276848,10,True,Recurrente
CLI-02562,Costa Rica,Cartago,Google Ads,2025-06-14,2025-11-22,5,604617,3,True,VIP
CLI-02563,Colombia,Barranquilla,TikTok Ads,2025-11-04,2025-11-04,1,83380,6,False,Compra única
CLI-02564,Colombia,Pereira,Google Ads,2025-01-09,2026-08-16,3,404500,8,True,Recurrente
CLI-02565,Costa Rica,Cartago,Email/WhatsApp,2026-01-03,2026-08-06,3,223850,0,True,Recurrente
CLI-02566,Colombia,Cali,Orgánico/SEO,2025-01-09,2026-05-26,4,242380,0,True,Recurrente
CLI-02567,Colombia,Bucaramanga,Google Ads,2025-01-31,2026-05-01,2,315700,0,True,Recurrente
CLI-02568,Colombia,Barranquilla,Google Ads,2025-04-21,2026-08-28,5,931420,10,True,VIP
CLI-02569,Colombia,Barranquilla,Google Ads,2026-01-03,2026-01-30,2,157080,0,True,Recurrente
CLI-02570,Colombia,Bucaramanga,Instagram Ads,2025-07-31,2026-07-11,3,379510,8,True,Recurrente
CLI-02571,Colombia,Cali,Google Ads,2025-04-11,2026-06-17,2,439040,0,True,Recurrente
CLI-02572,Colombia,Cali,Email/WhatsApp,2025-08-15,2026-04-15,3,367700,8,True,Recurrente
CLI-02573,Colombia,Cali,Email/WhatsApp,2025-11-12,2026-05-22,2,173520,5,True,Recurrente
CLI-02574,Costa Rica,Alajuela,TikTok Ads,2025-11-14,2026-08-21,4,699675,2,True,VIP
CLI-02575,Colombia,Bucaramanga,TikTok Ads,2025-08-25,2026-08-26,3,239256,10,True,Recurrente
CLI-02576,Colombia,Medellín,Instagram Ads,2025-01-13,2026-06-17,6,550800,8,True,Recurrente
CLI-02577,Colombia,Bogotá,Instagram Ads,2026-08-21,2026-08-21,1,110730,9,False,Compra única
CLI-02578,Costa Rica,Heredia,Google Ads,2025-08-19,2025-11-18,2,182408,10,True,Recurrente
CLI-02579,Costa Rica,San José,Instagram Ads,2025-06-18,2025-12-15,2,161420,8,True,Recurrente
CLI-02580,Colombia,Medellín,Instagram Ads,2025-02-01,2026-05-25,5,460201,2,True,Recurrente
CLI-02581,Colombia,Bogotá,Referidos,2025-02-13,2026-01-13,2,183020,4,True,Recurrente
CLI-02582,Colombia,Pereira,Google Ads,2026-02-23,2026-06-20,3,679400,3,True,VIP
CLI-02583,Costa Rica,San José,Instagram Ads,2025-08-10,2026-04-13,3,195305,8,True,Recurrente
CLI-02584,Estados Unidos,Miami,TikTok Ads,2026-07-10,2026-07-14,2,120850,6,True,Recurrente
CLI-02586,Colombia,Barranquilla,Referidos,2025-03-08,2026-03-13,4,378560,5,True,Recurrente
CLI-02587,Colombia,Bogotá,Email/WhatsApp,2025-03-07,2025-09-08,4,446545,3,True,Recurrente
CLI-02588,Colombia,Pereira,Instagram Ads,2025-07-04,2026-08-18,5,714235,0,True,VIP
CLI-02589,Estados Unidos,Miami,Instagram Ads,2026-07-28,2026-07-28,1,63500,1,False,Compra única
CLI-02590,Colombia,Cali,Referidos,2025-03-24,2026-05-21,8,1250867,4,True,VIP
CLI-02591,Colombia,Barranquilla,Orgánico/SEO,2025-05-29,2026-08-26,5,552835,0,True,Recurrente
CLI-02592,Costa Rica,Alajuela,Google Ads,2025-12-13,2026-07-24,6,807130,5,True,VIP
CLI-02593,Costa Rica,Cartago,TikTok Ads,2026-01-18,2026-01-23,2,325570,9,True,Recurrente
CLI-02594,Colombia,Medellín,Instagram Ads,2025-09-26,2026-07-23,6,833430,0,True,VIP
CLI-02595,Colombia,Medellín,Referidos,2025-10-03,2026-07-31,2,200780,1,True,Recurrente
CLI-02596,Colombia,Bucaramanga,Orgánico/SEO,2025-03-01,2026-07-02,6,655265,3,True,VIP
CLI-02597,Colombia,Bucaramanga,TikTok Ads,2025-08-22,2026-06-25,4,738135,10,True,VIP
CLI-02598,Costa Rica,Alajuela,TikTok Ads,2025-11-04,2025-11-04,1,103950,2,False,Compra única
CLI-02599,Costa Rica,Alajuela,Email/WhatsApp,2025-11-27,2025-11-28,2,171380,4,True,Recurrente
CLI-02600,Colombia,Bogotá,Orgánico/SEO,2025-02-12,2026-05-22,5,715921,9,True,VIP
CLI-02602,Colombia,Bucaramanga,Orgánico/SEO,2025-10-16,2026-07-08,2,616780,6,True,VIP
CLI-02603,Colombia,Bogotá,Google Ads,2025-05-07,2025-05-07,1,48590,9,False,Compra única
CLI-02604,Colombia,Pereira,Google Ads,2026-07-20,2026-07-20,1,156420,3,False,Compra única
CLI-02606,Colombia,Barranquilla,Orgánico/SEO,2025-08-05,2026-05-14,5,199276,1,True,Recurrente
CLI-02607,Costa Rica,Cartago,Email/WhatsApp,2025-05-30,2025-07-17,2,121950,8,True,Recurrente
CLI-02608,Colombia,Medellín,Google Ads,2025-07-01,2025-11-25,4,632731,6,True,VIP
CLI-02609,Colombia,Pereira,Google Ads,2026-02-03,2026-02-03,1,23800,1,False,Compra única
CLI-02610,Colombia,Cali,Referidos,2025-04-23,2025-04-23,1,48590,10,False,Compra única
CLI-02611,Estados Unidos,Miami,Email/WhatsApp,2025-10-12,2026-08-14,4,641822,2,True,VIP
CLI-02612,Colombia,Pereira,Orgánico/SEO,2025-06-17,2026-07-23,4,353502,7,True,Recurrente
CLI-02613,Colombia,Pereira,Instagram Ads,2025-11-17,2025-11-17,1,48590,9,False,Compra única
CLI-02614,Estados Unidos,Orlando,Orgánico/SEO,2025-10-24,2025-10-24,1,119800,3,False,Compra única
CLI-02615,Colombia,Barranquilla,Email/WhatsApp,2025-07-12,2026-02-20,3,387908,4,True,Recurrente
CLI-02616,Colombia,Bogotá,Instagram Ads,2025-04-16,2026-04-04,4,236212,9,True,Recurrente
CLI-02617,Colombia,Bucaramanga,Referidos,2026-05-28,2026-08-29,2,164850,1,True,Recurrente
CLI-02618,Costa Rica,Heredia,Email/WhatsApp,2025-06-07,2026-05-08,5,562393,5,True,Recurrente
CLI-02619,Colombia,Bucaramanga,Orgánico/SEO,2025-12-15,2026-08-12,5,448655,10,True,Recurrente
CLI-02620,Colombia,Medellín,Google Ads,2025-07-06,2026-03-09,3,699765,7,True,VIP
CLI-02621,Costa Rica,San José,Instagram Ads,2025-08-07,2025-08-07,1,179700,9,False,Compra única
CLI-02622,Estados Unidos,Orlando,Instagram Ads,2025-11-24,2026-04-23,3,211200,9,True,Recurrente
CLI-02623,Costa Rica,San José,Google Ads,2026-05-10,2026-05-10,1,48590,10,False,Compra única
CLI-02624,Costa Rica,Cartago,Google Ads,2025-05-10,2026-08-21,4,483336,9,True,Recurrente
CLI-02625,Costa Rica,Cartago,TikTok Ads,2025-05-11,2026-08-07,4,821505,0,True,VIP
CLI-02626,Colombia,Barranquilla,Referidos,2025-01-03,2026-04-20,3,258643,5,True,Recurrente
CLI-02627,Colombia,Barranquilla,Instagram Ads,2025-07-17,2026-05-19,4,304055,10,True,Recurrente
CLI-02628,Colombia,Medellín,Email/WhatsApp,2025-12-30,2026-05-31,5,573870,7,True,Recurrente
CLI-02629,Costa Rica,Alajuela,Orgánico/SEO,2025-05-22,2026-07-18,3,352796,0,True,Recurrente
CLI-02630,Colombia,Pereira,Instagram Ads,2025-03-17,2025-05-07,3,244090,0,True,Recurrente
CLI-02631,Colombia,Pereira,Instagram Ads,2025-01-10,2026-08-11,6,887340,7,True,VIP
CLI-02633,Colombia,Barranquilla,Email/WhatsApp,2025-05-31,2026-05-20,2,104390,9,True,Recurrente
CLI-02634,Colombia,Cali,Google Ads,2025-07-05,2025-11-30,3,383180,3,True,Recurrente
CLI-02635,Colombia,Bucaramanga,Google Ads,2025-01-20,2025-08-07,2,159300,9,True,Recurrente
CLI-02636,Costa Rica,San José,Instagram Ads,2025-11-08,2025-11-08,1,97180,8,False,Compra única
CLI-02637,Costa Rica,Heredia,Orgánico/SEO,2025-04-18,2025-11-24,2,128950,5,True,Recurrente
CLI-02638,Costa Rica,San José,Instagram Ads,2026-02-15,2026-05-28,2,183440,5,True,Recurrente
CLI-02639,Colombia,Bucaramanga,Instagram Ads,2025-01-10,2026-02-10,5,896770,4,True,VIP
CLI-02640,Costa Rica,San José,Instagram Ads,2025-09-14,2026-07-22,4,483678,8,True,Recurrente
CLI-02641,Costa Rica,Cartago,Referidos,2026-04-10,2026-05-11,2,270600,3,True,Recurrente
CLI-02643,Colombia,Bogotá,Instagram Ads,2026-07-10,2026-07-10,1,145770,7,False,Compra única
CLI-02644,Costa Rica,Cartago,TikTok Ads,2025-04-28,2026-08-19,4,266720,2,True,Recurrente
CLI-02645,Estados Unidos,Orlando,TikTok Ads,2026-01-01,2026-07-22,3,182050,9,True,Recurrente
CLI-02646,Costa Rica,Heredia,Instagram Ads,2025-06-09,2025-06-09,1,159880,1,False,Compra única
CLI-02647,Colombia,Bucaramanga,Instagram Ads,2025-03-15,2026-05-01,4,390160,7,True,Recurrente
CLI-02648,Colombia,Bogotá,Instagram Ads,2025-03-22,2025-06-18,2,191230,10,True,Recurrente
CLI-02649,Colombia,Bogotá,Email/WhatsApp,2025-02-28,2026-08-28,7,801641,9,True,VIP
CLI-02650,Colombia,Bogotá,Email/WhatsApp,2026-05-19,2026-07-25,2,364870,8,True,Recurrente
CLI-02651,Colombia,Bogotá,Google Ads,2025-03-13,2026-05-15,5,549181,1,True,Recurrente
CLI-02652,Colombia,Bogotá,Instagram Ads,2025-05-02,2026-06-12,5,587135,5,True,VIP
CLI-02653,Costa Rica,Heredia,Orgánico/SEO,2026-01-19,2026-08-10,2,233650,3,True,Recurrente
CLI-02654,Colombia,Barranquilla,Google Ads,2025-03-12,2025-09-04,2,261450,2,True,Recurrente
CLI-02655,Colombia,Pereira,Email/WhatsApp,2025-07-04,2026-06-04,4,543930,8,True,Recurrente
CLI-02656,Colombia,Cali,Google Ads,2025-01-20,2026-08-23,6,548508,2,True,Recurrente
CLI-02657,Colombia,Medellín,TikTok Ads,2025-02-14,2026-05-29,5,674370,8,True,VIP
CLI-02658,Costa Rica,Alajuela,Orgánico/SEO,2025-06-21,2026-06-03,6,805790,1,True,VIP
CLI-02659,Colombia,Bucaramanga,Orgánico/SEO,2025-08-26,2026-07-17,3,777480,10,True,VIP
CLI-02660,Colombia,Bogotá,Instagram Ads,2025-02-04,2026-07-19,4,376223,7,True,Recurrente
CLI-02661,Estados Unidos,Houston,Orgánico/SEO,2026-01-26,2026-01-26,1,41690,10,False,Compra única
CLI-02662,Colombia,Medellín,Email/WhatsApp,2025-04-24,2026-08-05,3,359120,7,True,Recurrente
CLI-02663,Colombia,Bogotá,TikTok Ads,2026-04-21,2026-04-21,1,227925,6,False,Compra única
CLI-02664,Costa Rica,Cartago,Orgánico/SEO,2025-08-29,2025-10-15,2,100738,3,True,Recurrente
CLI-02665,Colombia,Bogotá,Instagram Ads,2025-03-29,2026-04-12,3,233430,10,True,Recurrente
CLI-02666,Colombia,Pereira,Orgánico/SEO,2026-06-29,2026-06-29,1,98670,10,False,Compra única
CLI-02667,Costa Rica,Heredia,Instagram Ads,2025-06-13,2026-03-02,3,529734,6,True,Recurrente
CLI-02668,Costa Rica,Heredia,Instagram Ads,2026-03-28,2026-05-06,3,212330,9,True,Recurrente
CLI-02669,Colombia,Bogotá,Instagram Ads,2025-09-14,2026-07-13,6,852800,3,True,VIP
CLI-02670,Colombia,Bogotá,Orgánico/SEO,2025-03-14,2025-07-17,2,291540,3,True,Recurrente
CLI-02671,Colombia,Bogotá,Google Ads,2026-04-09,2026-04-09,1,87462,3,False,Compra única
CLI-02672,Colombia,Bogotá,Instagram Ads,2025-02-12,2026-08-24,7,883432,2,True,VIP
CLI-02673,Colombia,Pereira,TikTok Ads,2025-04-07,2026-08-19,6,1118890,2,True,VIP
CLI-02674,Costa Rica,Alajuela,Email/WhatsApp,2025-10-19,2025-10-19,1,88803,3,False,Compra única
CLI-02675,Costa Rica,San José,Email/WhatsApp,2025-10-27,2025-11-08,2,169500,4,True,Recurrente
CLI-02676,Colombia,Barranquilla,Email/WhatsApp,2025-08-06,2026-08-18,6,669172,3,True,VIP
CLI-02677,Colombia,Bogotá,Referidos,2025-02-10,2026-07-14,3,365035,10,True,Recurrente
CLI-02678,Estados Unidos,Houston,Referidos,2026-01-07,2026-03-06,3,270840,7,True,Recurrente
CLI-02679,Colombia,Pereira,Instagram Ads,2025-04-24,2025-10-01,3,384690,9,True,Recurrente
CLI-02680,Colombia,Barranquilla,Orgánico/SEO,2026-02-24,2026-08-24,4,424523,2,True,Recurrente
CLI-02681,Costa Rica,Alajuela,Orgánico/SEO,2025-09-28,2026-03-26,3,330800,10,True,Recurrente
CLI-02682,Costa Rica,Cartago,Orgánico/SEO,2025-06-19,2025-06-19,1,265670,7,False,Compra única
CLI-02683,Colombia,Barranquilla,Email/WhatsApp,2025-11-18,2026-06-20,2,197230,6,True,Recurrente
CLI-02684,Costa Rica,San José,Instagram Ads,2026-07-02,2026-07-02,1,125070,4,False,Compra única
CLI-02685,Colombia,Bogotá,Orgánico/SEO,2025-01-09,2026-03-28,3,512075,10,True,Recurrente
CLI-02686,Costa Rica,Heredia,Google Ads,2025-11-11,2026-05-14,2,131970,7,True,Recurrente
CLI-02687,Estados Unidos,Orlando,Orgánico/SEO,2025-10-11,2026-06-09,3,312365,0,True,Recurrente
CLI-02688,Colombia,Bucaramanga,Google Ads,2025-06-13,2026-07-16,3,342380,7,True,Recurrente
CLI-02689,Costa Rica,Heredia,Instagram Ads,2025-11-20,2026-01-17,2,299700,9,True,Recurrente
CLI-02690,Colombia,Bogotá,Referidos,2026-01-24,2026-01-24,1,385570,4,False,Compra única
CLI-02691,Colombia,Pereira,Instagram Ads,2025-01-03,2025-04-16,2,234560,3,True,Recurrente
CLI-02692,Colombia,Barranquilla,Referidos,2025-12-12,2026-06-15,4,504910,4,True,Recurrente
CLI-02693,Colombia,Bogotá,Email/WhatsApp,2025-11-23,2026-05-21,4,675090,7,True,VIP
CLI-02694,Costa Rica,San José,TikTok Ads,2026-04-13,2026-08-12,3,413032,3,True,Recurrente
CLI-02695,Colombia,Cali,Email/WhatsApp,2025-05-16,2026-08-07,5,436680,9,True,Recurrente
CLI-02696,Estados Unidos,Houston,TikTok Ads,2025-10-08,2026-07-30,4,954390,0,True,VIP
CLI-02697,Colombia,Barranquilla,TikTok Ads,2025-01-22,2026-05-30,3,294170,9,True,Recurrente
CLI-02698,Costa Rica,San José,Instagram Ads,2025-07-16,2026-06-12,3,474292,6,True,Recurrente
CLI-02699,Colombia,Bogotá,TikTok Ads,2025-02-19,2026-05-27,2,125960,4,True,Recurrente
CLI-02700,Colombia,Medellín,Instagram Ads,2026-08-24,2026-08-24,1,114300,6,False,Compra única
CLI-02702,Colombia,Barranquilla,Referidos,2025-07-20,2026-03-18,2,330930,4,True,Recurrente
CLI-02703,Colombia,Cali,TikTok Ads,2025-12-16,2026-08-18,4,415352,8,True,Recurrente
CLI-02704,Costa Rica,San José,Email/WhatsApp,2026-02-28,2026-08-08,2,859750,9,True,VIP
CLI-02705,Costa Rica,Alajuela,Instagram Ads,2025-10-16,2026-08-06,7,709704,6,True,VIP
CLI-02706,Colombia,Cali,Orgánico/SEO,2025-02-08,2026-07-19,9,1224042,8,True,VIP
CLI-02707,Costa Rica,Alajuela,Referidos,2025-08-31,2025-10-30,2,371280,3,True,Recurrente
CLI-02708,Colombia,Medellín,Email/WhatsApp,2025-02-06,2026-06-16,8,1175475,7,True,VIP
CLI-02709,Estados Unidos,Doral,Email/WhatsApp,2025-10-23,2026-06-14,5,625072,1,True,VIP
CLI-02710,Colombia,Bogotá,Orgánico/SEO,2025-03-27,2026-02-23,4,279726,3,True,Recurrente
CLI-02711,Colombia,Barranquilla,Email/WhatsApp,2025-04-03,2026-03-13,3,863508,4,True,VIP
CLI-02712,Colombia,Barranquilla,Google Ads,2025-09-19,2026-06-14,4,516850,10,True,Recurrente
CLI-02713,Colombia,Medellín,TikTok Ads,2025-06-23,2026-02-09,4,765710,7,True,VIP
CLI-02715,Colombia,Barranquilla,Instagram Ads,2025-11-25,2025-11-25,1,125070,2,False,Compra única
CLI-02716,Colombia,Cali,Email/WhatsApp,2025-04-20,2026-05-13,4,680280,6,True,VIP
CLI-02718,Estados Unidos,Miami,Referidos,2026-03-15,2026-06-28,2,254800,5,True,Recurrente
CLI-02719,Costa Rica,Alajuela,Instagram Ads,2025-05-24,2026-05-11,5,471303,10,True,Recurrente
CLI-02720,Colombia,Bogotá,Instagram Ads,2025-02-10,2026-07-07,4,653312,2,True,VIP
CLI-02721,Colombia,Bogotá,Google Ads,2025-01-22,2025-10-16,3,390830,8,True,Recurrente
CLI-02722,Colombia,Medellín,Referidos,2025-01-12,2026-04-05,6,873758,7,True,VIP
CLI-02723,Colombia,Barranquilla,Instagram Ads,2025-09-16,2026-06-08,2,243756,5,True,Recurrente
CLI-02724,Colombia,Cali,Google Ads,2025-08-19,2025-12-19,3,266241,1,True,Recurrente
CLI-02725,Estados Unidos,Doral,Email/WhatsApp,2026-04-07,2026-05-07,4,554180,6,True,Recurrente
CLI-02726,Colombia,Medellín,Orgánico/SEO,2025-12-10,2026-06-05,2,110055,0,True,Recurrente
CLI-02727,Colombia,Medellín,Instagram Ads,2025-01-24,2026-06-24,3,564900,7,True,Recurrente
CLI-02728,Estados Unidos,Miami,Orgánico/SEO,2026-01-20,2026-08-12,3,454910,10,True,Recurrente
CLI-02729,Colombia,Pereira,TikTok Ads,2025-02-19,2026-07-27,5,694019,8,True,VIP
CLI-02730,Costa Rica,San José,Email/WhatsApp,2025-05-22,2026-05-31,2,229150,2,True,Recurrente
CLI-02731,Colombia,Barranquilla,TikTok Ads,2025-01-09,2026-05-06,3,600743,8,True,VIP
CLI-02732,Costa Rica,Alajuela,Orgánico/SEO,2025-07-07,2026-03-31,3,709951,5,True,VIP
CLI-02733,Costa Rica,Heredia,TikTok Ads,2025-05-25,2026-08-06,3,331640,7,True,Recurrente
CLI-02734,Colombia,Barranquilla,Orgánico/SEO,2025-06-07,2026-03-23,7,675638,10,True,VIP
CLI-02735,Costa Rica,Cartago,TikTok Ads,2026-01-18,2026-05-22,3,390115,7,True,Recurrente
CLI-02736,Colombia,Medellín,Instagram Ads,2025-04-05,2026-06-01,5,562679,10,True,Recurrente
CLI-02738,Costa Rica,Alajuela,Instagram Ads,2025-06-15,2026-06-14,3,432240,4,True,Recurrente
CLI-02739,Costa Rica,San José,Orgánico/SEO,2026-03-03,2026-03-03,1,119800,8,False,Compra única
CLI-02740,Colombia,Bucaramanga,Google Ads,2025-12-13,2026-03-19,3,799570,9,True,VIP
CLI-02741,Costa Rica,Alajuela,Google Ads,2025-10-30,2025-10-30,1,135080,9,False,Compra única
CLI-02742,Colombia,Cali,Google Ads,2025-01-30,2026-01-21,2,473550,5,True,Recurrente
CLI-02743,Colombia,Medellín,Orgánico/SEO,2025-01-13,2026-03-31,3,655890,7,True,VIP
CLI-02744,Colombia,Barranquilla,TikTok Ads,2026-08-24,2026-08-24,1,62491,4,False,Compra única
CLI-02745,Colombia,Bucaramanga,Instagram Ads,2025-08-13,2026-02-14,2,499642,4,True,Recurrente
CLI-02746,Colombia,Pereira,Instagram Ads,2025-02-15,2026-04-01,3,402527,8,True,Recurrente
CLI-02747,Colombia,Pereira,Google Ads,2025-04-26,2026-08-05,8,1359240,4,True,VIP
CLI-02748,Colombia,Pereira,Google Ads,2025-01-23,2026-08-23,9,1103671,8,True,VIP
CLI-02749,Colombia,Pereira,Orgánico/SEO,2025-04-05,2025-12-29,4,714572,0,True,VIP
CLI-02750,Colombia,Bucaramanga,Email/WhatsApp,2025-08-18,2026-06-12,6,768123,10,True,VIP
CLI-02751,Colombia,Bogotá,TikTok Ads,2025-05-08,2026-02-21,6,959110,7,True,VIP
CLI-02752,Colombia,Bogotá,Google Ads,2025-01-19,2026-04-06,5,799040,10,True,VIP
CLI-02753,Estados Unidos,Doral,Email/WhatsApp,2025-11-23,2026-05-21,5,374030,3,True,Recurrente
CLI-02754,Estados Unidos,Orlando,TikTok Ads,2025-10-14,2026-07-16,6,816900,8,True,VIP
CLI-02755,Estados Unidos,Houston,Instagram Ads,2025-12-14,2026-03-16,2,110835,0,True,Recurrente
CLI-02756,Colombia,Bogotá,TikTok Ads,2025-05-22,2026-04-09,4,1022720,9,True,VIP
CLI-02757,Colombia,Bogotá,Instagram Ads,2025-06-23,2026-07-25,5,617392,5,True,VIP
CLI-02758,Colombia,Bucaramanga,Google Ads,2025-05-13,2025-08-22,4,379224,9,True,Recurrente
CLI-02759,Colombia,Medellín,Google Ads,2025-01-24,2026-01-15,5,993480,5,True,VIP
CLI-02760,Colombia,Bucaramanga,Google Ads,2025-01-13,2026-03-05,3,149240,7,True,Recurrente
CLI-02761,Estados Unidos,Houston,Google Ads,2026-06-14,2026-06-14,1,59900,6,False,Compra única
CLI-02762,Colombia,Medellín,Instagram Ads,2025-01-10,2026-04-28,2,208470,6,True,Recurrente
CLI-02763,Colombia,Bucaramanga,Email/WhatsApp,2025-01-22,2026-08-30,6,589138,4,True,VIP
CLI-02764,Colombia,Medellín,Google Ads,2025-03-27,2026-07-31,5,617053,6,True,VIP
CLI-02765,Colombia,Pereira,Referidos,2026-03-05,2026-03-05,1,125070,4,False,Compra única
CLI-02766,Costa Rica,Heredia,Instagram Ads,2026-03-16,2026-03-31,2,186371,4,True,Recurrente
CLI-02767,Colombia,Cali,Instagram Ads,2025-05-26,2025-12-02,2,203750,6,True,Recurrente
CLI-02768,Estados Unidos,Doral,Instagram Ads,2026-05-14,2026-05-14,1,232190,4,False,Compra única
CLI-02769,Colombia,Cali,Orgánico/SEO,2026-06-21,2026-06-21,1,62700,10,False,Compra única
CLI-02770,Colombia,Pereira,Instagram Ads,2026-06-23,2026-06-23,1,237830,10,False,Compra única
CLI-02771,Colombia,Pereira,TikTok Ads,2025-03-07,2025-04-01,3,273150,1,True,Recurrente
CLI-02772,Colombia,Bucaramanga,Google Ads,2025-05-26,2026-08-22,4,253935,9,True,Recurrente
CLI-02773,Estados Unidos,Miami,Instagram Ads,2026-03-19,2026-08-11,3,266722,10,True,Recurrente
CLI-02774,Colombia,Bucaramanga,Orgánico/SEO,2025-02-07,2025-02-07,1,48590,4,False,Compra única
CLI-02775,Costa Rica,Cartago,Google Ads,2025-11-09,2025-11-09,1,84000,9,False,Compra única
CLI-02776,Colombia,Bucaramanga,Instagram Ads,2025-11-02,2026-05-25,3,269751,8,True,Recurrente
CLI-02777,Costa Rica,San José,TikTok Ads,2025-09-28,2026-07-11,5,859503,0,True,VIP
CLI-02778,Costa Rica,Cartago,Instagram Ads,2025-12-30,2026-07-06,3,366880,1,True,Recurrente
CLI-02779,Colombia,Barranquilla,Instagram Ads,2025-06-22,2025-11-24,2,239720,5,True,Recurrente
CLI-02781,Estados Unidos,Miami,Instagram Ads,2026-02-15,2026-08-19,3,114222,10,True,Recurrente
CLI-02782,Costa Rica,Alajuela,Email/WhatsApp,2025-08-09,2026-08-18,4,393000,7,True,Recurrente
CLI-02783,Costa Rica,Heredia,Instagram Ads,2025-12-09,2026-08-08,4,772100,0,True,VIP
CLI-02785,Colombia,Barranquilla,Instagram Ads,2025-04-07,2026-07-13,4,244701,1,True,Recurrente
CLI-02786,Colombia,Bucaramanga,Orgánico/SEO,2026-03-29,2026-03-29,1,194360,2,False,Compra única
CLI-02787,Colombia,Bucaramanga,Instagram Ads,2025-01-22,2025-08-04,2,619620,8,True,VIP
CLI-02788,Costa Rica,Alajuela,Email/WhatsApp,2025-04-25,2026-05-31,5,373133,7,True,Recurrente
CLI-02789,Colombia,Barranquilla,Google Ads,2025-03-23,2026-08-09,3,328300,4,True,Recurrente
CLI-02790,Costa Rica,Alajuela,Google Ads,2026-08-15,2026-08-15,1,34650,0,False,Compra única
CLI-02791,Costa Rica,Cartago,TikTok Ads,2025-08-29,2026-08-29,5,807554,1,True,VIP
CLI-02792,Colombia,Bogotá,Orgánico/SEO,2025-05-16,2025-05-16,1,62700,0,False,Compra única
CLI-02793,Colombia,Pereira,TikTok Ads,2025-02-23,2026-07-23,4,411220,10,True,Recurrente
CLI-02794,Estados Unidos,Houston,Referidos,2025-10-05,2026-01-02,2,76200,9,True,Recurrente
CLI-02795,Colombia,Bucaramanga,Google Ads,2026-01-08,2026-04-12,2,253340,4,True,Recurrente
CLI-02796,Colombia,Barranquilla,TikTok Ads,2025-01-14,2025-11-03,2,520570,6,True,Recurrente
CLI-02797,Costa Rica,Alajuela,TikTok Ads,2025-04-25,2026-04-04,2,167380,10,True,Recurrente
CLI-02798,Costa Rica,Alajuela,Google Ads,2025-06-05,2026-06-02,6,848440,1,True,VIP
CLI-02799,Colombia,Bucaramanga,Email/WhatsApp,2025-06-18,2026-08-26,2,343750,9,True,Recurrente
CLI-02800,Colombia,Bogotá,Email/WhatsApp,2025-09-11,2026-07-26,4,482040,1,True,Recurrente
CLI-02801,Costa Rica,Heredia,Instagram Ads,2025-04-03,2025-11-26,3,530815,3,True,Recurrente
CLI-02802,Estados Unidos,Doral,TikTok Ads,2026-04-26,2026-05-27,2,177458,8,True,Recurrente
CLI-02803,Colombia,Barranquilla,Email/WhatsApp,2025-11-15,2026-01-15,2,416130,2,True,Recurrente
CLI-02804,Colombia,Medellín,Orgánico/SEO,2025-02-21,2026-07-14,4,699360,10,True,VIP
CLI-02805,Colombia,Cali,Orgánico/SEO,2025-04-14,2025-11-08,4,788198,3,True,VIP
CLI-02806,Colombia,Bucaramanga,Google Ads,2025-05-25,2026-08-05,4,875801,7,True,VIP
CLI-02807,Colombia,Bucaramanga,Referidos,2025-11-09,2025-11-09,1,50400,1,False,Compra única
CLI-02808,Costa Rica,San José,Google Ads,2026-03-05,2026-03-05,1,75900,10,False,Compra única
CLI-02809,Costa Rica,San José,Referidos,2026-05-15,2026-07-14,2,168690,8,True,Recurrente
CLI-02810,Colombia,Cali,Orgánico/SEO,2025-03-09,2026-07-29,7,673645,9,True,VIP
CLI-02811,Estados Unidos,Orlando,Google Ads,2026-06-10,2026-06-10,1,358131,5,False,Compra única
CLI-02812,Colombia,Pereira,Referidos,2026-03-12,2026-08-21,3,280900,1,True,Recurrente
CLI-02813,Colombia,Bogotá,Referidos,2025-01-05,2025-09-15,2,113782,0,True,Recurrente
CLI-02814,Estados Unidos,Doral,Email/WhatsApp,2026-02-01,2026-06-11,3,347820,10,True,Recurrente
CLI-02815,Colombia,Bogotá,Google Ads,2025-03-08,2026-08-09,3,531650,2,True,Recurrente
CLI-02816,Costa Rica,Cartago,Referidos,2025-12-31,2026-08-04,3,236360,7,True,Recurrente
CLI-02817,Costa Rica,Cartago,TikTok Ads,2025-07-06,2025-09-21,2,184425,3,True,Recurrente
CLI-02818,Estados Unidos,Orlando,Instagram Ads,2026-03-18,2026-04-08,2,183440,0,True,Recurrente
CLI-02819,Colombia,Bogotá,TikTok Ads,2025-04-22,2026-06-13,6,835725,0,True,VIP
CLI-02820,Costa Rica,Heredia,TikTok Ads,2026-03-26,2026-07-22,4,685570,6,True,VIP
CLI-02821,Colombia,Bogotá,TikTok Ads,2026-02-13,2026-06-13,5,503770,4,True,Recurrente
CLI-02822,Colombia,Cali,TikTok Ads,2025-04-16,2026-06-18,4,591901,4,True,VIP
CLI-02823,Colombia,Pereira,Referidos,2025-03-03,2026-08-16,4,284266,8,True,Recurrente
CLI-02825,Colombia,Cali,Email/WhatsApp,2025-12-02,2026-01-17,2,503080,9,True,Recurrente
CLI-02826,Costa Rica,Alajuela,Referidos,2026-07-30,2026-07-30,1,28000,7,False,Compra única
CLI-02827,Colombia,Cali,Instagram Ads,2025-04-01,2026-04-20,3,603580,1,True,VIP
CLI-02828,Costa Rica,Heredia,Google Ads,2025-08-24,2026-06-05,2,165490,3,True,Recurrente
CLI-02829,Colombia,Pereira,Referidos,2025-06-12,2025-09-11,2,489005,8,True,Recurrente
CLI-02831,Colombia,Medellín,TikTok Ads,2025-06-25,2025-06-25,1,208470,3,False,Compra única
CLI-02832,Colombia,Cali,Referidos,2025-07-14,2026-05-09,4,632990,4,True,VIP
CLI-02833,Estados Unidos,Doral,Orgánico/SEO,2025-12-16,2026-08-19,3,613785,0,True,VIP
CLI-02834,Colombia,Pereira,Orgánico/SEO,2025-09-22,2026-07-21,3,327142,1,True,Recurrente
CLI-02835,Colombia,Pereira,Instagram Ads,2025-03-17,2026-06-03,3,445370,9,True,Recurrente
CLI-02836,Colombia,Bogotá,Email/WhatsApp,2025-04-13,2025-12-29,4,547000,6,True,Recurrente
CLI-02837,Costa Rica,Heredia,Instagram Ads,2025-08-22,2026-08-04,5,789015,6,True,VIP
CLI-02838,Colombia,Pereira,Referidos,2025-07-06,2025-07-06,1,119900,4,False,Compra única
CLI-02839,Estados Unidos,Houston,Instagram Ads,2025-11-08,2026-07-27,2,111290,3,True,Recurrente
CLI-02840,Colombia,Bucaramanga,TikTok Ads,2025-01-27,2026-07-04,8,850881,9,True,VIP
CLI-02841,Colombia,Cali,Instagram Ads,2025-08-18,2026-06-26,4,374780,8,True,Recurrente
CLI-02842,Costa Rica,San José,Google Ads,2025-12-09,2026-08-05,3,360710,5,True,Recurrente
CLI-02843,Colombia,Medellín,Instagram Ads,2025-01-31,2026-07-19,4,559357,1,True,Recurrente
CLI-02844,Colombia,Bucaramanga,Instagram Ads,2025-04-05,2025-07-08,2,558565,3,True,Recurrente
CLI-02846,Estados Unidos,Houston,Instagram Ads,2026-03-27,2026-03-27,1,37950,10,False,Compra única
CLI-02847,Estados Unidos,Miami,Instagram Ads,2026-01-18,2026-05-23,3,242820,1,True,Recurrente
CLI-02848,Costa Rica,San José,Referidos,2025-04-05,2026-05-25,2,258904,1,True,Recurrente
CLI-02849,Estados Unidos,Houston,Google Ads,2026-03-11,2026-07-17,2,98698,0,True,Recurrente
CLI-02850,Estados Unidos,Orlando,Orgánico/SEO,2025-11-04,2026-07-26,4,403260,5,True,Recurrente
CLI-02851,Colombia,Barranquilla,Instagram Ads,2025-01-31,2026-08-10,3,225445,6,True,Recurrente
CLI-02852,Costa Rica,Heredia,Orgánico/SEO,2025-07-02,2026-05-23,3,291850,10,True,Recurrente
CLI-02853,Colombia,Barranquilla,Orgánico/SEO,2025-05-27,2026-08-17,4,283162,0,True,Recurrente
CLI-02854,Colombia,Pereira,Instagram Ads,2025-09-17,2025-09-17,1,269700,9,False,Compra única
CLI-02855,Colombia,Pereira,Email/WhatsApp,2025-02-21,2025-03-13,2,207782,3,True,Recurrente
CLI-02856,Colombia,Barranquilla,Google Ads,2026-08-14,2026-08-14,1,48590,4,False,Compra única
CLI-02857,Colombia,Bogotá,Instagram Ads,2025-09-17,2026-06-04,3,326690,0,True,Recurrente
CLI-02858,Colombia,Barranquilla,Instagram Ads,2025-05-17,2026-05-27,5,797308,0,True,VIP
CLI-02859,Colombia,Bucaramanga,Google Ads,2025-04-08,2026-05-01,3,477120,0,True,Recurrente
CLI-02860,Colombia,Bogotá,Email/WhatsApp,2026-01-16,2026-07-25,2,100950,7,True,Recurrente
CLI-02861,Colombia,Barranquilla,Orgánico/SEO,2025-02-28,2026-06-08,4,727380,7,True,VIP
CLI-02862,Costa Rica,Alajuela,Google Ads,2025-07-19,2026-07-03,4,457053,3,True,Recurrente
CLI-02863,Colombia,Barranquilla,Instagram Ads,2025-04-25,2026-08-04,6,330430,2,True,Recurrente
CLI-02864,Colombia,Medellín,TikTok Ads,2025-09-15,2026-08-23,3,762857,4,True,VIP
CLI-02865,Colombia,Bogotá,Instagram Ads,2025-03-20,2026-07-17,7,665150,10,True,VIP
CLI-02866,Colombia,Barranquilla,Google Ads,2025-03-06,2026-06-28,4,562811,10,True,Recurrente
CLI-02867,Estados Unidos,Miami,Instagram Ads,2026-07-02,2026-07-02,1,32890,5,False,Compra única
CLI-02868,Costa Rica,San José,TikTok Ads,2026-02-23,2026-05-23,2,187690,7,True,Recurrente
CLI-02869,Colombia,Pereira,Instagram Ads,2025-01-24,2026-01-20,5,385983,10,True,Recurrente
CLI-02870,Costa Rica,Heredia,TikTok Ads,2025-06-11,2026-06-07,3,344430,2,True,Recurrente
CLI-02871,Colombia,Bogotá,Google Ads,2025-01-17,2025-12-03,5,364560,1,True,Recurrente
CLI-02872,Colombia,Bucaramanga,Orgánico/SEO,2025-07-28,2026-08-11,3,425571,0,True,Recurrente
CLI-02873,Costa Rica,San José,Email/WhatsApp,2026-08-29,2026-08-29,1,145770,2,False,Compra única
CLI-02874,Costa Rica,San José,Instagram Ads,2026-03-04,2026-03-04,1,97180,4,False,Compra única
CLI-02875,Colombia,Medellín,TikTok Ads,2025-04-06,2026-02-14,4,498798,5,True,Recurrente
CLI-02876,Costa Rica,Alajuela,Orgánico/SEO,2025-09-17,2026-04-19,4,285075,1,True,Recurrente
CLI-02877,Estados Unidos,Houston,Instagram Ads,2026-03-30,2026-03-30,1,120650,1,False,Compra única
CLI-02878,Costa Rica,Heredia,Email/WhatsApp,2025-04-10,2026-06-30,3,441219,3,True,Recurrente
CLI-02879,Colombia,Medellín,Google Ads,2025-09-03,2026-07-27,4,391685,2,True,Recurrente
CLI-02880,Estados Unidos,Orlando,Orgánico/SEO,2025-10-30,2025-11-20,2,399600,2,True,Recurrente
CLI-02881,Colombia,Pereira,Instagram Ads,2025-05-09,2026-02-02,3,509620,10,True,Recurrente
CLI-02882,Costa Rica,San José,TikTok Ads,2025-04-20,2026-04-13,3,365350,10,True,Recurrente
CLI-02883,Colombia,Barranquilla,Google Ads,2025-01-05,2025-06-28,3,626731,10,True,VIP
CLI-02884,Colombia,Medellín,Email/WhatsApp,2025-01-22,2026-06-18,4,701630,10,True,VIP
CLI-02885,Colombia,Barranquilla,Email/WhatsApp,2025-04-15,2026-05-03,5,652321,0,True,VIP
CLI-02886,Colombia,Cali,Instagram Ads,2025-07-21,2026-08-09,2,290970,0,True,Recurrente
CLI-02887,Estados Unidos,Orlando,Instagram Ads,2025-11-03,2026-08-15,3,341070,1,True,Recurrente
CLI-02888,Colombia,Cali,TikTok Ads,2025-01-03,2026-06-18,7,946320,5,True,VIP
CLI-02889,Colombia,Barranquilla,Referidos,2025-07-12,2025-11-16,2,294680,0,True,Recurrente
CLI-02890,Colombia,Bogotá,Email/WhatsApp,2025-01-29,2026-08-24,3,403890,7,True,Recurrente
CLI-02891,Estados Unidos,Orlando,TikTok Ads,2026-02-28,2026-02-28,1,97180,0,False,Compra única
CLI-02892,Colombia,Bucaramanga,Orgánico/SEO,2025-06-01,2025-12-26,2,318290,1,True,Recurrente
CLI-02893,Colombia,Bogotá,Google Ads,2025-01-15,2026-07-17,6,633886,8,True,VIP
CLI-02894,Colombia,Barranquilla,Referidos,2025-04-24,2026-06-23,5,321302,7,True,Recurrente
CLI-02895,Estados Unidos,Orlando,Instagram Ads,2025-11-04,2026-06-23,3,446132,7,True,Recurrente
CLI-02896,Colombia,Medellín,TikTok Ads,2025-06-03,2026-07-30,4,417445,5,True,Recurrente
CLI-02897,Colombia,Cali,Google Ads,2025-02-24,2025-02-24,1,46160,9,False,Compra única
CLI-02898,Costa Rica,Alajuela,Orgánico/SEO,2025-08-04,2026-01-30,2,284252,1,True,Recurrente
CLI-02899,Colombia,Pereira,Instagram Ads,2025-04-21,2025-08-03,2,211030,1,True,Recurrente
CLI-02900,Costa Rica,Alajuela,Instagram Ads,2025-08-13,2026-08-04,3,243460,4,True,Recurrente
CLI-02901,Colombia,Bogotá,Referidos,2025-11-11,2026-01-22,3,460320,7,True,Recurrente
CLI-02902,Colombia,Pereira,Orgánico/SEO,2026-01-16,2026-06-25,5,711996,7,True,VIP
CLI-02903,Costa Rica,San José,Instagram Ads,2025-05-26,2026-08-16,3,843902,10,True,VIP
CLI-02904,Colombia,Cali,Instagram Ads,2025-07-20,2026-08-19,2,93841,4,True,Recurrente
CLI-02905,Colombia,Bucaramanga,Email/WhatsApp,2025-02-15,2026-03-29,3,495690,8,True,Recurrente
CLI-02906,Colombia,Cali,Email/WhatsApp,2025-02-21,2026-04-28,3,378390,5,True,Recurrente
CLI-02907,Colombia,Cali,Google Ads,2025-01-29,2026-07-12,3,411950,7,True,Recurrente
CLI-02908,Costa Rica,San José,Email/WhatsApp,2026-07-15,2026-07-23,2,388590,4,True,Recurrente
CLI-02909,Colombia,Medellín,Orgánico/SEO,2026-01-30,2026-08-02,3,250530,3,True,Recurrente
CLI-02910,Colombia,Barranquilla,Instagram Ads,2025-06-19,2026-06-05,2,145590,0,True,Recurrente
CLI-02911,Colombia,Cali,Orgánico/SEO,2026-01-12,2026-08-11,2,499483,6,True,Recurrente
CLI-02912,Colombia,Bucaramanga,Email/WhatsApp,2026-05-18,2026-05-18,1,94050,5,False,Compra única
CLI-02913,Estados Unidos,Orlando,Instagram Ads,2025-10-02,2026-04-08,3,343130,3,True,Recurrente
CLI-02914,Colombia,Barranquilla,Instagram Ads,2025-08-08,2025-10-24,2,69690,3,True,Recurrente
CLI-02915,Colombia,Barranquilla,Email/WhatsApp,2025-05-23,2026-03-22,3,496163,8,True,Recurrente
CLI-02916,Colombia,Bucaramanga,Instagram Ads,2025-01-06,2026-07-25,4,858865,4,True,VIP
CLI-02917,Colombia,Medellín,Instagram Ads,2026-04-23,2026-04-23,1,75900,6,False,Compra única
CLI-02918,Colombia,Cali,Instagram Ads,2025-01-05,2025-11-15,2,362403,5,True,Recurrente
CLI-02920,Colombia,Bucaramanga,Email/WhatsApp,2025-06-13,2026-07-19,4,812763,2,True,VIP
CLI-02921,Costa Rica,Heredia,Instagram Ads,2025-08-22,2026-08-21,6,665743,4,True,VIP
CLI-02922,Estados Unidos,Orlando,TikTok Ads,2025-12-12,2026-03-18,2,140911,9,True,Recurrente
CLI-02924,Colombia,Bogotá,Google Ads,2025-08-26,2026-07-06,6,524920,9,True,Recurrente
CLI-02925,Colombia,Bucaramanga,TikTok Ads,2025-03-11,2026-04-01,4,492275,0,True,Recurrente
CLI-02926,Colombia,Medellín,TikTok Ads,2026-03-20,2026-08-14,3,474370,1,True,Recurrente
CLI-02927,Colombia,Medellín,Referidos,2026-02-20,2026-07-22,3,239670,2,True,Recurrente
CLI-02928,Colombia,Bogotá,Orgánico/SEO,2025-08-24,2025-08-24,1,41690,0,False,Compra única
CLI-02929,Costa Rica,Cartago,Instagram Ads,2025-04-24,2026-02-18,5,396341,10,True,Recurrente
CLI-02930,Colombia,Barranquilla,Orgánico/SEO,2025-08-06,2026-02-03,3,364180,7,True,Recurrente
CLI-02931,Colombia,Bogotá,Google Ads,2025-09-23,2026-03-28,2,216400,7,True,Recurrente
CLI-02932,Colombia,Bucaramanga,Email/WhatsApp,2025-03-08,2025-12-27,5,617085,6,True,VIP
CLI-02933,Colombia,Medellín,Instagram Ads,2026-03-10,2026-08-08,2,453570,9,True,Recurrente
CLI-02936,Costa Rica,Heredia,Instagram Ads,2025-06-12,2026-02-24,4,370052,7,True,Recurrente
CLI-02937,Estados Unidos,Doral,Instagram Ads,2026-01-02,2026-08-26,2,277750,2,True,Recurrente
CLI-02938,Colombia,Cali,Instagram Ads,2025-03-05,2025-10-24,4,583440,5,True,VIP
CLI-02939,Colombia,Bucaramanga,Google Ads,2025-01-05,2026-02-17,3,271070,7,True,Recurrente
CLI-02940,Costa Rica,Heredia,Orgánico/SEO,2025-04-08,2026-05-14,6,639110,0,True,VIP
CLI-02941,Colombia,Medellín,TikTok Ads,2025-06-14,2026-06-30,3,640320,7,True,VIP
CLI-02942,Estados Unidos,Houston,Orgánico/SEO,2025-11-09,2026-06-04,2,305050,2,True,Recurrente
CLI-02943,Costa Rica,Alajuela,Orgánico/SEO,2025-09-26,2026-07-01,3,314160,8,True,Recurrente
CLI-02944,Estados Unidos,Doral,Instagram Ads,2026-02-03,2026-06-03,2,149540,2,True,Recurrente
CLI-02945,Estados Unidos,Orlando,Google Ads,2026-03-21,2026-08-18,2,74192,6,True,Recurrente
CLI-02946,Colombia,Medellín,Email/WhatsApp,2025-12-12,2026-01-11,2,81480,5,True,Recurrente
CLI-02947,Colombia,Bucaramanga,Google Ads,2026-07-14,2026-08-24,2,783350,0,True,VIP
CLI-02948,Costa Rica,Heredia,Instagram Ads,2026-02-02,2026-08-28,3,442240,4,True,Recurrente
CLI-02949,Colombia,Barranquilla,Instagram Ads,2025-01-02,2026-08-15,4,434435,10,True,Recurrente
CLI-02950,Costa Rica,Alajuela,Google Ads,2025-06-02,2025-07-07,2,82250,8,True,Recurrente
CLI-02951,Colombia,Bogotá,TikTok Ads,2025-10-31,2025-10-31,1,135000,10,False,Compra única
CLI-02952,Estados Unidos,Houston,Instagram Ads,2026-07-29,2026-07-29,1,163020,1,False,Compra única
CLI-02953,Colombia,Cali,Orgánico/SEO,2025-05-04,2026-08-03,8,960518,9,True,VIP
CLI-02954,Colombia,Bucaramanga,Email/WhatsApp,2025-09-23,2025-09-23,1,97180,6,False,Compra única
CLI-02956,Colombia,Medellín,Referidos,2025-05-16,2025-05-16,1,75900,0,False,Compra única
CLI-02957,Colombia,Medellín,Google Ads,2025-03-15,2026-05-27,6,1065543,5,True,VIP
CLI-02958,Colombia,Bucaramanga,Referidos,2025-05-09,2026-03-23,3,501180,3,True,Recurrente
CLI-02959,Colombia,Medellín,Instagram Ads,2025-03-19,2025-03-19,1,252850,0,False,Compra única
CLI-02960,Colombia,Pereira,Referidos,2025-05-02,2026-07-07,3,177120,7,True,Recurrente
CLI-02961,Costa Rica,Heredia,TikTok Ads,2026-05-03,2026-05-03,1,235670,0,False,Compra única
CLI-02963,Colombia,Bucaramanga,Instagram Ads,2025-09-17,2026-06-27,5,472255,5,True,Recurrente
CLI-02964,Colombia,Cali,Instagram Ads,2026-03-03,2026-08-17,3,229150,5,True,Recurrente
CLI-02965,Estados Unidos,Doral,TikTok Ads,2025-10-24,2026-04-09,3,329780,7,True,Recurrente
CLI-02966,Colombia,Bucaramanga,Instagram Ads,2025-01-15,2026-08-20,4,706205,7,True,VIP
CLI-02967,Colombia,Cali,Email/WhatsApp,2025-12-01,2025-12-01,1,48590,2,False,Compra única
CLI-02968,Colombia,Bucaramanga,TikTok Ads,2025-03-24,2026-07-13,6,538695,4,True,Recurrente
CLI-02969,Costa Rica,Heredia,Instagram Ads,2025-04-05,2026-07-30,6,680330,9,True,VIP
CLI-02970,Estados Unidos,Orlando,Google Ads,2025-10-29,2025-10-29,1,166410,0,False,Compra única
CLI-02971,Colombia,Barranquilla,TikTok Ads,2025-03-20,2025-12-01,2,198350,5,True,Recurrente
CLI-02972,Colombia,Cali,Instagram Ads,2025-02-26,2026-06-06,6,780360,1,True,VIP
CLI-02973,Colombia,Medellín,TikTok Ads,2025-02-07,2025-08-04,7,547065,10,True,Recurrente
CLI-02974,Estados Unidos,Orlando,Orgánico/SEO,2026-01-11,2026-04-01,2,111595,4,True,Recurrente
CLI-02975,Colombia,Bogotá,Email/WhatsApp,2026-03-04,2026-03-04,1,113850,2,False,Compra única
CLI-02976,Colombia,Bucaramanga,Instagram Ads,2025-11-28,2025-11-28,1,37950,1,False,Compra única
CLI-02977,Colombia,Cali,Email/WhatsApp,2025-01-07,2026-08-08,3,256760,9,True,Recurrente
CLI-02978,Estados Unidos,Doral,Orgánico/SEO,2026-01-10,2026-01-10,1,28000,2,False,Compra única
CLI-02979,Colombia,Barranquilla,TikTok Ads,2025-01-19,2026-08-01,6,435240,2,True,Recurrente
CLI-02980,Costa Rica,Cartago,Instagram Ads,2026-01-05,2026-05-27,3,321200,0,True,Recurrente
CLI-02981,Colombia,Medellín,Google Ads,2025-03-09,2025-10-29,3,742820,8,True,VIP
CLI-02982,Colombia,Bucaramanga,Orgánico/SEO,2026-02-24,2026-02-24,1,269700,9,False,Compra única
CLI-02983,Colombia,Bucaramanga,Email/WhatsApp,2025-01-31,2026-07-11,3,516720,2,True,Recurrente
CLI-02984,Colombia,Bucaramanga,Google Ads,2025-05-20,2026-02-17,3,459855,9,True,Recurrente
CLI-02985,Colombia,Barranquilla,Email/WhatsApp,2025-06-12,2026-03-20,3,256155,8,True,Recurrente
CLI-02986,Colombia,Barranquilla,TikTok Ads,2025-09-23,2026-06-03,3,432740,7,True,Recurrente
CLI-02987,Estados Unidos,Miami,Orgánico/SEO,2025-11-29,2025-11-29,1,37950,6,False,Compra única
CLI-02988,Colombia,Cali,Instagram Ads,2025-03-21,2026-01-27,2,495600,6,True,Recurrente
CLI-02989,Colombia,Medellín,Orgánico/SEO,2025-03-02,2026-08-03,2,311385,0,True,Recurrente
CLI-02990,Colombia,Cali,Email/WhatsApp,2026-03-22,2026-06-30,3,199840,7,True,Recurrente
CLI-02991,Colombia,Bucaramanga,Google Ads,2025-06-05,2025-08-22,2,168025,9,True,Recurrente
CLI-02992,Colombia,Bucaramanga,Instagram Ads,2025-11-15,2026-02-10,3,171493,0,True,Recurrente
CLI-02993,Colombia,Pereira,Instagram Ads,2026-01-15,2026-01-15,1,62491,2,False,Compra única
CLI-02994,Colombia,Cali,Email/WhatsApp,2026-01-18,2026-08-25,3,363975,8,True,Recurrente
CLI-02995,Costa Rica,San José,Instagram Ads,2026-05-28,2026-07-07,2,591290,9,True,VIP
CLI-02996,Colombia,Bogotá,TikTok Ads,2025-09-20,2026-02-06,2,104390,4,True,Recurrente
CLI-02997,Colombia,Bucaramanga,Orgánico/SEO,2025-08-19,2026-06-26,3,619500,9,True,VIP
CLI-02998,Costa Rica,San José,Referidos,2025-05-06,2026-03-12,5,836960,4,True,VIP
CLI-03000,Colombia,Cali,Instagram Ads,2025-04-29,2026-03-14,4,287610,10,True,Recurrente
CLI-03001,Colombia,Bucaramanga,Email/WhatsApp,2025-11-19,2026-04-07,3,302850,4,True,Recurrente
CLI-03002,Estados Unidos,Doral,Instagram Ads,2026-04-04,2026-04-04,1,188100,8,False,Compra única
CLI-03003,Colombia,Bucaramanga,Instagram Ads,2025-04-25,2025-10-10,4,459560,5,True,Recurrente
CLI-03004,Estados Unidos,Miami,Orgánico/SEO,2025-10-22,2026-04-01,3,335611,4,True,Recurrente
CLI-03005,Colombia,Barranquilla,Instagram Ads,2025-05-26,2025-06-17,3,276440,7,True,Recurrente
CLI-03007,Costa Rica,Cartago,Instagram Ads,2026-08-14,2026-08-14,1,45000,8,False,Compra única
CLI-03008,Estados Unidos,Miami,Email/WhatsApp,2026-02-06,2026-08-28,3,286280,9,True,Recurrente
CLI-03009,Colombia,Bogotá,Instagram Ads,2025-03-31,2025-12-21,2,168490,10,True,Recurrente
CLI-03010,Colombia,Barranquilla,Instagram Ads,2025-01-10,2026-05-22,4,1000448,10,True,VIP
CLI-03011,Colombia,Barranquilla,Referidos,2025-02-19,2026-04-19,5,632341,4,True,VIP
CLI-03012,Colombia,Medellín,Google Ads,2026-04-21,2026-04-29,2,136840,0,True,Recurrente
CLI-03013,Colombia,Barranquilla,Google Ads,2025-06-01,2025-12-07,4,465337,6,True,Recurrente
CLI-03015,Costa Rica,Cartago,Email/WhatsApp,2025-07-01,2026-05-19,4,204570,8,True,Recurrente
CLI-03016,Estados Unidos,Doral,Google Ads,2026-06-13,2026-06-13,1,135000,6,False,Compra única
CLI-03017,Costa Rica,San José,Referidos,2025-07-17,2025-12-31,3,403580,2,True,Recurrente
CLI-03018,Colombia,Medellín,TikTok Ads,2025-03-28,2026-01-17,2,325553,10,True,Recurrente
CLI-03019,Colombia,Medellín,Instagram Ads,2025-10-04,2026-08-04,4,280270,10,True,Recurrente
CLI-03020,Costa Rica,San José,Email/WhatsApp,2025-04-18,2025-04-18,1,139900,8,False,Compra única
CLI-03021,Colombia,Barranquilla,Instagram Ads,2025-04-21,2026-06-01,5,457920,3,True,Recurrente
CLI-03022,Colombia,Bucaramanga,Google Ads,2025-09-13,2026-07-09,4,334554,1,True,Recurrente
CLI-03023,Estados Unidos,Houston,Google Ads,2026-01-20,2026-01-20,1,136620,9,False,Compra única
CLI-03024,Colombia,Cali,Google Ads,2025-05-02,2026-02-16,3,203280,10,True,Recurrente
CLI-03025,Estados Unidos,Miami,Referidos,2026-01-16,2026-04-14,3,250200,8,True,Recurrente
CLI-03026,Estados Unidos,Miami,Instagram Ads,2026-01-30,2026-01-30,1,103950,5,False,Compra única
CLI-03028,Colombia,Bucaramanga,Orgánico/SEO,2025-05-11,2026-05-07,4,365815,1,True,Recurrente
CLI-03029,Colombia,Medellín,Google Ads,2025-02-02,2025-11-24,2,131560,4,True,Recurrente
CLI-03030,Estados Unidos,Houston,TikTok Ads,2025-11-15,2025-12-20,2,315570,10,True,Recurrente
CLI-03031,Costa Rica,Cartago,Orgánico/SEO,2025-11-01,2026-07-14,2,155680,4,True,Recurrente
CLI-03032,Colombia,Medellín,Instagram Ads,2025-06-12,2026-07-31,6,750740,1,True,VIP
CLI-03033,Colombia,Cali,Instagram Ads,2025-03-27,2026-05-19,6,541221,0,True,Recurrente
CLI-03035,Costa Rica,Cartago,Orgánico/SEO,2026-02-18,2026-04-27,2,246140,7,True,Recurrente
CLI-03036,Colombia,Cali,Google Ads,2025-02-07,2026-05-02,7,738042,6,True,VIP
CLI-03037,Colombia,Barranquilla,Orgánico/SEO,2025-07-29,2026-08-23,5,808135,0,True,VIP
CLI-03038,Estados Unidos,Doral,Orgánico/SEO,2026-07-26,2026-08-13,2,561145,0,True,Recurrente
CLI-03039,Colombia,Medellín,Orgánico/SEO,2025-02-26,2026-07-05,8,1038262,5,True,VIP
CLI-03040,Colombia,Cali,Instagram Ads,2026-02-13,2026-02-13,1,84000,6,False,Compra única
CLI-03041,Colombia,Bogotá,Orgánico/SEO,2025-03-17,2026-06-09,4,503296,0,True,Recurrente
CLI-03042,Colombia,Bucaramanga,Google Ads,2025-01-23,2026-02-22,2,366810,9,True,Recurrente
CLI-03043,Colombia,Pereira,TikTok Ads,2025-03-27,2026-08-02,5,562570,7,True,Recurrente
CLI-03044,Colombia,Bucaramanga,TikTok Ads,2025-01-18,2025-12-07,2,104390,4,True,Recurrente
CLI-03045,Costa Rica,Alajuela,Orgánico/SEO,2025-04-21,2026-08-02,5,538352,4,True,Recurrente
CLI-03046,Costa Rica,Cartago,Referidos,2025-08-07,2026-07-02,2,149160,0,True,Recurrente
CLI-03047,Colombia,Cali,Google Ads,2026-07-05,2026-07-05,1,41690,6,False,Compra única
CLI-03048,Costa Rica,Cartago,Google Ads,2025-06-02,2026-03-15,4,735752,9,True,VIP
CLI-03049,Colombia,Barranquilla,Email/WhatsApp,2025-06-17,2025-12-05,3,271460,9,True,Recurrente
CLI-03051,Colombia,Barranquilla,Google Ads,2025-01-23,2026-03-14,5,911659,1,True,VIP
CLI-03052,Colombia,Cali,Google Ads,2025-03-01,2025-07-17,3,302280,2,True,Recurrente
CLI-03053,Colombia,Bucaramanga,Instagram Ads,2025-07-19,2026-01-06,3,344353,1,True,Recurrente
CLI-03054,Costa Rica,Cartago,TikTok Ads,2026-01-28,2026-04-28,2,103730,10,True,Recurrente
CLI-03055,Colombia,Barranquilla,TikTok Ads,2025-05-18,2026-08-06,4,311332,6,True,Recurrente
CLI-03056,Colombia,Bogotá,Instagram Ads,2025-05-22,2026-08-19,7,879970,8,True,VIP
CLI-03057,Colombia,Bucaramanga,Instagram Ads,2025-09-14,2025-09-14,1,48590,8,False,Compra única
CLI-03058,Costa Rica,Cartago,Instagram Ads,2026-01-07,2026-07-27,3,408044,0,True,Recurrente
CLI-03059,Costa Rica,Heredia,Orgánico/SEO,2025-11-22,2026-08-24,3,354686,9,True,Recurrente
CLI-03060,Colombia,Pereira,Google Ads,2025-12-29,2026-07-31,2,190720,5,True,Recurrente
CLI-03061,Colombia,Bogotá,Google Ads,2025-02-12,2026-02-03,2,191000,6,True,Recurrente
CLI-03062,Estados Unidos,Houston,Orgánico/SEO,2025-11-21,2025-11-21,1,28215,0,False,Compra única
CLI-03063,Colombia,Bogotá,Instagram Ads,2025-03-07,2026-03-29,2,178660,8,True,Recurrente
CLI-03064,Costa Rica,Alajuela,Instagram Ads,2025-05-08,2025-12-27,3,502930,6,True,Recurrente
CLI-03065,Colombia,Cali,Google Ads,2025-10-20,2026-07-16,4,512230,4,True,Recurrente
CLI-03066,Colombia,Pereira,Email/WhatsApp,2025-03-06,2025-08-16,2,358720,8,True,Recurrente
CLI-03067,Colombia,Bucaramanga,Orgánico/SEO,2025-07-29,2026-06-18,4,688845,10,True,VIP
CLI-03068,Colombia,Barranquilla,Instagram Ads,2025-01-20,2025-11-25,2,183950,10,True,Recurrente
CLI-03069,Colombia,Bogotá,Email/WhatsApp,2026-04-15,2026-06-19,3,297290,2,True,Recurrente
CLI-03070,Colombia,Bogotá,Referidos,2026-08-01,2026-08-01,1,311390,6,False,Compra única
CLI-03071,Costa Rica,Cartago,Google Ads,2025-08-06,2026-06-24,4,591848,9,True,VIP
CLI-03072,Colombia,Barranquilla,Referidos,2026-06-04,2026-06-04,1,69300,10,False,Compra única
CLI-03073,Colombia,Pereira,Instagram Ads,2025-12-12,2026-06-08,2,187460,5,True,Recurrente
CLI-03074,Colombia,Bucaramanga,Referidos,2025-07-16,2026-06-28,3,382618,5,True,Recurrente
CLI-03075,Colombia,Cali,TikTok Ads,2025-01-11,2026-06-23,4,351932,3,True,Recurrente
CLI-03076,Colombia,Bogotá,Google Ads,2025-05-15,2026-05-15,7,974724,3,True,VIP
CLI-03077,Colombia,Bucaramanga,Instagram Ads,2025-02-19,2025-02-19,1,113850,10,False,Compra única
CLI-03078,Colombia,Barranquilla,TikTok Ads,2025-01-26,2026-07-03,5,654562,6,True,VIP
CLI-03079,Estados Unidos,Doral,Instagram Ads,2025-10-13,2026-03-06,2,330080,10,True,Recurrente
CLI-03080,Colombia,Bucaramanga,Instagram Ads,2025-04-11,2026-08-22,5,787487,3,True,VIP
CLI-03081,Costa Rica,Cartago,Instagram Ads,2025-08-03,2025-12-20,3,356240,4,True,Recurrente
CLI-03082,Colombia,Bogotá,TikTok Ads,2025-04-18,2026-08-03,6,936490,7,True,VIP
CLI-03083,Colombia,Pereira,Referidos,2025-07-02,2026-06-02,7,1320220,6,True,VIP
CLI-03084,Colombia,Bucaramanga,Instagram Ads,2025-01-11,2025-09-15,4,545630,7,True,Recurrente
CLI-03085,Colombia,Barranquilla,Instagram Ads,2025-01-26,2026-01-18,2,298370,9,True,Recurrente
CLI-03086,Colombia,Pereira,Instagram Ads,2025-07-06,2025-08-02,2,176690,7,True,Recurrente
CLI-03087,Colombia,Pereira,TikTok Ads,2025-03-15,2025-11-18,3,375852,4,True,Recurrente
CLI-03088,Colombia,Barranquilla,Instagram Ads,2025-01-16,2026-08-03,5,312960,7,True,Recurrente
CLI-03089,Costa Rica,Alajuela,Instagram Ads,2025-05-07,2026-06-20,2,195330,2,True,Recurrente
CLI-03090,Colombia,Cali,TikTok Ads,2025-07-28,2026-07-23,3,306630,0,True,Recurrente
CLI-03092,Colombia,Bogotá,Email/WhatsApp,2025-05-04,2026-01-01,2,443080,4,True,Recurrente
CLI-03094,Colombia,Cali,Orgánico/SEO,2025-01-07,2026-08-24,4,625528,8,True,VIP
CLI-03095,Colombia,Medellín,Orgánico/SEO,2025-01-12,2026-07-05,8,1184210,4,True,VIP
CLI-03096,Colombia,Cali,TikTok Ads,2025-03-06,2026-02-18,3,378646,9,True,Recurrente
CLI-03097,Estados Unidos,Miami,Email/WhatsApp,2026-02-04,2026-02-04,1,83380,7,False,Compra única
CLI-03099,Colombia,Medellín,Instagram Ads,2025-01-12,2026-01-04,6,561480,2,True,Recurrente
CLI-03100,Colombia,Bucaramanga,TikTok Ads,2025-01-10,2026-07-04,4,827630,10,True,VIP
CLI-03101,Colombia,Medellín,Google Ads,2025-01-14,2026-04-29,4,444655,7,True,Recurrente
CLI-03102,Colombia,Medellín,Orgánico/SEO,2025-03-23,2025-10-20,3,362295,10,True,Recurrente
CLI-03103,Colombia,Bucaramanga,Instagram Ads,2025-10-13,2026-05-24,3,696680,2,True,VIP
CLI-03104,Colombia,Bucaramanga,Instagram Ads,2025-12-18,2025-12-18,1,83380,8,False,Compra única
CLI-03105,Estados Unidos,Doral,Orgánico/SEO,2025-11-09,2026-07-22,3,294488,3,True,Recurrente
CLI-03106,Colombia,Pereira,Instagram Ads,2025-02-24,2025-11-05,4,438310,3,True,Recurrente
CLI-03108,Costa Rica,Cartago,Google Ads,2025-10-21,2026-03-21,3,469285,0,True,Recurrente
CLI-03109,Costa Rica,Cartago,Orgánico/SEO,2025-04-11,2026-07-07,5,888285,8,True,VIP
CLI-03110,Colombia,Barranquilla,Instagram Ads,2025-06-27,2026-07-17,3,177070,5,True,Recurrente
CLI-03111,Colombia,Cali,Orgánico/SEO,2025-06-08,2026-06-30,5,956316,3,True,VIP
CLI-03112,Colombia,Barranquilla,TikTok Ads,2025-11-12,2026-06-14,3,260140,8,True,Recurrente
CLI-03113,Costa Rica,Cartago,Google Ads,2025-08-19,2026-03-27,2,183720,6,True,Recurrente
CLI-03114,Colombia,Bucaramanga,Instagram Ads,2026-01-25,2026-07-30,4,397070,6,True,Recurrente
CLI-03115,Estados Unidos,Houston,Email/WhatsApp,2025-10-02,2025-10-02,1,80910,3,False,Compra única
CLI-03116,Costa Rica,Alajuela,Instagram Ads,2025-09-11,2025-12-13,2,194750,8,True,Recurrente
CLI-03117,Costa Rica,Alajuela,Google Ads,2025-11-20,2026-01-22,2,459600,2,True,Recurrente
CLI-03118,Colombia,Pereira,Instagram Ads,2025-05-17,2026-05-22,7,1443860,10,True,VIP
CLI-03119,Colombia,Pereira,Orgánico/SEO,2026-08-28,2026-08-28,1,34650,3,False,Compra única
CLI-03120,Estados Unidos,Orlando,Google Ads,2026-02-05,2026-08-18,2,318630,7,True,Recurrente
CLI-03121,Colombia,Barranquilla,Email/WhatsApp,2025-04-13,2026-06-07,3,841175,4,True,VIP
CLI-03122,Colombia,Bucaramanga,Referidos,2025-10-04,2026-07-31,2,180560,1,True,Recurrente
CLI-03123,Colombia,Cali,Instagram Ads,2025-09-06,2025-12-28,3,274610,4,True,Recurrente
CLI-03124,Costa Rica,Alajuela,Email/WhatsApp,2025-07-12,2026-06-23,5,620055,0,True,VIP
CLI-03125,Colombia,Bogotá,TikTok Ads,2025-07-18,2026-04-20,3,353790,6,True,Recurrente
CLI-03126,Colombia,Pereira,Email/WhatsApp,2025-10-18,2026-05-06,4,396737,4,True,Recurrente
CLI-03127,Estados Unidos,Doral,TikTok Ads,2025-11-23,2026-03-25,2,310216,3,True,Recurrente
CLI-03128,Colombia,Bogotá,Instagram Ads,2026-03-01,2026-08-12,3,320750,4,True,Recurrente
CLI-03129,Estados Unidos,Doral,Google Ads,2026-07-04,2026-07-24,2,162440,3,True,Recurrente
CLI-03130,Colombia,Cali,Instagram Ads,2025-10-05,2025-10-05,1,45000,7,False,Compra única
CLI-03131,Costa Rica,San José,Orgánico/SEO,2026-04-30,2026-04-30,1,179800,8,False,Compra única
CLI-03132,Costa Rica,Heredia,TikTok Ads,2025-05-01,2026-08-20,4,562790,0,True,Recurrente
CLI-03133,Costa Rica,Cartago,Instagram Ads,2025-07-04,2026-02-12,2,183950,6,True,Recurrente
CLI-03135,Colombia,Cali,Referidos,2026-06-30,2026-06-30,1,89900,0,False,Compra única
CLI-03136,Costa Rica,San José,Instagram Ads,2025-11-15,2026-03-27,3,253328,0,True,Recurrente
CLI-03137,Costa Rica,Alajuela,Instagram Ads,2025-08-04,2025-08-04,1,89348,7,False,Compra única
CLI-03138,Estados Unidos,Miami,Email/WhatsApp,2026-02-12,2026-05-24,2,138600,4,True,Recurrente
CLI-03139,Colombia,Pereira,Instagram Ads,2025-02-06,2025-10-10,2,325500,3,True,Recurrente
CLI-03140,Colombia,Barranquilla,Orgánico/SEO,2025-10-04,2026-07-29,4,258885,0,True,Recurrente
CLI-03141,Colombia,Cali,Instagram Ads,2025-09-18,2026-07-08,7,757100,7,True,VIP
CLI-03142,Colombia,Barranquilla,Email/WhatsApp,2025-03-07,2026-06-24,8,939850,7,True,VIP
CLI-03143,Colombia,Medellín,Instagram Ads,2025-01-10,2026-08-14,6,505510,2,True,Recurrente
CLI-03144,Colombia,Barranquilla,Email/WhatsApp,2025-05-18,2026-04-11,2,380039,5,True,Recurrente
CLI-03145,Colombia,Medellín,Instagram Ads,2025-10-03,2026-05-17,2,108490,3,True,Recurrente
CLI-03146,Costa Rica,Heredia,Orgánico/SEO,2026-01-18,2026-08-16,5,839405,4,True,VIP
CLI-03147,Colombia,Medellín,Instagram Ads,2025-04-30,2026-08-08,2,142370,4,True,Recurrente
CLI-03148,Colombia,Cali,TikTok Ads,2025-02-02,2026-05-05,5,1087060,0,True,VIP
CLI-03149,Colombia,Medellín,Orgánico/SEO,2025-04-24,2026-08-11,5,346880,4,True,Recurrente
CLI-03150,Colombia,Medellín,Instagram Ads,2026-06-17,2026-06-17,1,370300,1,False,Compra única
CLI-03151,Colombia,Cali,Instagram Ads,2026-02-08,2026-02-09,2,177150,10,True,Recurrente
CLI-03152,Colombia,Medellín,Referidos,2025-05-09,2026-07-28,5,552376,5,True,Recurrente
CLI-03153,Costa Rica,San José,Email/WhatsApp,2026-03-09,2026-03-09,1,73040,2,False,Compra única
CLI-03154,Colombia,Bucaramanga,TikTok Ads,2025-03-30,2026-02-11,5,912057,4,True,VIP
CLI-03156,Colombia,Barranquilla,Referidos,2025-10-23,2026-05-17,3,297340,1,True,Recurrente
CLI-03158,Costa Rica,Heredia,Referidos,2026-01-30,2026-02-05,2,406896,10,True,Recurrente
CLI-03159,Colombia,Bucaramanga,Google Ads,2025-08-08,2025-12-23,2,397650,8,True,Recurrente
CLI-03160,Estados Unidos,Miami,Instagram Ads,2025-11-22,2026-08-28,5,557884,3,True,Recurrente
CLI-03161,Colombia,Pereira,Instagram Ads,2025-02-20,2026-08-18,2,131830,2,True,Recurrente
CLI-03162,Costa Rica,Heredia,Referidos,2025-07-19,2026-08-30,2,173280,8,True,Recurrente
CLI-03163,Colombia,Cali,Orgánico/SEO,2025-01-31,2025-01-31,1,458180,8,False,Compra única
CLI-03164,Costa Rica,Alajuela,Referidos,2025-09-10,2025-09-10,1,139900,1,False,Compra única
CLI-03165,Colombia,Bucaramanga,TikTok Ads,2025-07-20,2026-06-29,6,890487,7,True,VIP
CLI-03166,Costa Rica,Heredia,Instagram Ads,2025-09-22,2025-09-22,1,62700,0,False,Compra única
CLI-03167,Costa Rica,Heredia,TikTok Ads,2025-04-14,2026-06-10,3,245920,2,True,Recurrente
CLI-03168,Colombia,Bucaramanga,Instagram Ads,2025-04-04,2026-07-19,6,801493,7,True,VIP
CLI-03169,Estados Unidos,Houston,TikTok Ads,2026-06-14,2026-06-14,1,65780,1,False,Compra única
CLI-03170,Colombia,Bucaramanga,Instagram Ads,2025-06-06,2026-03-09,5,620130,3,True,VIP
CLI-03171,Colombia,Barranquilla,Email/WhatsApp,2025-03-27,2026-06-09,4,583640,8,True,VIP
CLI-03172,Costa Rica,San José,Referidos,2025-11-08,2026-07-15,2,475570,7,True,Recurrente
CLI-03173,Colombia,Pereira,Instagram Ads,2025-03-22,2026-03-20,6,1088970,0,True,VIP
CLI-03174,Costa Rica,Heredia,Instagram Ads,2025-07-29,2026-01-01,3,347786,0,True,Recurrente
CLI-03175,Colombia,Medellín,Email/WhatsApp,2025-08-22,2026-06-21,3,459565,1,True,Recurrente
CLI-03176,Colombia,Pereira,TikTok Ads,2025-05-15,2026-08-08,6,980333,4,True,VIP
CLI-03177,Colombia,Pereira,Instagram Ads,2025-01-17,2026-05-10,3,578650,9,True,VIP
CLI-03179,Costa Rica,Cartago,Instagram Ads,2025-10-05,2026-03-16,3,270260,4,True,Recurrente
CLI-03180,Costa Rica,Alajuela,Orgánico/SEO,2025-11-27,2025-12-21,2,62650,0,True,Recurrente
CLI-03181,Costa Rica,Heredia,TikTok Ads,2025-08-19,2026-08-16,6,850936,10,True,VIP
CLI-03182,Colombia,Barranquilla,Email/WhatsApp,2025-03-28,2026-01-24,4,447395,0,True,Recurrente
CLI-03183,Colombia,Bucaramanga,Google Ads,2025-01-07,2026-07-07,5,463791,6,True,Recurrente
CLI-03184,Estados Unidos,Doral,Instagram Ads,2025-10-25,2026-02-07,3,439365,3,True,Recurrente
CLI-03185,Colombia,Cali,Google Ads,2025-06-29,2026-06-15,3,379002,9,True,Recurrente
CLI-03187,Costa Rica,Alajuela,Instagram Ads,2025-06-30,2026-05-06,5,1311818,2,True,VIP
CLI-03190,Costa Rica,San José,Email/WhatsApp,2025-07-31,2026-08-31,5,963200,10,True,VIP
CLI-03191,Estados Unidos,Orlando,Orgánico/SEO,2025-10-19,2026-07-26,3,256900,4,True,Recurrente
CLI-03193,Colombia,Pereira,Orgánico/SEO,2025-10-19,2026-03-13,4,678968,9,True,VIP
CLI-03194,Colombia,Bucaramanga,Email/WhatsApp,2025-01-01,2026-04-13,4,344067,2,True,Recurrente
CLI-03195,Colombia,Cali,Orgánico/SEO,2025-12-25,2026-07-03,3,336420,6,True,Recurrente
CLI-03196,Colombia,Medellín,Instagram Ads,2025-01-07,2025-06-19,2,404870,9,True,Recurrente
CLI-03197,Costa Rica,San José,Google Ads,2025-08-14,2026-06-21,4,353290,4,True,Recurrente
CLI-03198,Colombia,Pereira,TikTok Ads,2025-04-18,2025-10-30,2,380250,9,True,Recurrente
CLI-03199,Costa Rica,San José,Email/WhatsApp,2025-05-17,2026-08-11,3,318560,0,True,Recurrente
CLI-03200,Colombia,Pereira,Orgánico/SEO,2025-10-07,2026-07-14,2,162440,8,True,Recurrente
CLI-03201,Colombia,Cali,Orgánico/SEO,2025-02-02,2025-02-02,1,113850,9,False,Compra única
CLI-03202,Costa Rica,Alajuela,TikTok Ads,2025-04-07,2026-06-27,5,863300,8,True,VIP
CLI-03203,Colombia,Pereira,Google Ads,2025-08-26,2026-05-21,4,624520,7,True,VIP
CLI-03204,Colombia,Cali,Referidos,2026-01-07,2026-08-10,5,796470,9,True,VIP
CLI-03205,Costa Rica,San José,Orgánico/SEO,2025-08-09,2026-08-05,5,322030,6,True,Recurrente
CLI-03206,Colombia,Barranquilla,Google Ads,2025-02-13,2025-12-13,2,386795,3,True,Recurrente
CLI-03207,Colombia,Barranquilla,Instagram Ads,2025-03-23,2026-04-16,4,651103,1,True,VIP
CLI-03208,Colombia,Bogotá,TikTok Ads,2025-05-13,2026-08-02,4,643170,2,True,VIP
CLI-03209,Colombia,Barranquilla,Instagram Ads,2025-05-10,2026-08-28,5,730310,1,True,VIP
CLI-03210,Colombia,Bucaramanga,TikTok Ads,2025-03-13,2026-06-17,5,427015,7,True,Recurrente
CLI-03211,Costa Rica,San José,TikTok Ads,2025-09-14,2026-08-07,3,620577,10,True,VIP
CLI-03212,Costa Rica,Heredia,Instagram Ads,2026-01-11,2026-05-17,2,181070,4,True,Recurrente
CLI-03213,Estados Unidos,Houston,Email/WhatsApp,2026-06-17,2026-06-17,1,148598,2,False,Compra única
CLI-03214,Costa Rica,Heredia,Instagram Ads,2025-09-06,2026-06-14,4,627130,3,True,VIP
CLI-03215,Colombia,Cali,TikTok Ads,2025-01-25,2025-09-11,2,194035,7,True,Recurrente
CLI-03216,Colombia,Bogotá,Google Ads,2025-06-03,2026-06-16,4,296451,2,True,Recurrente
CLI-03217,Colombia,Cali,Orgánico/SEO,2025-07-18,2025-07-18,1,41302,10,False,Compra única
CLI-03219,Colombia,Barranquilla,Instagram Ads,2025-05-13,2026-05-14,2,93540,3,True,Recurrente
CLI-03220,Colombia,Cali,Orgánico/SEO,2025-04-15,2026-06-20,3,311570,8,True,Recurrente
CLI-03221,Colombia,Bucaramanga,Instagram Ads,2025-05-22,2026-04-16,4,570200,8,True,Recurrente
CLI-03222,Colombia,Pereira,Referidos,2025-03-20,2026-07-30,6,722143,1,True,VIP
CLI-03223,Colombia,Barranquilla,Referidos,2025-04-26,2026-06-05,4,929563,8,True,VIP
CLI-03224,Costa Rica,Alajuela,Google Ads,2025-08-29,2026-06-24,3,219136,0,True,Recurrente
CLI-03225,Colombia,Pereira,Instagram Ads,2025-01-29,2026-07-21,5,522820,8,True,Recurrente
CLI-03226,Colombia,Bogotá,TikTok Ads,2025-05-18,2026-05-28,4,555940,2,True,Recurrente
CLI-03227,Colombia,Bucaramanga,Instagram Ads,2025-06-05,2025-11-09,4,1051885,1,True,VIP
CLI-03228,Costa Rica,Alajuela,Referidos,2025-09-02,2025-09-02,1,419700,2,False,Compra única
CLI-03229,Colombia,Medellín,Instagram Ads,2025-02-06,2026-05-17,4,351126,2,True,Recurrente
CLI-03231,Costa Rica,San José,Referidos,2025-07-25,2026-06-11,2,206610,8,True,Recurrente
CLI-03232,Colombia,Barranquilla,Email/WhatsApp,2025-01-03,2026-06-25,4,461580,6,True,Recurrente
CLI-03233,Colombia,Medellín,Email/WhatsApp,2025-01-07,2026-05-18,3,183978,2,True,Recurrente
CLI-03234,Colombia,Pereira,TikTok Ads,2025-05-18,2026-07-30,3,354170,3,True,Recurrente
CLI-03235,Colombia,Cali,TikTok Ads,2025-07-25,2026-08-23,2,142640,4,True,Recurrente
CLI-03236,Colombia,Cali,Instagram Ads,2025-06-22,2026-01-07,4,574090,1,True,Recurrente
CLI-03237,Costa Rica,Heredia,Google Ads,2025-11-21,2026-08-20,2,204545,9,True,Recurrente
CLI-03238,Colombia,Bogotá,Referidos,2025-02-14,2026-07-21,4,446040,1,True,Recurrente
CLI-03239,Colombia,Bogotá,Email/WhatsApp,2025-05-04,2026-07-02,4,511646,5,True,Recurrente
CLI-03240,Colombia,Barranquilla,Email/WhatsApp,2025-02-19,2025-12-02,3,466785,1,True,Recurrente
CLI-03241,Colombia,Bucaramanga,Referidos,2025-05-16,2026-05-21,3,598010,0,True,VIP
CLI-03242,Costa Rica,Alajuela,Google Ads,2025-11-07,2025-11-07,1,136620,7,False,Compra única
CLI-03243,Colombia,Medellín,Instagram Ads,2025-12-31,2025-12-31,1,258600,5,False,Compra única
CLI-03244,Colombia,Bucaramanga,Instagram Ads,2025-08-06,2026-06-10,4,317668,5,True,Recurrente
CLI-03246,Colombia,Bogotá,Orgánico/SEO,2025-01-08,2025-10-30,4,534260,5,True,Recurrente
CLI-03247,Colombia,Pereira,Orgánico/SEO,2026-03-20,2026-03-20,1,75900,6,False,Compra única
CLI-03248,Colombia,Bucaramanga,Email/WhatsApp,2025-07-14,2026-08-25,2,293550,10,True,Recurrente
CLI-03249,Colombia,Barranquilla,Google Ads,2026-04-19,2026-07-27,3,271526,4,True,Recurrente
CLI-03250,Costa Rica,San José,Google Ads,2025-04-15,2025-10-04,2,165800,4,True,Recurrente
CLI-03251,Colombia,Medellín,TikTok Ads,2025-03-29,2026-05-22,5,540500,1,True,Recurrente
CLI-03253,Estados Unidos,Houston,Orgánico/SEO,2026-03-16,2026-03-23,2,128950,10,True,Recurrente
CLI-03254,Colombia,Medellín,Referidos,2025-02-21,2026-07-29,5,908530,6,True,VIP
CLI-03255,Estados Unidos,Miami,Instagram Ads,2025-10-26,2026-07-20,2,209395,6,True,Recurrente
CLI-03256,Costa Rica,Cartago,Google Ads,2025-06-24,2025-06-24,1,83380,7,False,Compra única
CLI-03257,Costa Rica,Cartago,Instagram Ads,2025-07-01,2026-05-30,4,768030,8,True,VIP
CLI-03258,Colombia,Bucaramanga,Email/WhatsApp,2025-01-01,2026-02-16,4,533820,2,True,Recurrente
CLI-03259,Costa Rica,San José,Email/WhatsApp,2025-12-19,2025-12-19,1,97180,5,False,Compra única
CLI-03260,Colombia,Medellín,Orgánico/SEO,2025-01-26,2026-07-31,4,575280,9,True,VIP
CLI-03261,Estados Unidos,Orlando,Instagram Ads,2026-01-08,2026-07-21,2,139400,9,True,Recurrente
CLI-03262,Colombia,Medellín,TikTok Ads,2026-02-28,2026-05-30,2,333540,7,True,Recurrente
CLI-03263,Colombia,Cali,Email/WhatsApp,2025-01-02,2025-11-13,6,683800,0,True,VIP
CLI-03264,Costa Rica,San José,Email/WhatsApp,2026-02-01,2026-06-08,2,173750,9,True,Recurrente
CLI-03265,Colombia,Barranquilla,Instagram Ads,2025-07-23,2025-07-23,1,59565,9,False,Compra única
CLI-03266,Costa Rica,Heredia,Google Ads,2025-11-20,2026-06-18,5,915261,0,True,VIP
CLI-03267,Costa Rica,Heredia,Instagram Ads,2025-05-27,2026-05-14,5,421362,9,True,Recurrente
CLI-03268,Costa Rica,San José,Email/WhatsApp,2025-11-29,2026-07-22,4,643500,1,True,VIP
CLI-03269,Colombia,Barranquilla,Google Ads,2026-06-28,2026-06-28,1,170715,5,False,Compra única
CLI-03270,Colombia,Barranquilla,TikTok Ads,2026-03-11,2026-03-11,1,191230,5,False,Compra única
CLI-03271,Colombia,Barranquilla,Google Ads,2025-01-08,2026-08-09,3,674301,6,True,VIP
CLI-03272,Estados Unidos,Houston,TikTok Ads,2025-11-04,2025-11-04,1,119800,2,False,Compra única
CLI-03273,Colombia,Barranquilla,Google Ads,2025-03-14,2026-07-16,3,356091,6,True,Recurrente
CLI-03274,Colombia,Bogotá,Orgánico/SEO,2025-06-07,2025-06-07,1,83380,1,False,Compra única
CLI-03275,Colombia,Bogotá,TikTok Ads,2025-01-08,2026-08-12,5,729375,10,True,VIP
CLI-03276,Colombia,Medellín,Google Ads,2026-02-08,2026-05-29,2,311390,3,True,Recurrente
CLI-03277,Colombia,Bucaramanga,Instagram Ads,2026-01-04,2026-01-04,1,65780,6,False,Compra única
CLI-03278,Costa Rica,Cartago,Instagram Ads,2026-05-10,2026-05-10,1,113850,5,False,Compra única
CLI-03279,Colombia,Pereira,Instagram Ads,2025-12-05,2026-08-27,4,542220,3,True,Recurrente
CLI-03280,Colombia,Cali,Referidos,2026-01-17,2026-05-21,3,267260,10,True,Recurrente
CLI-03281,Estados Unidos,Houston,Orgánico/SEO,2025-11-02,2026-02-02,2,460200,0,True,Recurrente
CLI-03282,Colombia,Medellín,Referidos,2025-01-10,2026-06-05,4,683968,1,True,VIP
CLI-03283,Colombia,Bogotá,Instagram Ads,2026-05-15,2026-05-15,1,89900,6,False,Compra única
CLI-03284,Colombia,Bogotá,Orgánico/SEO,2025-01-09,2026-03-07,2,194360,10,True,Recurrente
CLI-03285,Costa Rica,Cartago,TikTok Ads,2025-04-04,2026-08-31,3,254630,10,True,Recurrente
CLI-03286,Colombia,Barranquilla,Instagram Ads,2026-06-08,2026-06-08,1,136840,9,False,Compra única
CLI-03287,Colombia,Cali,Instagram Ads,2025-02-27,2026-04-10,5,525592,2,True,Recurrente
CLI-03288,Colombia,Bucaramanga,Email/WhatsApp,2025-02-14,2025-02-14,1,85405,9,False,Compra única
CLI-03289,Estados Unidos,Doral,Email/WhatsApp,2026-03-12,2026-07-01,2,464495,7,True,Recurrente
CLI-03290,Estados Unidos,Miami,Instagram Ads,2025-10-25,2026-08-20,2,93590,1,True,Recurrente
CLI-03291,Colombia,Cali,Email/WhatsApp,2025-02-02,2025-11-15,3,249180,10,True,Recurrente
CLI-03292,Colombia,Cali,Google Ads,2025-09-27,2026-05-24,4,606430,0,True,VIP
CLI-03293,Colombia,Pereira,Instagram Ads,2026-07-13,2026-07-13,1,139900,6,False,Compra única
CLI-03294,Colombia,Cali,Google Ads,2025-09-07,2025-09-07,1,145770,4,False,Compra única
CLI-03295,Estados Unidos,Houston,Instagram Ads,2025-10-04,2025-10-04,1,98670,3,False,Compra única
CLI-03296,Colombia,Cali,Email/WhatsApp,2025-03-22,2026-08-20,6,802221,8,True,VIP
CLI-03298,Colombia,Barranquilla,Email/WhatsApp,2025-09-06,2026-08-11,4,434330,9,True,Recurrente
CLI-03300,Colombia,Bogotá,Email/WhatsApp,2025-02-24,2026-08-12,5,611631,8,True,VIP
CLI-03301,Colombia,Cali,Referidos,2025-02-18,2025-02-18,1,128250,6,False,Compra única
CLI-03302,Colombia,Bucaramanga,Instagram Ads,2025-07-11,2025-11-11,3,276770,9,True,Recurrente
CLI-03303,Colombia,Barranquilla,Google Ads,2026-01-03,2026-01-03,1,201770,1,False,Compra única
CLI-03304,Colombia,Pereira,Google Ads,2025-06-25,2026-07-10,7,850102,5,True,VIP
CLI-03305,Colombia,Barranquilla,Google Ads,2026-03-21,2026-03-21,1,119800,4,False,Compra única
CLI-03306,Costa Rica,San José,Google Ads,2025-09-10,2026-03-18,3,367970,10,True,Recurrente
CLI-03307,Colombia,Bogotá,Google Ads,2025-08-31,2026-06-11,5,1201450,9,True,VIP
CLI-03308,Colombia,Pereira,Instagram Ads,2025-01-07,2026-03-25,5,372900,4,True,Recurrente
CLI-03309,Costa Rica,San José,Google Ads,2026-01-04,2026-01-04,1,46160,10,False,Compra única
CLI-03310,Colombia,Cali,TikTok Ads,2025-09-02,2026-05-12,4,848220,5,True,VIP
CLI-03311,Colombia,Bogotá,Email/WhatsApp,2025-11-12,2026-06-04,3,372566,1,True,Recurrente
CLI-03312,Colombia,Pereira,Instagram Ads,2025-12-09,2026-05-15,3,251830,2,True,Recurrente
CLI-03313,Costa Rica,Alajuela,Google Ads,2025-10-12,2026-05-02,2,565250,0,True,Recurrente
CLI-03314,Costa Rica,Cartago,Instagram Ads,2026-05-04,2026-08-06,3,381820,10,True,Recurrente
CLI-03315,Costa Rica,Heredia,Email/WhatsApp,2025-05-06,2026-04-06,3,527300,6,True,Recurrente
CLI-03316,Estados Unidos,Miami,Instagram Ads,2025-11-13,2026-06-12,3,251555,0,True,Recurrente
CLI-03317,Costa Rica,Heredia,TikTok Ads,2025-08-08,2026-08-13,2,90280,7,True,Recurrente
CLI-03318,Colombia,Medellín,Orgánico/SEO,2025-03-05,2025-11-12,3,352982,1,True,Recurrente
CLI-03319,Colombia,Pereira,Orgánico/SEO,2025-01-15,2026-04-13,6,614185,6,True,VIP
CLI-03321,Colombia,Barranquilla,Instagram Ads,2025-06-18,2026-01-27,3,577120,8,True,VIP
CLI-03322,Colombia,Bogotá,Email/WhatsApp,2025-05-24,2025-10-07,2,284350,7,True,Recurrente
CLI-03323,Estados Unidos,Miami,Instagram Ads,2026-03-22,2026-05-31,2,162547,10,True,Recurrente
CLI-03324,Colombia,Medellín,TikTok Ads,2025-12-16,2026-01-20,2,187180,8,True,Recurrente
CLI-03325,Costa Rica,Cartago,TikTok Ads,2025-07-10,2026-07-26,3,194360,4,True,Recurrente
CLI-03326,Colombia,Medellín,Google Ads,2025-01-25,2026-04-30,3,252400,7,True,Recurrente
CLI-03327,Colombia,Bogotá,Instagram Ads,2025-05-07,2025-09-14,3,333820,9,True,Recurrente
CLI-03328,Colombia,Bogotá,Instagram Ads,2025-01-02,2026-08-07,7,620030,2,True,VIP
CLI-03329,Costa Rica,Cartago,Orgánico/SEO,2025-07-07,2026-04-11,5,395190,3,True,Recurrente
CLI-03330,Colombia,Bucaramanga,Referidos,2025-05-14,2026-04-10,7,978570,3,True,VIP
CLI-03331,Colombia,Bucaramanga,TikTok Ads,2025-10-19,2025-10-19,1,94050,10,False,Compra única
CLI-03332,Estados Unidos,Miami,Google Ads,2026-01-23,2026-05-30,2,299482,1,True,Recurrente
CLI-03333,Colombia,Barranquilla,Instagram Ads,2025-08-15,2026-08-01,4,477347,9,True,Recurrente
CLI-03334,Costa Rica,Cartago,Orgánico/SEO,2025-04-12,2025-04-12,1,125070,5,False,Compra única
CLI-03335,Costa Rica,Alajuela,Google Ads,2026-06-23,2026-06-23,1,139900,5,False,Compra única
CLI-03336,Colombia,Bogotá,Instagram Ads,2025-01-14,2025-08-10,3,377465,4,True,Recurrente
CLI-03337,Costa Rica,Alajuela,Referidos,2025-06-28,2026-06-06,2,249720,9,True,Recurrente
CLI-03338,Colombia,Bucaramanga,Email/WhatsApp,2025-08-09,2026-05-29,5,446322,1,True,Recurrente
CLI-03339,Costa Rica,Heredia,Instagram Ads,2025-07-04,2026-05-11,6,854160,8,True,VIP
CLI-03340,Colombia,Bogotá,Instagram Ads,2025-12-12,2026-04-07,2,94685,0,True,Recurrente
CLI-03341,Colombia,Bucaramanga,Referidos,2025-01-25,2025-09-28,2,145770,1,True,Recurrente
CLI-03342,Colombia,Pereira,Orgánico/SEO,2025-05-13,2026-07-24,5,618553,6,True,VIP
CLI-03343,Colombia,Medellín,Email/WhatsApp,2025-07-09,2025-07-09,1,93736,9,False,Compra única
CLI-03344,Colombia,Pereira,Orgánico/SEO,2025-01-13,2025-11-23,3,222580,6,True,Recurrente
CLI-03345,Colombia,Cali,Instagram Ads,2025-01-01,2026-05-16,3,348590,8,True,Recurrente
CLI-03346,Colombia,Pereira,Referidos,2025-02-14,2026-02-11,5,551136,7,True,Recurrente
CLI-03349,Colombia,Cali,Google Ads,2025-03-01,2026-04-20,9,1147646,7,True,VIP
CLI-03350,Costa Rica,San José,Email/WhatsApp,2025-05-17,2026-03-15,3,346570,7,True,Recurrente
CLI-03351,Colombia,Pereira,Instagram Ads,2025-01-14,2025-10-12,4,593600,7,True,VIP
CLI-03352,Costa Rica,Alajuela,TikTok Ads,2025-06-30,2026-07-29,5,427010,10,True,Recurrente
CLI-03353,Colombia,Medellín,Instagram Ads,2025-07-04,2026-08-19,3,776490,8,True,VIP
CLI-03354,Colombia,Barranquilla,Google Ads,2025-11-22,2026-02-05,2,147345,10,True,Recurrente
CLI-03355,Costa Rica,Cartago,Referidos,2026-01-29,2026-08-24,4,495030,0,True,Recurrente
CLI-03356,Colombia,Pereira,Referidos,2025-09-12,2026-06-25,3,587720,3,True,VIP
CLI-03357,Colombia,Barranquilla,Instagram Ads,2026-04-14,2026-04-14,1,83380,0,False,Compra única
CLI-03358,Colombia,Pereira,Instagram Ads,2025-01-14,2026-02-07,4,423460,3,True,Recurrente
CLI-03359,Colombia,Barranquilla,Referidos,2025-08-26,2026-04-01,3,619320,4,True,VIP
CLI-03360,Costa Rica,San José,Referidos,2025-12-18,2026-05-13,3,520045,7,True,Recurrente
CLI-03361,Colombia,Bogotá,Orgánico/SEO,2025-12-01,2026-08-01,5,837832,4,True,VIP
CLI-03362,Costa Rica,Alajuela,Email/WhatsApp,2025-08-08,2026-08-19,4,628980,6,True,VIP
CLI-03363,Colombia,Bogotá,Email/WhatsApp,2025-02-25,2026-01-13,3,229880,9,True,Recurrente
CLI-03364,Colombia,Bogotá,Google Ads,2026-05-07,2026-05-07,1,65655,1,False,Compra única
CLI-03365,Colombia,Bucaramanga,Referidos,2025-07-21,2026-01-27,2,254842,4,True,Recurrente
CLI-03366,Costa Rica,Cartago,Orgánico/SEO,2025-04-06,2026-07-26,3,302432,0,True,Recurrente
CLI-03367,Colombia,Cali,Orgánico/SEO,2025-10-23,2026-03-25,3,241150,1,True,Recurrente
CLI-03368,Costa Rica,Cartago,Instagram Ads,2025-05-25,2025-05-25,1,97180,0,False,Compra única
CLI-03369,Colombia,Cali,Orgánico/SEO,2025-11-06,2026-05-21,3,324430,5,True,Recurrente
CLI-03371,Costa Rica,Heredia,Email/WhatsApp,2025-10-09,2026-08-21,4,381180,4,True,Recurrente
CLI-03372,Costa Rica,Cartago,TikTok Ads,2025-06-21,2026-04-20,4,387480,6,True,Recurrente
CLI-03373,Colombia,Bucaramanga,Instagram Ads,2025-03-18,2025-11-16,3,280620,10,True,Recurrente
CLI-03374,Costa Rica,Cartago,Instagram Ads,2025-08-11,2025-08-11,1,419700,3,False,Compra única
CLI-03375,Colombia,Cali,Instagram Ads,2025-05-05,2025-12-08,3,276078,7,True,Recurrente
CLI-03376,Colombia,Barranquilla,Google Ads,2026-02-13,2026-08-23,3,260140,10,True,Recurrente
CLI-03377,Colombia,Medellín,Referidos,2025-01-29,2026-04-18,4,978910,9,True,VIP
CLI-03378,Colombia,Barranquilla,Referidos,2025-06-25,2026-03-09,2,260070,7,True,Recurrente
CLI-03379,Estados Unidos,Houston,TikTok Ads,2026-01-20,2026-07-15,5,624840,10,True,VIP
CLI-03380,Colombia,Cali,Referidos,2025-01-05,2026-05-22,4,514457,9,True,Recurrente
CLI-03381,Colombia,Bucaramanga,Email/WhatsApp,2025-09-08,2026-02-14,4,945697,8,True,VIP
CLI-03382,Colombia,Bucaramanga,Orgánico/SEO,2025-09-21,2026-04-08,4,406230,0,True,Recurrente
CLI-03383,Colombia,Bogotá,Google Ads,2025-12-26,2025-12-26,1,190500,9,False,Compra única
CLI-03384,Colombia,Cali,Google Ads,2026-02-22,2026-07-06,2,224650,5,True,Recurrente
CLI-03385,Colombia,Cali,Instagram Ads,2025-02-14,2026-08-07,5,381147,4,True,Recurrente
CLI-03386,Estados Unidos,Miami,Instagram Ads,2026-04-09,2026-04-09,1,83380,1,False,Compra única
CLI-03388,Costa Rica,Alajuela,Instagram Ads,2025-05-11,2026-08-08,4,272720,0,True,Recurrente
CLI-03389,Colombia,Cali,Instagram Ads,2025-07-20,2026-08-18,5,689414,9,True,VIP
CLI-03390,Costa Rica,Heredia,Orgánico/SEO,2025-08-25,2026-05-23,2,138490,6,True,Recurrente
CLI-03391,Colombia,Medellín,Instagram Ads,2025-02-08,2026-02-14,2,141680,4,True,Recurrente
CLI-03392,Colombia,Bucaramanga,Instagram Ads,2025-04-02,2026-08-25,3,662650,7,True,VIP
CLI-03393,Costa Rica,Cartago,Google Ads,2025-11-13,2026-07-19,4,396230,9,True,Recurrente
CLI-03394,Colombia,Medellín,Orgánico/SEO,2025-03-14,2025-03-14,1,32890,0,False,Compra única
CLI-03395,Costa Rica,Alajuela,Google Ads,2026-06-13,2026-06-13,1,84645,7,False,Compra única
CLI-03396,Colombia,Pereira,Orgánico/SEO,2025-04-18,2025-12-13,2,315752,3,True,Recurrente
CLI-03397,Colombia,Medellín,Referidos,2025-06-22,2026-02-25,2,197230,6,True,Recurrente
CLI-03398,Costa Rica,Alajuela,TikTok Ads,2025-05-10,2025-08-24,2,219406,5,True,Recurrente
CLI-03399,Colombia,Cali,Instagram Ads,2025-09-30,2026-08-13,4,282277,4,True,Recurrente
CLI-03400,Colombia,Bucaramanga,Instagram Ads,2025-05-16,2026-07-25,3,596240,7,True,VIP
CLI-03401,Colombia,Bogotá,Google Ads,2025-10-11,2026-08-18,2,304350,1,True,Recurrente
CLI-03402,Colombia,Medellín,Email/WhatsApp,2025-06-06,2026-06-02,3,336564,8,True,Recurrente
CLI-03403,Colombia,Bucaramanga,TikTok Ads,2025-08-29,2026-03-15,4,677018,6,True,VIP
CLI-03404,Estados Unidos,Doral,Orgánico/SEO,2026-04-16,2026-04-16,1,113850,0,False,Compra única
CLI-03405,Colombia,Pereira,Google Ads,2025-09-29,2026-05-07,2,263230,8,True,Recurrente
CLI-03406,Estados Unidos,Orlando,Email/WhatsApp,2025-10-06,2025-10-06,1,86690,7,False,Compra única
CLI-03407,Costa Rica,San José,Instagram Ads,2025-04-25,2026-06-15,3,564900,4,True,Recurrente
CLI-03408,Costa Rica,San José,Instagram Ads,2026-05-05,2026-05-05,1,104390,7,False,Compra única
CLI-03409,Colombia,Barranquilla,Referidos,2025-09-22,2026-06-12,2,243886,2,True,Recurrente
CLI-03410,Colombia,Bucaramanga,Orgánico/SEO,2026-06-21,2026-06-21,1,39606,3,False,Compra única
CLI-03411,Colombia,Medellín,Instagram Ads,2025-02-04,2026-01-19,2,140360,9,True,Recurrente
CLI-03412,Colombia,Medellín,Google Ads,2025-02-14,2026-07-22,5,578470,2,True,VIP
CLI-03413,Colombia,Pereira,Orgánico/SEO,2025-05-13,2026-07-31,3,346832,0,True,Recurrente
CLI-03414,Colombia,Bogotá,Orgánico/SEO,2025-05-22,2026-07-30,5,327400,4,True,Recurrente
CLI-03415,Costa Rica,Heredia,Referidos,2025-11-24,2025-11-24,1,269700,9,False,Compra única
CLI-03416,Colombia,Bogotá,TikTok Ads,2025-03-21,2025-03-21,1,97180,7,False,Compra única
CLI-03417,Colombia,Barranquilla,Instagram Ads,2025-04-23,2026-06-08,5,843666,8,True,VIP
CLI-03418,Colombia,Barranquilla,TikTok Ads,2025-03-06,2026-05-20,4,459010,2,True,Recurrente
CLI-03419,Colombia,Pereira,TikTok Ads,2025-06-10,2026-02-11,2,290870,6,True,Recurrente
CLI-03420,Estados Unidos,Miami,Google Ads,2026-03-06,2026-03-06,1,48590,1,False,Compra única
CLI-03421,Estados Unidos,Miami,Email/WhatsApp,2026-02-05,2026-06-04,2,305580,7,True,Recurrente
CLI-03422,Colombia,Bucaramanga,Email/WhatsApp,2026-01-15,2026-01-15,1,82603,10,False,Compra única
CLI-03423,Costa Rica,Alajuela,TikTok Ads,2025-08-25,2026-05-31,2,202124,10,True,Recurrente
CLI-03424,Colombia,Cali,TikTok Ads,2025-09-11,2025-10-10,2,126300,5,True,Recurrente
CLI-03425,Colombia,Medellín,Instagram Ads,2025-01-16,2025-07-02,2,150050,10,True,Recurrente
CLI-03426,Colombia,Barranquilla,TikTok Ads,2025-01-01,2026-08-17,5,672098,6,True,VIP
CLI-03427,Costa Rica,San José,Google Ads,2025-12-26,2025-12-26,1,28000,3,False,Compra única
CLI-03428,Costa Rica,Heredia,Email/WhatsApp,2025-09-13,2026-08-30,3,374160,10,True,Recurrente
CLI-03429,Estados Unidos,Doral,Instagram Ads,2026-03-17,2026-03-17,1,145770,1,False,Compra única
CLI-03430,Costa Rica,San José,Email/WhatsApp,2026-01-25,2026-05-20,2,246790,5,True,Recurrente
CLI-03431,Colombia,Cali,Referidos,2025-09-06,2026-04-19,4,726600,3,True,VIP
CLI-03432,Costa Rica,Alajuela,Orgánico/SEO,2025-07-12,2026-08-14,6,1367830,8,True,VIP
CLI-03433,Costa Rica,San José,TikTok Ads,2025-06-22,2026-02-27,5,483162,10,True,Recurrente
CLI-03434,Colombia,Pereira,Email/WhatsApp,2025-08-20,2026-02-18,4,441320,10,True,Recurrente
CLI-03435,Costa Rica,Cartago,Instagram Ads,2026-01-20,2026-05-07,3,294680,8,True,Recurrente
CLI-03436,Colombia,Pereira,Instagram Ads,2025-10-14,2026-02-23,4,648600,6,True,VIP
CLI-03437,Colombia,Barranquilla,Instagram Ads,2026-03-06,2026-05-06,2,659500,3,True,VIP
CLI-03438,Colombia,Barranquilla,Instagram Ads,2026-01-15,2026-05-14,2,374790,0,True,Recurrente
CLI-03439,Costa Rica,Heredia,Instagram Ads,2025-05-19,2026-08-10,7,947338,9,True,VIP
CLI-03440,Estados Unidos,Miami,Instagram Ads,2025-10-30,2026-01-10,2,119117,5,True,Recurrente
CLI-03441,Costa Rica,Cartago,Google Ads,2025-06-17,2026-04-01,4,897870,4,True,VIP
CLI-03442,Estados Unidos,Houston,Google Ads,2025-11-05,2026-04-05,2,222185,5,True,Recurrente
CLI-03443,Estados Unidos,Houston,Email/WhatsApp,2025-12-08,2026-08-14,5,862480,7,True,VIP
CLI-03444,Colombia,Barranquilla,Google Ads,2026-08-05,2026-08-05,1,56000,4,False,Compra única
CLI-03445,Costa Rica,Alajuela,Referidos,2025-09-10,2025-12-13,3,291540,7,True,Recurrente
CLI-03447,Colombia,Bogotá,Referidos,2025-03-27,2026-04-27,3,459130,0,True,Recurrente
CLI-03448,Costa Rica,San José,TikTok Ads,2025-05-17,2026-08-23,6,455861,2,True,Recurrente
CLI-03449,Colombia,Cali,Instagram Ads,2025-11-09,2026-03-16,3,315852,3,True,Recurrente
CLI-03450,Colombia,Barranquilla,Google Ads,2025-08-19,2026-06-19,3,321922,2,True,Recurrente
CLI-03451,Colombia,Bogotá,Instagram Ads,2025-07-19,2025-11-05,2,200270,2,True,Recurrente
CLI-03452,Costa Rica,Alajuela,Google Ads,2025-05-14,2026-01-05,3,178961,10,True,Recurrente
CLI-03453,Colombia,Bogotá,TikTok Ads,2025-01-21,2026-06-23,4,313625,6,True,Recurrente
CLI-03454,Costa Rica,San José,Referidos,2025-06-27,2026-03-28,2,205680,2,True,Recurrente
CLI-03455,Colombia,Cali,Instagram Ads,2025-04-24,2026-08-08,3,474815,1,True,Recurrente
CLI-03456,Colombia,Cali,Email/WhatsApp,2025-02-03,2025-05-15,2,342291,6,True,Recurrente
CLI-03457,Costa Rica,Cartago,TikTok Ads,2025-07-23,2026-05-28,2,127850,10,True,Recurrente
CLI-03458,Colombia,Medellín,Google Ads,2025-02-19,2025-03-15,2,135130,2,True,Recurrente
CLI-03459,Colombia,Bogotá,Orgánico/SEO,2025-01-07,2026-04-17,4,370310,8,True,Recurrente
CLI-03460,Colombia,Medellín,Referidos,2025-04-09,2026-02-19,2,84026,4,True,Recurrente
CLI-03461,Colombia,Pereira,Instagram Ads,2025-01-19,2026-02-17,4,995816,6,True,VIP
CLI-03462,Costa Rica,Heredia,Referidos,2026-05-20,2026-05-20,1,270840,4,False,Compra única
CLI-03463,Costa Rica,San José,Orgánico/SEO,2025-04-23,2026-06-06,2,325500,1,True,Recurrente
CLI-03464,Costa Rica,Cartago,Google Ads,2026-04-07,2026-04-07,1,179800,10,False,Compra única
CLI-03465,Colombia,Cali,Instagram Ads,2025-05-07,2026-07-28,4,367922,10,True,Recurrente
CLI-03466,Colombia,Medellín,TikTok Ads,2025-03-20,2026-07-13,5,905480,8,True,VIP
CLI-03467,Colombia,Cali,Google Ads,2025-01-15,2026-06-18,7,690845,9,True,VIP
CLI-03468,Colombia,Bogotá,Instagram Ads,2025-01-30,2026-05-17,3,355284,6,True,Recurrente
CLI-03469,Colombia,Cali,TikTok Ads,2025-05-25,2026-04-03,5,730020,7,True,VIP
CLI-03470,Colombia,Pereira,Orgánico/SEO,2025-05-13,2026-07-09,5,792490,9,True,VIP
CLI-03471,Colombia,Bucaramanga,TikTok Ads,2025-05-16,2026-05-02,2,125400,1,True,Recurrente
CLI-03472,Colombia,Bogotá,TikTok Ads,2026-06-27,2026-06-27,1,94050,2,False,Compra única
CLI-03473,Colombia,Pereira,Google Ads,2025-06-17,2026-06-19,2,149160,0,True,Recurrente
CLI-03474,Colombia,Bucaramanga,Google Ads,2026-04-19,2026-04-19,1,46160,1,False,Compra única
CLI-03475,Costa Rica,San José,Instagram Ads,2025-04-12,2026-06-22,3,268680,8,True,Recurrente
CLI-03476,Costa Rica,San José,Instagram Ads,2025-04-28,2026-06-11,3,419165,5,True,Recurrente
CLI-03477,Colombia,Pereira,Instagram Ads,2026-07-10,2026-08-22,2,416440,6,True,Recurrente
CLI-03478,Colombia,Medellín,TikTok Ads,2025-01-20,2026-07-18,6,633190,9,True,VIP
CLI-03479,Estados Unidos,Doral,Orgánico/SEO,2026-01-02,2026-05-31,3,218430,6,True,Recurrente
CLI-03481,Colombia,Medellín,Email/WhatsApp,2025-07-25,2025-10-19,2,457650,2,True,Recurrente
CLI-03482,Costa Rica,Heredia,Instagram Ads,2025-05-15,2025-05-15,1,45000,1,False,Compra única
CLI-03483,Colombia,Barranquilla,Email/WhatsApp,2025-04-24,2026-05-26,3,433700,1,True,Recurrente
CLI-03484,Colombia,Medellín,Instagram Ads,2025-12-10,2026-05-10,3,403160,9,True,Recurrente
CLI-03485,Costa Rica,Heredia,Orgánico/SEO,2025-05-31,2026-04-08,4,690980,2,True,VIP
CLI-03486,Colombia,Bogotá,Orgánico/SEO,2025-03-27,2025-03-27,1,269700,4,False,Compra única
CLI-03487,Colombia,Medellín,Instagram Ads,2025-01-28,2026-01-31,4,340720,3,True,Recurrente
CLI-03488,Estados Unidos,Orlando,Google Ads,2026-06-19,2026-06-19,1,280770,5,False,Compra única
CLI-03489,Colombia,Bogotá,Google Ads,2025-02-25,2026-07-17,7,1244650,6,True,VIP
CLI-03490,Estados Unidos,Houston,Orgánico/SEO,2026-05-09,2026-06-15,2,238920,5,True,Recurrente
CLI-03491,Costa Rica,San José,Instagram Ads,2025-12-08,2025-12-08,1,34650,5,False,Compra única
CLI-03492,Colombia,Bogotá,Google Ads,2025-01-02,2026-02-10,4,378670,1,True,Recurrente
CLI-03493,Colombia,Pereira,Instagram Ads,2025-01-05,2026-01-26,5,412690,1,True,Recurrente
CLI-03494,Colombia,Bogotá,Referidos,2025-08-09,2026-02-10,4,294993,1,True,Recurrente
CLI-03495,Colombia,Cali,Google Ads,2025-03-04,2026-05-17,4,478650,0,True,Recurrente
CLI-03496,Costa Rica,Heredia,Google Ads,2026-07-25,2026-07-25,1,113850,10,False,Compra única
CLI-03497,Colombia,Bucaramanga,Instagram Ads,2026-04-01,2026-04-01,1,41690,8,False,Compra única
CLI-03498,Colombia,Bogotá,Email/WhatsApp,2025-09-06,2026-07-23,2,241794,10,True,Recurrente
CLI-03499,Colombia,Medellín,TikTok Ads,2025-11-21,2026-07-11,4,501800,4,True,Recurrente
CLI-03500,Colombia,Cali,Google Ads,2025-07-29,2026-08-27,3,394652,3,True,Recurrente
CLI-03502,Colombia,Bogotá,Instagram Ads,2025-09-16,2025-09-16,1,419700,0,False,Compra única
CLI-03503,Colombia,Barranquilla,Orgánico/SEO,2025-06-27,2026-05-18,4,354205,0,True,Recurrente
CLI-03504,Colombia,Pereira,Email/WhatsApp,2025-02-15,2026-02-26,6,600310,3,True,VIP
CLI-03505,Costa Rica,San José,Google Ads,2025-04-16,2026-01-22,2,84556,8,True,Recurrente
CLI-03506,Colombia,Bogotá,Google Ads,2026-01-02,2026-06-02,4,620900,7,True,VIP
CLI-03507,Costa Rica,San José,Referidos,2025-05-18,2026-08-08,5,762963,4,True,VIP
CLI-03508,Colombia,Bucaramanga,Instagram Ads,2025-01-13,2026-04-18,2,152270,7,True,Recurrente
CLI-03509,Estados Unidos,Houston,Orgánico/SEO,2025-11-08,2026-07-05,4,708990,4,True,VIP
CLI-03510,Colombia,Pereira,Email/WhatsApp,2025-01-29,2026-08-04,5,308122,7,True,Recurrente
CLI-03511,Costa Rica,San José,Email/WhatsApp,2025-11-26,2026-07-06,4,300801,0,True,Recurrente
CLI-03512,Colombia,Bogotá,Email/WhatsApp,2025-03-26,2026-01-22,2,250680,6,True,Recurrente
CLI-03513,Costa Rica,Cartago,TikTok Ads,2026-01-04,2026-01-09,2,518980,1,True,Recurrente
CLI-03514,Costa Rica,Heredia,Referidos,2025-09-01,2026-05-23,3,278400,1,True,Recurrente
CLI-03515,Colombia,Cali,Instagram Ads,2025-10-29,2026-08-05,4,452044,3,True,Recurrente
CLI-03516,Costa Rica,Cartago,Orgánico/SEO,2025-07-24,2025-07-24,1,359980,5,False,Compra única
CLI-03517,Costa Rica,Heredia,Email/WhatsApp,2026-07-10,2026-07-10,1,48590,9,False,Compra única
CLI-03518,Colombia,Medellín,Instagram Ads,2025-10-07,2026-02-28,2,584500,9,True,VIP
CLI-03519,Colombia,Bucaramanga,Orgánico/SEO,2025-04-25,2026-07-24,2,177920,9,True,Recurrente
CLI-03520,Colombia,Bucaramanga,Google Ads,2025-07-21,2026-07-14,3,188106,4,True,Recurrente
CLI-03521,Colombia,Medellín,Email/WhatsApp,2025-10-20,2026-08-20,2,93590,4,True,Recurrente
CLI-03522,Colombia,Cali,Google Ads,2026-07-01,2026-07-01,1,84000,10,False,Compra única
CLI-03523,Colombia,Barranquilla,Orgánico/SEO,2025-06-27,2026-05-30,3,211326,0,True,Recurrente
CLI-03524,Costa Rica,Cartago,TikTok Ads,2026-01-02,2026-04-04,2,286130,7,True,Recurrente
CLI-03525,Estados Unidos,Houston,Email/WhatsApp,2026-02-28,2026-08-09,3,475600,7,True,Recurrente
CLI-03526,Costa Rica,Heredia,Email/WhatsApp,2025-10-30,2026-01-19,5,664117,8,True,VIP
CLI-03527,Costa Rica,Alajuela,Instagram Ads,2025-12-10,2026-08-30,5,635710,4,True,VIP
CLI-03528,Costa Rica,San José,Orgánico/SEO,2025-05-01,2026-07-06,4,581321,9,True,VIP
CLI-03529,Costa Rica,Heredia,Google Ads,2025-05-18,2025-05-18,1,140360,3,False,Compra única
CLI-03531,Colombia,Cali,Instagram Ads,2026-07-18,2026-07-18,1,65780,6,False,Compra única
CLI-03533,Colombia,Barranquilla,Referidos,2025-06-21,2026-08-20,3,238926,4,True,Recurrente
CLI-03534,Colombia,Barranquilla,Referidos,2025-01-21,2026-03-12,3,542470,1,True,Recurrente
CLI-03535,Costa Rica,Alajuela,Instagram Ads,2025-06-04,2026-06-27,3,246940,2,True,Recurrente
CLI-03536,Colombia,Bucaramanga,Instagram Ads,2025-06-25,2026-07-26,4,573725,0,True,Recurrente
CLI-03537,Colombia,Pereira,Email/WhatsApp,2025-02-06,2025-10-20,5,435840,4,True,Recurrente
CLI-03538,Colombia,Cali,Google Ads,2026-05-13,2026-07-25,2,159900,10,True,Recurrente
CLI-03539,Colombia,Barranquilla,TikTok Ads,2025-05-02,2025-05-02,1,94050,10,False,Compra única
CLI-03540,Estados Unidos,Doral,Instagram Ads,2026-02-01,2026-06-07,2,639150,4,True,VIP
CLI-03541,Colombia,Pereira,Instagram Ads,2025-01-12,2026-08-21,5,285215,10,True,Recurrente
CLI-03543,Colombia,Bogotá,Google Ads,2025-01-24,2026-07-04,4,368410,8,True,Recurrente
CLI-03544,Estados Unidos,Miami,Orgánico/SEO,2025-12-16,2026-07-12,3,143748,5,True,Recurrente
CLI-03545,Costa Rica,San José,Orgánico/SEO,2026-05-28,2026-05-28,1,159280,0,False,Compra única
CLI-03546,Costa Rica,San José,Referidos,2025-11-11,2026-08-15,6,803362,2,True,VIP
CLI-03547,Colombia,Barranquilla,Email/WhatsApp,2025-08-10,2025-08-10,1,97180,7,False,Compra única
CLI-03548,Estados Unidos,Orlando,Referidos,2026-02-13,2026-05-30,2,217585,3,True,Recurrente
CLI-03549,Colombia,Bucaramanga,Email/WhatsApp,2025-02-21,2026-08-19,3,647620,9,True,VIP
CLI-03550,Colombia,Bogotá,Instagram Ads,2025-09-11,2026-08-16,2,199800,2,True,Recurrente
CLI-03551,Costa Rica,Alajuela,Referidos,2025-11-30,2026-07-03,3,115376,2,True,Recurrente
CLI-03552,Costa Rica,Alajuela,Referidos,2025-12-13,2025-12-13,1,31350,10,False,Compra única
CLI-03553,Colombia,Barranquilla,TikTok Ads,2026-02-20,2026-03-04,2,152000,0,True,Recurrente
CLI-03554,Costa Rica,San José,Google Ads,2025-10-06,2025-10-06,1,145770,2,False,Compra única
CLI-03555,Colombia,Bucaramanga,Orgánico/SEO,2025-01-12,2026-04-15,6,770191,8,True,VIP
CLI-03556,Costa Rica,Cartago,Email/WhatsApp,2026-05-01,2026-08-11,2,256500,4,True,Recurrente
CLI-03557,Colombia,Medellín,Email/WhatsApp,2025-04-08,2026-08-02,2,272770,3,True,Recurrente
CLI-03558,Costa Rica,San José,Orgánico/SEO,2025-07-22,2025-07-22,1,183590,10,False,Compra única
CLI-03559,Colombia,Medellín,TikTok Ads,2026-03-25,2026-03-25,1,419700,9,False,Compra única
CLI-03560,Costa Rica,Heredia,Orgánico/SEO,2025-05-22,2026-07-31,5,557670,6,True,Recurrente
CLI-03561,Colombia,Bucaramanga,Google Ads,2026-01-22,2026-01-22,1,44950,4,False,Compra única
CLI-03562,Colombia,Barranquilla,Orgánico/SEO,2025-08-14,2026-01-07,3,318822,10,True,Recurrente
CLI-03563,Colombia,Bucaramanga,Instagram Ads,2025-05-30,2026-02-20,3,271107,1,True,Recurrente
CLI-03564,Costa Rica,Heredia,Instagram Ads,2025-12-28,2026-06-23,4,545030,0,True,Recurrente
CLI-03565,Costa Rica,Cartago,Instagram Ads,2025-12-11,2026-05-18,2,263180,0,True,Recurrente
CLI-03566,Colombia,Medellín,Instagram Ads,2026-01-21,2026-02-10,2,111290,1,True,Recurrente
CLI-03568,Costa Rica,Cartago,TikTok Ads,2026-04-17,2026-04-17,1,145770,6,False,Compra única
CLI-03569,Colombia,Cali,Instagram Ads,2025-01-31,2026-07-19,5,684430,7,True,VIP
CLI-03570,Colombia,Pereira,TikTok Ads,2025-05-21,2026-07-22,6,886455,5,True,VIP
CLI-03571,Colombia,Barranquilla,Orgánico/SEO,2025-12-18,2025-12-18,1,125070,1,False,Compra única
CLI-03572,Costa Rica,Heredia,Orgánico/SEO,2026-06-29,2026-06-29,1,113850,5,False,Compra única
CLI-03573,Costa Rica,Alajuela,Orgánico/SEO,2025-05-15,2026-01-11,3,168298,6,True,Recurrente
CLI-03574,Costa Rica,San José,Instagram Ads,2025-11-25,2026-07-24,3,403720,10,True,Recurrente
CLI-03575,Colombia,Medellín,TikTok Ads,2025-06-16,2025-10-18,4,956797,0,True,VIP
CLI-03577,Estados Unidos,Doral,Referidos,2025-10-08,2026-06-13,2,75190,0,True,Recurrente
CLI-03578,Colombia,Barranquilla,Google Ads,2025-02-20,2026-02-07,4,450810,10,True,Recurrente
CLI-03579,Colombia,Pereira,Google Ads,2025-01-06,2026-08-28,3,127841,3,True,Recurrente
CLI-03581,Colombia,Pereira,Google Ads,2025-08-14,2026-07-03,3,314980,4,True,Recurrente
CLI-03582,Estados Unidos,Miami,Instagram Ads,2026-02-04,2026-08-25,3,232540,6,True,Recurrente
CLI-03583,Colombia,Bogotá,Instagram Ads,2025-04-14,2026-08-11,4,354250,0,True,Recurrente
CLI-03584,Colombia,Barranquilla,Orgánico/SEO,2025-03-21,2026-07-22,4,642002,10,True,VIP
CLI-03585,Costa Rica,Cartago,Referidos,2026-01-29,2026-01-29,1,113850,4,False,Compra única
CLI-03586,Colombia,Cali,Email/WhatsApp,2025-01-15,2026-05-03,5,1141082,8,True,VIP
CLI-03587,Colombia,Bogotá,Google Ads,2025-02-06,2026-06-30,3,329210,0,True,Recurrente
CLI-03588,Costa Rica,Cartago,Email/WhatsApp,2025-06-16,2026-05-29,3,259398,5,True,Recurrente
CLI-03589,Colombia,Cali,Referidos,2025-02-06,2025-10-27,4,437201,5,True,Recurrente
CLI-03590,Colombia,Bogotá,Referidos,2025-08-28,2025-10-26,3,583688,6,True,VIP
CLI-03591,Colombia,Medellín,Instagram Ads,2025-01-05,2025-01-06,2,159900,1,True,Recurrente
CLI-03592,Colombia,Bogotá,Instagram Ads,2025-03-19,2026-07-09,3,678100,3,True,VIP
CLI-03593,Colombia,Cali,Email/WhatsApp,2025-01-25,2026-07-12,4,538755,10,True,Recurrente
CLI-03594,Colombia,Bucaramanga,Instagram Ads,2025-05-01,2026-07-12,2,270440,2,True,Recurrente
CLI-03595,Colombia,Bogotá,Instagram Ads,2025-02-28,2026-07-21,6,563526,9,True,Recurrente
CLI-03596,Colombia,Bogotá,Instagram Ads,2026-03-14,2026-06-21,3,506625,9,True,Recurrente
CLI-03597,Colombia,Barranquilla,Google Ads,2025-11-19,2025-11-19,1,279800,9,False,Compra única
CLI-03598,Estados Unidos,Orlando,Google Ads,2026-03-08,2026-03-08,1,34650,4,False,Compra única
CLI-03600,Colombia,Bogotá,Google Ads,2025-03-11,2025-03-11,1,75042,8,False,Compra única
CLI-03601,Estados Unidos,Miami,Instagram Ads,2025-10-08,2026-06-26,7,464035,2,True,Recurrente
CLI-03602,Colombia,Barranquilla,Google Ads,2025-11-05,2026-05-07,4,438260,6,True,Recurrente
CLI-03603,Colombia,Cali,Google Ads,2025-01-14,2026-03-20,4,539020,4,True,Recurrente
CLI-03604,Costa Rica,San José,Orgánico/SEO,2025-12-03,2025-12-03,1,46160,3,False,Compra única
CLI-03605,Estados Unidos,Orlando,Orgánico/SEO,2025-12-13,2026-01-02,2,135000,3,True,Recurrente
CLI-03606,Colombia,Barranquilla,Google Ads,2025-10-05,2026-05-08,3,484240,7,True,Recurrente
CLI-03607,Colombia,Barranquilla,Google Ads,2025-05-14,2026-01-26,4,419399,10,True,Recurrente
CLI-03608,Estados Unidos,Doral,Instagram Ads,2026-04-20,2026-04-20,1,179800,5,False,Compra única
CLI-03609,Colombia,Pereira,Instagram Ads,2025-08-01,2026-01-27,3,391590,1,True,Recurrente
CLI-03610,Estados Unidos,Miami,Google Ads,2025-11-07,2026-07-01,2,283620,6,True,Recurrente
CLI-03611,Colombia,Medellín,Google Ads,2026-03-06,2026-06-18,2,167380,4,True,Recurrente
CLI-03612,Colombia,Cali,Google Ads,2025-06-06,2026-07-02,3,159118,5,True,Recurrente
CLI-03613,Colombia,Cali,Instagram Ads,2025-04-23,2026-05-02,5,456504,9,True,Recurrente
CLI-03614,Colombia,Bucaramanga,Orgánico/SEO,2025-10-28,2026-05-21,3,398705,7,True,Recurrente
CLI-03615,Colombia,Pereira,Email/WhatsApp,2025-08-16,2026-06-16,6,526495,3,True,Recurrente
CLI-03616,Estados Unidos,Orlando,Instagram Ads,2025-11-01,2026-07-07,2,415470,2,True,Recurrente
CLI-03617,Costa Rica,Alajuela,Instagram Ads,2025-04-03,2026-05-28,5,923470,6,True,VIP
CLI-03618,Colombia,Medellín,Google Ads,2026-07-23,2026-07-23,1,103257,3,False,Compra única
CLI-03620,Colombia,Pereira,Referidos,2025-02-11,2026-03-05,4,512728,5,True,Recurrente
CLI-03621,Colombia,Bucaramanga,Email/WhatsApp,2025-08-02,2025-11-21,2,216315,2,True,Recurrente
CLI-03622,Colombia,Pereira,Google Ads,2025-05-24,2026-06-11,5,524277,5,True,Recurrente
CLI-03623,Colombia,Medellín,TikTok Ads,2025-03-19,2025-12-13,4,456673,8,True,Recurrente
CLI-03624,Colombia,Pereira,Instagram Ads,2025-12-06,2026-02-14,2,149800,0,True,Recurrente
CLI-03625,Colombia,Medellín,Referidos,2025-03-07,2026-08-27,4,267629,7,True,Recurrente
CLI-03626,Colombia,Pereira,Instagram Ads,2025-07-12,2026-03-26,2,94550,2,True,Recurrente
CLI-03627,Colombia,Barranquilla,Google Ads,2025-04-06,2025-12-26,3,431250,1,True,Recurrente
CLI-03628,Colombia,Cali,Google Ads,2025-09-04,2025-09-04,1,378470,6,False,Compra única
CLI-03629,Colombia,Cali,Google Ads,2025-01-07,2026-04-24,5,646980,9,True,VIP
CLI-03630,Colombia,Cali,Instagram Ads,2025-02-27,2026-02-04,2,178660,8,True,Recurrente
CLI-03631,Costa Rica,Alajuela,Orgánico/SEO,2026-07-05,2026-07-28,2,211030,9,True,Recurrente
CLI-03634,Colombia,Bucaramanga,TikTok Ads,2025-11-02,2026-01-23,2,139597,2,True,Recurrente
CLI-03635,Colombia,Pereira,Referidos,2026-08-14,2026-08-14,1,187770,10,False,Compra única
CLI-03636,Colombia,Barranquilla,Instagram Ads,2025-02-11,2026-02-07,8,935787,4,True,VIP
CLI-03637,Colombia,Barranquilla,TikTok Ads,2026-08-09,2026-08-09,1,230214,8,False,Compra única
CLI-03638,Colombia,Medellín,Email/WhatsApp,2025-01-07,2026-08-03,7,921366,3,True,VIP
CLI-03639,Costa Rica,Alajuela,Instagram Ads,2026-07-03,2026-07-03,1,101830,9,False,Compra única
CLI-03640,Colombia,Pereira,Referidos,2025-01-17,2025-11-01,3,308231,0,True,Recurrente
CLI-03641,Colombia,Medellín,TikTok Ads,2025-01-27,2026-02-21,5,491480,5,True,Recurrente
CLI-03642,Colombia,Barranquilla,Referidos,2025-01-15,2026-04-03,4,404273,0,True,Recurrente
CLI-03643,Costa Rica,Cartago,Orgánico/SEO,2026-01-29,2026-01-29,1,218230,10,False,Compra única
CLI-03644,Colombia,Barranquilla,Orgánico/SEO,2025-02-06,2026-01-08,4,510342,0,True,Recurrente
CLI-03645,Costa Rica,Alajuela,Email/WhatsApp,2025-12-25,2026-05-09,4,565580,1,True,Recurrente
CLI-03646,Colombia,Pereira,Orgánico/SEO,2025-02-07,2026-02-26,4,317750,8,True,Recurrente
CLI-03647,Estados Unidos,Houston,Instagram Ads,2026-01-11,2026-01-11,1,179800,7,False,Compra única
CLI-03648,Estados Unidos,Houston,TikTok Ads,2026-01-20,2026-08-29,4,513620,4,True,Recurrente
CLI-03649,Colombia,Bogotá,Referidos,2025-06-19,2026-08-25,2,326425,3,True,Recurrente
CLI-03650,Colombia,Cali,Instagram Ads,2025-03-16,2026-03-25,4,689258,9,True,VIP
CLI-03651,Estados Unidos,Miami,Google Ads,2026-03-18,2026-07-21,3,642390,6,True,VIP
CLI-03652,Colombia,Barranquilla,Orgánico/SEO,2025-11-18,2026-03-20,3,174870,2,True,Recurrente
CLI-03653,Estados Unidos,Houston,Email/WhatsApp,2025-12-02,2026-05-13,2,272630,7,True,Recurrente
CLI-03654,Colombia,Barranquilla,Orgánico/SEO,2025-06-28,2026-05-08,3,288255,2,True,Recurrente
CLI-03655,Colombia,Bucaramanga,Google Ads,2025-12-29,2026-08-04,3,551280,8,True,Recurrente
CLI-03656,Colombia,Bogotá,Email/WhatsApp,2025-05-20,2025-12-20,2,242950,7,True,Recurrente
CLI-03658,Colombia,Cali,Google Ads,2025-01-01,2025-12-18,4,1064830,0,True,VIP
CLI-03659,Costa Rica,Alajuela,TikTok Ads,2025-12-15,2026-06-01,3,158380,7,True,Recurrente
CLI-03660,Colombia,Cali,Google Ads,2026-01-27,2026-01-27,1,79942,5,False,Compra única
CLI-03661,Colombia,Medellín,Instagram Ads,2025-08-29,2026-05-15,5,360840,10,True,Recurrente
CLI-03662,Colombia,Medellín,Instagram Ads,2026-01-19,2026-04-02,2,192620,3,True,Recurrente
CLI-03663,Costa Rica,Alajuela,Google Ads,2025-06-09,2025-06-09,1,97180,8,False,Compra única
CLI-03664,Estados Unidos,Houston,Referidos,2026-02-16,2026-07-08,3,169500,7,True,Recurrente
CLI-03665,Costa Rica,Cartago,Instagram Ads,2025-08-15,2026-07-30,4,317745,2,True,Recurrente
CLI-03666,Colombia,Bogotá,Instagram Ads,2025-11-13,2026-07-19,2,117590,2,True,Recurrente
CLI-03667,Colombia,Pereira,Referidos,2025-03-18,2025-07-17,3,696415,9,True,VIP
CLI-03668,Costa Rica,Heredia,Instagram Ads,2026-02-20,2026-06-29,3,562435,3,True,Recurrente
CLI-03669,Colombia,Bucaramanga,Instagram Ads,2026-05-11,2026-05-11,1,125070,3,False,Compra única
CLI-03670,Colombia,Pereira,Google Ads,2025-03-28,2026-03-13,4,334065,7,True,Recurrente
CLI-03671,Colombia,Bucaramanga,Referidos,2025-04-29,2026-03-24,6,989251,3,True,VIP
CLI-03672,Colombia,Medellín,Instagram Ads,2025-09-22,2025-12-30,2,183150,1,True,Recurrente
CLI-03673,Estados Unidos,Houston,Instagram Ads,2026-04-21,2026-04-21,1,156420,7,False,Compra única
CLI-03674,Colombia,Bucaramanga,Google Ads,2025-08-26,2026-08-26,3,476380,1,True,Recurrente
CLI-03675,Colombia,Barranquilla,Orgánico/SEO,2025-01-28,2026-06-13,3,298350,6,True,Recurrente
CLI-03676,Colombia,Bucaramanga,Referidos,2025-09-12,2026-06-01,2,228590,10,True,Recurrente
CLI-03677,Colombia,Bucaramanga,Orgánico/SEO,2025-04-05,2026-08-28,4,311703,7,True,Recurrente
CLI-03678,Colombia,Bucaramanga,Google Ads,2025-07-26,2026-01-29,2,240368,5,True,Recurrente
CLI-03679,Costa Rica,San José,Email/WhatsApp,2025-12-31,2025-12-31,1,59565,7,False,Compra única
CLI-03680,Colombia,Bucaramanga,Orgánico/SEO,2025-07-13,2026-06-12,5,613023,9,True,VIP
CLI-03681,Colombia,Bucaramanga,Referidos,2025-02-22,2026-08-14,5,413020,9,True,Recurrente
CLI-03682,Costa Rica,Cartago,Instagram Ads,2026-01-18,2026-01-18,1,419700,7,False,Compra única
CLI-03683,Colombia,Medellín,Instagram Ads,2025-03-16,2026-02-21,5,618370,5,True,VIP
CLI-03684,Colombia,Medellín,Instagram Ads,2025-05-18,2026-05-16,5,532520,2,True,Recurrente
CLI-03685,Costa Rica,Alajuela,Orgánico/SEO,2026-06-15,2026-06-15,1,28000,4,False,Compra única
CLI-03687,Costa Rica,Alajuela,Instagram Ads,2025-04-24,2025-11-03,2,138590,6,True,Recurrente
CLI-03688,Colombia,Bucaramanga,Orgánico/SEO,2026-01-24,2026-08-30,3,367330,9,True,Recurrente
CLI-03689,Colombia,Cali,Instagram Ads,2025-11-20,2025-12-03,2,518370,2,True,Recurrente
CLI-03690,Colombia,Bogotá,Email/WhatsApp,2025-01-03,2025-09-07,2,194482,4,True,Recurrente
CLI-03691,Estados Unidos,Doral,Google Ads,2026-01-04,2026-01-04,1,279800,0,False,Compra única
CLI-03692,Costa Rica,Heredia,Instagram Ads,2026-02-02,2026-06-13,2,360601,5,True,Recurrente
CLI-03693,Estados Unidos,Miami,TikTok Ads,2025-12-30,2025-12-30,1,138482,1,False,Compra única
CLI-03694,Estados Unidos,Orlando,Google Ads,2026-02-05,2026-08-24,3,273730,9,True,Recurrente
CLI-03695,Colombia,Cali,Orgánico/SEO,2025-06-27,2026-05-01,4,530398,8,True,Recurrente
CLI-03696,Colombia,Cali,Instagram Ads,2025-01-30,2025-05-25,2,366600,1,True,Recurrente
CLI-03697,Colombia,Bogotá,Instagram Ads,2025-08-09,2026-08-11,4,391550,5,True,Recurrente
CLI-03699,Colombia,Cali,Instagram Ads,2025-08-21,2026-07-07,3,521468,3,True,Recurrente
CLI-03700,Estados Unidos,Houston,Orgánico/SEO,2025-11-09,2026-04-10,3,334000,1,True,Recurrente
CLI-03701,Costa Rica,Heredia,Instagram Ads,2025-06-10,2026-08-15,4,294753,10,True,Recurrente
CLI-03702,Colombia,Bucaramanga,Orgánico/SEO,2025-07-30,2025-07-30,1,72105,10,False,Compra única
CLI-03703,Colombia,Medellín,Instagram Ads,2026-01-18,2026-01-18,1,83380,9,False,Compra única
CLI-03704,Costa Rica,Alajuela,Referidos,2025-06-11,2025-11-11,2,141766,8,True,Recurrente
CLI-03705,Colombia,Pereira,Referidos,2025-03-12,2026-06-10,5,467350,10,True,Recurrente
CLI-03706,Colombia,Bogotá,Google Ads,2025-03-20,2025-04-12,2,335450,9,True,Recurrente
CLI-03707,Colombia,Bucaramanga,Email/WhatsApp,2025-03-20,2026-05-28,4,480130,5,True,Recurrente
CLI-03708,Colombia,Cali,Google Ads,2025-06-29,2026-07-11,2,205840,2,True,Recurrente
CLI-03709,Colombia,Bogotá,Google Ads,2026-01-19,2026-01-19,1,89900,7,False,Compra única
CLI-03710,Colombia,Pereira,Email/WhatsApp,2025-07-25,2025-07-25,1,48590,8,False,Compra única
CLI-03711,Colombia,Barranquilla,Referidos,2025-01-21,2026-06-28,2,366880,3,True,Recurrente
CLI-03712,Colombia,Bucaramanga,Orgánico/SEO,2025-06-21,2026-05-28,5,372200,4,True,Recurrente
CLI-03713,Colombia,Pereira,Google Ads,2025-01-22,2026-04-18,3,248741,1,True,Recurrente
CLI-03715,Colombia,Pereira,Instagram Ads,2026-01-28,2026-05-09,2,215902,8,True,Recurrente
CLI-03716,Estados Unidos,Orlando,Instagram Ads,2025-11-20,2026-02-20,2,476014,10,True,Recurrente
CLI-03717,Colombia,Cali,Google Ads,2026-08-23,2026-08-23,1,122790,8,False,Compra única
CLI-03718,Colombia,Pereira,Orgánico/SEO,2025-07-17,2025-09-01,3,173376,8,True,Recurrente
CLI-03719,Costa Rica,San José,TikTok Ads,2025-11-01,2026-01-06,3,370295,2,True,Recurrente
CLI-03720,Colombia,Medellín,Email/WhatsApp,2026-03-11,2026-05-23,3,411420,2,True,Recurrente
CLI-03721,Estados Unidos,Houston,Email/WhatsApp,2026-03-08,2026-08-25,2,505470,0,True,Recurrente
CLI-03722,Colombia,Pereira,Instagram Ads,2025-06-24,2025-12-03,2,233650,1,True,Recurrente
CLI-03723,Colombia,Cali,Email/WhatsApp,2025-01-26,2026-08-26,4,924720,3,True,VIP
CLI-03724,Colombia,Medellín,Google Ads,2025-11-24,2026-07-17,6,1192454,2,True,VIP
CLI-03725,Estados Unidos,Miami,Referidos,2026-05-14,2026-05-14,1,37950,3,False,Compra única
CLI-03726,Costa Rica,Alajuela,Instagram Ads,2025-08-14,2026-03-20,4,300440,3,True,Recurrente
CLI-03727,Colombia,Bucaramanga,Email/WhatsApp,2025-01-01,2026-02-20,5,692656,3,True,VIP
CLI-03728,Colombia,Cali,Instagram Ads,2026-06-07,2026-06-07,1,161730,9,False,Compra única
CLI-03729,Estados Unidos,Doral,Google Ads,2025-12-14,2026-06-27,4,366422,6,True,Recurrente
CLI-03730,Colombia,Pereira,Email/WhatsApp,2025-03-24,2026-08-18,5,1134000,7,True,VIP
CLI-03731,Colombia,Bucaramanga,Google Ads,2025-05-18,2026-08-31,5,877715,1,True,VIP
CLI-03732,Colombia,Cali,Instagram Ads,2025-01-06,2026-08-30,8,872915,5,True,VIP
CLI-03733,Estados Unidos,Houston,TikTok Ads,2025-11-20,2026-04-30,3,385770,6,True,Recurrente
CLI-03734,Colombia,Barranquilla,Instagram Ads,2025-11-03,2025-12-17,2,168020,3,True,Recurrente
CLI-03735,Estados Unidos,Miami,Orgánico/SEO,2026-03-02,2026-04-09,2,70840,1,True,Recurrente
CLI-03736,Costa Rica,Heredia,Orgánico/SEO,2026-03-26,2026-03-26,1,117063,6,False,Compra única
CLI-03737,Colombia,Bucaramanga,TikTok Ads,2026-01-30,2026-02-02,2,243008,1,True,Recurrente
CLI-03738,Colombia,Bucaramanga,Instagram Ads,2025-05-26,2026-08-01,5,922750,5,True,VIP
CLI-03739,Estados Unidos,Orlando,Referidos,2026-08-20,2026-08-20,1,48590,4,False,Compra única
CLI-03740,Colombia,Barranquilla,Instagram Ads,2025-03-29,2026-01-10,3,562564,6,True,Recurrente
CLI-03741,Colombia,Bucaramanga,Instagram Ads,2025-09-06,2026-04-20,3,251344,0,True,Recurrente
CLI-03743,Estados Unidos,Orlando,TikTok Ads,2026-02-12,2026-08-26,4,605772,9,True,VIP
CLI-03744,Colombia,Cali,Orgánico/SEO,2025-07-08,2026-01-05,3,539508,9,True,Recurrente
CLI-03745,Colombia,Cali,Orgánico/SEO,2025-01-04,2026-07-09,6,587500,3,True,VIP
CLI-03746,Colombia,Bogotá,Instagram Ads,2025-03-04,2026-01-27,3,176970,0,True,Recurrente
CLI-03747,Colombia,Barranquilla,Instagram Ads,2025-02-20,2026-07-17,5,844270,7,True,VIP
CLI-03748,Colombia,Bogotá,Google Ads,2025-07-04,2026-06-02,2,659500,6,True,VIP
CLI-03749,Costa Rica,Alajuela,Instagram Ads,2025-07-22,2025-07-22,1,239800,7,False,Compra única
CLI-03750,Estados Unidos,Orlando,Google Ads,2025-12-03,2025-12-03,1,59900,1,False,Compra única
CLI-03751,Colombia,Bogotá,Orgánico/SEO,2025-04-11,2026-02-27,2,270840,4,True,Recurrente
CLI-03752,Colombia,Pereira,Orgánico/SEO,2025-01-24,2026-08-02,4,441370,7,True,Recurrente
CLI-03753,Colombia,Bogotá,Email/WhatsApp,2025-04-24,2026-07-09,3,671255,0,True,VIP
CLI-03754,Colombia,Cali,Orgánico/SEO,2025-02-09,2026-08-06,4,505850,2,True,Recurrente
CLI-03755,Colombia,Barranquilla,Google Ads,2025-05-07,2026-07-05,2,146880,6,True,Recurrente
CLI-03756,Colombia,Medellín,Referidos,2025-12-22,2026-02-14,2,293730,6,True,Recurrente
CLI-03757,Colombia,Bogotá,Email/WhatsApp,2025-01-27,2026-07-16,3,470890,9,True,Recurrente
CLI-03758,Colombia,Bucaramanga,Instagram Ads,2025-03-28,2026-04-11,4,549679,3,True,Recurrente
CLI-03759,Colombia,Bogotá,Google Ads,2026-04-21,2026-04-21,1,48590,4,False,Compra única
CLI-03760,Estados Unidos,Miami,Email/WhatsApp,2026-05-03,2026-05-03,1,56000,6,False,Compra única
CLI-03761,Estados Unidos,Houston,Email/WhatsApp,2025-12-16,2026-05-01,2,136840,5,True,Recurrente
CLI-03762,Colombia,Bogotá,TikTok Ads,2025-03-05,2026-02-15,2,163631,10,True,Recurrente
CLI-03763,Colombia,Medellín,Instagram Ads,2025-07-30,2026-06-04,3,279180,1,True,Recurrente
CLI-03764,Colombia,Pereira,Email/WhatsApp,2025-01-10,2026-01-17,4,356730,7,True,Recurrente
CLI-03765,Colombia,Medellín,Referidos,2026-01-27,2026-06-03,5,471741,7,True,Recurrente
CLI-03766,Colombia,Cali,Google Ads,2025-09-14,2026-08-11,4,995850,9,True,VIP
CLI-03767,Colombia,Barranquilla,Google Ads,2025-04-30,2025-12-31,3,350610,6,True,Recurrente
CLI-03768,Colombia,Bucaramanga,Google Ads,2025-01-26,2025-11-24,4,522320,7,True,Recurrente
CLI-03769,Colombia,Barranquilla,Email/WhatsApp,2025-07-05,2025-12-26,2,397620,9,True,Recurrente
CLI-03770,Colombia,Barranquilla,Instagram Ads,2025-09-24,2026-06-23,4,912461,1,True,VIP
CLI-03771,Costa Rica,Alajuela,Instagram Ads,2026-03-16,2026-03-16,1,170715,3,False,Compra única
CLI-03772,Costa Rica,San José,Google Ads,2025-10-16,2025-10-16,1,48590,1,False,Compra única
CLI-03773,Costa Rica,Alajuela,Google Ads,2025-07-17,2026-03-04,3,143813,10,True,Recurrente
CLI-03774,Colombia,Bogotá,Instagram Ads,2026-03-03,2026-04-29,2,225860,5,True,Recurrente
CLI-03775,Colombia,Barranquilla,Instagram Ads,2025-11-22,2025-11-22,1,161820,0,False,Compra única
CLI-03776,Costa Rica,Cartago,Instagram Ads,2025-10-02,2026-06-18,2,126968,10,True,Recurrente
CLI-03777,Colombia,Cali,Email/WhatsApp,2025-02-20,2025-09-12,5,365510,4,True,Recurrente
CLI-03778,Colombia,Barranquilla,Instagram Ads,2026-03-20,2026-05-26,2,124685,5,True,Recurrente
CLI-03779,Colombia,Bucaramanga,Instagram Ads,2025-06-30,2026-07-12,2,273612,10,True,Recurrente
CLI-03780,Colombia,Bucaramanga,Referidos,2025-02-25,2026-06-26,4,718253,9,True,VIP
CLI-03781,Colombia,Pereira,Instagram Ads,2025-12-27,2026-06-10,3,326092,4,True,Recurrente
CLI-03782,Estados Unidos,Miami,Instagram Ads,2025-11-28,2025-11-28,1,97180,0,False,Compra única
CLI-03784,Costa Rica,Cartago,Orgánico/SEO,2025-08-19,2026-07-29,3,174570,6,True,Recurrente
CLI-03785,Colombia,Bucaramanga,Referidos,2026-05-13,2026-05-13,1,359700,4,False,Compra única
CLI-03786,Estados Unidos,Miami,Orgánico/SEO,2026-01-15,2026-01-15,1,62700,9,False,Compra única
CLI-03787,Colombia,Medellín,Instagram Ads,2025-06-12,2026-06-21,3,319726,6,True,Recurrente
CLI-03788,Colombia,Bogotá,Orgánico/SEO,2026-02-15,2026-06-28,4,629800,0,True,VIP
CLI-03789,Colombia,Medellín,Instagram Ads,2026-01-31,2026-01-31,1,364800,10,False,Compra única
CLI-03790,Costa Rica,Alajuela,Instagram Ads,2025-11-14,2025-11-14,1,84000,2,False,Compra única
CLI-03791,Colombia,Cali,Google Ads,2025-04-26,2025-04-26,1,86640,10,False,Compra única
CLI-03792,Colombia,Barranquilla,Google Ads,2025-01-16,2026-08-29,5,518813,6,True,Recurrente
CLI-03793,Colombia,Pereira,Email/WhatsApp,2025-07-11,2026-01-31,3,257410,10,True,Recurrente
CLI-03794,Costa Rica,Alajuela,Referidos,2026-03-06,2026-06-18,2,122790,5,True,Recurrente
CLI-03795,Colombia,Bucaramanga,Instagram Ads,2026-03-08,2026-03-08,1,75900,9,False,Compra única
CLI-03796,Costa Rica,San José,Google Ads,2026-05-23,2026-05-23,1,179800,9,False,Compra única
CLI-03797,Colombia,Barranquilla,Google Ads,2025-05-25,2025-10-31,3,322330,6,True,Recurrente
CLI-03798,Costa Rica,Cartago,Instagram Ads,2025-07-02,2026-08-23,2,108790,6,True,Recurrente
CLI-03799,Colombia,Bucaramanga,Google Ads,2025-07-29,2026-07-31,4,843380,1,True,VIP
CLI-03800,Colombia,Pereira,TikTok Ads,2025-03-04,2026-07-05,6,648542,7,True,VIP
CLI-03801,Colombia,Medellín,Google Ads,2025-10-24,2025-10-24,1,135000,2,False,Compra única
CLI-03802,Colombia,Pereira,TikTok Ads,2025-09-23,2025-09-23,1,50400,6,False,Compra única
CLI-03803,Estados Unidos,Doral,Email/WhatsApp,2026-01-12,2026-08-22,4,408555,1,True,Recurrente
CLI-03804,Costa Rica,San José,Google Ads,2025-10-08,2025-11-07,2,138600,2,True,Recurrente
CLI-03806,Colombia,Cali,Instagram Ads,2025-01-17,2026-03-27,4,245642,5,True,Recurrente
CLI-03807,Colombia,Bogotá,Instagram Ads,2025-11-25,2025-11-25,1,92321,2,False,Compra única
CLI-03808,Colombia,Pereira,Instagram Ads,2025-09-14,2025-09-14,1,31350,7,False,Compra única
CLI-03809,Estados Unidos,Houston,Instagram Ads,2025-10-03,2026-05-04,3,372050,4,True,Recurrente
CLI-03810,Colombia,Pereira,TikTok Ads,2025-01-28,2026-02-01,5,310570,3,True,Recurrente
CLI-03811,Estados Unidos,Orlando,Google Ads,2026-07-19,2026-07-19,1,134850,8,False,Compra única
CLI-03812,Colombia,Medellín,Instagram Ads,2025-03-08,2026-01-01,3,273875,0,True,Recurrente
CLI-03813,Costa Rica,Alajuela,TikTok Ads,2025-05-24,2026-05-20,4,398690,0,True,Recurrente
CLI-03814,Colombia,Bucaramanga,Instagram Ads,2025-06-04,2026-08-27,6,893146,7,True,VIP
CLI-03815,Colombia,Barranquilla,Google Ads,2026-06-23,2026-06-23,1,107820,8,False,Compra única
CLI-03816,Colombia,Medellín,Orgánico/SEO,2025-03-02,2026-07-08,6,1183243,10,True,VIP
CLI-03817,Colombia,Barranquilla,TikTok Ads,2025-01-08,2026-01-26,4,368263,7,True,Recurrente
CLI-03818,Colombia,Pereira,Orgánico/SEO,2025-06-02,2026-01-26,4,297360,9,True,Recurrente
CLI-03819,Colombia,Cali,Referidos,2025-12-19,2026-06-08,3,205018,6,True,Recurrente
CLI-03820,Colombia,Medellín,Instagram Ads,2025-01-05,2026-07-14,3,275276,8,True,Recurrente
CLI-03821,Colombia,Barranquilla,TikTok Ads,2026-02-12,2026-05-30,3,184970,7,True,Recurrente
CLI-03822,Colombia,Medellín,Google Ads,2025-05-03,2025-05-03,1,31246,4,False,Compra única
CLI-03823,Colombia,Medellín,TikTok Ads,2025-10-29,2026-04-01,3,335680,7,True,Recurrente
CLI-03825,Colombia,Cali,Orgánico/SEO,2026-05-24,2026-05-24,1,119900,0,False,Compra única
CLI-03826,Estados Unidos,Houston,Instagram Ads,2026-04-04,2026-08-07,3,281443,0,True,Recurrente
CLI-03827,Colombia,Medellín,Instagram Ads,2025-02-13,2025-12-22,2,279180,10,True,Recurrente
CLI-03829,Costa Rica,Heredia,Google Ads,2025-08-08,2026-08-06,5,593492,9,True,VIP
CLI-03830,Costa Rica,San José,Referidos,2025-09-17,2025-09-17,1,96772,7,False,Compra única
CLI-03831,Colombia,Cali,TikTok Ads,2025-02-24,2026-08-05,4,774465,1,True,VIP
CLI-03832,Costa Rica,Cartago,Google Ads,2025-06-27,2026-01-23,4,494920,6,True,Recurrente
CLI-03833,Colombia,Pereira,Email/WhatsApp,2026-05-01,2026-05-01,1,32890,2,False,Compra única
CLI-03834,Estados Unidos,Miami,Instagram Ads,2026-01-28,2026-01-28,1,48590,4,False,Compra única
CLI-03835,Colombia,Cali,Google Ads,2025-02-06,2025-04-26,3,727140,2,True,VIP
CLI-03836,Estados Unidos,Houston,Instagram Ads,2025-11-25,2026-03-30,2,156420,5,True,Recurrente
CLI-03837,Colombia,Cali,Orgánico/SEO,2026-07-07,2026-07-07,1,97180,7,False,Compra única
CLI-03838,Colombia,Barranquilla,Orgánico/SEO,2025-11-11,2025-11-11,1,280400,7,False,Compra única
CLI-03839,Colombia,Pereira,Referidos,2025-01-12,2026-06-24,8,1548445,2,True,VIP
CLI-03840,Colombia,Bucaramanga,Google Ads,2025-01-17,2026-04-11,8,1132322,1,True,VIP
CLI-03841,Costa Rica,Alajuela,Instagram Ads,2025-05-15,2026-04-07,5,744890,5,True,VIP
CLI-03842,Colombia,Bogotá,Referidos,2025-04-21,2026-03-20,3,563788,3,True,Recurrente
CLI-03843,Colombia,Pereira,Google Ads,2025-06-23,2026-03-31,4,668550,1,True,VIP
CLI-03844,Colombia,Bogotá,Instagram Ads,2025-07-21,2026-05-09,5,465666,7,True,Recurrente
CLI-03845,Colombia,Barranquilla,Email/WhatsApp,2025-02-02,2026-07-05,4,377730,6,True,Recurrente
CLI-03846,Colombia,Cali,Google Ads,2025-02-05,2025-05-31,2,363750,4,True,Recurrente
CLI-03847,Colombia,Barranquilla,Instagram Ads,2025-03-13,2026-08-21,5,426435,4,True,Recurrente
CLI-03848,Colombia,Cali,Google Ads,2025-10-08,2026-04-07,4,429520,0,True,Recurrente
CLI-03849,Estados Unidos,Orlando,TikTok Ads,2026-04-17,2026-08-27,4,645385,1,True,VIP
CLI-03850,Colombia,Cali,TikTok Ads,2025-02-12,2026-05-19,4,481820,1,True,Recurrente
CLI-03851,Colombia,Cali,Email/WhatsApp,2025-11-19,2026-01-29,3,690540,6,True,VIP
CLI-03852,Costa Rica,Heredia,Google Ads,2025-05-06,2026-06-01,4,458526,7,True,Recurrente
CLI-03853,Colombia,Medellín,Instagram Ads,2025-12-01,2026-04-27,4,342520,5,True,Recurrente
CLI-03854,Colombia,Medellín,Google Ads,2025-01-05,2026-07-11,5,525615,6,True,Recurrente
CLI-03855,Costa Rica,Alajuela,Instagram Ads,2025-06-13,2026-08-09,4,559220,6,True,Recurrente
CLI-03856,Estados Unidos,Doral,Orgánico/SEO,2026-07-08,2026-08-23,2,211030,8,True,Recurrente
CLI-03857,Colombia,Bogotá,Email/WhatsApp,2026-02-04,2026-08-31,3,297625,5,True,Recurrente
CLI-03858,Estados Unidos,Orlando,Orgánico/SEO,2025-11-19,2026-05-09,3,287450,1,True,Recurrente
CLI-03859,Colombia,Barranquilla,Email/WhatsApp,2025-11-28,2026-07-30,2,187460,1,True,Recurrente
CLI-03860,Colombia,Bogotá,Google Ads,2025-09-09,2026-08-03,4,698119,7,True,VIP
CLI-03861,Colombia,Pereira,Instagram Ads,2025-05-17,2026-05-17,4,285610,9,True,Recurrente
CLI-03862,Colombia,Bogotá,Instagram Ads,2025-02-14,2026-07-23,2,472593,3,True,Recurrente
CLI-03863,Costa Rica,San José,Instagram Ads,2025-11-15,2026-08-28,2,273850,7,True,Recurrente
CLI-03864,Costa Rica,Alajuela,TikTok Ads,2025-08-20,2026-08-02,4,334620,3,True,Recurrente
CLI-03865,Colombia,Pereira,Instagram Ads,2025-09-05,2025-12-31,2,155680,1,True,Recurrente
CLI-03866,Colombia,Bucaramanga,Referidos,2026-01-26,2026-01-26,1,29782,4,False,Compra única
CLI-03867,Colombia,Bucaramanga,Google Ads,2025-01-26,2026-03-29,3,291810,7,True,Recurrente
CLI-03868,Costa Rica,Alajuela,Instagram Ads,2025-04-22,2026-07-25,3,187830,9,True,Recurrente
CLI-03869,Colombia,Barranquilla,Referidos,2025-02-02,2026-05-07,7,610546,8,True,VIP
CLI-03870,Costa Rica,San José,Instagram Ads,2025-11-17,2026-07-22,2,163320,4,True,Recurrente
CLI-03871,Colombia,Bogotá,Google Ads,2025-06-13,2025-09-26,2,218500,7,True,Recurrente
CLI-03872,Costa Rica,Alajuela,Instagram Ads,2025-05-05,2025-11-20,5,839850,0,True,VIP
CLI-03873,Colombia,Barranquilla,Instagram Ads,2025-01-24,2025-09-14,2,236636,0,True,Recurrente
CLI-03874,Colombia,Bucaramanga,TikTok Ads,2025-01-27,2026-08-13,2,314980,5,True,Recurrente
CLI-03875,Colombia,Bucaramanga,Orgánico/SEO,2026-08-01,2026-08-01,1,65780,6,False,Compra única
CLI-03876,Colombia,Bogotá,Instagram Ads,2025-05-30,2026-08-03,4,937481,8,True,VIP
CLI-03877,Colombia,Pereira,Instagram Ads,2025-04-09,2026-05-25,5,363470,2,True,Recurrente
CLI-03878,Colombia,Medellín,Instagram Ads,2025-01-22,2026-05-27,4,732249,7,True,VIP
CLI-03879,Colombia,Bucaramanga,Referidos,2025-09-20,2025-09-20,1,401370,10,False,Compra única
CLI-03880,Colombia,Bucaramanga,Instagram Ads,2025-11-16,2026-06-21,2,169950,2,True,Recurrente
CLI-03881,Costa Rica,Cartago,Instagram Ads,2026-04-14,2026-04-14,1,256215,2,False,Compra única
CLI-03882,Colombia,Pereira,Instagram Ads,2025-04-16,2026-02-06,6,640620,9,True,VIP
CLI-03883,Costa Rica,Cartago,TikTok Ads,2025-08-11,2026-03-30,3,230556,7,True,Recurrente
CLI-03884,Colombia,Pereira,Email/WhatsApp,2025-02-04,2026-02-24,3,182271,0,True,Recurrente
CLI-03886,Colombia,Medellín,Google Ads,2025-04-01,2026-05-20,6,857215,0,True,VIP
CLI-03887,Costa Rica,San José,Email/WhatsApp,2026-03-26,2026-06-14,3,260140,2,True,Recurrente
CLI-03888,Colombia,Medellín,Instagram Ads,2025-05-05,2026-01-04,3,334721,2,True,Recurrente
CLI-03889,Estados Unidos,Houston,Orgánico/SEO,2026-07-14,2026-07-14,1,84000,6,False,Compra única
CLI-03890,Colombia,Medellín,Instagram Ads,2025-05-29,2025-11-19,2,336015,7,True,Recurrente
CLI-03891,Costa Rica,San José,Email/WhatsApp,2025-10-09,2026-08-09,2,445600,1,True,Recurrente
CLI-03892,Colombia,Cali,Referidos,2025-03-02,2026-07-19,3,579966,4,True,VIP
CLI-03893,Colombia,Bucaramanga,Instagram Ads,2025-04-18,2026-02-02,4,553200,3,True,Recurrente
CLI-03894,Costa Rica,Cartago,Email/WhatsApp,2025-05-10,2026-06-09,4,391440,7,True,Recurrente
CLI-03895,Colombia,Medellín,Email/WhatsApp,2025-10-25,2026-05-23,4,465973,5,True,Recurrente
CLI-03896,Colombia,Bogotá,TikTok Ads,2025-01-01,2026-03-28,2,239820,8,True,Recurrente
CLI-03897,Colombia,Bucaramanga,Orgánico/SEO,2025-02-11,2026-08-20,5,799289,8,True,VIP
CLI-03898,Colombia,Pereira,TikTok Ads,2025-01-01,2025-02-07,2,166760,10,True,Recurrente
CLI-03899,Colombia,Bucaramanga,Email/WhatsApp,2025-03-09,2025-11-17,4,699900,10,True,VIP
CLI-03900,Colombia,Medellín,Instagram Ads,2025-08-11,2026-05-07,5,428861,8,True,Recurrente
CLI-03901,Colombia,Cali,Google Ads,2025-01-12,2026-08-22,6,932950,1,True,VIP
CLI-03902,Colombia,Pereira,Referidos,2025-01-25,2026-04-14,4,317171,6,True,Recurrente
CLI-03903,Costa Rica,Cartago,Instagram Ads,2025-11-09,2026-03-21,5,1147458,6,True,VIP
CLI-03904,Costa Rica,Heredia,Orgánico/SEO,2025-08-20,2026-06-30,5,435925,0,True,Recurrente
CLI-03905,Colombia,Medellín,Google Ads,2025-06-23,2025-07-03,2,142640,1,True,Recurrente
CLI-03906,Colombia,Cali,Instagram Ads,2025-04-23,2026-04-28,6,708190,4,True,VIP
CLI-03907,Colombia,Pereira,Google Ads,2025-12-08,2026-01-24,2,213690,9,True,Recurrente
CLI-03908,Colombia,Medellín,Instagram Ads,2025-07-03,2026-05-29,5,570770,2,True,Recurrente
CLI-03909,Colombia,Barranquilla,TikTok Ads,2025-09-06,2026-07-17,3,354970,9,True,Recurrente
CLI-03910,Colombia,Bucaramanga,TikTok Ads,2026-03-02,2026-03-02,1,97180,4,False,Compra única
CLI-03911,Colombia,Pereira,Instagram Ads,2025-01-30,2025-08-09,3,332240,7,True,Recurrente
CLI-03912,Costa Rica,Cartago,Google Ads,2026-04-20,2026-07-08,3,270172,8,True,Recurrente
CLI-03913,Costa Rica,Alajuela,TikTok Ads,2025-07-19,2025-07-19,1,184390,4,False,Compra única
CLI-03914,Colombia,Pereira,Google Ads,2025-02-27,2025-04-18,2,97130,5,True,Recurrente
CLI-03915,Costa Rica,Heredia,Instagram Ads,2025-04-03,2026-06-01,2,136708,4,True,Recurrente
CLI-03916,Colombia,Pereira,Orgánico/SEO,2026-01-22,2026-08-26,5,639415,2,True,VIP
CLI-03917,Estados Unidos,Miami,Instagram Ads,2026-08-30,2026-08-30,1,89900,7,False,Compra única
CLI-03918,Colombia,Medellín,Instagram Ads,2025-04-04,2026-06-05,3,180905,3,True,Recurrente
CLI-03919,Estados Unidos,Doral,TikTok Ads,2025-10-26,2025-10-26,1,31350,1,False,Compra única
CLI-03920,Colombia,Pereira,Instagram Ads,2025-06-03,2025-09-10,2,488900,0,True,Recurrente
CLI-03921,Colombia,Medellín,Instagram Ads,2025-03-16,2026-03-10,4,394440,2,True,Recurrente
CLI-03922,Colombia,Bogotá,Orgánico/SEO,2026-04-02,2026-05-19,2,211770,8,True,Recurrente
CLI-03923,Costa Rica,Cartago,Google Ads,2026-04-13,2026-04-13,1,97180,1,False,Compra única
CLI-03925,Colombia,Cali,Google Ads,2025-07-07,2025-12-07,2,269700,4,True,Recurrente
CLI-03926,Colombia,Bucaramanga,Google Ads,2025-01-16,2025-03-16,2,157850,8,True,Recurrente
CLI-03928,Colombia,Cali,Referidos,2025-06-17,2026-01-31,5,773890,0,True,VIP
CLI-03929,Estados Unidos,Miami,Google Ads,2026-05-08,2026-05-08,1,321546,6,False,Compra única
CLI-03931,Colombia,Bogotá,Instagram Ads,2025-08-19,2026-05-11,4,488715,9,True,Recurrente
CLI-03932,Colombia,Pereira,Google Ads,2025-01-08,2026-08-14,4,505954,10,True,Recurrente
CLI-03933,Colombia,Bogotá,Google Ads,2025-01-27,2026-03-19,3,452288,4,True,Recurrente
CLI-03934,Estados Unidos,Houston,Instagram Ads,2026-01-07,2026-07-24,3,187891,3,True,Recurrente
CLI-03936,Costa Rica,Cartago,Google Ads,2025-06-10,2025-09-04,2,291250,3,True,Recurrente
CLI-03937,Colombia,Bogotá,Referidos,2025-01-12,2026-04-11,4,412598,10,True,Recurrente
CLI-03938,Colombia,Bogotá,TikTok Ads,2025-05-12,2025-12-06,5,578430,1,True,VIP
CLI-03939,Costa Rica,San José,Instagram Ads,2026-02-22,2026-02-22,1,135000,2,False,Compra única
CLI-03940,Colombia,Medellín,Instagram Ads,2025-03-13,2025-11-23,5,845240,1,True,VIP
CLI-03941,Colombia,Medellín,Orgánico/SEO,2025-12-07,2026-04-08,4,342691,7,True,Recurrente
CLI-03942,Costa Rica,San José,Instagram Ads,2025-05-15,2025-12-28,5,812008,3,True,VIP
CLI-03943,Costa Rica,Alajuela,Orgánico/SEO,2025-07-30,2025-08-21,2,232540,2,True,Recurrente
CLI-03944,Colombia,Bucaramanga,Instagram Ads,2026-02-11,2026-03-23,2,121250,0,True,Recurrente
CLI-03945,Colombia,Barranquilla,Referidos,2025-12-17,2026-05-23,2,246420,1,True,Recurrente
CLI-03946,Colombia,Medellín,Google Ads,2025-07-30,2026-08-18,2,323531,8,True,Recurrente
CLI-03947,Colombia,Pereira,Referidos,2025-03-28,2025-12-22,4,494915,1,True,Recurrente
CLI-03948,Colombia,Barranquilla,Google Ads,2026-03-29,2026-03-29,1,64515,6,False,Compra única
CLI-03949,Colombia,Bucaramanga,Instagram Ads,2025-01-18,2026-07-14,6,509817,3,True,Recurrente
CLI-03950,Costa Rica,Heredia,Orgánico/SEO,2025-09-07,2026-02-12,2,158500,1,True,Recurrente
CLI-03951,Colombia,Barranquilla,Orgánico/SEO,2025-09-06,2025-09-06,1,145770,0,False,Compra única
CLI-03952,Estados Unidos,Orlando,Instagram Ads,2026-01-30,2026-03-12,2,286453,2,True,Recurrente
CLI-03953,Colombia,Cali,Google Ads,2025-03-06,2025-03-06,1,34650,10,False,Compra única
CLI-03954,Colombia,Pereira,Referidos,2025-03-16,2026-01-10,6,714781,9,True,VIP
CLI-03955,Costa Rica,Alajuela,Email/WhatsApp,2026-07-13,2026-07-13,1,83380,7,False,Compra única
CLI-03956,Estados Unidos,Houston,Referidos,2025-11-13,2026-05-07,3,111336,6,True,Recurrente
CLI-03957,Colombia,Pereira,Google Ads,2025-07-17,2025-11-29,2,169950,10,True,Recurrente
CLI-03958,Costa Rica,Cartago,Orgánico/SEO,2025-05-13,2026-08-07,4,580320,1,True,VIP
CLI-03959,Colombia,Barranquilla,Instagram Ads,2025-04-07,2026-04-24,4,827970,3,True,VIP
CLI-03960,Colombia,Medellín,Referidos,2025-08-05,2026-07-08,3,354012,0,True,Recurrente
CLI-03961,Costa Rica,Alajuela,Instagram Ads,2025-09-11,2025-09-11,1,97180,4,False,Compra única
CLI-03962,Colombia,Pereira,Email/WhatsApp,2025-06-22,2026-03-13,2,85766,6,True,Recurrente
CLI-03963,Colombia,Cali,Google Ads,2025-05-02,2026-03-03,4,1097970,8,True,VIP
CLI-03964,Costa Rica,Cartago,Google Ads,2025-07-24,2025-07-24,1,83870,8,False,Compra única
CLI-03966,Colombia,Medellín,TikTok Ads,2025-03-30,2026-04-14,3,825980,6,True,VIP
CLI-03967,Estados Unidos,Miami,TikTok Ads,2026-05-06,2026-05-06,1,239800,8,False,Compra única
CLI-03968,Colombia,Barranquilla,Instagram Ads,2025-01-23,2026-08-31,5,464161,6,True,Recurrente
CLI-03969,Costa Rica,Alajuela,Instagram Ads,2026-05-23,2026-08-29,2,171250,2,True,Recurrente
CLI-03970,Colombia,Pereira,Instagram Ads,2025-03-19,2026-06-05,5,677058,2,True,VIP
CLI-03971,Colombia,Bogotá,TikTok Ads,2025-04-06,2026-05-20,4,559010,3,True,Recurrente
CLI-03973,Estados Unidos,Orlando,Google Ads,2025-12-03,2026-05-07,2,100320,2,True,Recurrente
CLI-03974,Colombia,Bucaramanga,Instagram Ads,2025-06-09,2026-07-05,2,356150,2,True,Recurrente
CLI-03975,Estados Unidos,Miami,Email/WhatsApp,2026-02-17,2026-08-14,3,291540,1,True,Recurrente
CLI-03976,Colombia,Barranquilla,Email/WhatsApp,2026-01-03,2026-01-03,1,135000,10,False,Compra única
CLI-03978,Colombia,Medellín,Orgánico/SEO,2025-10-09,2026-08-07,5,700330,4,True,VIP
CLI-03979,Colombia,Bogotá,Instagram Ads,2025-01-22,2026-05-15,7,932405,4,True,VIP
CLI-03980,Colombia,Cali,TikTok Ads,2025-07-04,2025-10-16,2,441760,8,True,Recurrente
CLI-03981,Colombia,Bucaramanga,Orgánico/SEO,2025-01-08,2026-07-13,7,941735,2,True,VIP
CLI-03982,Colombia,Bucaramanga,Instagram Ads,2025-10-26,2025-10-26,1,119900,0,False,Compra única
CLI-03984,Colombia,Bucaramanga,Orgánico/SEO,2025-04-16,2026-07-10,6,904807,3,True,VIP
CLI-03985,Estados Unidos,Doral,Google Ads,2025-12-23,2026-03-17,3,317432,6,True,Recurrente
CLI-03986,Colombia,Bucaramanga,Google Ads,2025-03-10,2025-03-10,1,62700,3,False,Compra única
CLI-03987,Colombia,Bogotá,Instagram Ads,2025-04-26,2026-08-29,7,1134488,5,True,VIP
CLI-03988,Colombia,Cali,Orgánico/SEO,2025-05-02,2025-11-19,2,214280,7,True,Recurrente
CLI-03989,Estados Unidos,Miami,TikTok Ads,2026-03-15,2026-03-15,1,138590,1,False,Compra única
CLI-03990,Colombia,Medellín,Instagram Ads,2025-09-05,2026-07-24,3,711717,7,True,VIP
CLI-03991,Estados Unidos,Houston,Google Ads,2025-12-10,2026-04-14,3,569770,5,True,Recurrente
CLI-03992,Colombia,Medellín,TikTok Ads,2025-02-11,2026-02-06,3,401360,4,True,Recurrente
CLI-03993,Costa Rica,Alajuela,TikTok Ads,2025-07-06,2026-05-07,5,576410,4,True,VIP
CLI-03994,Colombia,Medellín,TikTok Ads,2025-03-08,2025-07-22,2,218230,0,True,Recurrente
CLI-03995,Colombia,Barranquilla,Google Ads,2025-02-16,2026-03-29,4,286110,4,True,Recurrente
CLI-03996,Costa Rica,Cartago,Google Ads,2025-06-19,2025-12-01,3,464442,2,True,Recurrente
CLI-03997,Colombia,Bucaramanga,TikTok Ads,2025-01-24,2026-07-14,6,611345,7,True,VIP
CLI-03998,Costa Rica,Alajuela,Orgánico/SEO,2025-06-29,2026-06-12,4,538080,6,True,Recurrente
CLI-03999,Colombia,Barranquilla,Instagram Ads,2025-09-28,2026-07-19,5,761870,10,True,VIP
CLI-04000,Colombia,Pereira,Email/WhatsApp,2026-03-22,2026-03-22,1,254750,1,False,Compra única
CLI-04001,Estados Unidos,Houston,TikTok Ads,2026-01-18,2026-01-18,1,228390,1,False,Compra única
CLI-04002,Estados Unidos,Houston,Orgánico/SEO,2026-03-04,2026-07-03,2,263180,8,True,Recurrente
CLI-04003,Colombia,Cali,Instagram Ads,2025-01-06,2026-08-11,7,1109821,0,True,VIP
CLI-04004,Colombia,Bucaramanga,Instagram Ads,2025-01-14,2026-06-21,4,243053,9,True,Recurrente
CLI-04005,Colombia,Cali,Orgánico/SEO,2025-02-14,2026-01-23,4,354730,6,True,Recurrente
CLI-04006,Colombia,Cali,TikTok Ads,2025-05-08,2025-05-19,2,128535,8,True,Recurrente
CLI-04007,Estados Unidos,Orlando,Orgánico/SEO,2026-05-20,2026-05-20,1,113850,5,False,Compra única
CLI-04008,Estados Unidos,Miami,Orgánico/SEO,2025-12-31,2026-03-31,3,419503,0,True,Recurrente
CLI-04009,Costa Rica,Alajuela,Referidos,2025-08-13,2026-08-19,5,723610,9,True,VIP
CLI-04010,Colombia,Bucaramanga,Instagram Ads,2025-04-01,2026-05-13,4,499147,3,True,Recurrente
CLI-04011,Costa Rica,Alajuela,TikTok Ads,2025-07-29,2026-04-11,2,463390,7,True,Recurrente
CLI-04012,Costa Rica,Heredia,Referidos,2025-06-03,2026-01-12,3,570900,10,True,Recurrente
CLI-04013,Colombia,Barranquilla,Email/WhatsApp,2025-03-24,2026-01-28,5,709190,4,True,VIP
CLI-04014,Colombia,Barranquilla,Instagram Ads,2025-03-19,2026-03-08,4,388888,9,True,Recurrente
CLI-04015,Colombia,Bogotá,Referidos,2025-04-14,2026-06-03,3,247290,2,True,Recurrente
CLI-04016,Estados Unidos,Doral,Referidos,2026-06-28,2026-08-18,2,158350,2,True,Recurrente
CLI-04017,Costa Rica,Alajuela,Orgánico/SEO,2026-02-23,2026-07-24,4,543300,6,True,Recurrente
CLI-04018,Colombia,Cali,Orgánico/SEO,2025-07-06,2026-08-05,4,606865,8,True,VIP
CLI-04019,Colombia,Bogotá,Orgánico/SEO,2025-11-24,2026-01-21,3,646746,8,True,VIP
CLI-04020,Colombia,Medellín,Instagram Ads,2025-11-09,2026-07-26,4,301710,8,True,Recurrente
CLI-04021,Colombia,Bogotá,Google Ads,2026-06-10,2026-06-10,1,93950,1,False,Compra única
CLI-04022,Colombia,Barranquilla,Google Ads,2026-08-15,2026-08-15,1,119800,8,False,Compra única
CLI-04023,Estados Unidos,Houston,Email/WhatsApp,2025-11-13,2025-11-13,1,48590,6,False,Compra única
CLI-04024,Colombia,Barranquilla,Instagram Ads,2025-03-28,2026-07-08,7,584292,3,True,VIP
CLI-04025,Colombia,Pereira,Google Ads,2025-02-28,2026-06-30,2,107491,1,True,Recurrente
CLI-04026,Costa Rica,Cartago,TikTok Ads,2026-03-07,2026-08-03,3,246452,10,True,Recurrente
CLI-04027,Colombia,Barranquilla,Orgánico/SEO,2025-05-16,2026-08-29,7,974735,9,True,VIP
CLI-04029,Colombia,Bucaramanga,Referidos,2025-08-04,2026-07-03,4,865665,6,True,VIP
CLI-04030,Colombia,Barranquilla,Google Ads,2025-01-31,2025-12-21,5,970365,4,True,VIP
CLI-04031,Colombia,Pereira,Instagram Ads,2026-01-25,2026-04-15,2,152240,9,True,Recurrente
CLI-04032,Colombia,Medellín,Email/WhatsApp,2025-09-11,2025-12-22,2,245920,3,True,Recurrente
CLI-04033,Colombia,Bogotá,Orgánico/SEO,2025-03-13,2026-03-11,3,256785,9,True,Recurrente
CLI-04034,Estados Unidos,Doral,TikTok Ads,2026-03-15,2026-06-23,2,353610,4,True,Recurrente
CLI-04035,Colombia,Bogotá,Referidos,2025-05-12,2026-01-11,5,497726,4,True,Recurrente
CLI-04036,Costa Rica,Heredia,Google Ads,2025-05-11,2026-06-07,4,583474,0,True,VIP
CLI-04037,Colombia,Pereira,Google Ads,2025-02-12,2026-06-28,6,812511,9,True,VIP
CLI-04038,Estados Unidos,Orlando,TikTok Ads,2026-04-10,2026-06-06,3,344150,5,True,Recurrente
CLI-04039,Estados Unidos,Orlando,TikTok Ads,2025-12-22,2025-12-22,1,83380,9,False,Compra única
CLI-04040,Colombia,Bogotá,Orgánico/SEO,2025-05-20,2026-07-22,2,173595,2,True,Recurrente
CLI-04041,Costa Rica,Alajuela,Orgánico/SEO,2025-06-18,2026-06-08,2,211030,7,True,Recurrente
CLI-04042,Colombia,Bogotá,Google Ads,2026-04-05,2026-04-05,1,83380,8,False,Compra única
CLI-04043,Colombia,Cali,Instagram Ads,2025-03-29,2026-04-08,3,369890,1,True,Recurrente
CLI-04044,Colombia,Pereira,Orgánico/SEO,2025-04-05,2025-06-24,2,237465,10,True,Recurrente
CLI-04045,Costa Rica,Alajuela,Email/WhatsApp,2026-01-09,2026-07-14,3,268430,5,True,Recurrente
CLI-04046,Colombia,Medellín,Instagram Ads,2025-05-12,2026-03-20,8,1204553,6,True,VIP
CLI-04047,Costa Rica,Alajuela,Orgánico/SEO,2025-04-14,2025-06-27,2,187220,9,True,Recurrente
CLI-04048,Colombia,Cali,Orgánico/SEO,2025-02-05,2025-12-15,2,448800,9,True,Recurrente
CLI-04049,Costa Rica,Alajuela,Referidos,2025-07-15,2025-07-15,1,34155,9,False,Compra única
CLI-04050,Colombia,Cali,Instagram Ads,2025-11-17,2025-11-17,1,145770,5,False,Compra única
CLI-04051,Estados Unidos,Miami,Orgánico/SEO,2026-05-05,2026-05-05,1,98670,0,False,Compra única
CLI-04052,Colombia,Medellín,Orgánico/SEO,2025-03-12,2026-08-30,5,342500,1,True,Recurrente
CLI-04053,Costa Rica,Cartago,Google Ads,2025-06-17,2026-06-18,9,1124063,1,True,VIP
CLI-04054,Colombia,Bogotá,Referidos,2025-01-18,2025-12-25,3,332490,10,True,Recurrente
CLI-04055,Costa Rica,Cartago,Orgánico/SEO,2025-07-07,2026-01-31,4,484766,4,True,Recurrente
CLI-04056,Colombia,Bucaramanga,Instagram Ads,2025-02-28,2026-05-16,6,564229,1,True,Recurrente
CLI-04057,Colombia,Bogotá,Orgánico/SEO,2025-03-05,2026-08-23,4,335343,9,True,Recurrente
CLI-04058,Costa Rica,San José,Google Ads,2026-02-02,2026-02-02,1,80910,9,False,Compra única
CLI-04059,Costa Rica,Cartago,Orgánico/SEO,2025-04-04,2025-04-04,1,93540,8,False,Compra única
CLI-04060,Colombia,Pereira,TikTok Ads,2025-01-05,2026-02-07,3,215831,2,True,Recurrente
CLI-04061,Colombia,Barranquilla,Email/WhatsApp,2026-01-26,2026-01-26,1,73644,10,False,Compra única
CLI-04062,Costa Rica,Alajuela,Google Ads,2025-05-16,2026-05-12,2,177350,1,True,Recurrente
CLI-04064,Costa Rica,Heredia,TikTok Ads,2025-05-01,2025-09-30,2,124500,10,True,Recurrente
CLI-04065,Costa Rica,Heredia,TikTok Ads,2025-06-24,2026-08-18,4,946625,0,True,VIP
CLI-04067,Colombia,Pereira,Email/WhatsApp,2025-03-29,2025-12-14,2,137885,6,True,Recurrente
CLI-04068,Colombia,Bogotá,Instagram Ads,2025-02-06,2026-08-06,4,426800,8,True,Recurrente
CLI-04069,Colombia,Cali,Orgánico/SEO,2025-11-29,2026-03-12,3,260108,1,True,Recurrente
CLI-04070,Colombia,Pereira,Instagram Ads,2025-05-25,2026-03-23,2,158800,0,True,Recurrente
CLI-04071,Costa Rica,Alajuela,Instagram Ads,2026-01-27,2026-01-27,1,179700,0,False,Compra única
CLI-04072,Costa Rica,Cartago,Google Ads,2026-08-20,2026-08-20,1,119800,3,False,Compra única
CLI-04073,Colombia,Bogotá,Email/WhatsApp,2025-07-11,2026-07-17,3,652050,6,True,VIP
CLI-04074,Colombia,Barranquilla,Orgánico/SEO,2025-02-28,2025-02-28,1,83380,4,False,Compra única
CLI-04075,Costa Rica,Heredia,Google Ads,2026-01-02,2026-05-05,2,223280,2,True,Recurrente
CLI-04076,Colombia,Bucaramanga,Instagram Ads,2026-08-21,2026-08-21,1,84000,3,False,Compra única
CLI-04077,Colombia,Pereira,Instagram Ads,2025-07-08,2025-07-09,2,328390,10,True,Recurrente
CLI-04078,Colombia,Pereira,Referidos,2025-03-20,2025-11-18,4,361740,5,True,Recurrente
CLI-04079,Colombia,Medellín,Google Ads,2025-02-03,2026-06-07,2,242380,2,True,Recurrente
CLI-04080,Costa Rica,Heredia,Referidos,2025-07-24,2026-08-05,3,309570,2,True,Recurrente
CLI-04081,Costa Rica,Alajuela,Instagram Ads,2026-04-18,2026-07-26,3,462400,6,True,Recurrente
CLI-04082,Colombia,Bogotá,Orgánico/SEO,2025-02-07,2026-06-11,6,657311,8,True,VIP
CLI-04083,Costa Rica,Cartago,Referidos,2025-09-22,2026-08-06,4,242961,6,True,Recurrente
CLI-04084,Colombia,Medellín,Google Ads,2025-08-19,2025-08-19,1,113850,7,False,Compra única
CLI-04085,Colombia,Bucaramanga,Referidos,2025-05-19,2026-08-21,5,1010090,8,True,VIP
CLI-04086,Colombia,Bucaramanga,Google Ads,2025-07-11,2025-07-11,1,63500,10,False,Compra única
CLI-04087,Colombia,Medellín,Email/WhatsApp,2025-01-25,2026-02-26,4,458953,6,True,Recurrente
CLI-04088,Estados Unidos,Doral,Referidos,2026-03-28,2026-03-28,1,132000,3,False,Compra única
CLI-04089,Colombia,Cali,Google Ads,2025-08-13,2025-12-29,2,244870,1,True,Recurrente
CLI-04090,Costa Rica,Cartago,Instagram Ads,2026-01-21,2026-08-06,2,194360,10,True,Recurrente
CLI-04091,Colombia,Barranquilla,Email/WhatsApp,2025-08-14,2026-02-12,3,245991,6,True,Recurrente
CLI-04092,Colombia,Medellín,Instagram Ads,2025-04-23,2026-02-23,3,449868,6,True,Recurrente
CLI-04093,Colombia,Bogotá,Email/WhatsApp,2025-01-17,2025-09-30,3,334813,1,True,Recurrente
CLI-04094,Colombia,Medellín,Instagram Ads,2025-08-11,2025-12-01,2,162440,4,True,Recurrente
CLI-04095,Colombia,Cali,Instagram Ads,2025-03-03,2025-04-03,2,219020,0,True,Recurrente
CLI-04096,Colombia,Pereira,Instagram Ads,2025-02-10,2026-05-21,3,694470,0,True,VIP
CLI-04097,Costa Rica,Heredia,Google Ads,2025-09-01,2025-11-30,2,338705,4,True,Recurrente
CLI-04098,Colombia,Medellín,Orgánico/SEO,2025-10-21,2026-04-17,3,709980,4,True,VIP
CLI-04099,Estados Unidos,Doral,Google Ads,2026-05-22,2026-05-22,1,359700,10,False,Compra única
CLI-04100,Costa Rica,Cartago,TikTok Ads,2025-07-29,2026-08-22,4,290970,0,True,Recurrente
CLI-04101,Colombia,Pereira,Instagram Ads,2025-07-20,2026-08-15,4,567097,3,True,Recurrente
CLI-04102,Colombia,Barranquilla,Google Ads,2025-06-16,2026-07-31,5,948800,8,True,VIP
CLI-04103,Colombia,Bogotá,Orgánico/SEO,2025-02-04,2026-06-30,5,530550,10,True,Recurrente
CLI-04104,Estados Unidos,Houston,TikTok Ads,2026-05-09,2026-05-22,2,262000,10,True,Recurrente
CLI-04106,Costa Rica,Alajuela,Referidos,2025-10-23,2025-11-03,2,179700,8,True,Recurrente
CLI-04107,Colombia,Bucaramanga,Google Ads,2025-01-03,2026-01-02,2,439980,0,True,Recurrente
CLI-04109,Colombia,Barranquilla,Google Ads,2025-05-19,2026-04-30,5,503980,6,True,Recurrente
CLI-04110,Colombia,Bucaramanga,Instagram Ads,2025-05-30,2026-02-17,3,679140,2,True,VIP
CLI-04111,Colombia,Medellín,Email/WhatsApp,2025-11-20,2026-06-13,2,263380,4,True,Recurrente
CLI-04112,Costa Rica,San José,Instagram Ads,2025-08-17,2025-09-18,2,145200,0,True,Recurrente
CLI-04114,Colombia,Barranquilla,Instagram Ads,2025-10-05,2026-08-10,4,580960,5,True,VIP
CLI-04115,Colombia,Cali,Orgánico/SEO,2025-02-15,2025-11-24,4,392320,7,True,Recurrente
CLI-04116,Colombia,Medellín,Google Ads,2025-01-27,2026-07-23,4,425570,3,True,Recurrente
CLI-04117,Costa Rica,San José,Instagram Ads,2025-10-16,2025-12-03,2,159300,10,True,Recurrente
CLI-04118,Costa Rica,San José,Instagram Ads,2025-08-02,2026-06-10,4,208980,7,True,Recurrente
CLI-04119,Colombia,Medellín,Email/WhatsApp,2025-02-27,2026-07-27,4,421790,3,True,Recurrente
CLI-04120,Colombia,Medellín,Google Ads,2025-11-23,2026-08-17,5,1064520,0,True,VIP
CLI-04121,Costa Rica,Alajuela,Instagram Ads,2025-11-18,2026-07-04,2,224700,3,True,Recurrente
CLI-04123,Colombia,Barranquilla,Instagram Ads,2026-01-10,2026-08-07,3,245850,7,True,Recurrente
CLI-04124,Colombia,Barranquilla,TikTok Ads,2026-03-21,2026-03-21,1,145770,5,False,Compra única
CLI-04125,Colombia,Barranquilla,TikTok Ads,2025-09-26,2026-05-27,2,91965,4,True,Recurrente
CLI-04127,Colombia,Bogotá,Referidos,2025-01-26,2025-12-13,3,719970,4,True,VIP
CLI-04128,Colombia,Cali,Email/WhatsApp,2025-07-25,2026-07-26,2,155680,7,True,Recurrente
CLI-04129,Estados Unidos,Miami,Google Ads,2026-01-28,2026-07-10,3,320920,1,True,Recurrente
CLI-04131,Colombia,Barranquilla,Email/WhatsApp,2025-10-25,2026-07-04,2,212520,2,True,Recurrente
CLI-04132,Costa Rica,Cartago,Google Ads,2025-06-10,2026-03-06,3,371882,7,True,Recurrente
CLI-04134,Colombia,Medellín,Google Ads,2025-10-26,2026-07-19,3,284970,8,True,Recurrente
CLI-04135,Colombia,Pereira,Google Ads,2025-12-11,2026-02-02,2,207673,4,True,Recurrente
CLI-04136,Costa Rica,Heredia,Referidos,2025-07-24,2025-11-08,4,599020,4,True,VIP
CLI-04137,Costa Rica,Cartago,Email/WhatsApp,2025-10-06,2026-06-02,2,210260,2,True,Recurrente
CLI-04138,Colombia,Pereira,TikTok Ads,2025-01-05,2025-05-14,3,380600,6,True,Recurrente
CLI-04139,Costa Rica,San José,Orgánico/SEO,2025-09-04,2026-06-06,4,294000,4,True,Recurrente
CLI-04140,Costa Rica,Heredia,Instagram Ads,2025-06-06,2026-08-30,4,215170,5,True,Recurrente
CLI-04141,Colombia,Barranquilla,Orgánico/SEO,2025-01-10,2026-08-26,6,749162,5,True,VIP
CLI-04143,Colombia,Pereira,TikTok Ads,2025-09-07,2026-06-17,3,226520,8,True,Recurrente
CLI-04144,Colombia,Medellín,Instagram Ads,2026-01-05,2026-05-22,2,422191,10,True,Recurrente
CLI-04145,Costa Rica,Heredia,Orgánico/SEO,2025-07-06,2026-08-22,3,289092,5,True,Recurrente
CLI-04147,Colombia,Bogotá,Instagram Ads,2025-02-21,2026-08-22,3,214071,9,True,Recurrente
CLI-04148,Costa Rica,San José,Google Ads,2025-04-11,2026-06-05,7,966960,2,True,VIP
CLI-04149,Colombia,Medellín,Instagram Ads,2025-11-19,2026-02-27,3,150596,1,True,Recurrente
CLI-04150,Colombia,Medellín,Instagram Ads,2025-05-11,2025-10-10,3,306660,6,True,Recurrente
CLI-04151,Costa Rica,San José,Instagram Ads,2025-06-01,2025-12-27,4,408350,0,True,Recurrente
CLI-04152,Estados Unidos,Orlando,Orgánico/SEO,2026-07-05,2026-07-05,1,97180,3,False,Compra única
CLI-04154,Colombia,Bucaramanga,TikTok Ads,2025-12-31,2026-05-14,3,542550,9,True,Recurrente
CLI-04155,Costa Rica,Heredia,Instagram Ads,2025-08-28,2026-01-20,3,415585,2,True,Recurrente
CLI-04156,Colombia,Cali,Orgánico/SEO,2025-01-30,2025-12-18,4,959382,9,True,VIP
CLI-04157,Colombia,Barranquilla,Instagram Ads,2025-03-31,2026-04-09,3,320943,4,True,Recurrente
CLI-04158,Costa Rica,Heredia,Orgánico/SEO,2025-12-08,2026-07-07,3,304763,2,True,Recurrente
CLI-04159,Estados Unidos,Doral,Instagram Ads,2025-10-19,2026-04-02,5,619331,2,True,VIP
CLI-04161,Costa Rica,Alajuela,Instagram Ads,2025-07-25,2026-04-15,3,643791,8,True,VIP
CLI-04162,Estados Unidos,Houston,Orgánico/SEO,2026-01-27,2026-01-27,1,179700,10,False,Compra única
CLI-04163,Estados Unidos,Doral,Orgánico/SEO,2026-07-04,2026-07-04,1,48590,9,False,Compra única
CLI-04164,Colombia,Bogotá,Referidos,2025-10-15,2026-08-13,3,543190,10,True,Recurrente
CLI-04165,Colombia,Bucaramanga,Instagram Ads,2025-03-31,2025-12-09,3,197340,3,True,Recurrente
CLI-04166,Colombia,Bogotá,Email/WhatsApp,2025-03-28,2025-03-28,1,134850,9,False,Compra única
CLI-04168,Colombia,Pereira,TikTok Ads,2026-03-15,2026-03-15,1,125070,1,False,Compra única
CLI-04169,Colombia,Medellín,Google Ads,2025-02-18,2025-11-20,2,240520,10,True,Recurrente
CLI-04170,Colombia,Barranquilla,Google Ads,2025-09-09,2026-01-29,2,200970,2,True,Recurrente
CLI-04171,Colombia,Barranquilla,Orgánico/SEO,2025-02-03,2026-08-03,5,819882,9,True,VIP
CLI-04173,Colombia,Medellín,Referidos,2025-09-27,2025-11-15,2,265570,6,True,Recurrente
CLI-04174,Colombia,Bucaramanga,Email/WhatsApp,2025-04-08,2025-04-08,1,46160,2,False,Compra única
CLI-04175,Colombia,Bucaramanga,Instagram Ads,2025-01-16,2025-12-30,3,266530,9,True,Recurrente
CLI-04176,Colombia,Barranquilla,Google Ads,2025-10-19,2025-10-19,1,62700,6,False,Compra única
CLI-04177,Colombia,Bucaramanga,Google Ads,2025-04-17,2026-08-04,4,370620,3,True,Recurrente
CLI-04178,Colombia,Bucaramanga,Email/WhatsApp,2025-03-25,2026-05-27,2,406280,6,True,Recurrente
CLI-04179,Costa Rica,San José,Instagram Ads,2025-06-23,2026-08-14,4,718760,7,True,VIP
CLI-04180,Colombia,Cali,Google Ads,2025-01-09,2026-08-18,4,457690,8,True,Recurrente
CLI-04181,Colombia,Pereira,Instagram Ads,2025-03-18,2025-08-17,4,550430,0,True,Recurrente
CLI-04183,Estados Unidos,Orlando,Email/WhatsApp,2026-03-02,2026-06-10,3,295696,10,True,Recurrente
CLI-04184,Colombia,Barranquilla,Instagram Ads,2025-09-12,2026-07-05,8,1416990,5,True,VIP
CLI-04185,Costa Rica,Cartago,Instagram Ads,2025-07-31,2025-07-31,1,399600,9,False,Compra única
CLI-04186,Costa Rica,Alajuela,Orgánico/SEO,2025-11-01,2026-05-05,4,283000,0,True,Recurrente
CLI-04187,Colombia,Bucaramanga,Instagram Ads,2025-07-29,2026-04-30,4,576470,0,True,VIP
CLI-04188,Colombia,Cali,Instagram Ads,2025-08-15,2025-11-03,2,283793,8,True,Recurrente
CLI-04189,Colombia,Medellín,Instagram Ads,2025-07-29,2025-12-17,3,736680,5,True,VIP
CLI-04190,Costa Rica,San José,Email/WhatsApp,2026-03-28,2026-06-16,2,237080,3,True,Recurrente
CLI-04191,Costa Rica,Heredia,Orgánico/SEO,2025-11-17,2025-11-17,1,79211,8,False,Compra única
CLI-04192,Colombia,Barranquilla,Instagram Ads,2025-06-13,2026-06-30,5,485366,0,True,Recurrente
CLI-04193,Estados Unidos,Miami,Google Ads,2025-10-15,2025-10-15,1,145770,2,False,Compra única
CLI-04194,Colombia,Cali,TikTok Ads,2025-09-20,2026-07-11,2,473550,3,True,Recurrente
CLI-04195,Colombia,Pereira,Referidos,2025-09-02,2026-01-15,2,136052,10,True,Recurrente
CLI-04196,Colombia,Bogotá,Instagram Ads,2025-09-02,2025-09-18,2,425570,0,True,Recurrente
CLI-04197,Costa Rica,Heredia,Email/WhatsApp,2026-05-02,2026-06-07,2,364870,2,True,Recurrente
CLI-04198,Colombia,Barranquilla,Instagram Ads,2025-11-17,2026-03-18,4,215780,1,True,Recurrente
CLI-04199,Colombia,Medellín,Instagram Ads,2025-03-13,2025-10-09,2,376180,5,True,Recurrente
CLI-04201,Costa Rica,Heredia,Google Ads,2025-08-26,2026-08-21,5,671519,7,True,VIP
CLI-04203,Costa Rica,Heredia,Instagram Ads,2026-01-26,2026-07-26,3,626713,3,True,VIP
CLI-04204,Colombia,Bucaramanga,Orgánico/SEO,2025-10-02,2025-10-02,1,87462,3,False,Compra única
CLI-04206,Colombia,Pereira,Google Ads,2025-01-06,2026-03-02,3,190650,7,True,Recurrente
CLI-04208,Colombia,Cali,Referidos,2025-01-09,2026-07-21,7,1388088,8,True,VIP
CLI-04209,Colombia,Pereira,Orgánico/SEO,2025-06-18,2026-08-12,3,283556,7,True,Recurrente
CLI-04210,Costa Rica,Heredia,Instagram Ads,2025-07-22,2025-10-09,3,373368,7,True,Recurrente
CLI-04211,Colombia,Bucaramanga,Referidos,2025-02-12,2026-08-10,3,577838,7,True,VIP
CLI-04212,Estados Unidos,Miami,Orgánico/SEO,2026-07-22,2026-07-22,1,97180,6,False,Compra única
CLI-04213,Costa Rica,San José,Instagram Ads,2025-12-11,2026-03-29,3,277740,0,True,Recurrente
CLI-04214,Costa Rica,San José,Orgánico/SEO,2025-05-19,2025-09-03,2,173250,2,True,Recurrente
CLI-04215,Estados Unidos,Houston,Instagram Ads,2026-02-28,2026-06-17,2,59538,8,True,Recurrente
CLI-04216,Colombia,Pereira,Instagram Ads,2025-01-01,2026-06-16,5,464510,9,True,Recurrente
CLI-04217,Colombia,Cali,Google Ads,2025-10-30,2026-05-29,3,260070,7,True,Recurrente
CLI-04218,Colombia,Barranquilla,Instagram Ads,2025-02-05,2026-04-08,3,643682,4,True,VIP
CLI-04219,Costa Rica,Alajuela,Email/WhatsApp,2025-04-02,2025-04-02,1,173080,4,False,Compra única
CLI-04220,Colombia,Bogotá,Instagram Ads,2025-01-28,2025-09-23,3,326095,3,True,Recurrente
CLI-04221,Costa Rica,Cartago,Orgánico/SEO,2025-07-09,2025-07-09,1,32918,2,False,Compra única
CLI-04222,Colombia,Bucaramanga,TikTok Ads,2025-07-05,2025-07-05,1,32890,6,False,Compra única
CLI-04223,Colombia,Pereira,Google Ads,2025-01-06,2025-12-01,3,377581,6,True,Recurrente
CLI-04224,Costa Rica,Cartago,Instagram Ads,2025-05-03,2025-05-03,1,194360,3,False,Compra única
CLI-04225,Colombia,Bucaramanga,Instagram Ads,2025-10-28,2026-07-14,3,695100,10,True,VIP
CLI-04226,Costa Rica,Alajuela,Google Ads,2025-11-19,2026-01-07,2,383550,1,True,Recurrente
CLI-04227,Colombia,Cali,Orgánico/SEO,2025-07-21,2026-02-23,3,311670,4,True,Recurrente
CLI-04228,Costa Rica,San José,Instagram Ads,2025-06-09,2026-02-28,3,229690,3,True,Recurrente
CLI-04229,Estados Unidos,Miami,Orgánico/SEO,2026-02-08,2026-02-12,2,135740,7,True,Recurrente
CLI-04230,Colombia,Barranquilla,Google Ads,2025-07-11,2026-02-08,3,552050,8,True,Recurrente
CLI-04231,Colombia,Bucaramanga,Google Ads,2026-07-31,2026-07-31,1,62700,9,False,Compra única
CLI-04233,Colombia,Bucaramanga,Instagram Ads,2025-04-17,2026-08-06,3,367505,0,True,Recurrente
CLI-04234,Estados Unidos,Doral,Orgánico/SEO,2026-05-22,2026-05-22,1,41690,1,False,Compra única
CLI-04235,Colombia,Barranquilla,Email/WhatsApp,2025-01-05,2026-07-24,5,757500,10,True,VIP
CLI-04236,Colombia,Bogotá,Google Ads,2025-08-07,2026-05-19,4,649140,6,True,VIP
CLI-04237,Colombia,Medellín,Instagram Ads,2026-03-16,2026-07-29,2,327780,8,True,Recurrente
CLI-04238,Colombia,Pereira,Orgánico/SEO,2025-06-11,2026-07-04,4,599470,5,True,VIP
CLI-04239,Colombia,Cali,Instagram Ads,2025-09-18,2026-05-08,3,883350,4,True,VIP
CLI-04240,Colombia,Medellín,Google Ads,2026-01-08,2026-03-26,3,338835,4,True,Recurrente
CLI-04241,Colombia,Bogotá,Google Ads,2026-05-18,2026-05-18,1,97180,0,False,Compra única
CLI-04242,Costa Rica,Cartago,Instagram Ads,2025-08-17,2026-06-29,6,881020,5,True,VIP
CLI-04243,Colombia,Bogotá,Google Ads,2025-10-18,2026-08-28,5,390650,8,True,Recurrente
CLI-04244,Colombia,Bucaramanga,Email/WhatsApp,2025-04-25,2025-11-04,2,332890,7,True,Recurrente
CLI-04245,Colombia,Medellín,Email/WhatsApp,2025-10-25,2026-02-26,2,432200,10,True,Recurrente
CLI-04246,Colombia,Bucaramanga,Instagram Ads,2025-06-17,2026-04-13,3,382450,4,True,Recurrente
CLI-04247,Costa Rica,Cartago,Instagram Ads,2025-06-07,2026-06-03,3,252890,3,True,Recurrente
CLI-04248,Colombia,Cali,Instagram Ads,2026-08-09,2026-08-09,1,419700,9,False,Compra única
CLI-04249,Estados Unidos,Doral,Referidos,2026-05-24,2026-05-24,1,89900,4,False,Compra única
CLI-04250,Colombia,Pereira,Instagram Ads,2025-01-21,2026-08-11,3,295350,4,True,Recurrente
CLI-04251,Colombia,Bucaramanga,Orgánico/SEO,2025-02-12,2026-02-16,4,324922,2,True,Recurrente
CLI-04252,Costa Rica,San José,Instagram Ads,2026-04-28,2026-04-28,1,383550,8,False,Compra única
CLI-04253,Colombia,Cali,Orgánico/SEO,2025-01-15,2026-08-09,3,133182,2,True,Recurrente
CLI-04254,Colombia,Medellín,Instagram Ads,2025-05-09,2026-06-17,4,294580,3,True,Recurrente
CLI-04255,Colombia,Bucaramanga,Referidos,2025-04-01,2026-01-11,2,172727,4,True,Recurrente
CLI-04256,Colombia,Barranquilla,TikTok Ads,2025-01-30,2026-03-22,6,928925,8,True,VIP
CLI-04257,Colombia,Bucaramanga,Instagram Ads,2025-06-23,2026-08-25,5,512630,1,True,Recurrente
CLI-04258,Costa Rica,Heredia,Referidos,2026-05-03,2026-05-03,1,46160,6,False,Compra única
CLI-04259,Costa Rica,Heredia,TikTok Ads,2025-09-07,2026-07-31,2,461390,3,True,Recurrente
CLI-04260,Colombia,Bucaramanga,Orgánico/SEO,2025-02-20,2026-01-18,4,552120,3,True,Recurrente
CLI-04261,Costa Rica,Heredia,Email/WhatsApp,2025-07-12,2025-07-12,1,97180,7,False,Compra única
CLI-04262,Colombia,Barranquilla,Instagram Ads,2025-01-24,2026-01-19,2,401002,7,True,Recurrente
CLI-04264,Colombia,Bucaramanga,Instagram Ads,2025-01-20,2026-06-15,5,918605,6,True,VIP
CLI-04265,Colombia,Bogotá,Instagram Ads,2025-02-14,2026-05-13,3,346160,9,True,Recurrente
CLI-04266,Estados Unidos,Orlando,Instagram Ads,2025-10-27,2025-10-27,1,41690,8,False,Compra única
CLI-04267,Estados Unidos,Orlando,Instagram Ads,2026-07-26,2026-08-03,2,211610,5,True,Recurrente
CLI-04268,Colombia,Pereira,Instagram Ads,2025-07-13,2026-06-30,4,484510,5,True,Recurrente
CLI-04269,Colombia,Cali,TikTok Ads,2025-02-24,2026-05-09,5,962643,10,True,VIP
CLI-04270,Estados Unidos,Doral,Referidos,2026-02-08,2026-02-08,1,125070,7,False,Compra única
CLI-04271,Colombia,Cali,TikTok Ads,2025-02-04,2026-03-28,5,364660,5,True,Recurrente
CLI-04272,Colombia,Bogotá,Instagram Ads,2025-04-27,2026-06-27,6,925204,9,True,VIP
CLI-04273,Costa Rica,Heredia,Google Ads,2026-03-23,2026-04-13,2,567845,4,True,Recurrente
CLI-04274,Colombia,Cali,Google Ads,2025-04-22,2025-11-26,4,722625,10,True,VIP
CLI-04275,Colombia,Medellín,Instagram Ads,2025-02-09,2026-08-05,7,733733,8,True,VIP
CLI-04276,Costa Rica,Heredia,Instagram Ads,2025-11-06,2026-08-28,6,699936,7,True,VIP
CLI-04277,Colombia,Pereira,Orgánico/SEO,2026-06-14,2026-07-25,2,65505,4,True,Recurrente
CLI-04278,Colombia,Bucaramanga,Email/WhatsApp,2025-11-11,2025-11-27,3,337240,1,True,Recurrente
CLI-04279,Estados Unidos,Houston,Email/WhatsApp,2025-12-01,2026-05-08,2,238550,1,True,Recurrente
CLI-04280,Colombia,Bucaramanga,Google Ads,2025-01-05,2026-04-10,5,648787,3,True,VIP
CLI-04281,Colombia,Barranquilla,TikTok Ads,2025-01-27,2026-08-28,5,879328,4,True,VIP
CLI-04282,Costa Rica,Cartago,Email/WhatsApp,2025-10-14,2026-05-19,4,696320,10,True,VIP
CLI-04283,Colombia,Cali,Referidos,2025-10-30,2026-07-13,3,231270,5,True,Recurrente
CLI-04284,Colombia,Medellín,Google Ads,2025-06-03,2026-06-30,6,1047700,1,True,VIP
CLI-04285,Colombia,Pereira,Orgánico/SEO,2025-06-22,2025-06-22,1,269700,8,False,Compra única
CLI-04286,Colombia,Cali,Instagram Ads,2025-02-15,2025-12-30,2,226550,1,True,Recurrente
CLI-04287,Costa Rica,San José,Orgánico/SEO,2025-06-13,2025-11-15,4,427180,5,True,Recurrente
CLI-04288,Colombia,Cali,Email/WhatsApp,2025-07-25,2026-04-04,4,478900,1,True,Recurrente
CLI-04289,Colombia,Medellín,Instagram Ads,2026-01-03,2026-01-03,1,98670,1,False,Compra única
CLI-04290,Costa Rica,Alajuela,Instagram Ads,2025-12-17,2025-12-17,1,83380,7,False,Compra única
CLI-04291,Colombia,Medellín,Google Ads,2026-02-06,2026-02-06,1,94050,2,False,Compra única
CLI-04294,Colombia,Medellín,Google Ads,2025-05-30,2025-05-30,1,98670,5,False,Compra única
CLI-04295,Colombia,Barranquilla,Instagram Ads,2025-01-06,2025-01-06,1,41690,7,False,Compra única
CLI-04296,Colombia,Bucaramanga,Instagram Ads,2025-05-31,2026-06-16,3,603663,5,True,VIP
CLI-04297,Estados Unidos,Orlando,Orgánico/SEO,2026-01-02,2026-03-12,2,167380,8,True,Recurrente
CLI-04298,Colombia,Bucaramanga,Instagram Ads,2025-08-13,2026-01-22,4,624774,4,True,VIP
CLI-04299,Colombia,Bogotá,Referidos,2025-12-01,2026-02-06,2,207663,7,True,Recurrente
CLI-04301,Costa Rica,San José,Referidos,2025-05-24,2026-08-21,5,1597400,2,True,VIP
CLI-04302,Estados Unidos,Doral,Email/WhatsApp,2026-01-03,2026-07-30,5,757612,3,True,VIP
CLI-04303,Colombia,Pereira,TikTok Ads,2026-04-13,2026-04-13,1,46160,9,False,Compra única
CLI-04304,Colombia,Bogotá,Google Ads,2025-02-01,2026-06-04,2,172494,0,True,Recurrente
CLI-04305,Colombia,Medellín,Instagram Ads,2025-02-19,2026-05-15,6,1140680,3,True,VIP
CLI-04306,Colombia,Medellín,Instagram Ads,2025-02-22,2026-06-13,3,653414,3,True,VIP
CLI-04307,Costa Rica,Cartago,Email/WhatsApp,2026-01-02,2026-07-22,2,238950,8,True,Recurrente
CLI-04308,Estados Unidos,Houston,Instagram Ads,2025-10-31,2026-08-06,4,481220,5,True,Recurrente
CLI-04309,Colombia,Bogotá,Instagram Ads,2025-08-10,2026-07-28,4,403653,8,True,Recurrente
CLI-04310,Estados Unidos,Orlando,Google Ads,2026-04-01,2026-04-01,1,29782,1,False,Compra única
CLI-04311,Estados Unidos,Doral,Instagram Ads,2025-11-04,2025-11-04,1,183720,2,False,Compra única
CLI-04312,Colombia,Medellín,TikTok Ads,2025-01-22,2025-07-26,2,131560,5,True,Recurrente
CLI-04314,Colombia,Medellín,Google Ads,2025-12-14,2025-12-31,2,288545,2,True,Recurrente
CLI-04315,Costa Rica,Alajuela,Orgánico/SEO,2025-05-31,2025-05-31,1,84645,10,False,Compra única
CLI-04316,Costa Rica,Heredia,Email/WhatsApp,2025-06-08,2025-10-02,3,448160,8,True,Recurrente
CLI-04317,Colombia,Barranquilla,Instagram Ads,2025-07-30,2026-04-15,3,251900,5,True,Recurrente
CLI-04318,Colombia,Bucaramanga,TikTok Ads,2025-01-28,2025-01-28,1,179800,8,False,Compra única
CLI-04319,Costa Rica,Heredia,Referidos,2025-07-03,2025-12-14,3,599850,8,True,VIP
CLI-04320,Colombia,Bogotá,Instagram Ads,2025-02-23,2026-06-10,7,913142,2,True,VIP
CLI-04321,Estados Unidos,Miami,Instagram Ads,2025-11-11,2026-05-17,4,982350,2,True,VIP
CLI-04323,Colombia,Cali,Email/WhatsApp,2025-04-06,2026-04-12,2,108790,2,True,Recurrente
CLI-04324,Costa Rica,San José,Email/WhatsApp,2025-06-17,2025-10-07,2,213955,7,True,Recurrente
CLI-04325,Colombia,Barranquilla,Instagram Ads,2025-01-14,2026-03-30,3,732051,8,True,VIP
CLI-04326,Colombia,Cali,Google Ads,2025-07-21,2025-12-27,2,180000,3,True,Recurrente
CLI-04327,Costa Rica,San José,Email/WhatsApp,2025-11-10,2026-06-09,2,310300,5,True,Recurrente
CLI-04329,Costa Rica,Alajuela,Email/WhatsApp,2025-09-14,2025-09-14,1,44950,0,False,Compra única
CLI-04330,Costa Rica,Cartago,Orgánico/SEO,2026-05-30,2026-05-30,1,62700,1,False,Compra única
CLI-04331,Costa Rica,Heredia,Instagram Ads,2025-05-07,2026-08-06,4,457010,7,True,Recurrente
CLI-04332,Colombia,Bucaramanga,TikTok Ads,2025-01-15,2025-11-18,2,240790,5,True,Recurrente
CLI-04333,Colombia,Pereira,Instagram Ads,2025-07-07,2026-05-29,4,655952,1,True,VIP
CLI-04334,Colombia,Bucaramanga,Google Ads,2025-08-18,2025-08-18,1,134850,3,False,Compra única
CLI-04335,Colombia,Bogotá,Google Ads,2026-01-05,2026-08-07,3,810450,2,True,VIP
CLI-04336,Colombia,Bogotá,Instagram Ads,2025-11-16,2026-06-12,4,557260,6,True,Recurrente
CLI-04337,Colombia,Bucaramanga,TikTok Ads,2025-11-02,2026-08-02,4,723830,7,True,VIP
CLI-04338,Colombia,Pereira,Orgánico/SEO,2025-08-19,2025-08-19,1,62700,6,False,Compra única
CLI-04339,Colombia,Bucaramanga,TikTok Ads,2025-03-27,2026-07-07,3,236643,4,True,Recurrente
CLI-04340,Costa Rica,Alajuela,Instagram Ads,2025-06-11,2025-11-25,2,65780,8,True,Recurrente
CLI-04341,Colombia,Medellín,Orgánico/SEO,2026-07-23,2026-07-23,1,256215,2,False,Compra única
CLI-04342,Colombia,Bucaramanga,TikTok Ads,2025-05-14,2026-05-23,6,428720,0,True,Recurrente
CLI-04343,Colombia,Barranquilla,Google Ads,2025-01-27,2026-06-13,6,1073238,4,True,VIP
CLI-04345,Costa Rica,Alajuela,Email/WhatsApp,2025-10-30,2026-05-09,4,657602,1,True,VIP
CLI-04346,Costa Rica,Alajuela,Referidos,2025-09-01,2026-08-31,2,182500,8,True,Recurrente
CLI-04347,Colombia,Medellín,Email/WhatsApp,2025-09-23,2026-03-09,3,306000,2,True,Recurrente
CLI-04348,Colombia,Medellín,Orgánico/SEO,2025-01-07,2026-08-09,2,217800,5,True,Recurrente
CLI-04349,Costa Rica,Alajuela,Google Ads,2025-06-24,2026-07-14,4,361150,9,True,Recurrente
CLI-04350,Colombia,Cali,Email/WhatsApp,2025-02-04,2026-05-23,4,815960,9,True,VIP
CLI-04351,Costa Rica,Cartago,Orgánico/SEO,2025-06-25,2026-07-12,4,222820,0,True,Recurrente
CLI-04352,Estados Unidos,Miami,Instagram Ads,2025-11-30,2025-11-30,1,37950,3,False,Compra única
CLI-04353,Colombia,Medellín,Instagram Ads,2025-02-15,2025-06-05,4,415965,10,True,Recurrente
CLI-04354,Colombia,Bucaramanga,Referidos,2025-05-25,2025-05-25,1,31350,9,False,Compra única
CLI-04355,Colombia,Medellín,Email/WhatsApp,2025-09-08,2025-09-08,1,145770,1,False,Compra única
CLI-04356,Colombia,Medellín,TikTok Ads,2025-11-15,2026-04-20,2,182220,5,True,Recurrente
CLI-04357,Colombia,Barranquilla,Email/WhatsApp,2025-08-12,2026-01-30,2,104390,9,True,Recurrente
CLI-04358,Colombia,Bogotá,Instagram Ads,2025-03-23,2026-08-06,5,833900,7,True,VIP
CLI-04359,Colombia,Cali,Google Ads,2025-12-31,2025-12-31,1,134850,8,False,Compra única
CLI-04360,Colombia,Bucaramanga,Google Ads,2025-01-12,2026-02-16,5,1028361,2,True,VIP
CLI-04361,Colombia,Bogotá,Google Ads,2025-04-17,2026-05-29,5,346900,3,True,Recurrente
CLI-04362,Colombia,Medellín,Instagram Ads,2025-03-29,2026-02-20,6,616820,8,True,VIP
CLI-04363,Colombia,Bucaramanga,Orgánico/SEO,2025-01-23,2026-01-27,3,509305,2,True,Recurrente
CLI-04365,Costa Rica,Cartago,Email/WhatsApp,2026-04-29,2026-04-29,1,106310,1,False,Compra única
CLI-04366,Estados Unidos,Miami,Referidos,2025-11-29,2026-06-01,3,431907,2,True,Recurrente
CLI-04367,Colombia,Bogotá,Orgánico/SEO,2025-03-25,2026-06-23,5,760194,5,True,VIP
CLI-04368,Colombia,Pereira,TikTok Ads,2025-02-23,2025-07-21,3,539268,5,True,Recurrente
CLI-04369,Estados Unidos,Doral,Orgánico/SEO,2025-10-27,2026-05-15,5,532581,5,True,Recurrente
CLI-04370,Colombia,Cali,Referidos,2025-07-20,2026-06-13,3,197950,5,True,Recurrente
CLI-04371,Colombia,Pereira,Email/WhatsApp,2025-03-24,2026-04-11,5,665660,2,True,VIP
CLI-04372,Costa Rica,Heredia,Instagram Ads,2026-02-08,2026-08-08,2,79640,9,True,Recurrente
CLI-04373,Colombia,Medellín,Google Ads,2025-05-30,2026-07-17,5,396698,3,True,Recurrente
CLI-04375,Colombia,Bucaramanga,Google Ads,2026-04-17,2026-04-17,1,184420,8,False,Compra única
CLI-04376,Estados Unidos,Doral,Google Ads,2026-05-02,2026-05-02,1,239800,3,False,Compra única
CLI-04377,Costa Rica,San José,Email/WhatsApp,2026-01-27,2026-01-27,1,67540,9,False,Compra única
CLI-04378,Colombia,Bogotá,Orgánico/SEO,2026-02-02,2026-04-17,2,76350,4,True,Recurrente
CLI-04379,Colombia,Medellín,Instagram Ads,2025-11-17,2026-05-18,3,246036,5,True,Recurrente
CLI-04380,Colombia,Bucaramanga,Instagram Ads,2026-03-15,2026-04-06,2,206095,3,True,Recurrente
CLI-04381,Colombia,Medellín,TikTok Ads,2026-07-15,2026-07-15,1,44950,2,False,Compra única
CLI-04382,Costa Rica,Heredia,Google Ads,2025-05-03,2026-01-30,4,312323,9,True,Recurrente
CLI-04383,Colombia,Pereira,Orgánico/SEO,2025-04-30,2026-08-29,7,604840,4,True,VIP
CLI-04384,Colombia,Pereira,TikTok Ads,2025-03-13,2025-03-13,1,269700,2,False,Compra única
CLI-04385,Costa Rica,San José,Instagram Ads,2026-06-25,2026-08-21,2,190770,9,True,Recurrente
CLI-04386,Costa Rica,Alajuela,Instagram Ads,2025-10-04,2026-08-02,5,682680,10,True,VIP
CLI-04387,Colombia,Medellín,TikTok Ads,2025-11-22,2026-02-07,2,203400,1,True,Recurrente
CLI-04388,Costa Rica,San José,Instagram Ads,2025-10-01,2025-10-01,1,179700,9,False,Compra única
CLI-04389,Colombia,Pereira,Google Ads,2025-03-18,2026-08-23,3,296405,0,True,Recurrente
CLI-04390,Costa Rica,Heredia,Instagram Ads,2025-10-04,2026-06-11,5,832540,3,True,VIP
CLI-04391,Colombia,Medellín,Email/WhatsApp,2025-11-07,2025-11-07,1,84645,7,False,Compra única
CLI-04392,Colombia,Cali,TikTok Ads,2025-02-18,2025-12-12,3,430265,0,True,Recurrente
CLI-04394,Colombia,Medellín,Google Ads,2026-01-03,2026-08-06,2,447700,9,True,Recurrente
CLI-04395,Colombia,Barranquilla,TikTok Ads,2025-01-07,2026-06-27,2,780053,9,True,VIP
CLI-04396,Colombia,Bogotá,Instagram Ads,2025-01-26,2026-06-26,7,732825,8,True,VIP
CLI-04397,Colombia,Barranquilla,Orgánico/SEO,2025-04-06,2026-04-07,2,208450,7,True,Recurrente
CLI-04399,Colombia,Medellín,TikTok Ads,2025-12-30,2026-05-20,3,258910,0,True,Recurrente
CLI-04400,Costa Rica,Cartago,Instagram Ads,2026-01-25,2026-04-06,2,197550,5,True,Recurrente
CLI-04401,Colombia,Barranquilla,Email/WhatsApp,2025-04-19,2026-07-22,4,449970,3,True,Recurrente
CLI-04402,Colombia,Barranquilla,TikTok Ads,2025-01-04,2025-01-04,1,37521,0,False,Compra única
CLI-04404,Colombia,Bogotá,Instagram Ads,2025-08-06,2026-07-24,2,180225,3,True,Recurrente
CLI-04405,Costa Rica,Heredia,Orgánico/SEO,2025-08-25,2026-05-11,3,220000,2,True,Recurrente
CLI-04406,Colombia,Barranquilla,Orgánico/SEO,2025-12-10,2026-02-26,2,381501,4,True,Recurrente
CLI-04408,Colombia,Bogotá,Google Ads,2025-02-20,2026-06-23,3,430300,2,True,Recurrente
CLI-04409,Costa Rica,San José,Orgánico/SEO,2026-05-27,2026-05-27,1,72105,6,False,Compra única
CLI-04410,Costa Rica,Heredia,Instagram Ads,2026-01-10,2026-05-31,2,456880,6,True,Recurrente
CLI-04411,Colombia,Bogotá,Instagram Ads,2025-02-03,2026-08-03,4,854610,0,True,VIP
CLI-04412,Colombia,Medellín,Instagram Ads,2026-01-19,2026-06-19,3,216681,7,True,Recurrente
CLI-04413,Colombia,Cali,Email/WhatsApp,2025-02-09,2026-01-28,5,471580,6,True,Recurrente
CLI-04414,Colombia,Bucaramanga,Google Ads,2025-08-29,2026-04-05,5,303190,2,True,Recurrente
CLI-04415,Costa Rica,Heredia,TikTok Ads,2025-04-19,2026-04-19,4,366378,0,True,Recurrente
CLI-04416,Costa Rica,Alajuela,Instagram Ads,2025-11-30,2026-08-12,3,452320,0,True,Recurrente
CLI-04417,Colombia,Bucaramanga,Referidos,2026-04-26,2026-04-26,1,173380,1,False,Compra única
CLI-04418,Costa Rica,Heredia,Google Ads,2025-11-26,2026-06-12,2,173080,1,True,Recurrente
CLI-04419,Colombia,Bucaramanga,Email/WhatsApp,2025-02-14,2025-11-08,2,291770,3,True,Recurrente
CLI-04420,Colombia,Bucaramanga,Google Ads,2025-12-17,2026-02-02,3,370507,5,True,Recurrente
CLI-04421,Colombia,Medellín,Orgánico/SEO,2025-10-21,2025-12-14,3,642700,10,True,VIP
CLI-04422,Estados Unidos,Orlando,Email/WhatsApp,2026-03-04,2026-08-01,3,219040,2,True,Recurrente
CLI-04423,Colombia,Cali,Google Ads,2025-02-13,2026-02-13,4,457211,8,True,Recurrente
CLI-04424,Costa Rica,Alajuela,Email/WhatsApp,2026-04-12,2026-07-04,2,373850,1,True,Recurrente
CLI-04425,Colombia,Bucaramanga,Orgánico/SEO,2025-04-09,2026-07-11,5,673142,6,True,VIP
CLI-04426,Costa Rica,San José,Email/WhatsApp,2025-09-19,2025-09-19,1,191598,4,False,Compra única
CLI-04427,Estados Unidos,Orlando,Instagram Ads,2026-01-20,2026-06-03,5,527340,0,True,Recurrente
CLI-04428,Costa Rica,Cartago,Instagram Ads,2025-10-16,2025-10-16,1,97180,0,False,Compra única
CLI-04429,Colombia,Barranquilla,Google Ads,2025-01-04,2026-04-30,7,589725,5,True,VIP
CLI-04430,Costa Rica,Alajuela,Instagram Ads,2026-01-15,2026-03-11,3,400542,2,True,Recurrente
CLI-04431,Colombia,Bucaramanga,Google Ads,2025-01-11,2026-08-23,5,359762,10,True,Recurrente
CLI-04432,Colombia,Barranquilla,TikTok Ads,2025-09-28,2026-08-04,5,764850,4,True,VIP
CLI-04433,Colombia,Bucaramanga,Orgánico/SEO,2025-09-03,2025-09-03,1,75900,7,False,Compra única
CLI-04434,Colombia,Bucaramanga,TikTok Ads,2025-07-18,2026-07-28,4,590075,3,True,VIP
CLI-04435,Colombia,Barranquilla,Instagram Ads,2025-01-13,2026-07-26,5,668502,5,True,VIP
CLI-04436,Colombia,Cali,Instagram Ads,2025-01-03,2025-09-22,3,190581,10,True,Recurrente
CLI-04437,Colombia,Barranquilla,Google Ads,2025-08-29,2026-03-10,2,157550,5,True,Recurrente
CLI-04438,Colombia,Bogotá,Google Ads,2025-08-26,2025-11-06,3,472580,4,True,Recurrente
CLI-04439,Colombia,Bogotá,Instagram Ads,2025-01-07,2026-05-17,5,606831,2,True,VIP
CLI-04440,Costa Rica,Alajuela,Email/WhatsApp,2026-05-12,2026-06-29,2,211255,4,True,Recurrente
CLI-04441,Costa Rica,Cartago,Google Ads,2025-11-07,2026-08-20,2,139380,7,True,Recurrente
CLI-04442,Colombia,Bogotá,Orgánico/SEO,2025-11-07,2026-04-25,2,217800,1,True,Recurrente
CLI-04444,Colombia,Bucaramanga,TikTok Ads,2025-07-21,2025-10-24,3,352190,3,True,Recurrente
CLI-04445,Colombia,Bucaramanga,Orgánico/SEO,2025-04-23,2025-07-26,2,159280,1,True,Recurrente
CLI-04446,Colombia,Bucaramanga,TikTok Ads,2025-05-28,2025-05-28,1,113850,9,False,Compra única
CLI-04447,Colombia,Cali,Email/WhatsApp,2025-08-11,2026-06-15,4,559020,8,True,Recurrente
CLI-04448,Colombia,Bogotá,Google Ads,2025-02-09,2026-01-21,3,225410,9,True,Recurrente
CLI-04449,Colombia,Cali,Orgánico/SEO,2025-07-13,2025-07-13,1,56905,4,False,Compra única
CLI-04450,Colombia,Pereira,Google Ads,2025-03-09,2026-07-18,3,603952,0,True,VIP
CLI-04451,Colombia,Pereira,Instagram Ads,2026-05-15,2026-05-15,1,119800,2,False,Compra única
CLI-04452,Colombia,Barranquilla,Instagram Ads,2025-03-31,2026-06-29,5,441076,1,True,Recurrente
CLI-04453,Colombia,Pereira,Orgánico/SEO,2026-07-09,2026-07-09,1,125070,2,False,Compra única
CLI-04454,Colombia,Pereira,Orgánico/SEO,2025-02-12,2025-09-10,3,743280,4,True,VIP
CLI-04455,Colombia,Bogotá,Instagram Ads,2025-09-09,2025-09-09,1,127000,5,False,Compra única
CLI-04457,Colombia,Bogotá,Google Ads,2025-12-05,2026-05-28,3,252900,7,True,Recurrente
CLI-04458,Estados Unidos,Houston,Google Ads,2026-08-29,2026-08-29,1,145770,1,False,Compra única
CLI-04459,Colombia,Pereira,TikTok Ads,2025-03-05,2026-08-05,2,218470,5,True,Recurrente
CLI-04460,Colombia,Cali,Orgánico/SEO,2025-01-31,2025-12-18,3,564472,2,True,Recurrente
CLI-04461,Costa Rica,Cartago,Google Ads,2025-08-26,2025-08-26,1,90000,8,False,Compra única
CLI-04462,Colombia,Bucaramanga,Referidos,2026-03-08,2026-06-29,4,518964,7,True,Recurrente
CLI-04463,Colombia,Pereira,Orgánico/SEO,2025-07-16,2025-10-09,2,549101,5,True,Recurrente
CLI-04464,Colombia,Bogotá,Google Ads,2026-06-10,2026-06-10,1,98670,9,False,Compra única
CLI-04465,Costa Rica,Alajuela,Instagram Ads,2026-01-29,2026-01-29,1,214970,1,False,Compra única
CLI-04467,Colombia,Barranquilla,Referidos,2025-10-29,2026-05-29,3,303320,10,True,Recurrente
CLI-04468,Colombia,Medellín,Orgánico/SEO,2025-07-27,2026-05-31,4,492140,9,True,Recurrente
CLI-04469,Colombia,Medellín,Email/WhatsApp,2026-01-30,2026-07-12,2,157960,5,True,Recurrente
CLI-04470,Costa Rica,Alajuela,Google Ads,2026-03-24,2026-03-24,1,119800,8,False,Compra única
CLI-04471,Colombia,Bucaramanga,Instagram Ads,2025-09-29,2026-08-05,5,604210,8,True,VIP
CLI-04472,Costa Rica,Heredia,Google Ads,2026-05-30,2026-05-30,1,211550,10,False,Compra única
CLI-04473,Costa Rica,San José,TikTok Ads,2025-12-01,2026-06-10,4,292705,3,True,Recurrente
CLI-04475,Costa Rica,Alajuela,TikTok Ads,2026-08-24,2026-08-24,1,94050,10,False,Compra única
CLI-04476,Costa Rica,Cartago,Instagram Ads,2026-08-07,2026-08-25,3,201130,8,True,Recurrente
CLI-04477,Colombia,Barranquilla,Email/WhatsApp,2025-12-14,2026-08-30,3,331725,2,True,Recurrente
CLI-04478,Colombia,Medellín,Instagram Ads,2025-07-02,2026-07-22,2,308900,8,True,Recurrente
CLI-04479,Colombia,Pereira,Orgánico/SEO,2025-12-20,2026-08-08,2,270740,0,True,Recurrente
CLI-04480,Colombia,Bogotá,Referidos,2025-04-11,2025-04-11,1,98670,9,False,Compra única
CLI-04481,Colombia,Cali,Google Ads,2025-01-21,2026-06-27,3,852380,0,True,VIP
CLI-04482,Colombia,Medellín,Referidos,2025-01-27,2025-06-23,3,710441,1,True,VIP
CLI-04483,Colombia,Bogotá,TikTok Ads,2025-05-17,2026-08-02,6,542466,5,True,Recurrente
CLI-04484,Colombia,Medellín,Email/WhatsApp,2025-03-20,2026-05-31,3,195800,3,True,Recurrente
CLI-04485,Colombia,Bucaramanga,Instagram Ads,2025-01-12,2026-06-07,6,668370,1,True,VIP
CLI-04486,Colombia,Bucaramanga,Orgánico/SEO,2025-01-31,2026-01-16,3,194450,3,True,Recurrente
CLI-04487,Colombia,Bucaramanga,TikTok Ads,2025-04-07,2026-08-19,4,445902,6,True,Recurrente
CLI-04488,Estados Unidos,Miami,Google Ads,2025-10-15,2026-02-18,2,147260,9,True,Recurrente
CLI-04489,Costa Rica,Cartago,Instagram Ads,2026-07-09,2026-07-09,1,119800,2,False,Compra única
CLI-04490,Estados Unidos,Doral,Email/WhatsApp,2026-08-18,2026-08-18,1,251820,5,False,Compra única
CLI-04491,Costa Rica,San José,Referidos,2025-09-04,2026-04-10,3,300922,7,True,Recurrente
CLI-04492,Colombia,Pereira,Google Ads,2025-08-07,2026-04-25,4,525991,0,True,Recurrente
CLI-04493,Costa Rica,Cartago,Instagram Ads,2025-06-05,2026-07-08,3,502281,0,True,Recurrente
CLI-04494,Colombia,Pereira,Orgánico/SEO,2025-02-09,2025-08-25,2,340446,9,True,Recurrente
CLI-04496,Colombia,Barranquilla,TikTok Ads,2025-06-22,2026-06-09,2,116270,10,True,Recurrente
CLI-04497,Colombia,Barranquilla,TikTok Ads,2025-01-05,2026-07-13,5,669560,10,True,VIP
CLI-04498,Costa Rica,Cartago,Google Ads,2025-08-06,2025-08-06,1,31350,3,False,Compra única
CLI-04499,Colombia,Bogotá,Instagram Ads,2025-04-11,2026-02-24,4,844169,3,True,VIP
CLI-04500,Colombia,Barranquilla,TikTok Ads,2025-01-29,2026-07-14,4,521440,1,True,Recurrente
CLI-04501,Costa Rica,Alajuela,Instagram Ads,2025-05-21,2026-05-15,3,181786,3,True,Recurrente
CLI-04502,Estados Unidos,Doral,Instagram Ads,2026-05-03,2026-05-03,1,279800,2,False,Compra única
CLI-04503,Costa Rica,San José,Instagram Ads,2025-05-28,2025-11-16,3,205302,5,True,Recurrente
CLI-04504,Colombia,Bucaramanga,Orgánico/SEO,2025-11-03,2025-11-03,1,239820,8,False,Compra única
CLI-04505,Costa Rica,Heredia,Email/WhatsApp,2025-09-19,2025-09-19,1,90811,9,False,Compra única
CLI-04506,Colombia,Cali,Instagram Ads,2025-06-18,2026-07-29,8,1013780,8,True,VIP
CLI-04507,Colombia,Bucaramanga,Orgánico/SEO,2025-01-23,2025-05-09,3,611551,0,True,VIP
CLI-04508,Colombia,Pereira,Instagram Ads,2025-01-18,2026-06-11,3,180290,8,True,Recurrente
CLI-04509,Estados Unidos,Orlando,Referidos,2025-10-11,2026-08-22,5,505554,4,True,Recurrente
CLI-04510,Colombia,Barranquilla,Referidos,2025-02-21,2026-04-03,3,366655,1,True,Recurrente
CLI-04511,Colombia,Barranquilla,Orgánico/SEO,2025-09-30,2026-08-23,4,470050,5,True,Recurrente
CLI-04512,Colombia,Barranquilla,Orgánico/SEO,2025-12-13,2026-02-18,2,76805,9,True,Recurrente
CLI-04513,Colombia,Bucaramanga,Email/WhatsApp,2025-01-09,2026-01-18,7,880700,3,True,VIP
CLI-04514,Colombia,Pereira,Referidos,2025-03-27,2026-05-16,5,464240,5,True,Recurrente
CLI-04515,Colombia,Medellín,Google Ads,2025-04-04,2025-10-23,4,346910,7,True,Recurrente
CLI-04516,Costa Rica,Cartago,Google Ads,2025-05-17,2025-08-15,2,74580,2,True,Recurrente
CLI-04518,Estados Unidos,Houston,Google Ads,2025-11-29,2026-08-29,6,1409475,6,True,VIP
CLI-04519,Costa Rica,Cartago,Google Ads,2025-05-11,2025-11-29,2,207800,9,True,Recurrente
CLI-04520,Estados Unidos,Orlando,Email/WhatsApp,2025-10-14,2026-08-15,3,168960,3,True,Recurrente
CLI-04521,Colombia,Bogotá,Email/WhatsApp,2025-01-27,2026-05-18,4,411830,3,True,Recurrente
CLI-04522,Colombia,Bogotá,Instagram Ads,2025-08-23,2025-08-23,1,98670,0,False,Compra única
CLI-04523,Colombia,Bucaramanga,Email/WhatsApp,2025-07-31,2026-07-18,5,386222,1,True,Recurrente
CLI-04524,Colombia,Bogotá,Referidos,2025-01-27,2026-04-20,3,440066,6,True,Recurrente
CLI-04525,Estados Unidos,Doral,TikTok Ads,2025-10-30,2025-10-30,1,82603,5,False,Compra única
CLI-04526,Colombia,Barranquilla,Google Ads,2025-01-29,2026-08-02,8,757730,0,True,VIP
CLI-04527,Colombia,Medellín,Orgánico/SEO,2025-12-09,2026-05-27,3,383550,4,True,Recurrente
CLI-04528,Costa Rica,Alajuela,Google Ads,2025-06-01,2026-08-20,3,287915,9,True,Recurrente
CLI-04529,Colombia,Medellín,Instagram Ads,2025-08-06,2026-08-30,5,529670,2,True,Recurrente
CLI-04530,Estados Unidos,Houston,Email/WhatsApp,2025-11-30,2026-07-26,4,488498,4,True,Recurrente
CLI-04531,Costa Rica,Alajuela,Email/WhatsApp,2026-04-27,2026-04-27,1,45000,2,False,Compra única
CLI-04532,Colombia,Barranquilla,Google Ads,2025-11-18,2025-11-18,1,48590,0,False,Compra única
CLI-04533,Colombia,Pereira,Instagram Ads,2025-02-20,2025-02-20,1,41690,3,False,Compra única
CLI-04534,Costa Rica,San José,Instagram Ads,2026-02-09,2026-06-02,2,288390,3,True,Recurrente
CLI-04535,Colombia,Pereira,Google Ads,2025-04-05,2025-11-26,3,182382,4,True,Recurrente
CLI-04536,Estados Unidos,Miami,Instagram Ads,2026-01-28,2026-07-27,4,396544,2,True,Recurrente
CLI-04537,Colombia,Medellín,Email/WhatsApp,2025-02-14,2026-02-07,5,572438,8,True,Recurrente
CLI-04538,Estados Unidos,Miami,Google Ads,2025-12-04,2025-12-04,1,83380,2,False,Compra única
CLI-04539,Costa Rica,Heredia,Referidos,2025-09-10,2025-09-24,2,228290,1,True,Recurrente
CLI-04540,Costa Rica,Alajuela,Google Ads,2025-05-04,2026-06-27,4,592780,4,True,VIP
CLI-04541,Colombia,Bucaramanga,TikTok Ads,2025-01-19,2026-08-24,4,409420,3,True,Recurrente
CLI-04542,Colombia,Pereira,Google Ads,2026-04-12,2026-04-12,1,84000,1,False,Compra única
CLI-04543,Colombia,Pereira,Orgánico/SEO,2025-03-08,2026-06-02,7,867506,7,True,VIP
CLI-04544,Costa Rica,Cartago,Instagram Ads,2025-08-12,2026-06-13,5,612600,6,True,VIP
CLI-04545,Costa Rica,San José,Instagram Ads,2026-03-19,2026-03-19,1,26648,4,False,Compra única
CLI-04546,Costa Rica,Cartago,Instagram Ads,2025-06-17,2026-02-22,4,325886,1,True,Recurrente
CLI-04547,Costa Rica,Heredia,Referidos,2025-06-01,2026-01-17,3,486180,5,True,Recurrente
CLI-04548,Costa Rica,Alajuela,Instagram Ads,2025-06-24,2025-06-24,1,443080,5,False,Compra única
CLI-04549,Colombia,Cali,Instagram Ads,2025-03-07,2026-08-21,2,164450,3,True,Recurrente
CLI-04550,Colombia,Bucaramanga,Instagram Ads,2025-02-22,2026-06-02,5,603504,10,True,VIP
CLI-04551,Estados Unidos,Doral,Referidos,2025-11-17,2026-07-18,4,500277,8,True,Recurrente
CLI-04552,Colombia,Bogotá,Instagram Ads,2025-05-20,2025-09-13,4,440962,2,True,Recurrente
CLI-04553,Colombia,Medellín,Google Ads,2025-01-28,2026-07-30,6,657730,0,True,VIP
CLI-04554,Colombia,Bogotá,Instagram Ads,2026-02-15,2026-02-15,1,145770,6,False,Compra única
CLI-04556,Colombia,Bucaramanga,Google Ads,2025-06-26,2026-06-02,4,655420,0,True,VIP
CLI-04557,Estados Unidos,Houston,TikTok Ads,2025-11-10,2026-03-12,3,227096,8,True,Recurrente
CLI-04558,Costa Rica,San José,Orgánico/SEO,2025-12-05,2025-12-05,1,145770,10,False,Compra única
CLI-04559,Colombia,Cali,Referidos,2026-01-23,2026-01-23,1,225710,0,False,Compra única
CLI-04560,Colombia,Barranquilla,Instagram Ads,2025-05-21,2025-05-21,1,113850,10,False,Compra única
CLI-04561,Colombia,Medellín,Google Ads,2025-02-20,2026-05-23,4,806860,6,True,VIP
CLI-04562,Costa Rica,Alajuela,Orgánico/SEO,2025-11-25,2025-11-25,1,127000,4,False,Compra única
CLI-04563,Colombia,Barranquilla,Instagram Ads,2025-02-18,2026-06-13,4,498950,8,True,Recurrente
CLI-04565,Colombia,Medellín,Email/WhatsApp,2025-02-19,2026-06-11,4,457170,2,True,Recurrente
CLI-04566,Estados Unidos,Houston,Instagram Ads,2026-01-02,2026-01-02,1,201130,5,False,Compra única
CLI-04567,Colombia,Barranquilla,Google Ads,2025-01-24,2026-07-06,4,546294,4,True,Recurrente
CLI-04568,Colombia,Pereira,Instagram Ads,2025-01-26,2026-04-01,2,346460,7,True,Recurrente
CLI-04569,Colombia,Medellín,Instagram Ads,2025-03-26,2026-08-24,3,374230,10,True,Recurrente
CLI-04570,Colombia,Pereira,Orgánico/SEO,2025-02-10,2026-08-22,7,946330,5,True,VIP
CLI-04571,Colombia,Pereira,Referidos,2025-09-01,2026-04-25,2,163020,9,True,Recurrente
CLI-04572,Colombia,Pereira,Google Ads,2025-01-08,2026-07-29,5,898500,4,True,VIP
CLI-04573,Costa Rica,Cartago,Instagram Ads,2026-05-15,2026-05-15,1,98670,4,False,Compra única
CLI-04574,Colombia,Cali,Orgánico/SEO,2025-03-28,2026-07-31,6,690470,5,True,VIP
CLI-04576,Colombia,Medellín,Orgánico/SEO,2026-08-20,2026-08-20,1,32890,7,False,Compra única
CLI-04577,Colombia,Cali,Google Ads,2025-03-11,2026-05-15,2,518500,5,True,Recurrente
CLI-04578,Costa Rica,Cartago,TikTok Ads,2025-05-24,2026-01-30,3,698473,4,True,VIP
CLI-04579,Colombia,Cali,Instagram Ads,2025-01-07,2026-05-08,5,412910,1,True,Recurrente
CLI-04580,Colombia,Medellín,Orgánico/SEO,2025-06-18,2026-08-23,5,466140,1,True,Recurrente
CLI-04581,Colombia,Barranquilla,Google Ads,2025-04-13,2026-08-09,2,180560,2,True,Recurrente
CLI-04582,Colombia,Pereira,Instagram Ads,2025-01-20,2025-12-19,4,490830,4,True,Recurrente
CLI-04584,Colombia,Barranquilla,Orgánico/SEO,2025-02-14,2026-07-24,3,375930,8,True,Recurrente
CLI-04585,Costa Rica,San José,Google Ads,2025-12-09,2025-12-09,1,75900,4,False,Compra única
CLI-04586,Colombia,Barranquilla,Referidos,2025-07-25,2026-04-19,4,910860,9,True,VIP
CLI-04587,Costa Rica,Heredia,Google Ads,2026-01-10,2026-01-23,2,273255,10,True,Recurrente
CLI-04588,Colombia,Bogotá,Orgánico/SEO,2025-05-18,2026-03-13,5,996250,6,True,VIP
CLI-04589,Colombia,Barranquilla,Orgánico/SEO,2025-12-01,2025-12-01,1,145200,8,False,Compra única
CLI-04590,Colombia,Medellín,TikTok Ads,2025-03-31,2025-09-04,4,302054,3,True,Recurrente
CLI-04591,Estados Unidos,Orlando,Instagram Ads,2025-10-11,2026-02-21,4,348530,3,True,Recurrente
CLI-04592,Colombia,Medellín,TikTok Ads,2026-04-10,2026-04-13,2,151800,6,True,Recurrente
CLI-04593,Costa Rica,Heredia,Google Ads,2026-02-02,2026-02-02,1,92321,2,False,Compra única
CLI-04594,Colombia,Pereira,Email/WhatsApp,2025-03-16,2026-06-21,3,139508,8,True,Recurrente
CLI-04595,Colombia,Pereira,Email/WhatsApp,2025-01-07,2025-11-23,3,145590,8,True,Recurrente
CLI-04596,Colombia,Bogotá,Instagram Ads,2025-02-04,2026-08-13,9,1318256,9,True,VIP
CLI-04597,Colombia,Medellín,Instagram Ads,2026-02-07,2026-08-01,4,735220,3,True,VIP
CLI-04598,Colombia,Bucaramanga,Google Ads,2025-01-25,2026-08-31,3,311800,4,True,Recurrente
CLI-04599,Colombia,Barranquilla,Instagram Ads,2025-01-02,2025-07-18,3,338700,8,True,Recurrente
CLI-04600,Colombia,Pereira,TikTok Ads,2026-03-16,2026-03-21,2,444800,6,True,Recurrente
CLI-04601,Colombia,Bucaramanga,Instagram Ads,2025-12-05,2026-01-15,2,249720,8,True,Recurrente
CLI-04602,Estados Unidos,Houston,Orgánico/SEO,2025-12-15,2026-05-30,4,577350,2,True,VIP
CLI-04603,Colombia,Cali,Google Ads,2025-04-27,2026-06-02,3,561155,10,True,Recurrente
CLI-04604,Colombia,Bucaramanga,Instagram Ads,2026-04-14,2026-04-14,1,237770,2,False,Compra única
CLI-04605,Colombia,Medellín,Email/WhatsApp,2025-03-06,2026-03-31,3,305630,3,True,Recurrente
CLI-04608,Colombia,Barranquilla,Orgánico/SEO,2026-03-07,2026-03-07,1,69300,7,False,Compra única
CLI-04609,Estados Unidos,Miami,Google Ads,2026-03-10,2026-06-22,2,145362,1,True,Recurrente
CLI-04610,Colombia,Bucaramanga,Google Ads,2025-02-21,2026-03-22,2,511830,9,True,Recurrente
CLI-04611,Colombia,Cali,Instagram Ads,2026-02-17,2026-04-12,2,187560,0,True,Recurrente
CLI-04612,Colombia,Medellín,Instagram Ads,2025-11-05,2025-11-05,1,145770,5,False,Compra única
CLI-04613,Colombia,Medellín,Google Ads,2025-08-01,2026-04-02,2,187460,6,True,Recurrente
CLI-04614,Costa Rica,Alajuela,Orgánico/SEO,2025-09-24,2026-02-06,3,363095,0,True,Recurrente
CLI-04616,Costa Rica,Heredia,Google Ads,2025-10-20,2026-07-24,4,376182,9,True,Recurrente
CLI-04617,Colombia,Barranquilla,Email/WhatsApp,2025-03-26,2026-01-02,2,174570,8,True,Recurrente
CLI-04618,Colombia,Bucaramanga,Email/WhatsApp,2025-09-28,2026-06-21,4,554548,9,True,Recurrente
CLI-04619,Colombia,Barranquilla,Google Ads,2025-08-08,2026-04-12,3,373975,2,True,Recurrente
CLI-04620,Colombia,Bogotá,Google Ads,2025-01-06,2026-08-15,8,904671,2,True,VIP
CLI-04622,Estados Unidos,Houston,Email/WhatsApp,2026-05-09,2026-05-09,1,113850,4,False,Compra única
CLI-04623,Colombia,Pereira,Google Ads,2025-03-17,2026-05-29,4,365800,4,True,Recurrente
CLI-04624,Colombia,Cali,Google Ads,2026-02-25,2026-02-25,1,32890,9,False,Compra única
CLI-04625,Colombia,Pereira,Orgánico/SEO,2025-02-22,2025-11-14,3,442227,2,True,Recurrente
CLI-04627,Colombia,Barranquilla,Google Ads,2025-01-10,2026-07-26,3,398362,0,True,Recurrente
CLI-04628,Costa Rica,Alajuela,Google Ads,2025-09-22,2026-01-09,4,322152,5,True,Recurrente
CLI-04629,Estados Unidos,Miami,Email/WhatsApp,2026-06-29,2026-06-29,1,172950,10,False,Compra única
CLI-04630,Colombia,Bogotá,Orgánico/SEO,2025-09-13,2026-06-26,4,578561,5,True,VIP
CLI-04632,Colombia,Barranquilla,Orgánico/SEO,2026-06-30,2026-07-11,2,134090,0,True,Recurrente
CLI-04633,Colombia,Cali,Google Ads,2025-05-11,2025-05-11,1,239800,1,False,Compra única
CLI-04634,Colombia,Cali,TikTok Ads,2025-01-22,2026-07-19,4,284405,7,True,Recurrente
CLI-04635,Colombia,Bogotá,Referidos,2025-10-06,2026-07-09,2,230950,0,True,Recurrente
CLI-04636,Colombia,Cali,Email/WhatsApp,2025-09-15,2025-09-15,1,242730,2,False,Compra única
CLI-04637,Colombia,Bucaramanga,Google Ads,2026-02-27,2026-05-26,2,90280,5,True,Recurrente
CLI-04638,Colombia,Bogotá,TikTok Ads,2026-01-02,2026-01-02,1,113850,0,False,Compra única
CLI-04639,Colombia,Bogotá,Orgánico/SEO,2025-02-12,2026-08-18,3,275663,6,True,Recurrente
CLI-04641,Colombia,Cali,Email/WhatsApp,2025-06-08,2026-03-22,4,436400,7,True,Recurrente
CLI-04642,Costa Rica,San José,Instagram Ads,2025-12-13,2026-06-14,3,324340,6,True,Recurrente
CLI-04643,Colombia,Cali,Google Ads,2025-01-26,2026-05-17,4,283257,2,True,Recurrente
CLI-04644,Estados Unidos,Orlando,Email/WhatsApp,2025-12-02,2025-12-02,1,265810,7,False,Compra única
CLI-04645,Colombia,Bogotá,Google Ads,2025-04-07,2026-08-31,5,968310,0,True,VIP
CLI-04646,Costa Rica,Alajuela,Instagram Ads,2025-05-06,2026-02-06,3,230340,4,True,Recurrente
CLI-04647,Estados Unidos,Orlando,Referidos,2026-03-09,2026-05-07,2,111290,2,True,Recurrente
CLI-04648,Colombia,Bogotá,Orgánico/SEO,2025-11-29,2026-05-23,3,233800,4,True,Recurrente
CLI-04649,Colombia,Medellín,TikTok Ads,2026-01-15,2026-01-16,2,130070,2,True,Recurrente
CLI-04650,Colombia,Pereira,Orgánico/SEO,2026-03-11,2026-05-01,2,217693,4,True,Recurrente
CLI-04651,Colombia,Barranquilla,Orgánico/SEO,2025-08-25,2025-11-13,2,220040,9,True,Recurrente
CLI-04652,Colombia,Pereira,Email/WhatsApp,2025-11-16,2025-11-16,1,48590,2,False,Compra única
CLI-04653,Colombia,Bogotá,Orgánico/SEO,2025-09-17,2025-09-17,1,106310,0,False,Compra única
CLI-04654,Colombia,Medellín,Instagram Ads,2025-01-07,2026-07-30,4,655330,7,True,VIP
CLI-04655,Colombia,Medellín,Email/WhatsApp,2025-06-09,2025-11-16,2,393650,9,True,Recurrente
CLI-04656,Colombia,Medellín,Email/WhatsApp,2025-02-18,2026-07-16,4,485300,9,True,Recurrente
CLI-04657,Colombia,Bogotá,Email/WhatsApp,2025-11-07,2026-08-21,4,369840,8,True,Recurrente
CLI-04658,Colombia,Bogotá,Referidos,2025-08-15,2026-08-29,4,336099,8,True,Recurrente
CLI-04659,Estados Unidos,Houston,Instagram Ads,2025-10-17,2025-11-03,2,270840,5,True,Recurrente
CLI-04660,Estados Unidos,Doral,Orgánico/SEO,2026-01-02,2026-08-10,4,724543,3,True,VIP
CLI-04661,Colombia,Cali,TikTok Ads,2025-09-09,2026-06-28,4,532328,1,True,Recurrente
CLI-04662,Costa Rica,Heredia,Email/WhatsApp,2025-09-19,2026-08-26,3,383945,4,True,Recurrente
CLI-04663,Colombia,Cali,Instagram Ads,2025-03-13,2026-02-25,6,466330,5,True,Recurrente
CLI-04664,Colombia,Medellín,Orgánico/SEO,2025-03-26,2026-01-19,3,412062,2,True,Recurrente
CLI-04665,Colombia,Barranquilla,Orgánico/SEO,2026-04-25,2026-04-25,1,398715,1,False,Compra única
CLI-04666,Colombia,Pereira,TikTok Ads,2025-02-16,2026-08-12,3,506655,6,True,Recurrente
CLI-04667,Colombia,Cali,Google Ads,2025-11-17,2026-06-26,3,230835,0,True,Recurrente
CLI-04668,Colombia,Pereira,TikTok Ads,2025-08-19,2026-05-07,2,153180,5,True,Recurrente
CLI-04669,Colombia,Cali,Google Ads,2025-01-19,2026-05-27,5,508882,6,True,Recurrente
CLI-04670,Colombia,Pereira,Instagram Ads,2025-05-04,2026-05-05,4,475480,8,True,Recurrente
CLI-04671,Colombia,Bucaramanga,Instagram Ads,2025-02-26,2026-03-26,4,755220,8,True,VIP
CLI-04672,Costa Rica,Alajuela,TikTok Ads,2025-04-29,2026-02-18,3,318560,8,True,Recurrente
CLI-04673,Colombia,Cali,Instagram Ads,2025-03-31,2026-04-24,5,694528,6,True,VIP
CLI-04674,Colombia,Cali,Instagram Ads,2026-04-01,2026-04-01,1,31246,5,False,Compra única
CLI-04675,Costa Rica,Alajuela,Instagram Ads,2026-05-03,2026-05-03,1,84000,10,False,Compra única
CLI-04676,Colombia,Pereira,Referidos,2026-01-21,2026-06-28,2,337000,9,True,Recurrente
CLI-04677,Estados Unidos,Doral,Email/WhatsApp,2026-04-11,2026-04-11,1,48590,8,False,Compra única
CLI-04678,Estados Unidos,Houston,Referidos,2026-02-06,2026-07-07,3,234080,1,True,Recurrente
CLI-04679,Colombia,Bucaramanga,Google Ads,2025-02-07,2026-06-06,5,737230,10,True,VIP
CLI-04680,Colombia,Bucaramanga,Orgánico/SEO,2025-02-20,2026-05-22,4,478403,9,True,Recurrente
CLI-04681,Costa Rica,San José,Instagram Ads,2025-05-06,2026-05-31,3,294465,6,True,Recurrente
CLI-04682,Colombia,Bogotá,Google Ads,2026-07-08,2026-07-08,1,239800,8,False,Compra única
CLI-04683,Colombia,Pereira,Referidos,2025-03-02,2026-07-12,6,633515,1,True,VIP
CLI-04684,Colombia,Pereira,Orgánico/SEO,2025-02-06,2026-08-24,4,888683,9,True,VIP
CLI-04685,Estados Unidos,Houston,TikTok Ads,2025-10-16,2026-07-20,7,817985,3,True,VIP
CLI-04686,Estados Unidos,Houston,Email/WhatsApp,2025-11-05,2026-06-03,4,437095,3,True,Recurrente
CLI-04687,Colombia,Cali,Orgánico/SEO,2025-09-08,2025-12-01,2,291540,6,True,Recurrente
CLI-04688,Colombia,Pereira,Google Ads,2025-02-28,2025-10-04,2,316173,4,True,Recurrente
CLI-04689,Costa Rica,Heredia,Google Ads,2025-05-05,2026-02-03,2,210885,2,True,Recurrente
CLI-04690,Costa Rica,Alajuela,Orgánico/SEO,2025-08-24,2026-04-03,2,211030,4,True,Recurrente
CLI-04691,Colombia,Medellín,Instagram Ads,2025-01-13,2026-06-28,6,631460,5,True,VIP
CLI-04692,Colombia,Medellín,Instagram Ads,2026-03-26,2026-03-26,1,190500,5,False,Compra única
CLI-04694,Colombia,Medellín,Google Ads,2025-09-22,2026-03-09,5,515664,10,True,Recurrente
CLI-04695,Colombia,Pereira,Google Ads,2025-02-28,2025-11-05,3,303485,1,True,Recurrente
CLI-04697,Estados Unidos,Doral,Instagram Ads,2025-11-19,2026-01-27,3,774620,0,True,VIP
CLI-04698,Colombia,Barranquilla,Instagram Ads,2026-05-07,2026-05-07,1,211550,4,False,Compra única
CLI-04699,Colombia,Bogotá,Orgánico/SEO,2025-06-25,2026-08-24,3,340075,2,True,Recurrente
CLI-04700,Costa Rica,Alajuela,TikTok Ads,2025-10-08,2026-01-19,2,187683,10,True,Recurrente
CLI-04701,Estados Unidos,Doral,Google Ads,2026-01-19,2026-01-19,1,57150,8,False,Compra única
CLI-04702,Colombia,Pereira,Instagram Ads,2025-06-06,2025-08-11,2,145770,9,True,Recurrente
CLI-04703,Costa Rica,Cartago,Email/WhatsApp,2025-08-15,2026-05-03,3,450926,8,True,Recurrente
CLI-04704,Colombia,Bogotá,Instagram Ads,2025-11-03,2025-11-25,2,173750,2,True,Recurrente
CLI-04705,Colombia,Bucaramanga,Email/WhatsApp,2026-04-23,2026-08-05,4,454000,7,True,Recurrente
CLI-04706,Colombia,Bucaramanga,Instagram Ads,2026-02-27,2026-02-27,1,273740,1,False,Compra única
CLI-04707,Colombia,Bogotá,Instagram Ads,2025-01-03,2025-01-03,1,37950,7,False,Compra única
CLI-04708,Costa Rica,Cartago,Instagram Ads,2025-07-24,2026-01-06,2,203810,1,True,Recurrente
CLI-04709,Estados Unidos,Doral,Instagram Ads,2025-10-11,2026-08-13,7,855505,3,True,VIP
CLI-04710,Costa Rica,Heredia,Google Ads,2025-10-11,2026-04-08,3,287613,7,True,Recurrente
CLI-04711,Colombia,Pereira,Instagram Ads,2025-01-12,2026-04-08,6,809330,5,True,VIP
CLI-04712,Colombia,Bucaramanga,Instagram Ads,2025-12-16,2026-04-17,6,431990,10,True,Recurrente
CLI-04713,Costa Rica,Alajuela,TikTok Ads,2026-08-05,2026-08-05,1,83380,8,False,Compra única
CLI-04714,Colombia,Pereira,TikTok Ads,2025-11-10,2026-06-26,5,467784,6,True,Recurrente
CLI-04715,Estados Unidos,Miami,Orgánico/SEO,2026-02-21,2026-04-20,3,494687,9,True,Recurrente
CLI-04716,Estados Unidos,Miami,Instagram Ads,2026-04-05,2026-07-07,5,476781,0,True,Recurrente
CLI-04717,Costa Rica,Heredia,Instagram Ads,2025-05-03,2025-12-16,3,294440,1,True,Recurrente
CLI-04718,Costa Rica,Alajuela,Google Ads,2025-05-31,2026-07-26,4,520970,9,True,Recurrente
CLI-04719,Costa Rica,Cartago,Instagram Ads,2025-05-13,2026-08-07,4,306400,1,True,Recurrente
CLI-04720,Colombia,Cali,Referidos,2025-01-14,2026-07-11,2,266840,3,True,Recurrente
CLI-04721,Estados Unidos,Orlando,Instagram Ads,2026-05-22,2026-05-22,1,63500,9,False,Compra única
CLI-04722,Colombia,Barranquilla,Email/WhatsApp,2025-04-02,2025-10-15,2,191230,8,True,Recurrente
CLI-04723,Colombia,Bogotá,Instagram Ads,2025-02-27,2025-02-27,1,41690,9,False,Compra única
CLI-04724,Colombia,Bogotá,Email/WhatsApp,2025-02-13,2025-03-26,2,197361,9,True,Recurrente
CLI-04725,Colombia,Bucaramanga,Orgánico/SEO,2026-01-22,2026-01-22,1,145770,3,False,Compra única
CLI-04726,Colombia,Bogotá,Email/WhatsApp,2026-08-25,2026-08-30,2,506240,1,True,Recurrente
CLI-04727,Colombia,Medellín,Instagram Ads,2025-03-02,2026-03-19,5,313314,10,True,Recurrente
CLI-04728,Colombia,Medellín,TikTok Ads,2025-09-25,2026-06-13,4,574860,10,True,Recurrente
CLI-04729,Estados Unidos,Miami,Referidos,2025-10-04,2026-05-20,3,279401,7,True,Recurrente
CLI-04730,Colombia,Cali,Instagram Ads,2025-10-28,2026-04-25,3,284640,7,True,Recurrente
CLI-04731,Costa Rica,Alajuela,Referidos,2026-02-26,2026-04-05,3,310985,10,True,Recurrente
CLI-04732,Colombia,Pereira,Email/WhatsApp,2026-03-20,2026-06-03,2,195800,10,True,Recurrente
CLI-04733,Estados Unidos,Orlando,Google Ads,2025-10-11,2026-08-09,2,396003,1,True,Recurrente
CLI-04734,Colombia,Pereira,Google Ads,2026-04-13,2026-04-13,1,135000,0,False,Compra única
CLI-04735,Estados Unidos,Doral,Email/WhatsApp,2025-11-06,2025-12-14,3,301050,6,True,Recurrente
CLI-04736,Costa Rica,San José,Instagram Ads,2025-09-24,2026-07-06,2,275840,6,True,Recurrente
CLI-04737,Colombia,Bucaramanga,Google Ads,2025-02-14,2026-08-12,6,501281,10,True,Recurrente
CLI-04738,Estados Unidos,Houston,Referidos,2025-12-08,2025-12-08,1,69300,3,False,Compra única
CLI-04739,Colombia,Barranquilla,Orgánico/SEO,2025-01-28,2026-08-29,5,424818,9,True,Recurrente
CLI-04740,Colombia,Pereira,Referidos,2025-01-10,2026-05-30,7,655952,3,True,VIP
CLI-04741,Colombia,Medellín,Orgánico/SEO,2025-08-07,2025-08-07,1,131970,3,False,Compra única
CLI-04742,Colombia,Medellín,Email/WhatsApp,2025-01-11,2026-07-21,4,167792,10,True,Recurrente
CLI-04743,Colombia,Pereira,Email/WhatsApp,2025-07-31,2025-07-31,1,419700,10,False,Compra única
CLI-04745,Colombia,Barranquilla,TikTok Ads,2026-01-20,2026-08-31,4,273610,8,True,Recurrente
CLI-04746,Colombia,Cali,Instagram Ads,2025-01-13,2025-09-04,4,387010,10,True,Recurrente
CLI-04748,Colombia,Barranquilla,Instagram Ads,2026-08-16,2026-08-16,1,46160,4,False,Compra única
CLI-04749,Colombia,Cali,TikTok Ads,2025-01-12,2026-04-05,6,783280,6,True,VIP
CLI-04750,Colombia,Cali,Referidos,2025-08-12,2026-08-17,3,236880,3,True,Recurrente
CLI-04751,Colombia,Pereira,TikTok Ads,2025-05-30,2026-07-08,4,331130,1,True,Recurrente
CLI-04752,Costa Rica,Heredia,Google Ads,2025-08-08,2025-08-08,1,204317,10,False,Compra única
CLI-04753,Colombia,Pereira,Email/WhatsApp,2025-06-19,2025-11-06,2,267710,5,True,Recurrente
CLI-04755,Colombia,Pereira,Instagram Ads,2025-01-11,2026-01-14,5,497512,6,True,Recurrente
CLI-04756,Colombia,Bogotá,Instagram Ads,2025-10-04,2026-03-13,4,237151,3,True,Recurrente
CLI-04757,Colombia,Bucaramanga,Google Ads,2025-05-21,2025-05-21,1,179700,0,False,Compra única
CLI-04758,Colombia,Cali,Email/WhatsApp,2025-06-17,2026-01-13,2,210475,1,True,Recurrente
CLI-04759,Colombia,Medellín,Google Ads,2026-02-14,2026-02-14,1,62491,2,False,Compra única
CLI-04760,Estados Unidos,Houston,Orgánico/SEO,2025-11-03,2026-08-22,3,441670,9,True,Recurrente
CLI-04761,Colombia,Pereira,Instagram Ads,2025-02-28,2026-04-16,5,975820,4,True,VIP
CLI-04762,Colombia,Pereira,Referidos,2025-08-08,2026-06-28,6,865590,1,True,VIP
CLI-04763,Colombia,Medellín,Instagram Ads,2026-01-14,2026-07-29,5,834455,1,True,VIP
CLI-04764,Colombia,Medellín,Google Ads,2025-03-14,2026-03-20,3,382835,1,True,Recurrente
CLI-04765,Colombia,Barranquilla,TikTok Ads,2025-04-10,2026-08-04,5,1091160,7,True,VIP
CLI-04766,Costa Rica,Alajuela,Instagram Ads,2025-05-28,2026-01-11,2,172790,10,True,Recurrente
CLI-04767,Estados Unidos,Houston,Orgánico/SEO,2025-10-10,2026-04-11,2,254160,10,True,Recurrente
CLI-04768,Colombia,Barranquilla,Instagram Ads,2025-03-16,2025-12-23,3,163320,5,True,Recurrente
CLI-04769,Colombia,Bucaramanga,Referidos,2026-04-04,2026-04-04,1,113850,4,False,Compra única
CLI-04770,Colombia,Bucaramanga,TikTok Ads,2025-08-22,2026-06-16,4,384275,7,True,Recurrente
CLI-04771,Colombia,Cali,Referidos,2025-03-24,2025-08-26,3,304700,0,True,Recurrente
CLI-04772,Costa Rica,Cartago,Orgánico/SEO,2025-09-01,2026-05-17,2,195700,4,True,Recurrente
CLI-04774,Colombia,Pereira,Google Ads,2025-03-22,2026-07-05,4,379747,5,True,Recurrente
CLI-04775,Colombia,Bogotá,Instagram Ads,2025-04-01,2026-05-07,2,152790,5,True,Recurrente
CLI-04776,Colombia,Pereira,Google Ads,2025-02-09,2026-07-02,5,342850,4,True,Recurrente
CLI-04777,Estados Unidos,Houston,Instagram Ads,2025-11-06,2025-12-25,3,497750,0,True,Recurrente
CLI-04778,Costa Rica,San José,Instagram Ads,2025-06-11,2025-12-02,3,280050,5,True,Recurrente
CLI-04779,Costa Rica,Cartago,Email/WhatsApp,2026-02-03,2026-08-27,3,314748,9,True,Recurrente
CLI-04780,Colombia,Barranquilla,Orgánico/SEO,2025-01-07,2026-05-07,6,1395771,6,True,VIP
CLI-04781,Colombia,Cali,Google Ads,2025-09-12,2026-07-07,3,352000,6,True,Recurrente
CLI-04782,Costa Rica,San José,Orgánico/SEO,2025-04-23,2026-06-21,6,822210,0,True,VIP
CLI-04783,Estados Unidos,Houston,TikTok Ads,2026-08-14,2026-08-14,1,113850,9,False,Compra única
CLI-04784,Costa Rica,San José,Google Ads,2025-11-01,2025-11-07,2,153180,6,True,Recurrente
CLI-04785,Colombia,Bogotá,TikTok Ads,2025-05-08,2026-07-10,3,276202,6,True,Recurrente
CLI-04786,Colombia,Cali,TikTok Ads,2025-03-03,2026-07-03,2,250140,0,True,Recurrente
CLI-04787,Colombia,Pereira,Instagram Ads,2025-10-11,2026-08-10,5,502900,3,True,Recurrente
CLI-04788,Colombia,Bogotá,Orgánico/SEO,2025-03-08,2026-04-05,4,437637,1,True,Recurrente
CLI-04789,Colombia,Bogotá,Orgánico/SEO,2025-03-20,2025-12-20,2,238920,3,True,Recurrente
CLI-04790,Costa Rica,San José,Google Ads,2025-04-14,2025-11-07,2,129506,8,True,Recurrente
CLI-04791,Colombia,Medellín,Google Ads,2025-05-26,2026-01-23,4,371512,6,True,Recurrente
CLI-04792,Costa Rica,Heredia,Google Ads,2026-02-09,2026-02-09,1,139900,4,False,Compra única
CLI-04793,Colombia,Cali,Google Ads,2025-10-20,2025-12-24,4,642668,5,True,VIP
CLI-04794,Colombia,Barranquilla,Email/WhatsApp,2025-06-10,2026-08-23,3,242100,1,True,Recurrente
CLI-04795,Estados Unidos,Miami,Instagram Ads,2026-04-17,2026-06-06,3,319430,7,True,Recurrente
CLI-04796,Costa Rica,Heredia,Google Ads,2025-08-03,2026-05-05,3,376502,4,True,Recurrente
CLI-04797,Colombia,Bogotá,Orgánico/SEO,2025-04-03,2026-07-26,6,1216710,10,True,VIP
CLI-04798,Colombia,Bucaramanga,Instagram Ads,2025-02-04,2025-02-04,1,62721,6,False,Compra única
CLI-04799,Colombia,Bogotá,Google Ads,2025-01-20,2026-05-11,3,199350,3,True,Recurrente
CLI-04800,Colombia,Cali,Instagram Ads,2026-02-14,2026-06-21,4,589851,3,True,VIP
CLI-04802,Colombia,Cali,Instagram Ads,2025-04-26,2026-08-13,2,105190,10,True,Recurrente
CLI-04803,Costa Rica,San José,Referidos,2025-09-09,2025-09-09,1,256460,0,False,Compra única
CLI-04804,Colombia,Bucaramanga,Orgánico/SEO,2025-01-11,2026-07-31,5,385810,8,True,Recurrente
CLI-04805,Colombia,Medellín,Email/WhatsApp,2025-01-07,2026-08-13,7,848500,1,True,VIP
CLI-04806,Colombia,Medellín,Instagram Ads,2025-10-20,2026-02-15,2,503540,3,True,Recurrente
CLI-04807,Estados Unidos,Doral,Instagram Ads,2026-07-29,2026-07-29,1,29782,2,False,Compra única
CLI-04808,Colombia,Pereira,Referidos,2025-01-25,2026-03-31,2,218570,1,True,Recurrente
CLI-04809,Colombia,Cali,Instagram Ads,2025-01-26,2026-03-18,4,515360,9,True,Recurrente
CLI-04810,Colombia,Cali,Instagram Ads,2025-12-04,2025-12-04,1,37950,5,False,Compra única
CLI-04811,Colombia,Cali,Referidos,2025-04-26,2025-04-26,1,94050,10,False,Compra única
CLI-04812,Costa Rica,Heredia,Instagram Ads,2026-01-30,2026-07-02,3,251850,8,True,Recurrente
CLI-04813,Costa Rica,Alajuela,Referidos,2026-04-30,2026-06-26,2,622065,9,True,VIP
CLI-04814,Colombia,Bucaramanga,Email/WhatsApp,2026-07-13,2026-07-13,1,59900,5,False,Compra única
CLI-04815,Colombia,Medellín,Referidos,2025-03-17,2026-06-07,3,241150,5,True,Recurrente
CLI-04816,Colombia,Bogotá,Google Ads,2026-01-11,2026-07-12,2,322878,9,True,Recurrente
CLI-04817,Colombia,Bucaramanga,TikTok Ads,2025-07-31,2025-07-31,1,279800,3,False,Compra única
CLI-04818,Colombia,Barranquilla,Instagram Ads,2025-02-22,2025-10-17,3,384795,10,True,Recurrente
CLI-04819,Colombia,Cali,TikTok Ads,2025-01-29,2026-08-04,5,521405,10,True,Recurrente
CLI-04821,Estados Unidos,Miami,Instagram Ads,2026-04-10,2026-06-03,2,555228,2,True,Recurrente
CLI-04822,Costa Rica,Cartago,Orgánico/SEO,2025-12-01,2026-08-24,3,249180,4,True,Recurrente
CLI-04823,Costa Rica,Cartago,Email/WhatsApp,2025-08-03,2026-08-11,5,872192,1,True,VIP
CLI-04824,Colombia,Cali,Referidos,2025-01-30,2025-08-10,2,260700,9,True,Recurrente
CLI-04825,Colombia,Cali,Instagram Ads,2026-06-17,2026-06-17,1,44950,7,False,Compra única
CLI-04826,Colombia,Pereira,Instagram Ads,2025-09-11,2026-03-16,2,278452,7,True,Recurrente
CLI-04828,Colombia,Pereira,Instagram Ads,2025-02-23,2026-04-11,5,679180,3,True,VIP
CLI-04829,Colombia,Barranquilla,Instagram Ads,2025-05-22,2026-05-27,5,431676,8,True,Recurrente
CLI-04830,Colombia,Cali,TikTok Ads,2025-02-19,2026-04-20,3,415030,1,True,Recurrente
CLI-04831,Colombia,Medellín,Instagram Ads,2025-03-23,2025-03-23,1,189750,9,False,Compra única
CLI-04832,Colombia,Cali,Google Ads,2025-07-17,2026-08-22,3,354240,10,True,Recurrente
CLI-04833,Costa Rica,San José,Instagram Ads,2025-08-10,2026-03-19,3,188632,7,True,Recurrente
CLI-04834,Colombia,Medellín,Google Ads,2025-05-11,2025-05-21,2,152680,6,True,Recurrente
CLI-04835,Costa Rica,Cartago,Referidos,2025-04-01,2025-11-13,2,194693,4,True,Recurrente
CLI-04837,Colombia,Bucaramanga,TikTok Ads,2026-02-15,2026-03-21,3,166430,1,True,Recurrente
CLI-04838,Costa Rica,Heredia,Instagram Ads,2025-05-02,2026-08-29,2,238920,7,True,Recurrente
CLI-04839,Colombia,Barranquilla,Google Ads,2025-01-16,2026-07-10,4,246115,8,True,Recurrente
CLI-04840,Estados Unidos,Orlando,Email/WhatsApp,2026-01-10,2026-07-03,4,391471,1,True,Recurrente
CLI-04841,Costa Rica,San José,Google Ads,2025-04-03,2026-05-05,4,420100,3,True,Recurrente
CLI-04842,Colombia,Bucaramanga,Instagram Ads,2025-03-28,2026-07-17,4,409269,7,True,Recurrente
CLI-04843,Colombia,Pereira,Google Ads,2025-06-07,2025-06-07,1,113850,7,False,Compra única
CLI-04844,Costa Rica,Alajuela,Google Ads,2025-05-20,2026-05-23,3,611991,7,True,VIP
CLI-04846,Colombia,Pereira,Instagram Ads,2025-09-03,2026-01-19,3,213210,9,True,Recurrente
CLI-04847,Colombia,Pereira,Instagram Ads,2025-01-10,2026-04-01,6,927004,8,True,VIP
CLI-04848,Colombia,Medellín,Google Ads,2025-05-03,2026-05-17,4,677847,0,True,VIP
CLI-04849,Colombia,Bogotá,TikTok Ads,2025-09-08,2026-06-06,5,872570,7,True,VIP
CLI-04851,Colombia,Barranquilla,Instagram Ads,2025-10-27,2026-01-04,2,202600,5,True,Recurrente
CLI-04852,Colombia,Medellín,Instagram Ads,2025-07-21,2025-09-06,2,328406,2,True,Recurrente
CLI-04853,Costa Rica,Heredia,Google Ads,2025-05-11,2026-04-28,4,576391,8,True,VIP
CLI-04854,Colombia,Bogotá,Email/WhatsApp,2026-08-01,2026-08-01,1,41690,5,False,Compra única
CLI-04855,Colombia,Barranquilla,TikTok Ads,2025-04-27,2026-07-11,4,419770,2,True,Recurrente
CLI-04856,Colombia,Medellín,Google Ads,2025-08-13,2026-01-04,2,436350,9,True,Recurrente
CLI-04857,Colombia,Cali,Orgánico/SEO,2025-05-10,2026-05-06,2,410440,1,True,Recurrente
CLI-04858,Colombia,Medellín,Google Ads,2025-05-11,2026-01-02,3,357621,2,True,Recurrente
CLI-04859,Colombia,Bucaramanga,Instagram Ads,2025-06-28,2026-06-03,4,348373,8,True,Recurrente
CLI-04860,Colombia,Bogotá,Orgánico/SEO,2026-01-09,2026-01-09,1,97180,3,False,Compra única
CLI-04861,Colombia,Bogotá,Instagram Ads,2026-03-04,2026-05-09,2,257750,5,True,Recurrente
CLI-04862,Costa Rica,Cartago,Instagram Ads,2025-04-02,2025-04-02,1,83380,10,False,Compra única
CLI-04863,Colombia,Bucaramanga,Instagram Ads,2025-03-30,2025-09-14,2,126670,5,True,Recurrente
CLI-04864,Colombia,Pereira,Email/WhatsApp,2025-04-10,2026-06-15,4,301346,4,True,Recurrente
CLI-04865,Colombia,Pereira,Google Ads,2025-02-19,2026-04-07,4,425230,6,True,Recurrente
CLI-04866,Colombia,Bucaramanga,Orgánico/SEO,2025-01-24,2025-12-10,3,233966,1,True,Recurrente
CLI-04867,Costa Rica,San José,Orgánico/SEO,2025-05-06,2026-07-05,6,566670,8,True,Recurrente
CLI-04868,Colombia,Cali,Referidos,2025-03-21,2026-06-05,4,302216,10,True,Recurrente
CLI-04869,Colombia,Bogotá,Referidos,2025-08-02,2026-08-05,2,291540,0,True,Recurrente
CLI-04870,Costa Rica,San José,Orgánico/SEO,2025-10-04,2025-10-04,1,62700,7,False,Compra única
CLI-04871,Colombia,Cali,Orgánico/SEO,2025-08-13,2025-12-21,2,188570,9,True,Recurrente
CLI-04872,Colombia,Barranquilla,Instagram Ads,2025-04-19,2026-06-22,5,710502,7,True,VIP
CLI-04873,Colombia,Medellín,Google Ads,2025-03-04,2025-11-10,4,282816,1,True,Recurrente
CLI-04874,Colombia,Barranquilla,TikTok Ads,2025-03-20,2025-06-29,2,397250,3,True,Recurrente
CLI-04875,Costa Rica,Cartago,Instagram Ads,2026-07-11,2026-07-23,2,299180,0,True,Recurrente
CLI-04876,Costa Rica,San José,Google Ads,2025-07-09,2026-07-01,4,428267,9,True,Recurrente
CLI-04877,Colombia,Cali,Instagram Ads,2026-05-22,2026-07-03,2,182500,1,True,Recurrente
CLI-04878,Costa Rica,Alajuela,Instagram Ads,2026-01-27,2026-06-22,2,256650,4,True,Recurrente
CLI-04879,Costa Rica,Alajuela,Google Ads,2026-07-20,2026-07-20,1,34650,7,False,Compra única
CLI-04880,Colombia,Medellín,TikTok Ads,2025-02-19,2026-06-28,5,268950,10,True,Recurrente
CLI-04881,Colombia,Bogotá,Referidos,2026-01-15,2026-08-08,2,826020,1,True,VIP
CLI-04882,Colombia,Barranquilla,TikTok Ads,2025-09-07,2025-09-07,1,34650,4,False,Compra única
CLI-04883,Colombia,Bucaramanga,Orgánico/SEO,2026-01-12,2026-08-04,4,390800,8,True,Recurrente
CLI-04884,Estados Unidos,Miami,Email/WhatsApp,2026-01-11,2026-01-11,1,32890,8,False,Compra única
CLI-04885,Estados Unidos,Orlando,Instagram Ads,2026-08-11,2026-08-11,1,94050,3,False,Compra única
CLI-04886,Colombia,Pereira,Instagram Ads,2025-10-10,2025-10-10,1,32890,0,False,Compra única
CLI-04887,Colombia,Barranquilla,TikTok Ads,2025-11-15,2026-06-11,4,459685,1,True,Recurrente
CLI-04888,Colombia,Barranquilla,Referidos,2025-03-20,2026-03-27,3,411434,6,True,Recurrente
CLI-04889,Colombia,Pereira,Instagram Ads,2025-01-25,2026-07-18,4,657068,2,True,VIP
CLI-04890,Colombia,Barranquilla,Instagram Ads,2025-07-23,2026-06-16,3,222850,9,True,Recurrente
CLI-04891,Colombia,Pereira,Google Ads,2025-05-08,2026-05-08,2,135388,5,True,Recurrente
CLI-04892,Costa Rica,Heredia,Email/WhatsApp,2025-11-09,2026-02-05,2,140360,5,True,Recurrente
CLI-04894,Colombia,Pereira,Google Ads,2025-06-13,2026-06-09,4,485520,9,True,Recurrente
CLI-04896,Colombia,Medellín,Google Ads,2025-01-31,2026-08-05,2,94750,2,True,Recurrente
CLI-04897,Colombia,Bogotá,Instagram Ads,2025-09-24,2026-07-14,6,471720,10,True,Recurrente
CLI-04898,Estados Unidos,Orlando,Instagram Ads,2026-01-23,2026-02-17,2,147800,2,True,Recurrente
CLI-04899,Colombia,Pereira,Orgánico/SEO,2025-03-23,2026-04-26,4,554596,6,True,Recurrente
CLI-04900,Colombia,Bucaramanga,Instagram Ads,2025-11-09,2026-02-08,3,484770,4,True,Recurrente
CLI-04901,Costa Rica,Cartago,Instagram Ads,2025-09-11,2026-08-21,4,460020,9,True,Recurrente
CLI-04902,Colombia,Cali,Google Ads,2026-04-08,2026-05-23,2,153242,10,True,Recurrente
CLI-04903,Colombia,Medellín,Instagram Ads,2025-02-18,2026-08-03,3,385570,4,True,Recurrente
CLI-04904,Costa Rica,Alajuela,Email/WhatsApp,2025-05-29,2026-05-26,5,453990,4,True,Recurrente
CLI-04905,Colombia,Bogotá,Instagram Ads,2025-02-17,2025-12-01,3,222070,10,True,Recurrente
CLI-04906,Colombia,Barranquilla,Email/WhatsApp,2025-10-31,2026-01-15,2,484770,2,True,Recurrente
CLI-04907,Colombia,Barranquilla,Google Ads,2026-01-31,2026-08-20,3,268230,4,True,Recurrente
CLI-04908,Colombia,Medellín,Google Ads,2026-01-14,2026-01-14,1,40455,6,False,Compra única
CLI-04909,Costa Rica,San José,Instagram Ads,2025-07-29,2025-07-29,1,134850,2,False,Compra única
CLI-04910,Colombia,Bucaramanga,Instagram Ads,2025-02-26,2026-04-04,3,288410,10,True,Recurrente
CLI-04911,Colombia,Medellín,Instagram Ads,2025-03-12,2026-02-01,4,443825,0,True,Recurrente
CLI-04912,Colombia,Barranquilla,Instagram Ads,2025-06-28,2026-06-03,3,723350,0,True,VIP
CLI-04913,Colombia,Bogotá,Email/WhatsApp,2025-09-01,2026-07-06,3,339280,4,True,Recurrente
CLI-04914,Estados Unidos,Houston,Instagram Ads,2026-01-04,2026-01-04,1,37950,4,False,Compra única
CLI-04915,Estados Unidos,Houston,Referidos,2026-02-16,2026-02-16,1,83380,8,False,Compra única
CLI-04917,Estados Unidos,Doral,TikTok Ads,2025-11-08,2025-12-03,2,227940,10,True,Recurrente
CLI-04918,Costa Rica,San José,Referidos,2025-07-01,2026-02-09,3,201231,10,True,Recurrente
CLI-04919,Colombia,Bogotá,Orgánico/SEO,2025-04-13,2026-07-23,3,476160,9,True,Recurrente
CLI-04920,Costa Rica,Cartago,Instagram Ads,2025-11-16,2025-11-16,1,135000,5,False,Compra única
CLI-04921,Colombia,Pereira,Orgánico/SEO,2025-02-17,2026-06-12,6,843340,3,True,VIP
CLI-04922,Costa Rica,Heredia,Instagram Ads,2026-07-20,2026-07-20,1,119800,0,False,Compra única
CLI-04923,Colombia,Bucaramanga,Email/WhatsApp,2025-01-06,2026-05-14,4,763420,1,True,VIP
CLI-04924,Colombia,Pereira,Email/WhatsApp,2025-01-22,2026-07-08,5,838574,0,True,VIP
CLI-04926,Estados Unidos,Orlando,Email/WhatsApp,2025-12-02,2026-07-22,3,409570,0,True,Recurrente
CLI-04927,Colombia,Bucaramanga,Email/WhatsApp,2026-06-12,2026-06-12,1,48590,6,False,Compra única
CLI-04928,Costa Rica,San José,Instagram Ads,2025-07-20,2025-07-20,1,62700,8,False,Compra única
CLI-04929,Colombia,Medellín,Instagram Ads,2026-04-24,2026-05-14,2,424360,1,True,Recurrente
CLI-04930,Costa Rica,San José,Google Ads,2025-04-01,2026-06-18,3,769950,4,True,VIP
CLI-04931,Colombia,Bogotá,Instagram Ads,2025-01-14,2026-08-30,3,253460,10,True,Recurrente
CLI-04932,Colombia,Barranquilla,Email/WhatsApp,2025-10-23,2026-08-20,3,780540,9,True,VIP
CLI-04933,Costa Rica,San José,Instagram Ads,2026-01-24,2026-01-24,1,228290,9,False,Compra única
CLI-04934,Colombia,Pereira,Google Ads,2025-01-15,2026-05-15,5,1011713,4,True,VIP
CLI-04935,Estados Unidos,Miami,Email/WhatsApp,2025-10-13,2026-07-27,3,594965,10,True,VIP
CLI-04936,Estados Unidos,Orlando,Google Ads,2025-10-22,2026-08-06,7,779098,5,True,VIP
CLI-04937,Colombia,Medellín,Google Ads,2025-03-16,2025-10-05,2,343850,8,True,Recurrente
CLI-04938,Colombia,Barranquilla,Email/WhatsApp,2025-05-25,2026-05-03,2,261670,1,True,Recurrente
CLI-04939,Colombia,Bucaramanga,Email/WhatsApp,2025-03-22,2026-07-07,2,186528,10,True,Recurrente
CLI-04940,Colombia,Bucaramanga,Orgánico/SEO,2025-07-06,2026-04-21,3,229790,10,True,Recurrente
CLI-04941,Estados Unidos,Orlando,Email/WhatsApp,2026-04-23,2026-08-03,2,125005,10,True,Recurrente
CLI-04942,Colombia,Medellín,TikTok Ads,2025-03-07,2025-03-07,1,83380,6,False,Compra única
CLI-04943,Colombia,Pereira,Orgánico/SEO,2025-01-10,2026-01-04,3,816791,2,True,VIP
CLI-04944,Costa Rica,Alajuela,Orgánico/SEO,2026-08-30,2026-08-30,1,48590,3,False,Compra única
CLI-04945,Colombia,Cali,Instagram Ads,2026-05-09,2026-06-26,3,367432,8,True,Recurrente
CLI-04946,Estados Unidos,Houston,Google Ads,2026-05-12,2026-07-18,2,190850,2,True,Recurrente
CLI-04947,Colombia,Medellín,Instagram Ads,2025-12-18,2025-12-18,1,41690,2,False,Compra única
CLI-04948,Colombia,Cali,Orgánico/SEO,2026-01-21,2026-08-12,2,276980,7,True,Recurrente
CLI-04949,Colombia,Cali,TikTok Ads,2025-06-06,2026-05-17,4,336730,3,True,Recurrente
CLI-04950,Colombia,Barranquilla,Instagram Ads,2025-05-02,2026-07-19,4,776050,1,True,VIP
CLI-04951,Estados Unidos,Houston,Email/WhatsApp,2026-06-16,2026-06-16,1,139900,5,False,Compra única
CLI-04952,Costa Rica,Cartago,Email/WhatsApp,2025-06-27,2026-02-09,2,343415,0,True,Recurrente
CLI-04953,Costa Rica,San José,Email/WhatsApp,2025-09-09,2026-06-27,3,459153,5,True,Recurrente
CLI-04954,Colombia,Bucaramanga,Google Ads,2025-02-04,2026-01-12,3,533055,9,True,Recurrente
CLI-04955,Estados Unidos,Orlando,Instagram Ads,2025-11-18,2026-07-22,2,266400,2,True,Recurrente
CLI-04957,Colombia,Barranquilla,Google Ads,2025-05-16,2025-07-09,2,297290,10,True,Recurrente
CLI-04958,Costa Rica,Alajuela,Email/WhatsApp,2025-06-08,2026-05-11,3,298010,6,True,Recurrente
CLI-04959,Costa Rica,Heredia,Instagram Ads,2025-07-01,2026-06-24,3,418650,5,True,Recurrente
CLI-04960,Colombia,Barranquilla,TikTok Ads,2025-02-28,2026-08-03,5,614880,8,True,VIP
CLI-04961,Colombia,Cali,Instagram Ads,2025-01-16,2025-05-30,2,186020,0,True,Recurrente
CLI-04962,Colombia,Bucaramanga,Google Ads,2025-05-27,2026-06-14,4,332451,1,True,Recurrente
CLI-04963,Colombia,Bucaramanga,Google Ads,2025-09-13,2026-02-09,3,254440,2,True,Recurrente
CLI-04964,Colombia,Medellín,Referidos,2026-03-20,2026-03-20,1,62700,5,False,Compra única
CLI-04965,Colombia,Bucaramanga,Instagram Ads,2025-01-05,2025-07-27,2,257950,8,True,Recurrente
CLI-04966,Colombia,Medellín,Orgánico/SEO,2025-10-14,2026-02-14,2,105840,2,True,Recurrente
CLI-04967,Colombia,Barranquilla,Orgánico/SEO,2026-01-20,2026-05-26,3,213873,10,True,Recurrente
CLI-04968,Colombia,Medellín,Orgánico/SEO,2025-03-13,2026-05-01,4,333096,0,True,Recurrente
CLI-04969,Colombia,Bucaramanga,Instagram Ads,2025-11-29,2026-06-23,3,465830,8,True,Recurrente
CLI-04970,Estados Unidos,Miami,Instagram Ads,2026-05-24,2026-08-10,2,243795,9,True,Recurrente
CLI-04971,Costa Rica,Alajuela,Email/WhatsApp,2025-08-16,2026-06-16,3,277118,3,True,Recurrente
CLI-04972,Estados Unidos,Miami,Instagram Ads,2025-10-05,2026-07-23,5,832840,7,True,VIP
CLI-04973,Colombia,Barranquilla,Google Ads,2025-04-11,2026-08-30,5,662346,7,True,VIP
CLI-04974,Colombia,Medellín,Instagram Ads,2025-01-08,2026-08-04,5,432631,8,True,Recurrente
CLI-04975,Colombia,Medellín,TikTok Ads,2026-05-03,2026-05-03,1,131193,1,False,Compra única
CLI-04976,Colombia,Medellín,Referidos,2026-05-05,2026-08-11,3,182505,8,True,Recurrente
CLI-04977,Colombia,Bogotá,Instagram Ads,2025-03-29,2026-05-08,2,206338,3,True,Recurrente
CLI-04978,Estados Unidos,Miami,Orgánico/SEO,2026-02-02,2026-04-19,3,447260,8,True,Recurrente
CLI-04979,Costa Rica,Cartago,Google Ads,2025-05-14,2026-05-15,3,445158,0,True,Recurrente
CLI-04980,Costa Rica,Alajuela,Google Ads,2025-08-12,2025-08-12,1,37950,8,False,Compra única
CLI-04981,Colombia,Bogotá,Instagram Ads,2025-06-21,2026-06-03,4,485910,7,True,Recurrente
CLI-04982,Colombia,Bucaramanga,Email/WhatsApp,2025-07-08,2025-07-08,1,37950,4,False,Compra única
CLI-04983,Colombia,Medellín,TikTok Ads,2026-02-06,2026-07-12,2,280966,2,True,Recurrente
CLI-04984,Estados Unidos,Houston,Google Ads,2025-12-07,2026-03-30,4,487062,8,True,Recurrente
CLI-04985,Costa Rica,San José,Google Ads,2025-06-07,2026-08-18,4,633730,8,True,VIP
CLI-04986,Costa Rica,Alajuela,Referidos,2025-08-21,2026-03-10,2,503080,6,True,Recurrente
CLI-04987,Colombia,Bogotá,Instagram Ads,2025-02-15,2026-01-31,3,260387,6,True,Recurrente
CLI-04988,Colombia,Bogotá,Google Ads,2025-06-21,2026-07-24,5,514390,7,True,Recurrente
CLI-04989,Colombia,Barranquilla,Email/WhatsApp,2026-01-19,2026-04-21,4,466650,5,True,Recurrente
CLI-04992,Costa Rica,Heredia,Email/WhatsApp,2026-05-09,2026-06-01,2,336270,8,True,Recurrente
CLI-04993,Colombia,Pereira,Referidos,2025-06-24,2026-04-16,3,364150,3,True,Recurrente
CLI-04994,Costa Rica,Cartago,TikTok Ads,2025-09-27,2026-08-13,6,430956,7,True,Recurrente
CLI-04995,Colombia,Cali,Orgánico/SEO,2025-11-02,2025-11-02,1,191230,0,False,Compra única
CLI-04997,Colombia,Barranquilla,TikTok Ads,2025-08-12,2026-01-23,2,289330,6,True,Recurrente
CLI-04998,Estados Unidos,Houston,Instagram Ads,2025-10-13,2026-02-19,3,145720,4,True,Recurrente
CLI-04999,Colombia,Pereira,Instagram Ads,2025-06-26,2025-11-14,2,66000,4,True,Recurrente
CLI-05000,Colombia,Medellín,Instagram Ads,2025-07-28,2025-11-10,2,435470,5,True,Recurrente
CLI-05001,Colombia,Medellín,Orgánico/SEO,2025-04-02,2026-07-11,4,994150,1,True,VIP
CLI-05002,Colombia,Bucaramanga,TikTok Ads,2025-04-26,2026-08-05,4,310816,0,True,Recurrente
CLI-05003,Colombia,Pereira,TikTok Ads,2025-01-24,2026-06-06,6,862441,0,True,VIP
CLI-05004,Colombia,Medellín,Email/WhatsApp,2025-08-24,2025-08-24,1,83240,8,False,Compra única
CLI-05005,Colombia,Bogotá,Google Ads,2025-03-03,2026-07-20,2,137393,9,True,Recurrente
CLI-05006,Colombia,Pereira,Email/WhatsApp,2025-01-27,2026-02-07,5,670093,3,True,VIP
CLI-05007,Colombia,Cali,Instagram Ads,2026-07-21,2026-08-16,2,182050,4,True,Recurrente
CLI-05008,Colombia,Barranquilla,Instagram Ads,2025-01-11,2025-09-18,3,201300,6,True,Recurrente
CLI-05009,Estados Unidos,Doral,Referidos,2025-11-07,2026-04-04,4,353264,7,True,Recurrente
CLI-05010,Colombia,Bogotá,Email/WhatsApp,2025-01-08,2026-01-26,5,753448,4,True,VIP
CLI-05011,Colombia,Medellín,Referidos,2026-05-13,2026-05-13,1,98670,0,False,Compra única
CLI-05012,Colombia,Medellín,Referidos,2025-08-06,2026-05-26,3,352910,3,True,Recurrente
CLI-05013,Estados Unidos,Miami,TikTok Ads,2026-02-08,2026-02-08,1,102465,4,False,Compra única
CLI-05014,Costa Rica,San José,Google Ads,2025-05-18,2026-06-05,3,681140,8,True,VIP
CLI-05015,Colombia,Bucaramanga,Instagram Ads,2025-08-17,2026-04-04,2,141850,5,True,Recurrente
CLI-05016,Costa Rica,San José,Instagram Ads,2026-03-16,2026-03-16,1,37950,4,False,Compra única
CLI-05017,Colombia,Barranquilla,Instagram Ads,2025-02-12,2026-08-24,5,1019813,2,True,VIP
CLI-05018,Colombia,Bucaramanga,Orgánico/SEO,2025-08-23,2026-03-17,3,183720,10,True,Recurrente
CLI-05020,Colombia,Cali,Instagram Ads,2025-01-07,2026-03-10,3,967760,7,True,VIP
CLI-05021,Costa Rica,Alajuela,TikTok Ads,2025-12-13,2026-03-03,2,147800,3,True,Recurrente
CLI-05022,Costa Rica,San José,Google Ads,2025-10-16,2026-08-25,3,285615,5,True,Recurrente
CLI-05023,Colombia,Bucaramanga,Orgánico/SEO,2025-01-23,2026-04-15,5,764130,6,True,VIP
CLI-05024,Estados Unidos,Orlando,Instagram Ads,2025-10-15,2026-07-23,2,139557,10,True,Recurrente
CLI-05025,Colombia,Barranquilla,Email/WhatsApp,2025-01-15,2025-01-15,1,238920,0,False,Compra única
CLI-05027,Colombia,Medellín,Orgánico/SEO,2025-07-16,2026-01-21,4,560553,8,True,Recurrente
CLI-05028,Colombia,Bogotá,Orgánico/SEO,2025-01-10,2026-07-28,3,381530,6,True,Recurrente
CLI-05029,Colombia,Medellín,TikTok Ads,2025-04-28,2025-12-26,3,473830,4,True,Recurrente
CLI-05031,Colombia,Pereira,Google Ads,2025-02-27,2026-02-22,3,190916,9,True,Recurrente
CLI-05032,Colombia,Medellín,Instagram Ads,2025-08-08,2026-05-14,2,90040,4,True,Recurrente
CLI-05033,Costa Rica,Cartago,Google Ads,2025-12-05,2025-12-05,1,75900,7,False,Compra única
CLI-05034,Estados Unidos,Orlando,Email/WhatsApp,2025-12-19,2025-12-19,1,94050,0,False,Compra única
CLI-05035,Colombia,Cali,Google Ads,2025-12-10,2025-12-10,1,125070,10,False,Compra única
CLI-05036,Colombia,Cali,Orgánico/SEO,2025-10-17,2026-08-30,3,391610,5,True,Recurrente
CLI-05037,Colombia,Cali,TikTok Ads,2026-08-14,2026-08-14,1,34650,4,False,Compra única
CLI-05038,Costa Rica,San José,Google Ads,2025-06-10,2026-08-08,4,484259,3,True,Recurrente
CLI-05039,Costa Rica,Heredia,Email/WhatsApp,2025-09-22,2026-08-09,5,523037,10,True,Recurrente
CLI-05040,Costa Rica,San José,TikTok Ads,2025-04-22,2026-04-16,2,183300,3,True,Recurrente
CLI-05043,Colombia,Medellín,Instagram Ads,2025-08-10,2026-07-12,4,528837,10,True,Recurrente
CLI-05044,Costa Rica,Cartago,Google Ads,2025-07-02,2026-06-29,3,509310,1,True,Recurrente
CLI-05045,Colombia,Barranquilla,TikTok Ads,2025-08-26,2026-07-15,3,408948,1,True,Recurrente
CLI-05046,Colombia,Barranquilla,Google Ads,2025-10-19,2026-02-10,3,465650,6,True,Recurrente
CLI-05047,Colombia,Cali,Email/WhatsApp,2025-01-10,2026-01-19,4,334180,0,True,Recurrente
CLI-05048,Costa Rica,Cartago,Orgánico/SEO,2025-07-26,2026-02-26,2,945680,6,True,VIP
CLI-05049,Colombia,Pereira,Orgánico/SEO,2025-10-18,2026-02-15,2,481602,5,True,Recurrente
CLI-05050,Costa Rica,Cartago,Google Ads,2025-06-18,2025-06-18,1,62491,9,False,Compra única
CLI-05051,Colombia,Barranquilla,Instagram Ads,2025-03-28,2026-01-16,3,250798,8,True,Recurrente
CLI-05052,Costa Rica,Cartago,Google Ads,2025-06-27,2026-06-24,2,415362,2,True,Recurrente
CLI-05053,Costa Rica,San José,Instagram Ads,2025-05-12,2026-06-30,3,872050,5,True,VIP
CLI-05054,Colombia,Barranquilla,Orgánico/SEO,2025-04-11,2025-10-15,3,176990,6,True,Recurrente
CLI-05055,Colombia,Cali,Instagram Ads,2025-07-26,2026-06-26,3,288345,8,True,Recurrente
CLI-05056,Colombia,Cali,Orgánico/SEO,2025-06-30,2026-06-12,3,643992,2,True,VIP
CLI-05057,Costa Rica,Alajuela,Instagram Ads,2025-10-06,2026-07-18,7,586553,1,True,VIP
CLI-05058,Costa Rica,San José,Instagram Ads,2025-07-09,2026-07-30,3,631035,2,True,VIP
CLI-05059,Colombia,Bogotá,Instagram Ads,2025-01-18,2026-05-02,3,259100,0,True,Recurrente
CLI-05060,Colombia,Barranquilla,Google Ads,2025-11-03,2026-08-03,6,354600,9,True,Recurrente
CLI-05061,Colombia,Bogotá,Orgánico/SEO,2025-07-21,2026-07-05,4,223060,1,True,Recurrente
CLI-05062,Colombia,Bucaramanga,Orgánico/SEO,2025-02-04,2025-11-09,2,177850,8,True,Recurrente
CLI-05063,Colombia,Barranquilla,Orgánico/SEO,2025-04-20,2026-01-09,5,496959,6,True,Recurrente
CLI-05064,Colombia,Bucaramanga,Instagram Ads,2025-07-31,2025-07-31,1,328545,1,False,Compra única
CLI-05065,Costa Rica,Heredia,Orgánico/SEO,2025-08-27,2025-12-17,2,129280,2,True,Recurrente
CLI-05066,Colombia,Barranquilla,Email/WhatsApp,2025-03-28,2026-07-28,5,626580,9,True,VIP
CLI-05067,Costa Rica,Alajuela,Google Ads,2025-04-26,2025-04-26,1,41690,5,False,Compra única
CLI-05068,Costa Rica,Alajuela,Google Ads,2025-06-19,2026-07-24,5,476722,1,True,Recurrente
CLI-05069,Colombia,Medellín,TikTok Ads,2026-02-23,2026-03-15,2,107932,1,True,Recurrente
CLI-05070,Colombia,Pereira,Referidos,2025-11-04,2026-07-05,4,480760,1,True,Recurrente
CLI-05071,Colombia,Bogotá,Instagram Ads,2025-05-10,2025-06-28,2,187770,3,True,Recurrente
CLI-05072,Colombia,Bucaramanga,Instagram Ads,2025-09-05,2026-02-10,4,364250,10,True,Recurrente
CLI-05073,Colombia,Barranquilla,Google Ads,2025-01-23,2025-07-14,2,324406,10,True,Recurrente
CLI-05074,Colombia,Cali,Instagram Ads,2025-01-06,2026-05-04,5,426770,1,True,Recurrente
CLI-05075,Colombia,Pereira,TikTok Ads,2026-08-15,2026-08-15,1,145770,2,False,Compra única
CLI-05076,Costa Rica,Alajuela,Google Ads,2026-05-14,2026-05-14,1,213950,4,False,Compra única
CLI-05077,Colombia,Cali,Email/WhatsApp,2026-04-27,2026-04-27,1,83380,4,False,Compra única
CLI-05078,Colombia,Medellín,Orgánico/SEO,2025-05-10,2026-07-19,6,670224,2,True,VIP
CLI-05079,Estados Unidos,Miami,Google Ads,2025-10-23,2026-05-07,2,237080,3,True,Recurrente
CLI-05080,Estados Unidos,Houston,Orgánico/SEO,2026-01-13,2026-05-26,3,499840,4,True,Recurrente
CLI-05081,Costa Rica,Heredia,Email/WhatsApp,2025-09-27,2026-02-20,2,227700,1,True,Recurrente
CLI-05082,Colombia,Cali,Instagram Ads,2025-03-16,2026-04-30,6,917945,6,True,VIP
CLI-05083,Colombia,Bogotá,Email/WhatsApp,2025-09-08,2026-04-27,2,173985,10,True,Recurrente
CLI-05084,Costa Rica,Cartago,Instagram Ads,2025-11-16,2026-05-22,2,180560,7,True,Recurrente
CLI-05085,Colombia,Cali,Email/WhatsApp,2026-06-26,2026-06-26,1,41690,1,False,Compra única
CLI-05086,Colombia,Pereira,Instagram Ads,2026-01-09,2026-01-09,1,123904,10,False,Compra única
CLI-05087,Estados Unidos,Houston,TikTok Ads,2026-05-10,2026-05-10,1,74655,6,False,Compra única
CLI-05088,Costa Rica,Heredia,Google Ads,2025-10-14,2025-10-14,1,153400,3,False,Compra única
CLI-05089,Colombia,Bogotá,TikTok Ads,2025-09-28,2025-09-28,1,75900,6,False,Compra única
CLI-05090,Estados Unidos,Miami,Email/WhatsApp,2026-06-26,2026-07-04,2,526100,3,True,Recurrente
CLI-05091,Estados Unidos,Miami,Orgánico/SEO,2026-03-14,2026-05-25,2,355700,6,True,Recurrente
CLI-05092,Colombia,Bucaramanga,Orgánico/SEO,2025-01-11,2026-08-20,6,1101602,5,True,VIP
CLI-05093,Colombia,Barranquilla,Orgánico/SEO,2025-10-17,2026-08-03,3,439190,10,True,Recurrente
CLI-05095,Costa Rica,Cartago,Instagram Ads,2025-04-25,2025-11-11,2,138276,1,True,Recurrente
CLI-05096,Colombia,Bucaramanga,Instagram Ads,2026-08-19,2026-08-19,1,62700,1,False,Compra única
CLI-05097,Colombia,Barranquilla,Referidos,2025-11-28,2026-07-05,2,92455,9,True,Recurrente
CLI-05098,Colombia,Medellín,Instagram Ads,2025-01-14,2026-06-09,4,665610,6,True,VIP
CLI-05099,Colombia,Bucaramanga,Orgánico/SEO,2025-03-15,2026-04-23,3,275370,6,True,Recurrente
CLI-05100,Colombia,Bogotá,Orgánico/SEO,2025-09-25,2025-11-27,2,230098,9,True,Recurrente
CLI-05101,Costa Rica,San José,TikTok Ads,2025-06-08,2026-01-01,4,310730,4,True,Recurrente
CLI-05102,Colombia,Pereira,Instagram Ads,2025-01-22,2026-06-17,4,832720,5,True,VIP
CLI-05103,Colombia,Pereira,Google Ads,2025-03-02,2025-06-13,2,268753,3,True,Recurrente
CLI-05104,Colombia,Medellín,TikTok Ads,2026-04-02,2026-07-16,4,883355,2,True,VIP
CLI-05105,Estados Unidos,Orlando,Referidos,2026-02-20,2026-03-26,2,283650,0,True,Recurrente
CLI-05106,Costa Rica,San José,TikTok Ads,2025-07-25,2026-01-25,2,152540,7,True,Recurrente
CLI-05107,Colombia,Pereira,Referidos,2025-03-06,2025-12-21,4,313170,2,True,Recurrente
CLI-05108,Colombia,Bogotá,Referidos,2025-04-09,2025-09-24,2,410527,3,True,Recurrente
CLI-05109,Costa Rica,Alajuela,TikTok Ads,2025-08-16,2026-07-24,3,394770,8,True,Recurrente
CLI-05110,Colombia,Barranquilla,Instagram Ads,2025-01-17,2026-08-21,8,843110,9,True,VIP
CLI-05111,Estados Unidos,Miami,TikTok Ads,2025-11-11,2025-11-19,2,127190,4,True,Recurrente
CLI-05112,Costa Rica,Alajuela,Instagram Ads,2025-11-28,2026-07-02,3,291900,1,True,Recurrente
CLI-05113,Colombia,Medellín,TikTok Ads,2025-04-04,2026-05-19,6,711413,1,True,VIP
CLI-05114,Colombia,Cali,Instagram Ads,2025-04-02,2026-08-22,3,105556,4,True,Recurrente
CLI-05115,Colombia,Cali,Orgánico/SEO,2025-02-17,2026-05-27,5,333730,5,True,Recurrente
CLI-05116,Costa Rica,Alajuela,Email/WhatsApp,2025-05-26,2026-06-24,5,555990,0,True,Recurrente
CLI-05117,Costa Rica,Heredia,Google Ads,2025-06-05,2026-05-01,5,719650,3,True,VIP
CLI-05118,Colombia,Bogotá,Orgánico/SEO,2025-07-10,2026-06-29,2,305715,8,True,Recurrente
CLI-05119,Colombia,Cali,Orgánico/SEO,2025-03-16,2025-03-16,1,170810,4,False,Compra única
CLI-05120,Colombia,Bogotá,Instagram Ads,2025-10-28,2025-11-29,2,484770,8,True,Recurrente
CLI-05121,Costa Rica,Cartago,Instagram Ads,2025-07-23,2026-07-23,4,988940,1,True,VIP
CLI-05122,Colombia,Cali,Google Ads,2025-02-16,2026-08-07,3,616955,7,True,VIP
CLI-05123,Estados Unidos,Miami,TikTok Ads,2026-04-27,2026-04-27,1,63500,8,False,Compra única
CLI-05124,Estados Unidos,Houston,Referidos,2025-10-08,2025-10-08,1,379700,5,False,Compra única
CLI-05125,Costa Rica,Heredia,TikTok Ads,2026-04-20,2026-04-20,1,75900,2,False,Compra única
CLI-05126,Colombia,Bucaramanga,Instagram Ads,2025-02-28,2026-07-09,6,487241,10,True,Recurrente
CLI-05127,Colombia,Pereira,Instagram Ads,2025-06-03,2026-03-30,3,238900,10,True,Recurrente
CLI-05129,Colombia,Medellín,TikTok Ads,2025-02-16,2026-06-23,8,1353010,1,True,VIP
CLI-05130,Estados Unidos,Doral,Instagram Ads,2025-10-17,2026-08-12,5,452730,7,True,Recurrente
CLI-05131,Colombia,Barranquilla,Orgánico/SEO,2025-01-12,2026-07-26,3,457110,2,True,Recurrente
CLI-05132,Colombia,Bogotá,Google Ads,2025-01-31,2026-06-06,7,1278525,8,True,VIP
CLI-05133,Colombia,Bogotá,Orgánico/SEO,2025-01-22,2026-03-21,3,144435,2,True,Recurrente
CLI-05135,Estados Unidos,Orlando,Orgánico/SEO,2025-12-19,2026-06-20,2,449980,8,True,Recurrente
CLI-05136,Costa Rica,Cartago,Referidos,2025-10-31,2025-10-31,1,62700,7,False,Compra única
CLI-05137,Colombia,Cali,Instagram Ads,2026-07-10,2026-07-10,1,28000,7,False,Compra única
CLI-05138,Colombia,Cali,TikTok Ads,2025-12-23,2025-12-23,1,359700,5,False,Compra única
CLI-05139,Colombia,Bucaramanga,Google Ads,2025-01-11,2025-04-11,2,388200,9,True,Recurrente
CLI-05140,Costa Rica,Heredia,Email/WhatsApp,2025-11-22,2026-07-05,5,879930,9,True,VIP
CLI-05141,Colombia,Medellín,Instagram Ads,2025-03-22,2025-11-24,3,432575,3,True,Recurrente
CLI-05142,Colombia,Cali,Orgánico/SEO,2025-03-19,2026-08-22,3,218736,6,True,Recurrente
CLI-05143,Colombia,Medellín,Orgánico/SEO,2026-06-28,2026-06-28,1,89348,1,False,Compra única
CLI-05144,Costa Rica,Heredia,Email/WhatsApp,2025-08-01,2026-07-04,6,1039362,7,True,VIP
CLI-05145,Colombia,Barranquilla,Google Ads,2025-01-16,2026-01-31,3,239245,5,True,Recurrente
CLI-05146,Colombia,Bucaramanga,Google Ads,2026-06-15,2026-08-13,2,251720,1,True,Recurrente
CLI-05147,Costa Rica,Cartago,Orgánico/SEO,2025-06-08,2025-06-08,1,134850,6,False,Compra única
CLI-05148,Costa Rica,Heredia,Google Ads,2025-10-05,2026-08-04,7,869168,6,True,VIP
CLI-05149,Colombia,Cali,Referidos,2025-10-06,2026-06-24,6,604767,1,True,VIP
CLI-05150,Colombia,Barranquilla,Google Ads,2026-03-15,2026-03-15,1,190500,3,False,Compra única
CLI-05151,Costa Rica,Heredia,Email/WhatsApp,2025-07-03,2026-02-21,4,758720,6,True,VIP
CLI-05152,Costa Rica,Cartago,Google Ads,2025-08-20,2026-08-14,9,980100,5,True,VIP
CLI-05153,Costa Rica,San José,Instagram Ads,2025-07-17,2026-06-18,3,318850,8,True,Recurrente
CLI-05154,Colombia,Pereira,Google Ads,2025-12-22,2025-12-22,1,112563,6,False,Compra única
CLI-05155,Colombia,Bucaramanga,Instagram Ads,2026-07-12,2026-07-12,1,97180,7,False,Compra única
CLI-05156,Costa Rica,San José,Google Ads,2025-05-23,2025-12-22,2,176540,3,True,Recurrente
CLI-05157,Estados Unidos,Miami,Email/WhatsApp,2026-01-18,2026-04-09,2,513750,1,True,Recurrente
CLI-05158,Costa Rica,Heredia,Orgánico/SEO,2026-01-10,2026-06-05,2,206550,4,True,Recurrente
CLI-05160,Colombia,Bogotá,TikTok Ads,2025-01-24,2026-06-18,4,696240,3,True,VIP
CLI-05161,Colombia,Pereira,Google Ads,2025-08-18,2026-08-30,4,403045,9,True,Recurrente
CLI-05162,Costa Rica,San José,Orgánico/SEO,2025-11-01,2025-11-01,1,154868,1,False,Compra única
CLI-05163,Colombia,Cali,Orgánico/SEO,2025-01-11,2026-06-24,7,604444,2,True,VIP
CLI-05164,Colombia,Barranquilla,Email/WhatsApp,2025-08-04,2025-08-04,1,63500,7,False,Compra única
CLI-05165,Colombia,Bogotá,Instagram Ads,2025-03-14,2026-04-05,4,741690,10,True,VIP
CLI-05166,Colombia,Cali,Google Ads,2025-02-11,2026-04-13,5,395831,9,True,Recurrente
CLI-05167,Colombia,Barranquilla,Instagram Ads,2025-05-20,2026-06-30,5,299720,7,True,Recurrente
CLI-05170,Colombia,Medellín,Google Ads,2025-06-03,2026-07-16,3,220210,6,True,Recurrente
CLI-05172,Colombia,Bucaramanga,Instagram Ads,2025-08-21,2026-08-27,3,590380,5,True,VIP
CLI-05173,Colombia,Medellín,Orgánico/SEO,2025-03-17,2025-04-01,2,130070,9,True,Recurrente
CLI-05174,Colombia,Pereira,Email/WhatsApp,2025-12-07,2026-04-14,3,248380,2,True,Recurrente
CLI-05175,Colombia,Bucaramanga,Google Ads,2025-06-24,2026-02-13,3,326950,6,True,Recurrente
CLI-05176,Costa Rica,Cartago,TikTok Ads,2026-01-20,2026-01-20,1,31350,10,False,Compra única
CLI-05177,Estados Unidos,Miami,Referidos,2025-11-21,2026-06-24,3,305600,0,True,Recurrente
CLI-05178,Colombia,Bogotá,TikTok Ads,2025-01-16,2025-12-19,2,93590,1,True,Recurrente
CLI-05179,Estados Unidos,Doral,Instagram Ads,2026-01-07,2026-01-07,1,84645,0,False,Compra única
CLI-05180,Colombia,Bogotá,Google Ads,2025-04-14,2025-11-03,3,169846,9,True,Recurrente
CLI-05181,Colombia,Pereira,Orgánico/SEO,2025-02-27,2026-08-29,3,585090,8,True,VIP
CLI-05182,Colombia,Cali,TikTok Ads,2025-03-05,2025-10-25,5,425972,9,True,Recurrente
CLI-05183,Colombia,Cali,Instagram Ads,2025-05-06,2025-05-06,1,279800,9,False,Compra única
CLI-05184,Estados Unidos,Houston,Email/WhatsApp,2026-08-28,2026-08-28,1,97180,7,False,Compra única
CLI-05185,Costa Rica,San José,Google Ads,2025-04-12,2026-05-30,4,650695,3,True,VIP
CLI-05186,Colombia,Bogotá,Google Ads,2025-05-05,2026-04-16,4,347465,0,True,Recurrente
CLI-05187,Costa Rica,Heredia,Orgánico/SEO,2025-08-07,2025-08-07,1,48590,5,False,Compra única
CLI-05188,Colombia,Cali,Orgánico/SEO,2025-12-03,2025-12-03,1,279800,3,False,Compra única
CLI-05189,Colombia,Cali,Instagram Ads,2025-01-13,2025-08-25,4,479140,8,True,Recurrente
CLI-05190,Colombia,Cali,TikTok Ads,2025-05-19,2026-05-24,3,625129,10,True,VIP
CLI-05191,Estados Unidos,Doral,Email/WhatsApp,2025-10-04,2026-05-15,6,669430,3,True,VIP
CLI-05193,Colombia,Medellín,Email/WhatsApp,2025-06-06,2026-08-27,5,708490,1,True,VIP
CLI-05194,Costa Rica,Alajuela,Instagram Ads,2025-09-05,2025-11-29,2,440996,4,True,Recurrente
CLI-05195,Costa Rica,Heredia,Google Ads,2025-07-23,2025-07-23,1,31350,8,False,Compra única
CLI-05196,Colombia,Bucaramanga,Instagram Ads,2026-03-29,2026-03-29,1,37950,3,False,Compra única
CLI-05197,Colombia,Cali,Instagram Ads,2025-03-02,2026-02-07,4,264081,7,True,Recurrente
CLI-05198,Costa Rica,Heredia,Orgánico/SEO,2026-02-27,2026-08-10,3,492840,2,True,Recurrente
CLI-05199,Colombia,Pereira,TikTok Ads,2025-09-09,2026-07-12,4,251998,4,True,Recurrente
CLI-05200,Colombia,Medellín,Google Ads,2025-03-15,2025-12-20,5,653715,9,True,VIP
