mes,cadena,ciudad,sku,producto,categoria,pdv_activos,unidades_sell_in,unidades_sell_out,valor_sell_out_cop,rotacion_und_pdv_mes,dias_sin_stock,inventario_cadena_und
2025-01,Tiendas naturistas,Barranquilla,AVE-HOJ,Avena en Hojuelas,Avena & Harinas,2,5,4,148000,2.0,2,1
2025-01,Tiendas naturistas,Barranquilla,COM-3GRA,Three Pack GranOLA,Combos,2,3,2,228400,1.0,2,1
2025-01,Tiendas naturistas,Barranquilla,COM-3SPR,Three Pack Spread,Combos,2,2,1,151950,0.5,5,1
2025-01,Tiendas naturistas,Barranquilla,COM-WAF,Mini Wafflera,Combos,2,2,1,118000,0.5,7,1
2025-01,Tiendas naturistas,Barranquilla,ESP-CIN,Golden Cinnamon Roll,Esparcibles,2,20,17,974950,8.5,2,3
2025-01,Tiendas naturistas,Barranquilla,ESP-CRE,Creamy Cocoa Hazelnut,Esparcibles,2,7,5,286750,2.5,6,2
2025-01,Tiendas naturistas,Barranquilla,ESP-CRU,Crunchy Cocoa Hazelnut,Esparcibles,2,2,1,57350,0.5,6,1
2025-01,Tiendas naturistas,Barranquilla,ESP-PB,Peanutty Banana Shake,Esparcibles,2,6,4,229400,2.0,0,2
2025-01,Tiendas naturistas,Barranquilla,ESP-PIS,Buttery Pistachio Cookie,Esparcibles,2,1,0,0,0.0,0,1
2025-01,Tiendas naturistas,Barranquilla,GRA-CHI,Chip Cookie,GranOLAS,2,9,6,268800,3.0,3,3
2025-01,Tiendas naturistas,Barranquilla,GRA-FUD,Fudge Cake,GranOLAS,2,9,8,358400,4.0,0,1
2025-01,Tiendas naturistas,Barranquilla,GRA-VAN,Vanilla Shortbread,GranOLAS,2,1,0,0,0.0,0,1
2025-01,Tiendas naturistas,Barranquilla,HAR-ALM,Harina de Almendra,Avena & Harinas,2,3,2,81800,1.0,0,1
2025-01,Tiendas naturistas,Barranquilla,HAR-AVE,Harina de Avena,Avena & Harinas,2,5,4,148000,2.0,2,1
2025-01,Tiendas naturistas,Barranquilla,PAN-ALM-CHO,Almendra Choco Chips,Pancakes & Waffles,2,11,11,541200,5.5,0,0
2025-01,Tiendas naturistas,Barranquilla,PAN-ALM-CHU,Almendra Churro,Pancakes & Waffles,2,6,5,246000,2.5,0,1
2025-01,Tiendas naturistas,Barranquilla,PAN-ALM-VAN,Almendra Vainilla,Pancakes & Waffles,2,4,3,147600,1.5,2,1
2025-01,Tiendas naturistas,Barranquilla,PAN-AVE-BAN,Avena Banano,Pancakes & Waffles,2,8,6,232800,3.0,0,2
2025-01,Tiendas naturistas,Barranquilla,PAN-AVE-BRO,Avena Brownie,Pancakes & Waffles,2,6,6,232800,3.0,2,0
2025-01,Tiendas naturistas,Barranquilla,PAN-AVE-VAN,Avena Vainilla,Pancakes & Waffles,2,7,6,232800,3.0,5,1
2025-01,Tiendas naturistas,Bogotá,AVE-HOJ,Avena en Hojuelas,Avena & Harinas,31,58,57,2109000,1.84,5,1
2025-01,Tiendas naturistas,Bogotá,COM-3GRA,Three Pack GranOLA,Combos,31,21,17,1941400,0.55,2,4
2025-01,Tiendas naturistas,Bogotá,COM-3SPR,Three Pack Spread,Combos,31,14,13,1975350,0.42,4,1
2025-01,Tiendas naturistas,Bogotá,COM-WAF,Mini Wafflera,Combos,31,29,22,2596000,0.71,0,7
2025-01,Tiendas naturistas,Bogotá,ESP-CIN,Golden Cinnamon Roll,Esparcibles,31,46,37,2121950,1.19,0,9
2025-01,Tiendas naturistas,Bogotá,ESP-CRE,Creamy Cocoa Hazelnut,Esparcibles,31,57,46,2638100,1.48,6,11
2025-01,Tiendas naturistas,Bogotá,ESP-CRU,Crunchy Cocoa Hazelnut,Esparcibles,31,35,27,1548450,0.87,1,8
2025-01,Tiendas naturistas,Bogotá,ESP-PB,Peanutty Banana Shake,Esparcibles,31,68,61,3498350,1.97,0,7
2025-01,Tiendas naturistas,Bogotá,ESP-PIS,Buttery Pistachio Cookie,Esparcibles,31,33,27,2023650,0.87,1,6
2025-01,Tiendas naturistas,Bogotá,GRA-CHI,Chip Cookie,GranOLAS,31,48,47,2105600,1.52,3,1
2025-01,Tiendas naturistas,Bogotá,GRA-FUD,Fudge Cake,GranOLAS,31,51,39,1747200,1.26,6,12
2025-01,Tiendas naturistas,Bogotá,GRA-VAN,Vanilla Shortbread,GranOLAS,31,31,29,1299200,0.94,3,2
2025-01,Tiendas naturistas,Bogotá,HAR-ALM,Harina de Almendra,Avena & Harinas,31,51,39,1595100,1.26,5,12
2025-01,Tiendas naturistas,Bogotá,HAR-AVE,Harina de Avena,Avena & Harinas,31,125,106,3922000,3.42,5,19
2025-01,Tiendas naturistas,Bogotá,PAN-ALM-CHO,Almendra Choco Chips,Pancakes & Waffles,31,64,54,2656800,1.74,3,10
2025-01,Tiendas naturistas,Bogotá,PAN-ALM-CHU,Almendra Churro,Pancakes & Waffles,31,28,23,1131600,0.74,0,5
2025-01,Tiendas naturistas,Bogotá,PAN-ALM-VAN,Almendra Vainilla,Pancakes & Waffles,31,84,79,3886800,2.55,0,5
2025-01,Tiendas naturistas,Bogotá,PAN-AVE-BAN,Avena Banano,Pancakes & Waffles,31,98,85,3298000,2.74,0,13
2025-01,Tiendas naturistas,Bogotá,PAN-AVE-BRO,Avena Brownie,Pancakes & Waffles,31,16,12,465600,0.39,3,4
2025-01,Tiendas naturistas,Bogotá,PAN-AVE-VAN,Avena Vainilla,Pancakes & Waffles,31,64,55,2134000,1.77,2,9
2025-01,Tiendas naturistas,Bucaramanga,COM-WAF,Mini Wafflera,Combos,2,1,0,0,0.0,10,1
2025-01,Tiendas naturistas,Bucaramanga,ESP-CIN,Golden Cinnamon Roll,Esparcibles,2,3,2,114700,1.0,2,1
2025-01,Tiendas naturistas,Bucaramanga,ESP-CRE,Creamy Cocoa Hazelnut,Esparcibles,2,2,1,57350,0.5,0,1
2025-01,Tiendas naturistas,Bucaramanga,ESP-CRU,Crunchy Cocoa Hazelnut,Esparcibles,2,3,2,114700,1.0,0,1
2025-01,Tiendas naturistas,Bucaramanga,ESP-PIS,Buttery Pistachio Cookie,Esparcibles,2,10,8,599600,4.0,2,2
2025-01,Tiendas naturistas,Bucaramanga,GRA-CHI,Chip Cookie,GranOLAS,2,19,16,716800,8.0,3,3
2025-01,Tiendas naturistas,Bucaramanga,GRA-FUD,Fudge Cake,GranOLAS,2,29,22,985600,11.0,4,7
2025-01,Tiendas naturistas,Bucaramanga,GRA-VAN,Vanilla Shortbread,GranOLAS,2,21,16,716800,8.0,1,5
2025-01,Tiendas naturistas,Bucaramanga,HAR-AVE,Harina de Avena,Avena & Harinas,2,1,0,0,0.0,8,1
2025-01,Tiendas naturistas,Bucaramanga,PAN-ALM-CHU,Almendra Churro,Pancakes & Waffles,2,6,6,295200,3.0,0,0
2025-01,Tiendas naturistas,Bucaramanga,PAN-ALM-VAN,Almendra Vainilla,Pancakes & Waffles,2,4,3,147600,1.5,2,1
2025-01,Tiendas naturistas,Bucaramanga,PAN-AVE-BAN,Avena Banano,Pancakes & Waffles,2,5,4,155200,2.0,2,1
2025-01,Tiendas naturistas,Bucaramanga,PAN-AVE-BRO,Avena Brownie,Pancakes & Waffles,2,12,10,388000,5.0,4,2
2025-01,Tiendas naturistas,Bucaramanga,PAN-AVE-VAN,Avena Vainilla,Pancakes & Waffles,2,27,25,970000,12.5,1,2
2025-01,Tiendas naturistas,Cali,AVE-HOJ,Avena en Hojuelas,Avena & Harinas,5,25,24,888000,4.8,3,1
2025-01,Tiendas naturistas,Cali,COM-3GRA,Three Pack GranOLA,Combos,5,15,13,1484600,2.6,3,2
2025-01,Tiendas naturistas,Cali,COM-3SPR,Three Pack Spread,Combos,5,23,18,2735100,3.6,0,5
2025-01,Tiendas naturistas,Cali,COM-WAF,Mini Wafflera,Combos,5,8,7,826000,1.4,1,1
2025-01,Tiendas naturistas,Cali,ESP-CIN,Golden Cinnamon Roll,Esparcibles,5,1,0,0,0.0,5,1
2025-01,Tiendas naturistas,Cali,ESP-CRE,Creamy Cocoa Hazelnut,Esparcibles,5,30,27,1548450,5.4,8,3
2025-01,Tiendas naturistas,Cali,ESP-CRU,Crunchy Cocoa Hazelnut,Esparcibles,5,5,4,229400,0.8,2,1
2025-01,Tiendas naturistas,Cali,ESP-PB,Peanutty Banana Shake,Esparcibles,5,4,3,172050,0.6,0,1
2025-01,Tiendas naturistas,Cali,ESP-PIS,Buttery Pistachio Cookie,Esparcibles,5,3,2,149900,0.4,8,1
2025-01,Tiendas naturistas,Cali,GRA-CHI,Chip Cookie,GranOLAS,5,6,5,224000,1.0,2,1
2025-01,Tiendas naturistas,Cali,GRA-FUD,Fudge Cake,GranOLAS,5,9,7,313600,1.4,4,2
2025-01,Tiendas naturistas,Cali,HAR-ALM,Harina de Almendra,Avena & Harinas,5,15,13,531700,2.6,0,2
2025-01,Tiendas naturistas,Cali,HAR-AVE,Harina de Avena,Avena & Harinas,5,50,40,1480000,8.0,3,10
2025-01,Tiendas naturistas,Cali,PAN-ALM-CHO,Almendra Choco Chips,Pancakes & Waffles,5,23,23,1131600,4.6,4,0
2025-01,Tiendas naturistas,Cali,PAN-ALM-CHU,Almendra Churro,Pancakes & Waffles,5,17,12,590400,2.4,0,5
2025-01,Tiendas naturistas,Cali,PAN-ALM-VAN,Almendra Vainilla,Pancakes & Waffles,5,30,25,1230000,5.0,6,5
2025-01,Tiendas naturistas,Cali,PAN-AVE-BAN,Avena Banano,Pancakes & Waffles,5,3,3,116400,0.6,0,0
2025-01,Tiendas naturistas,Cali,PAN-AVE-VAN,Avena Vainilla,Pancakes & Waffles,5,9,6,232800,1.2,6,3
2025-01,Tiendas naturistas,Cartagena,AVE-HOJ,Avena en Hojuelas,Avena & Harinas,4,18,18,666000,4.5,4,0
2025-01,Tiendas naturistas,Cartagena,COM-3GRA,Three Pack GranOLA,Combos,4,4,3,342600,0.75,0,1
2025-01,Tiendas naturistas,Cartagena,COM-WAF,Mini Wafflera,Combos,4,7,6,708000,1.5,8,1
2025-01,Tiendas naturistas,Cartagena,ESP-CIN,Golden Cinnamon Roll,Esparcibles,4,20,19,1089650,4.75,4,1
2025-01,Tiendas naturistas,Cartagena,ESP-CRE,Creamy Cocoa Hazelnut,Esparcibles,4,5,4,229400,1.0,0,1
2025-01,Tiendas naturistas,Cartagena,ESP-CRU,Crunchy Cocoa Hazelnut,Esparcibles,4,19,16,917600,4.0,3,3
2025-01,Tiendas naturistas,Cartagena,ESP-PB,Peanutty Banana Shake,Esparcibles,4,14,10,573500,2.5,6,4
2025-01,Tiendas naturistas,Cartagena,ESP-PIS,Buttery Pistachio Cookie,Esparcibles,4,1,0,0,0.0,0,1
2025-01,Tiendas naturistas,Cartagena,GRA-CHI,Chip Cookie,GranOLAS,4,19,14,627200,3.5,3,5
2025-01,Tiendas naturistas,Cartagena,GRA-VAN,Vanilla Shortbread,GranOLAS,4,21,18,806400,4.5,7,3
2025-01,Tiendas naturistas,Cartagena,HAR-ALM,Harina de Almendra,Avena & Harinas,4,9,8,327200,2.0,0,1
2025-01,Tiendas naturistas,Cartagena,HAR-AVE,Harina de Avena,Avena & Harinas,4,21,17,629000,4.25,3,4
2025-01,Tiendas naturistas,Cartagena,PAN-ALM-CHU,Almendra Churro,Pancakes & Waffles,4,11,10,492000,2.5,5,1
2025-01,Tiendas naturistas,Cartagena,PAN-ALM-VAN,Almendra Vainilla,Pancakes & Waffles,4,5,4,196800,1.0,3,1
2025-01,Tiendas naturistas,Cartagena,PAN-AVE-BAN,Avena Banano,Pancakes & Waffles,4,34,33,1280400,8.25,4,1
2025-01,Tiendas naturistas,Cartagena,PAN-AVE-BRO,Avena Brownie,Pancakes & Waffles,4,10,8,310400,2.0,3,2
2025-01,Tiendas naturistas,Cartagena,PAN-AVE-VAN,Avena Vainilla,Pancakes & Waffles,4,18,15,582000,3.75,0,3
2025-01,Tiendas naturistas,Manizales,AVE-HOJ,Avena en Hojuelas,Avena & Harinas,1,4,3,111000,3.0,4,1
2025-01,Tiendas naturistas,Manizales,COM-3SPR,Three Pack Spread,Combos,1,1,0,0,0.0,0,1
2025-01,Tiendas naturistas,Manizales,COM-WAF,Mini Wafflera,Combos,1,2,2,236000,2.0,9,0
2025-01,Tiendas naturistas,Manizales,ESP-CRU,Crunchy Cocoa Hazelnut,Esparcibles,1,4,3,172050,3.0,6,1
2025-01,Tiendas naturistas,Manizales,ESP-PIS,Buttery Pistachio Cookie,Esparcibles,1,3,2,149900,2.0,4,1
2025-01,Tiendas naturistas,Manizales,GRA-CHI,Chip Cookie,GranOLAS,1,5,4,179200,4.0,4,1
2025-01,Tiendas naturistas,Manizales,GRA-FUD,Fudge Cake,GranOLAS,1,10,8,358400,8.0,0,2
2025-01,Tiendas naturistas,Manizales,HAR-ALM,Harina de Almendra,Avena & Harinas,1,4,3,122700,3.0,2,1
2025-01,Tiendas naturistas,Manizales,HAR-AVE,Harina de Avena,Avena & Harinas,1,1,0,0,0.0,5,1
2025-01,Tiendas naturistas,Manizales,PAN-ALM-CHO,Almendra Choco Chips,Pancakes & Waffles,1,2,1,49200,1.0,3,1
2025-01,Tiendas naturistas,Manizales,PAN-ALM-CHU,Almendra Churro,Pancakes & Waffles,1,3,2,98400,2.0,0,1
2025-01,Tiendas naturistas,Manizales,PAN-AVE-BAN,Avena Banano,Pancakes & Waffles,1,6,4,155200,4.0,3,2
2025-01,Tiendas naturistas,Manizales,PAN-AVE-BRO,Avena Brownie,Pancakes & Waffles,1,6,5,194000,5.0,0,1
2025-01,Tiendas naturistas,Medellín,AVE-HOJ,Avena en Hojuelas,Avena & Harinas,13,19,13,481000,1.0,6,6
2025-01,Tiendas naturistas,Medellín,COM-3GRA,Three Pack GranOLA,Combos,13,6,5,571000,0.38,2,1
2025-01,Tiendas naturistas,Medellín,COM-3SPR,Three Pack Spread,Combos,13,9,7,1063650,0.54,2,2
2025-01,Tiendas naturistas,Medellín,COM-WAF,Mini Wafflera,Combos,13,7,6,708000,0.46,2,1
2025-01,Tiendas naturistas,Medellín,ESP-CIN,Golden Cinnamon Roll,Esparcibles,13,7,5,286750,0.38,0,2
2025-01,Tiendas naturistas,Medellín,ESP-CRE,Creamy Cocoa Hazelnut,Esparcibles,13,28,26,1491100,2.0,4,2
2025-01,Tiendas naturistas,Medellín,ESP-CRU,Crunchy Cocoa Hazelnut,Esparcibles,13,41,41,2351350,3.15,5,0
2025-01,Tiendas naturistas,Medellín,ESP-PB,Peanutty Banana Shake,Esparcibles,13,13,10,573500,0.77,0,3
2025-01,Tiendas naturistas,Medellín,ESP-PIS,Buttery Pistachio Cookie,Esparcibles,13,25,22,1648900,1.69,0,3
2025-01,Tiendas naturistas,Medellín,GRA-CHI,Chip Cookie,GranOLAS,13,18,13,582400,1.0,1,5
2025-01,Tiendas naturistas,Medellín,GRA-FUD,Fudge Cake,GranOLAS,13,30,28,1254400,2.15,1,2
2025-01,Tiendas naturistas,Medellín,GRA-VAN,Vanilla Shortbread,GranOLAS,13,38,34,1523200,2.62,0,4
2025-01,Tiendas naturistas,Medellín,HAR-ALM,Harina de Almendra,Avena & Harinas,13,33,32,1308800,2.46,0,1
2025-01,Tiendas naturistas,Medellín,HAR-AVE,Harina de Avena,Avena & Harinas,13,47,47,1739000,3.62,4,0
2025-01,Tiendas naturistas,Medellín,PAN-ALM-CHO,Almendra Choco Chips,Pancakes & Waffles,13,21,20,984000,1.54,3,1
2025-01,Tiendas naturistas,Medellín,PAN-ALM-CHU,Almendra Churro,Pancakes & Waffles,13,23,20,984000,1.54,4,3
2025-01,Tiendas naturistas,Medellín,PAN-ALM-VAN,Almendra Vainilla,Pancakes & Waffles,13,28,26,1279200,2.0,4,2
2025-01,Tiendas naturistas,Medellín,PAN-AVE-BAN,Avena Banano,Pancakes & Waffles,13,20,20,776000,1.54,3,0
2025-01,Tiendas naturistas,Medellín,PAN-AVE-BRO,Avena Brownie,Pancakes & Waffles,13,5,4,155200,0.31,3,1
2025-01,Tiendas naturistas,Medellín,PAN-AVE-VAN,Avena Vainilla,Pancakes & Waffles,13,2,1,38800,0.08,2,1
2025-01,Tiendas naturistas,Pereira,AVE-HOJ,Avena en Hojuelas,Avena & Harinas,4,29,25,925000,6.25,7,4
2025-01,Tiendas naturistas,Pereira,COM-3GRA,Three Pack GranOLA,Combos,4,3,2,228400,0.5,0,1
2025-01,Tiendas naturistas,Pereira,COM-3SPR,Three Pack Spread,Combos,4,7,6,911700,1.5,8,1
2025-01,Tiendas naturistas,Pereira,COM-WAF,Mini Wafflera,Combos,4,10,10,1180000,2.5,2,0
2025-01,Tiendas naturistas,Pereira,ESP-CIN,Golden Cinnamon Roll,Esparcibles,4,15,13,745550,3.25,3,2
2025-01,Tiendas naturistas,Pereira,ESP-CRE,Creamy Cocoa Hazelnut,Esparcibles,4,24,21,1204350,5.25,0,3
2025-01,Tiendas naturistas,Pereira,ESP-CRU,Crunchy Cocoa Hazelnut,Esparcibles,4,2,1,57350,0.25,5,1
2025-01,Tiendas naturistas,Pereira,ESP-PB,Peanutty Banana Shake,Esparcibles,4,48,47,2695450,11.75,0,1
2025-01,Tiendas naturistas,Pereira,ESP-PIS,Buttery Pistachio Cookie,Esparcibles,4,12,10,749500,2.5,4,2
2025-01,Tiendas naturistas,Pereira,GRA-CHI,Chip Cookie,GranOLAS,4,11,9,403200,2.25,3,2
2025-01,Tiendas naturistas,Pereira,GRA-FUD,Fudge Cake,GranOLAS,4,2,1,44800,0.25,1,1
2025-01,Tiendas naturistas,Pereira,HAR-ALM,Harina de Almendra,Avena & Harinas,4,20,16,654400,4.0,7,4
2025-01,Tiendas naturistas,Pereira,HAR-AVE,Harina de Avena,Avena & Harinas,4,8,6,222000,1.5,2,2
2025-01,Tiendas naturistas,Pereira,PAN-ALM-CHO,Almendra Choco Chips,Pancakes & Waffles,4,7,5,246000,1.25,6,2
2025-01,Tiendas naturistas,Pereira,PAN-ALM-CHU,Almendra Churro,Pancakes & Waffles,4,19,16,787200,4.0,4,3
2025-01,Tiendas naturistas,Pereira,PAN-ALM-VAN,Almendra Vainilla,Pancakes & Waffles,4,15,11,541200,2.75,2,4
2025-01,Tiendas naturistas,Pereira,PAN-AVE-BAN,Avena Banano,Pancakes & Waffles,4,14,12,465600,3.0,5,2
2025-01,Tiendas naturistas,Pereira,PAN-AVE-BRO,Avena Brownie,Pancakes & Waffles,4,13,12,465600,3.0,0,1
2025-01,Tiendas naturistas,Pereira,PAN-AVE-VAN,Avena Vainilla,Pancakes & Waffles,4,22,19,737200,4.75,0,3
2025-01,Éxito,Barranquilla,AVE-HOJ,Avena en Hojuelas,Avena & Harinas,5,15,11,382800,2.2,0,4
2025-01,Éxito,Barranquilla,COM-3GRA,Three Pack GranOLA,Combos,5,18,14,1503600,2.8,0,4
2025-01,Éxito,Barranquilla,COM-3SPR,Three Pack Spread,Combos,5,29,28,4002600,5.6,0,1
2025-01,Éxito,Barranquilla,COM-WAF,Mini Wafflera,Combos,5,22,16,1776000,3.2,1,6
2025-01,Éxito,Barranquilla,ESP-CIN,Golden Cinnamon Roll,Esparcibles,5,4,4,215800,0.8,1,0
2025-01,Éxito,Barranquilla,ESP-CRE,Creamy Cocoa Hazelnut,Esparcibles,5,68,49,2643550,9.8,0,19
2025-01,Éxito,Barranquilla,ESP-CRU,Crunchy Cocoa Hazelnut,Esparcibles,5,62,45,2427750,9.0,0,17
2025-01,Éxito,Barranquilla,ESP-PB,Peanutty Banana Shake,Esparcibles,5,44,32,1726400,6.4,7,12
2025-01,Éxito,Barranquilla,GRA-CHI,Chip Cookie,GranOLAS,5,28,25,1052500,5.0,5,3
2025-01,Éxito,Barranquilla,GRA-FUD,Fudge Cake,GranOLAS,5,40,35,1473500,7.0,4,5
2025-01,Éxito,Barranquilla,GRA-VAN,Vanilla Shortbread,GranOLAS,5,69,63,2652300,12.6,7,6
2025-01,Éxito,Barranquilla,HAR-ALM,Harina de Almendra,Avena & Harinas,5,248,247,9497150,49.4,3,1
2025-01,Éxito,Barranquilla,HAR-AVE,Harina de Avena,Avena & Harinas,5,301,292,10161600,58.4,0,9
2025-01,Éxito,Barranquilla,PAN-ALM-CHO,Almendra Choco Chips,Pancakes & Waffles,5,7,6,277800,1.2,0,1
2025-01,Éxito,Barranquilla,PAN-ALM-CHU,Almendra Churro,Pancakes & Waffles,5,82,73,3379900,14.6,2,9
2025-01,Éxito,Barranquilla,PAN-ALM-VAN,Almendra Vainilla,Pancakes & Waffles,5,38,34,1574200,6.8,0,4
2025-01,Éxito,Barranquilla,PAN-AVE-BAN,Avena Banano,Pancakes & Waffles,5,50,50,1825000,10.0,1,0
2025-01,Éxito,Barranquilla,PAN-AVE-BRO,Avena Brownie,Pancakes & Waffles,5,80,75,2737500,15.0,2,5
2025-01,Éxito,Barranquilla,PAN-AVE-VAN,Avena Vainilla,Pancakes & Waffles,5,14,11,401500,2.2,0,3
2025-01,Éxito,Bogotá,AVE-HOJ,Avena en Hojuelas,Avena & Harinas,22,300,271,9430800,12.32,2,29
2025-01,Éxito,Bogotá,COM-3GRA,Three Pack GranOLA,Combos,22,100,72,7732800,3.27,4,28
2025-01,Éxito,Bogotá,COM-3SPR,Three Pack Spread,Combos,22,68,58,8291100,2.64,2,10
2025-01,Éxito,Bogotá,COM-WAF,Mini Wafflera,Combos,22,71,66,7326000,3.0,1,5
2025-01,Éxito,Bogotá,ESP-CIN,Golden Cinnamon Roll,Esparcibles,22,159,153,8254350,6.95,10,6
2025-01,Éxito,Bogotá,ESP-CRE,Creamy Cocoa Hazelnut,Esparcibles,22,156,146,7876700,6.64,7,10
2025-01,Éxito,Bogotá,ESP-CRU,Crunchy Cocoa Hazelnut,Esparcibles,22,242,175,9441250,7.95,1,67
2025-01,Éxito,Bogotá,ESP-PB,Peanutty Banana Shake,Esparcibles,22,100,88,4747600,4.0,5,12
2025-01,Éxito,Bogotá,ESP-PIS,Buttery Pistachio Cookie,Esparcibles,22,168,133,9376500,6.05,0,35
2025-01,Éxito,Bogotá,GRA-CHI,Chip Cookie,GranOLAS,22,169,135,5683500,6.14,4,34
2025-01,Éxito,Bogotá,GRA-FUD,Fudge Cake,GranOLAS,22,185,143,6020300,6.5,2,42
2025-01,Éxito,Bogotá,GRA-VAN,Vanilla Shortbread,GranOLAS,22,654,487,20502700,22.14,4,167
2025-01,Éxito,Bogotá,HAR-ALM,Harina de Almendra,Avena & Harinas,22,315,310,11919500,14.09,0,5
2025-01,Éxito,Bogotá,HAR-AVE,Harina de Avena,Avena & Harinas,22,311,285,9918000,12.95,0,26
2025-01,Éxito,Bogotá,PAN-ALM-CHO,Almendra Choco Chips,Pancakes & Waffles,22,233,188,8704400,8.55,2,45
2025-01,Éxito,Bogotá,PAN-ALM-CHU,Almendra Churro,Pancakes & Waffles,22,225,216,10000800,9.82,4,9
2025-01,Éxito,Bogotá,PAN-ALM-VAN,Almendra Vainilla,Pancakes & Waffles,22,116,105,4861500,4.77,3,11
2025-01,Éxito,Bogotá,PAN-AVE-BAN,Avena Banano,Pancakes & Waffles,22,196,169,6168500,7.68,4,27
2025-01,Éxito,Bogotá,PAN-AVE-BRO,Avena Brownie,Pancakes & Waffles,22,276,227,8285500,10.32,8,49
2025-01,Éxito,Bogotá,PAN-AVE-VAN,Avena Vainilla,Pancakes & Waffles,22,138,131,4781500,5.95,7,7
2025-01,Éxito,Bucaramanga,AVE-HOJ,Avena en Hojuelas,Avena & Harinas,3,22,16,556800,5.33,7,6
2025-01,Éxito,Bucaramanga,COM-3GRA,Three Pack GranOLA,Combos,3,4,3,322200,1.0,7,1
2025-01,Éxito,Bucaramanga,COM-3SPR,Three Pack Spread,Combos,3,2,1,142950,0.33,0,1
2025-01,Éxito,Bucaramanga,ESP-CIN,Golden Cinnamon Roll,Esparcibles,3,40,37,1996150,12.33,3,3
2025-01,Éxito,Bucaramanga,ESP-CRE,Creamy Cocoa Hazelnut,Esparcibles,3,26,25,1348750,8.33,3,1
2025-01,Éxito,Bucaramanga,ESP-CRU,Crunchy Cocoa Hazelnut,Esparcibles,3,11,10,539500,3.33,1,1
2025-01,Éxito,Bucaramanga,ESP-PB,Peanutty Banana Shake,Esparcibles,3,20,14,755300,4.67,0,6
2025-01,Éxito,Bucaramanga,ESP-PIS,Buttery Pistachio Cookie,Esparcibles,3,15,12,846000,4.0,2,3
2025-01,Éxito,Bucaramanga,GRA-CHI,Chip Cookie,GranOLAS,3,46,39,1641900,13.0,5,7
2025-01,Éxito,Bucaramanga,GRA-VAN,Vanilla Shortbread,GranOLAS,3,12,9,378900,3.0,0,3
2025-01,Éxito,Bucaramanga,HAR-AVE,Harina de Avena,Avena & Harinas,3,84,66,2296800,22.0,0,18
2025-01,Éxito,Bucaramanga,PAN-ALM-CHO,Almendra Choco Chips,Pancakes & Waffles,3,8,6,277800,2.0,2,2
2025-01,Éxito,Bucaramanga,PAN-ALM-CHU,Almendra Churro,Pancakes & Waffles,3,16,11,509300,3.67,2,5
2025-01,Éxito,Bucaramanga,PAN-ALM-VAN,Almendra Vainilla,Pancakes & Waffles,3,29,25,1157500,8.33,0,4
2025-01,Éxito,Bucaramanga,PAN-AVE-BAN,Avena Banano,Pancakes & Waffles,3,25,21,766500,7.0,2,4
2025-01,Éxito,Bucaramanga,PAN-AVE-BRO,Avena Brownie,Pancakes & Waffles,3,22,16,584000,5.33,0,6
2025-01,Éxito,Bucaramanga,PAN-AVE-VAN,Avena Vainilla,Pancakes & Waffles,3,30,25,912500,8.33,0,5
2025-01,Éxito,Cali,COM-3GRA,Three Pack GranOLA,Combos,2,28,26,2792400,13.0,9,2
2025-01,Éxito,Cali,ESP-CIN,Golden Cinnamon Roll,Esparcibles,2,15,14,755300,7.0,5,1
2025-01,Éxito,Cali,HAR-AVE,Harina de Avena,Avena & Harinas,2,35,29,1009200,14.5,0,6
2025-01,Éxito,Cali,PAN-ALM-VAN,Almendra Vainilla,Pancakes & Waffles,2,21,20,926000,10.0,2,1
2025-01,Éxito,Cali,PAN-AVE-BAN,Avena Banano,Pancakes & Waffles,2,79,60,2190000,30.0,2,19
2025-01,Éxito,Cali,PAN-AVE-BRO,Avena Brownie,Pancakes & Waffles,2,32,31,1131500,15.5,7,1
2025-01,Éxito,Cartagena,AVE-HOJ,Avena en Hojuelas,Avena & Harinas,3,6,5,174000,1.67,0,1
2025-01,Éxito,Cartagena,COM-3GRA,Three Pack GranOLA,Combos,3,12,10,1074000,3.33,5,2
2025-01,Éxito,Cartagena,COM-WAF,Mini Wafflera,Combos,3,10,9,999000,3.0,6,1
2025-01,Éxito,Cartagena,ESP-CRU,Crunchy Cocoa Hazelnut,Esparcibles,3,21,15,809250,5.0,0,6
2025-01,Éxito,Cartagena,ESP-PB,Peanutty Banana Shake,Esparcibles,3,14,12,647400,4.0,4,2
2025-01,Éxito,Cartagena,ESP-PIS,Buttery Pistachio Cookie,Esparcibles,3,7,6,423000,2.0,1,1
2025-01,Éxito,Cartagena,GRA-FUD,Fudge Cake,GranOLAS,3,38,28,1178800,9.33,2,10
2025-01,Éxito,Cartagena,GRA-VAN,Vanilla Shortbread,GranOLAS,3,29,27,1136700,9.0,0,2
2025-01,Éxito,Cartagena,HAR-ALM,Harina de Almendra,Avena & Harinas,3,13,9,346050,3.0,2,4
2025-01,Éxito,Cartagena,PAN-ALM-CHO,Almendra Choco Chips,Pancakes & Waffles,3,23,23,1064900,7.67,0,0
2025-01,Éxito,Cartagena,PAN-ALM-CHU,Almendra Churro,Pancakes & Waffles,3,3,2,92600,0.67,8,1
2025-01,Éxito,Cartagena,PAN-AVE-BAN,Avena Banano,Pancakes & Waffles,3,16,12,438000,4.0,4,4
2025-01,Éxito,Cartagena,PAN-AVE-BRO,Avena Brownie,Pancakes & Waffles,3,4,3,109500,1.0,7,1
2025-01,Éxito,Cartagena,PAN-AVE-VAN,Avena Vainilla,Pancakes & Waffles,3,14,13,474500,4.33,8,1
2025-01,Éxito,Manizales,COM-3GRA,Three Pack GranOLA,Combos,3,2,1,107400,0.33,8,1
2025-01,Éxito,Manizales,COM-3SPR,Three Pack Spread,Combos,3,3,2,285900,0.67,0,1
2025-01,Éxito,Manizales,ESP-CIN,Golden Cinnamon Roll,Esparcibles,3,27,26,1402700,8.67,4,1
2025-01,Éxito,Manizales,ESP-CRU,Crunchy Cocoa Hazelnut,Esparcibles,3,2,1,53950,0.33,1,1
2025-01,Éxito,Manizales,ESP-PIS,Buttery Pistachio Cookie,Esparcibles,3,4,3,211500,1.0,2,1
2025-01,Éxito,Manizales,GRA-FUD,Fudge Cake,GranOLAS,3,42,35,1473500,11.67,5,7
2025-01,Éxito,Manizales,HAR-AVE,Harina de Avena,Avena & Harinas,3,47,41,1426800,13.67,4,6
2025-01,Éxito,Manizales,PAN-ALM-CHU,Almendra Churro,Pancakes & Waffles,3,15,11,509300,3.67,6,4
2025-01,Éxito,Manizales,PAN-ALM-VAN,Almendra Vainilla,Pancakes & Waffles,3,50,45,2083500,15.0,4,5
2025-01,Éxito,Manizales,PAN-AVE-BAN,Avena Banano,Pancakes & Waffles,3,21,16,584000,5.33,0,5
2025-01,Éxito,Manizales,PAN-AVE-BRO,Avena Brownie,Pancakes & Waffles,3,13,10,365000,3.33,1,3
2025-01,Éxito,Medellín,AVE-HOJ,Avena en Hojuelas,Avena & Harinas,6,110,100,3480000,16.67,4,10
2025-01,Éxito,Medellín,COM-3GRA,Three Pack GranOLA,Combos,6,41,37,3973800,6.17,0,4
2025-01,Éxito,Medellín,COM-3SPR,Three Pack Spread,Combos,6,15,14,2001300,2.33,4,1
2025-01,Éxito,Medellín,COM-WAF,Mini Wafflera,Combos,6,59,59,6549000,9.83,1,0
2025-01,Éxito,Medellín,ESP-CIN,Golden Cinnamon Roll,Esparcibles,6,112,105,5664750,17.5,0,7
2025-01,Éxito,Medellín,ESP-CRE,Creamy Cocoa Hazelnut,Esparcibles,6,135,99,5341050,16.5,4,36
2025-01,Éxito,Medellín,ESP-CRU,Crunchy Cocoa Hazelnut,Esparcibles,6,74,61,3290950,10.17,1,13
2025-01,Éxito,Medellín,ESP-PB,Peanutty Banana Shake,Esparcibles,6,65,51,2751450,8.5,3,14
2025-01,Éxito,Medellín,ESP-PIS,Buttery Pistachio Cookie,Esparcibles,6,233,215,15157500,35.83,6,18
2025-01,Éxito,Medellín,GRA-CHI,Chip Cookie,GranOLAS,6,62,55,2315500,9.17,3,7
2025-01,Éxito,Medellín,GRA-FUD,Fudge Cake,GranOLAS,6,34,30,1263000,5.0,1,4
2025-01,Éxito,Medellín,HAR-ALM,Harina de Almendra,Avena & Harinas,6,62,50,1922500,8.33,5,12
2025-01,Éxito,Medellín,HAR-AVE,Harina de Avena,Avena & Harinas,6,93,75,2610000,12.5,5,18
2025-01,Éxito,Medellín,PAN-ALM-CHO,Almendra Choco Chips,Pancakes & Waffles,6,84,75,3472500,12.5,1,9
2025-01,Éxito,Medellín,PAN-ALM-CHU,Almendra Churro,Pancakes & Waffles,6,142,128,5926400,21.33,5,14
2025-01,Éxito,Medellín,PAN-ALM-VAN,Almendra Vainilla,Pancakes & Waffles,6,280,230,10649000,38.33,2,50
2025-01,Éxito,Medellín,PAN-AVE-BRO,Avena Brownie,Pancakes & Waffles,6,70,71,2591500,11.83,4,0
2025-01,Éxito,Medellín,PAN-AVE-VAN,Avena Vainilla,Pancakes & Waffles,6,68,53,1934500,8.83,2,15
2025-01,Éxito,Pereira,AVE-HOJ,Avena en Hojuelas,Avena & Harinas,2,31,28,974400,14.0,4,3
2025-01,Éxito,Pereira,COM-3GRA,Three Pack GranOLA,Combos,2,47,36,3866400,18.0,3,11
2025-01,Éxito,Pereira,COM-3SPR,Three Pack Spread,Combos,2,5,4,571800,2.0,6,1
2025-01,Éxito,Pereira,COM-WAF,Mini Wafflera,Combos,2,5,4,444000,2.0,8,1
2025-01,Éxito,Pereira,ESP-CRE,Creamy Cocoa Hazelnut,Esparcibles,2,57,56,3021200,28.0,2,1
2025-01,Éxito,Pereira,ESP-CRU,Crunchy Cocoa Hazelnut,Esparcibles,2,14,10,539500,5.0,1,4
2025-01,Éxito,Pereira,ESP-PIS,Buttery Pistachio Cookie,Esparcibles,2,27,26,1833000,13.0,3,1
2025-01,Éxito,Pereira,GRA-CHI,Chip Cookie,GranOLAS,2,12,12,505200,6.0,0,0
2025-01,Éxito,Pereira,GRA-FUD,Fudge Cake,GranOLAS,2,24,24,1010400,12.0,0,0
2025-01,Éxito,Pereira,GRA-VAN,Vanilla Shortbread,GranOLAS,2,75,72,3031200,36.0,4,3
2025-01,Éxito,Pereira,HAR-ALM,Harina de Almendra,Avena & Harinas,2,27,20,769000,10.0,3,7
2025-01,Éxito,Pereira,HAR-AVE,Harina de Avena,Avena & Harinas,2,31,30,1044000,15.0,5,1
2025-01,Éxito,Pereira,PAN-AVE-BAN,Avena Banano,Pancakes & Waffles,2,59,55,2007500,27.5,2,4
2025-01,Éxito,Pereira,PAN-AVE-VAN,Avena Vainilla,Pancakes & Waffles,2,39,32,1168000,16.0,9,7
2025-02,Tiendas naturistas,Barranquilla,AVE-HOJ,Avena en Hojuelas,Avena & Harinas,2,14,13,481000,6.5,4,1
2025-02,Tiendas naturistas,Barranquilla,COM-3GRA,Three Pack GranOLA,Combos,2,2,1,114200,0.5,7,1
2025-02,Tiendas naturistas,Barranquilla,COM-3SPR,Three Pack Spread,Combos,2,2,1,151950,0.5,0,1
2025-02,Tiendas naturistas,Barranquilla,COM-WAF,Mini Wafflera,Combos,2,4,3,354000,1.5,3,1
2025-02,Tiendas naturistas,Barranquilla,ESP-CIN,Golden Cinnamon Roll,Esparcibles,2,10,9,516150,4.5,0,1
2025-02,Tiendas naturistas,Barranquilla,ESP-CRE,Creamy Cocoa Hazelnut,Esparcibles,2,12,9,516150,4.5,3,3
2025-02,Tiendas naturistas,Barranquilla,ESP-PB,Peanutty Banana Shake,Esparcibles,2,4,3,172050,1.5,2,1
2025-02,Tiendas naturistas,Barranquilla,ESP-PIS,Buttery Pistachio Cookie,Esparcibles,2,19,16,1199200,8.0,0,3
2025-02,Tiendas naturistas,Barranquilla,GRA-CHI,Chip Cookie,GranOLAS,2,16,14,627200,7.0,3,2
2025-02,Tiendas naturistas,Barranquilla,GRA-VAN,Vanilla Shortbread,GranOLAS,2,5,4,179200,2.0,5,1
2025-02,Tiendas naturistas,Barranquilla,HAR-ALM,Harina de Almendra,Avena & Harinas,2,10,7,286300,3.5,0,3
2025-02,Tiendas naturistas,Barranquilla,HAR-AVE,Harina de Avena,Avena & Harinas,2,12,11,407000,5.5,1,1
2025-02,Tiendas naturistas,Barranquilla,PAN-ALM-CHO,Almendra Choco Chips,Pancakes & Waffles,2,18,13,639600,6.5,3,5
2025-02,Tiendas naturistas,Barranquilla,PAN-ALM-CHU,Almendra Churro,Pancakes & Waffles,2,3,2,98400,1.0,2,1
2025-02,Tiendas naturistas,Barranquilla,PAN-AVE-BRO,Avena Brownie,Pancakes & Waffles,2,7,5,194000,2.5,7,2
2025-02,Tiendas naturistas,Bogotá,AVE-HOJ,Avena en Hojuelas,Avena & Harinas,31,104,102,3774000,3.29,0,2
2025-02,Tiendas naturistas,Bogotá,COM-3GRA,Three Pack GranOLA,Combos,31,29,22,2512400,0.71,1,7
2025-02,Tiendas naturistas,Bogotá,COM-3SPR,Three Pack Spread,Combos,31,24,22,3342900,0.71,0,2
2025-02,Tiendas naturistas,Bogotá,COM-WAF,Mini Wafflera,Combos,31,29,25,2950000,0.81,7,4
2025-02,Tiendas naturistas,Bogotá,ESP-CIN,Golden Cinnamon Roll,Esparcibles,31,40,38,2179300,1.23,6,2
2025-02,Tiendas naturistas,Bogotá,ESP-CRE,Creamy Cocoa Hazelnut,Esparcibles,31,111,83,4760050,2.68,0,28
2025-02,Tiendas naturistas,Bogotá,ESP-CRU,Crunchy Cocoa Hazelnut,Esparcibles,31,31,23,1319050,0.74,4,8
2025-02,Tiendas naturistas,Bogotá,ESP-PB,Peanutty Banana Shake,Esparcibles,31,37,30,1720500,0.97,0,7
2025-02,Tiendas naturistas,Bogotá,ESP-PIS,Buttery Pistachio Cookie,Esparcibles,31,31,23,1723850,0.74,4,8
2025-02,Tiendas naturistas,Bogotá,GRA-CHI,Chip Cookie,GranOLAS,31,132,108,4838400,3.48,3,24
2025-02,Tiendas naturistas,Bogotá,GRA-FUD,Fudge Cake,GranOLAS,31,46,40,1792000,1.29,3,6
2025-02,Tiendas naturistas,Bogotá,GRA-VAN,Vanilla Shortbread,GranOLAS,31,67,52,2329600,1.68,4,15
2025-02,Tiendas naturistas,Bogotá,HAR-ALM,Harina de Almendra,Avena & Harinas,31,133,104,4253600,3.35,4,29
2025-02,Tiendas naturistas,Bogotá,HAR-AVE,Harina de Avena,Avena & Harinas,31,29,22,814000,0.71,3,7
2025-02,Tiendas naturistas,Bogotá,PAN-ALM-CHO,Almendra Choco Chips,Pancakes & Waffles,31,63,46,2263200,1.48,5,17
2025-02,Tiendas naturistas,Bogotá,PAN-ALM-CHU,Almendra Churro,Pancakes & Waffles,31,42,35,1722000,1.13,0,7
2025-02,Tiendas naturistas,Bogotá,PAN-ALM-VAN,Almendra Vainilla,Pancakes & Waffles,31,34,33,1623600,1.06,5,1
2025-02,Tiendas naturistas,Bogotá,PAN-AVE-BAN,Avena Banano,Pancakes & Waffles,31,86,85,3298000,2.74,0,1
2025-02,Tiendas naturistas,Bogotá,PAN-AVE-BRO,Avena Brownie,Pancakes & Waffles,31,63,51,1978800,1.65,0,12
2025-02,Tiendas naturistas,Bogotá,PAN-AVE-VAN,Avena Vainilla,Pancakes & Waffles,31,79,73,2832400,2.35,1,6
2025-02,Tiendas naturistas,Bucaramanga,AVE-HOJ,Avena en Hojuelas,Avena & Harinas,2,1,0,0,0.0,5,1
2025-02,Tiendas naturistas,Bucaramanga,COM-3GRA,Three Pack GranOLA,Combos,2,1,0,0,0.0,6,1
2025-02,Tiendas naturistas,Bucaramanga,COM-3SPR,Three Pack Spread,Combos,2,1,0,0,0.0,0,1
2025-02,Tiendas naturistas,Bucaramanga,COM-WAF,Mini Wafflera,Combos,2,2,1,118000,0.5,0,1
2025-02,Tiendas naturistas,Bucaramanga,ESP-CIN,Golden Cinnamon Roll,Esparcibles,2,25,23,1319050,11.5,3,2
2025-02,Tiendas naturistas,Bucaramanga,ESP-CRE,Creamy Cocoa Hazelnut,Esparcibles,2,8,8,458800,4.0,3,0
2025-02,Tiendas naturistas,Bucaramanga,ESP-CRU,Crunchy Cocoa Hazelnut,Esparcibles,2,3,2,114700,1.0,0,1
2025-02,Tiendas naturistas,Bucaramanga,ESP-PB,Peanutty Banana Shake,Esparcibles,2,16,15,860250,7.5,1,1
2025-02,Tiendas naturistas,Bucaramanga,ESP-PIS,Buttery Pistachio Cookie,Esparcibles,2,3,2,149900,1.0,6,1
2025-02,Tiendas naturistas,Bucaramanga,GRA-CHI,Chip Cookie,GranOLAS,2,20,19,851200,9.5,0,1
2025-02,Tiendas naturistas,Bucaramanga,GRA-FUD,Fudge Cake,GranOLAS,2,8,7,313600,3.5,7,1
2025-02,Tiendas naturistas,Bucaramanga,GRA-VAN,Vanilla Shortbread,GranOLAS,2,26,22,985600,11.0,0,4
2025-02,Tiendas naturistas,Bucaramanga,HAR-ALM,Harina de Almendra,Avena & Harinas,2,10,8,327200,4.0,4,2
2025-02,Tiendas naturistas,Bucaramanga,HAR-AVE,Harina de Avena,Avena & Harinas,2,4,3,111000,1.5,2,1
2025-02,Tiendas naturistas,Bucaramanga,PAN-ALM-CHO,Almendra Choco Chips,Pancakes & Waffles,2,9,6,295200,3.0,2,3
2025-02,Tiendas naturistas,Bucaramanga,PAN-ALM-CHU,Almendra Churro,Pancakes & Waffles,2,12,11,541200,5.5,0,1
2025-02,Tiendas naturistas,Bucaramanga,PAN-ALM-VAN,Almendra Vainilla,Pancakes & Waffles,2,2,1,49200,0.5,0,1
2025-02,Tiendas naturistas,Bucaramanga,PAN-AVE-BAN,Avena Banano,Pancakes & Waffles,2,8,7,271600,3.5,6,1
2025-02,Tiendas naturistas,Bucaramanga,PAN-AVE-BRO,Avena Brownie,Pancakes & Waffles,2,1,0,0,0.0,0,1
2025-02,Tiendas naturistas,Bucaramanga,PAN-AVE-VAN,Avena Vainilla,Pancakes & Waffles,2,22,19,737200,9.5,1,3
2025-02,Tiendas naturistas,Cali,AVE-HOJ,Avena en Hojuelas,Avena & Harinas,5,3,2,74000,0.4,4,1
2025-02,Tiendas naturistas,Cali,COM-3GRA,Three Pack GranOLA,Combos,5,1,0,0,0.0,1,1
2025-02,Tiendas naturistas,Cali,COM-3SPR,Three Pack Spread,Combos,5,6,4,607800,0.8,2,2
2025-02,Tiendas naturistas,Cali,COM-WAF,Mini Wafflera,Combos,5,2,1,118000,0.2,2,1
2025-02,Tiendas naturistas,Cali,ESP-CIN,Golden Cinnamon Roll,Esparcibles,5,12,10,573500,2.0,8,2
2025-02,Tiendas naturistas,Cali,ESP-CRE,Creamy Cocoa Hazelnut,Esparcibles,5,4,3,172050,0.6,0,1
2025-02,Tiendas naturistas,Cali,ESP-CRU,Crunchy Cocoa Hazelnut,Esparcibles,5,7,6,344100,1.2,1,1
2025-02,Tiendas naturistas,Cali,ESP-PB,Peanutty Banana Shake,Esparcibles,5,1,0,0,0.0,1,1
2025-02,Tiendas naturistas,Cali,ESP-PIS,Buttery Pistachio Cookie,Esparcibles,5,3,2,149900,0.4,0,1
2025-02,Tiendas naturistas,Cali,GRA-CHI,Chip Cookie,GranOLAS,5,13,10,448000,2.0,0,3
2025-02,Tiendas naturistas,Cali,GRA-FUD,Fudge Cake,GranOLAS,5,14,11,492800,2.2,5,3
2025-02,Tiendas naturistas,Cali,GRA-VAN,Vanilla Shortbread,GranOLAS,5,11,9,403200,1.8,0,2
2025-02,Tiendas naturistas,Cali,HAR-ALM,Harina de Almendra,Avena & Harinas,5,11,9,368100,1.8,0,2
2025-02,Tiendas naturistas,Cali,HAR-AVE,Harina de Avena,Avena & Harinas,5,20,19,703000,3.8,0,1
2025-02,Tiendas naturistas,Cali,PAN-ALM-CHO,Almendra Choco Chips,Pancakes & Waffles,5,6,5,246000,1.0,2,1
2025-02,Tiendas naturistas,Cali,PAN-ALM-CHU,Almendra Churro,Pancakes & Waffles,5,11,9,442800,1.8,0,2
2025-02,Tiendas naturistas,Cali,PAN-ALM-VAN,Almendra Vainilla,Pancakes & Waffles,5,5,4,196800,0.8,3,1
2025-02,Tiendas naturistas,Cali,PAN-AVE-BAN,Avena Banano,Pancakes & Waffles,5,14,10,388000,2.0,4,4
2025-02,Tiendas naturistas,Cali,PAN-AVE-BRO,Avena Brownie,Pancakes & Waffles,5,15,14,543200,2.8,7,1
2025-02,Tiendas naturistas,Cali,PAN-AVE-VAN,Avena Vainilla,Pancakes & Waffles,5,1,0,0,0.0,2,1
2025-02,Tiendas naturistas,Cartagena,COM-3GRA,Three Pack GranOLA,Combos,4,1,0,0,0.0,2,1
2025-02,Tiendas naturistas,Cartagena,COM-3SPR,Three Pack Spread,Combos,4,3,2,303900,0.5,0,1
2025-02,Tiendas naturistas,Cartagena,ESP-CIN,Golden Cinnamon Roll,Esparcibles,4,4,4,229400,1.0,3,0
2025-02,Tiendas naturistas,Cartagena,ESP-PB,Peanutty Banana Shake,Esparcibles,4,15,14,802900,3.5,2,1
2025-02,Tiendas naturistas,Cartagena,GRA-FUD,Fudge Cake,GranOLAS,4,3,2,89600,0.5,7,1
2025-02,Tiendas naturistas,Cartagena,HAR-ALM,Harina de Almendra,Avena & Harinas,4,12,10,409000,2.5,4,2
2025-02,Tiendas naturistas,Cartagena,PAN-ALM-CHO,Almendra Choco Chips,Pancakes & Waffles,4,28,21,1033200,5.25,5,7
2025-02,Tiendas naturistas,Cartagena,PAN-ALM-CHU,Almendra Churro,Pancakes & Waffles,4,9,8,393600,2.0,1,1
2025-02,Tiendas naturistas,Cartagena,PAN-ALM-VAN,Almendra Vainilla,Pancakes & Waffles,4,9,7,344400,1.75,0,2
2025-02,Tiendas naturistas,Cartagena,PAN-AVE-BAN,Avena Banano,Pancakes & Waffles,4,15,14,543200,3.5,2,1
2025-02,Tiendas naturistas,Cartagena,PAN-AVE-VAN,Avena Vainilla,Pancakes & Waffles,4,15,12,465600,3.0,2,3
2025-02,Tiendas naturistas,Manizales,AVE-HOJ,Avena en Hojuelas,Avena & Harinas,1,35,31,1147000,31.0,1,4
2025-02,Tiendas naturistas,Manizales,ESP-CIN,Golden Cinnamon Roll,Esparcibles,1,23,20,1147000,20.0,0,3
2025-02,Tiendas naturistas,Manizales,ESP-CRU,Crunchy Cocoa Hazelnut,Esparcibles,1,1,0,0,0.0,3,1
2025-02,Tiendas naturistas,Manizales,ESP-PB,Peanutty Banana Shake,Esparcibles,1,2,1,57350,1.0,4,1
2025-02,Tiendas naturistas,Manizales,GRA-CHI,Chip Cookie,GranOLAS,1,5,4,179200,4.0,2,1
2025-02,Tiendas naturistas,Manizales,GRA-VAN,Vanilla Shortbread,GranOLAS,1,18,13,582400,13.0,0,5
2025-02,Tiendas naturistas,Manizales,HAR-ALM,Harina de Almendra,Avena & Harinas,1,4,3,122700,3.0,0,1
2025-02,Tiendas naturistas,Manizales,HAR-AVE,Harina de Avena,Avena & Harinas,1,33,31,1147000,31.0,4,2
2025-02,Tiendas naturistas,Manizales,PAN-ALM-CHO,Almendra Choco Chips,Pancakes & Waffles,1,3,2,98400,2.0,4,1
2025-02,Tiendas naturistas,Manizales,PAN-ALM-CHU,Almendra Churro,Pancakes & Waffles,1,1,0,0,0.0,2,1
2025-02,Tiendas naturistas,Medellín,AVE-HOJ,Avena en Hojuelas,Avena & Harinas,13,58,56,2072000,4.31,5,2
2025-02,Tiendas naturistas,Medellín,COM-3GRA,Three Pack GranOLA,Combos,13,20,17,1941400,1.31,1,3
2025-02,Tiendas naturistas,Medellín,COM-3SPR,Three Pack Spread,Combos,13,4,3,455850,0.23,4,1
2025-02,Tiendas naturistas,Medellín,COM-WAF,Mini Wafflera,Combos,13,29,28,3304000,2.15,2,1
2025-02,Tiendas naturistas,Medellín,ESP-CIN,Golden Cinnamon Roll,Esparcibles,13,12,11,630850,0.85,5,1
2025-02,Tiendas naturistas,Medellín,ESP-CRE,Creamy Cocoa Hazelnut,Esparcibles,13,2,1,57350,0.08,0,1
2025-02,Tiendas naturistas,Medellín,ESP-CRU,Crunchy Cocoa Hazelnut,Esparcibles,13,67,55,3154250,4.23,1,12
2025-02,Tiendas naturistas,Medellín,ESP-PB,Peanutty Banana Shake,Esparcibles,13,15,11,630850,0.85,3,4
2025-02,Tiendas naturistas,Medellín,ESP-PIS,Buttery Pistachio Cookie,Esparcibles,13,13,12,899400,0.92,0,1
2025-02,Tiendas naturistas,Medellín,GRA-CHI,Chip Cookie,GranOLAS,13,12,11,492800,0.85,1,1
2025-02,Tiendas naturistas,Medellín,GRA-FUD,Fudge Cake,GranOLAS,13,3,2,89600,0.15,0,1
2025-02,Tiendas naturistas,Medellín,GRA-VAN,Vanilla Shortbread,GranOLAS,13,6,5,224000,0.38,4,1
2025-02,Tiendas naturistas,Medellín,HAR-ALM,Harina de Almendra,Avena & Harinas,13,5,4,163600,0.31,10,1
2025-02,Tiendas naturistas,Medellín,HAR-AVE,Harina de Avena,Avena & Harinas,13,16,12,444000,0.92,0,4
2025-02,Tiendas naturistas,Medellín,PAN-ALM-CHO,Almendra Choco Chips,Pancakes & Waffles,13,14,13,639600,1.0,3,1
2025-02,Tiendas naturistas,Medellín,PAN-ALM-CHU,Almendra Churro,Pancakes & Waffles,13,26,18,885600,1.38,0,8
2025-02,Tiendas naturistas,Medellín,PAN-ALM-VAN,Almendra Vainilla,Pancakes & Waffles,13,20,17,836400,1.31,0,3
2025-02,Tiendas naturistas,Medellín,PAN-AVE-BAN,Avena Banano,Pancakes & Waffles,13,35,33,1280400,2.54,0,2
2025-02,Tiendas naturistas,Medellín,PAN-AVE-BRO,Avena Brownie,Pancakes & Waffles,13,11,10,388000,0.77,0,1
2025-02,Tiendas naturistas,Medellín,PAN-AVE-VAN,Avena Vainilla,Pancakes & Waffles,13,14,11,426800,0.85,6,3
2025-02,Tiendas naturistas,Pereira,AVE-HOJ,Avena en Hojuelas,Avena & Harinas,4,3,2,74000,0.5,4,1
2025-02,Tiendas naturistas,Pereira,ESP-CRU,Crunchy Cocoa Hazelnut,Esparcibles,4,1,0,0,0.0,0,1
2025-02,Tiendas naturistas,Pereira,GRA-CHI,Chip Cookie,GranOLAS,4,2,1,44800,0.25,0,1
2025-02,Tiendas naturistas,Pereira,GRA-FUD,Fudge Cake,GranOLAS,4,3,2,89600,0.5,2,1
2025-02,Tiendas naturistas,Pereira,HAR-AVE,Harina de Avena,Avena & Harinas,4,2,1,37000,0.25,7,1
2025-02,Tiendas naturistas,Pereira,PAN-ALM-CHO,Almendra Choco Chips,Pancakes & Waffles,4,7,6,295200,1.5,6,1
2025-02,Tiendas naturistas,Pereira,PAN-ALM-CHU,Almendra Churro,Pancakes & Waffles,4,1,0,0,0.0,4,1
2025-02,Tiendas naturistas,Pereira,PAN-ALM-VAN,Almendra Vainilla,Pancakes & Waffles,4,6,5,246000,1.25,2,1
2025-02,Tiendas naturistas,Pereira,PAN-AVE-BAN,Avena Banano,Pancakes & Waffles,4,11,10,388000,2.5,1,1
2025-02,Tiendas naturistas,Pereira,PAN-AVE-BRO,Avena Brownie,Pancakes & Waffles,4,1,0,0,0.0,6,1
2025-02,Tiendas naturistas,Pereira,PAN-AVE-VAN,Avena Vainilla,Pancakes & Waffles,4,14,12,465600,3.0,0,2
2025-02,Éxito,Barranquilla,AVE-HOJ,Avena en Hojuelas,Avena & Harinas,5,90,74,2575200,14.8,2,16
2025-02,Éxito,Barranquilla,COM-3GRA,Three Pack GranOLA,Combos,5,22,22,2362800,4.4,0,0
2025-02,Éxito,Barranquilla,COM-3SPR,Three Pack Spread,Combos,5,30,28,4002600,5.6,6,2
2025-02,Éxito,Barranquilla,COM-WAF,Mini Wafflera,Combos,5,21,18,1998000,3.6,2,3
2025-02,Éxito,Barranquilla,ESP-CIN,Golden Cinnamon Roll,Esparcibles,5,45,39,2104050,7.8,1,6
2025-02,Éxito,Barranquilla,ESP-CRE,Creamy Cocoa Hazelnut,Esparcibles,5,27,21,1132950,4.2,1,6
2025-02,Éxito,Barranquilla,ESP-CRU,Crunchy Cocoa Hazelnut,Esparcibles,5,68,57,3075150,11.4,1,11
2025-02,Éxito,Barranquilla,ESP-PB,Peanutty Banana Shake,Esparcibles,5,35,31,1672450,6.2,0,4
2025-02,Éxito,Barranquilla,ESP-PIS,Buttery Pistachio Cookie,Esparcibles,5,32,28,1974000,5.6,1,4
2025-02,Éxito,Barranquilla,GRA-CHI,Chip Cookie,GranOLAS,5,40,36,1515600,7.2,0,4
2025-02,Éxito,Barranquilla,GRA-FUD,Fudge Cake,GranOLAS,5,27,21,884100,4.2,6,6
2025-02,Éxito,Barranquilla,GRA-VAN,Vanilla Shortbread,GranOLAS,5,79,76,3199600,15.2,0,3
2025-02,Éxito,Barranquilla,HAR-ALM,Harina de Almendra,Avena & Harinas,5,50,45,1730250,9.0,4,5
2025-02,Éxito,Barranquilla,HAR-AVE,Harina de Avena,Avena & Harinas,5,27,21,730800,4.2,1,6
2025-02,Éxito,Barranquilla,PAN-ALM-CHO,Almendra Choco Chips,Pancakes & Waffles,5,22,15,694500,3.0,1,7
2025-02,Éxito,Barranquilla,PAN-ALM-CHU,Almendra Churro,Pancakes & Waffles,5,142,110,5093000,22.0,2,32
2025-02,Éxito,Barranquilla,PAN-ALM-VAN,Almendra Vainilla,Pancakes & Waffles,5,89,89,4120700,17.8,8,0
2025-02,Éxito,Barranquilla,PAN-AVE-BAN,Avena Banano,Pancakes & Waffles,5,42,37,1350500,7.4,0,5
2025-02,Éxito,Barranquilla,PAN-AVE-BRO,Avena Brownie,Pancakes & Waffles,5,36,36,1314000,7.2,5,0
2025-02,Éxito,Barranquilla,PAN-AVE-VAN,Avena Vainilla,Pancakes & Waffles,5,114,91,3321500,18.2,6,23
2025-02,Éxito,Bogotá,AVE-HOJ,Avena en Hojuelas,Avena & Harinas,22,183,163,5672400,7.41,6,20
2025-02,Éxito,Bogotá,COM-3GRA,Three Pack GranOLA,Combos,22,44,33,3544200,1.5,1,11
2025-02,Éxito,Bogotá,COM-3SPR,Three Pack Spread,Combos,22,43,43,6146850,1.95,0,0
2025-02,Éxito,Bogotá,COM-WAF,Mini Wafflera,Combos,22,105,84,9324000,3.82,5,21
2025-02,Éxito,Bogotá,ESP-CIN,Golden Cinnamon Roll,Esparcibles,22,171,125,6743750,5.68,1,46
2025-02,Éxito,Bogotá,ESP-CRE,Creamy Cocoa Hazelnut,Esparcibles,22,144,140,7553000,6.36,0,4
2025-02,Éxito,Bogotá,ESP-CRU,Crunchy Cocoa Hazelnut,Esparcibles,22,140,130,7013500,5.91,0,10
2025-02,Éxito,Bogotá,ESP-PB,Peanutty Banana Shake,Esparcibles,22,75,54,2913300,2.45,4,21
2025-02,Éxito,Bogotá,ESP-PIS,Buttery Pistachio Cookie,Esparcibles,22,178,166,11703000,7.55,4,12
2025-02,Éxito,Bogotá,GRA-CHI,Chip Cookie,GranOLAS,22,163,119,5009900,5.41,8,44
2025-02,Éxito,Bogotá,GRA-FUD,Fudge Cake,GranOLAS,22,279,273,11493300,12.41,4,6
2025-02,Éxito,Bogotá,GRA-VAN,Vanilla Shortbread,GranOLAS,22,610,611,25723100,27.77,0,0
2025-02,Éxito,Bogotá,HAR-ALM,Harina de Almendra,Avena & Harinas,22,367,362,13918900,16.45,3,5
2025-02,Éxito,Bogotá,HAR-AVE,Harina de Avena,Avena & Harinas,22,219,182,6333600,8.27,1,37
2025-02,Éxito,Bogotá,PAN-ALM-CHO,Almendra Choco Chips,Pancakes & Waffles,22,139,137,6343100,6.23,3,2
2025-02,Éxito,Bogotá,PAN-ALM-CHU,Almendra Churro,Pancakes & Waffles,22,49,35,1620500,1.59,1,14
2025-02,Éxito,Bogotá,PAN-ALM-VAN,Almendra Vainilla,Pancakes & Waffles,22,134,124,5741200,5.64,1,10
2025-02,Éxito,Bogotá,PAN-AVE-BAN,Avena Banano,Pancakes & Waffles,22,190,150,5475000,6.82,0,40
2025-02,Éxito,Bogotá,PAN-AVE-BRO,Avena Brownie,Pancakes & Waffles,22,216,177,6460500,8.05,4,39
2025-02,Éxito,Bogotá,PAN-AVE-VAN,Avena Vainilla,Pancakes & Waffles,22,400,370,13505000,16.82,2,30
2025-02,Éxito,Bucaramanga,AVE-HOJ,Avena en Hojuelas,Avena & Harinas,3,31,22,765600,7.33,4,9
2025-02,Éxito,Bucaramanga,COM-3SPR,Three Pack Spread,Combos,3,4,2,285900,0.67,0,2
2025-02,Éxito,Bucaramanga,COM-WAF,Mini Wafflera,Combos,3,10,8,888000,2.67,5,2
2025-02,Éxito,Bucaramanga,ESP-CIN,Golden Cinnamon Roll,Esparcibles,3,50,38,2050100,12.67,6,12
2025-02,Éxito,Bucaramanga,ESP-CRE,Creamy Cocoa Hazelnut,Esparcibles,3,1,0,0,0.0,2,1
2025-02,Éxito,Bucaramanga,ESP-CRU,Crunchy Cocoa Hazelnut,Esparcibles,3,3,2,107900,0.67,0,1
2025-02,Éxito,Bucaramanga,ESP-PB,Peanutty Banana Shake,Esparcibles,3,18,16,863200,5.33,2,2
2025-02,Éxito,Bucaramanga,GRA-CHI,Chip Cookie,GranOLAS,3,13,10,421000,3.33,7,3
2025-02,Éxito,Bucaramanga,GRA-FUD,Fudge Cake,GranOLAS,3,17,13,547300,4.33,2,4
2025-02,Éxito,Bucaramanga,GRA-VAN,Vanilla Shortbread,GranOLAS,3,34,30,1263000,10.0,2,4
2025-02,Éxito,Bucaramanga,HAR-ALM,Harina de Almendra,Avena & Harinas,3,80,72,2768400,24.0,3,8
2025-02,Éxito,Bucaramanga,HAR-AVE,Harina de Avena,Avena & Harinas,3,58,58,2018400,19.33,1,0
2025-02,Éxito,Bucaramanga,PAN-ALM-VAN,Almendra Vainilla,Pancakes & Waffles,3,21,19,879700,6.33,4,2
2025-02,Éxito,Bucaramanga,PAN-AVE-BAN,Avena Banano,Pancakes & Waffles,3,14,14,511000,4.67,7,0
2025-02,Éxito,Bucaramanga,PAN-AVE-VAN,Avena Vainilla,Pancakes & Waffles,3,126,102,3723000,34.0,0,24
2025-02,Éxito,Cali,AVE-HOJ,Avena en Hojuelas,Avena & Harinas,2,26,20,696000,10.0,3,6
2025-02,Éxito,Cali,COM-3GRA,Three Pack GranOLA,Combos,2,5,4,429600,2.0,0,1
2025-02,Éxito,Cali,COM-3SPR,Three Pack Spread,Combos,2,45,40,5718000,20.0,6,5
2025-02,Éxito,Cali,ESP-CIN,Golden Cinnamon Roll,Esparcibles,2,10,9,485550,4.5,0,1
2025-02,Éxito,Cali,ESP-CRE,Creamy Cocoa Hazelnut,Esparcibles,2,39,36,1942200,18.0,0,3
2025-02,Éxito,Cali,ESP-CRU,Crunchy Cocoa Hazelnut,Esparcibles,2,32,25,1348750,12.5,0,7
2025-02,Éxito,Cali,ESP-PB,Peanutty Banana Shake,Esparcibles,2,17,12,647400,6.0,0,5
2025-02,Éxito,Cali,ESP-PIS,Buttery Pistachio Cookie,Esparcibles,2,43,38,2679000,19.0,1,5
2025-02,Éxito,Cali,GRA-CHI,Chip Cookie,GranOLAS,2,11,11,463100,5.5,5,0
2025-02,Éxito,Cali,GRA-FUD,Fudge Cake,GranOLAS,2,52,52,2189200,26.0,6,0
2025-02,Éxito,Cali,GRA-VAN,Vanilla Shortbread,GranOLAS,2,3,2,84200,1.0,3,1
2025-02,Éxito,Cali,HAR-AVE,Harina de Avena,Avena & Harinas,2,263,191,6646800,95.5,1,72
2025-02,Éxito,Cali,PAN-ALM-CHO,Almendra Choco Chips,Pancakes & Waffles,2,87,88,4074400,44.0,0,0
2025-02,Éxito,Cali,PAN-ALM-CHU,Almendra Churro,Pancakes & Waffles,2,137,118,5463400,59.0,2,19
2025-02,Éxito,Cali,PAN-ALM-VAN,Almendra Vainilla,Pancakes & Waffles,2,11,10,463000,5.0,4,1
2025-02,Éxito,Cali,PAN-AVE-BAN,Avena Banano,Pancakes & Waffles,2,26,25,912500,12.5,0,1
2025-02,Éxito,Cali,PAN-AVE-BRO,Avena Brownie,Pancakes & Waffles,2,51,49,1788500,24.5,4,2
2025-02,Éxito,Cali,PAN-AVE-VAN,Avena Vainilla,Pancakes & Waffles,2,8,7,255500,3.5,2,1
2025-02,Éxito,Cartagena,ESP-CRE,Creamy Cocoa Hazelnut,Esparcibles,3,51,43,2319850,14.33,3,8
2025-02,Éxito,Cartagena,ESP-PIS,Buttery Pistachio Cookie,Esparcibles,3,20,19,1339500,6.33,1,1
2025-02,Éxito,Cartagena,PAN-AVE-VAN,Avena Vainilla,Pancakes & Waffles,3,73,63,2299500,21.0,5,10
2025-02,Éxito,Manizales,AVE-HOJ,Avena en Hojuelas,Avena & Harinas,3,15,11,382800,3.67,2,4
2025-02,Éxito,Manizales,COM-3GRA,Three Pack GranOLA,Combos,3,4,2,214800,0.67,2,2
2025-02,Éxito,Manizales,COM-3SPR,Three Pack Spread,Combos,3,7,6,857700,2.0,4,1
2025-02,Éxito,Manizales,COM-WAF,Mini Wafflera,Combos,3,1,0,0,0.0,0,1
2025-02,Éxito,Manizales,ESP-CIN,Golden Cinnamon Roll,Esparcibles,3,17,16,863200,5.33,5,1
2025-02,Éxito,Manizales,ESP-CRU,Crunchy Cocoa Hazelnut,Esparcibles,3,17,15,809250,5.0,5,2
2025-02,Éxito,Manizales,ESP-PB,Peanutty Banana Shake,Esparcibles,3,11,8,431600,2.67,0,3
2025-02,Éxito,Manizales,ESP-PIS,Buttery Pistachio Cookie,Esparcibles,3,14,13,916500,4.33,0,1
2025-02,Éxito,Manizales,GRA-CHI,Chip Cookie,GranOLAS,3,75,71,2989100,23.67,2,4
2025-02,Éxito,Manizales,GRA-FUD,Fudge Cake,GranOLAS,3,30,26,1094600,8.67,3,4
2025-02,Éxito,Manizales,PAN-ALM-CHO,Almendra Choco Chips,Pancakes & Waffles,3,10,8,370400,2.67,2,2
2025-02,Éxito,Manizales,PAN-ALM-CHU,Almendra Churro,Pancakes & Waffles,3,27,19,879700,6.33,0,8
2025-02,Éxito,Manizales,PAN-ALM-VAN,Almendra Vainilla,Pancakes & Waffles,3,5,4,185200,1.33,0,1
2025-02,Éxito,Manizales,PAN-AVE-BAN,Avena Banano,Pancakes & Waffles,3,8,6,219000,2.0,0,2
2025-02,Éxito,Manizales,PAN-AVE-BRO,Avena Brownie,Pancakes & Waffles,3,13,12,438000,4.0,6,1
2025-02,Éxito,Manizales,PAN-AVE-VAN,Avena Vainilla,Pancakes & Waffles,3,59,44,1606000,14.67,8,15
2025-02,Éxito,Medellín,AVE-HOJ,Avena en Hojuelas,Avena & Harinas,6,46,36,1252800,6.0,1,10
2025-02,Éxito,Medellín,COM-3GRA,Three Pack GranOLA,Combos,6,85,78,8377200,13.0,0,7
2025-02,Éxito,Medellín,COM-3SPR,Three Pack Spread,Combos,6,6,5,714750,0.83,6,1
2025-02,Éxito,Medellín,COM-WAF,Mini Wafflera,Combos,6,12,9,999000,1.5,6,3
2025-02,Éxito,Medellín,ESP-CIN,Golden Cinnamon Roll,Esparcibles,6,41,38,2050100,6.33,7,3
2025-02,Éxito,Medellín,ESP-CRE,Creamy Cocoa Hazelnut,Esparcibles,6,78,68,3668600,11.33,3,10
2025-02,Éxito,Medellín,ESP-CRU,Crunchy Cocoa Hazelnut,Esparcibles,6,66,48,2589600,8.0,6,18
2025-02,Éxito,Medellín,ESP-PB,Peanutty Banana Shake,Esparcibles,6,102,75,4046250,12.5,0,27
2025-02,Éxito,Medellín,ESP-PIS,Buttery Pistachio Cookie,Esparcibles,6,45,44,3102000,7.33,2,1
2025-02,Éxito,Medellín,GRA-CHI,Chip Cookie,GranOLAS,6,81,73,3073300,12.17,7,8
2025-02,Éxito,Medellín,GRA-FUD,Fudge Cake,GranOLAS,6,124,97,4083700,16.17,1,27
2025-02,Éxito,Medellín,GRA-VAN,Vanilla Shortbread,GranOLAS,6,30,21,884100,3.5,3,9
2025-02,Éxito,Medellín,HAR-ALM,Harina de Almendra,Avena & Harinas,6,86,79,3037550,13.17,0,7
2025-02,Éxito,Medellín,HAR-AVE,Harina de Avena,Avena & Harinas,6,272,253,8804400,42.17,0,19
2025-02,Éxito,Medellín,PAN-ALM-CHO,Almendra Choco Chips,Pancakes & Waffles,6,89,68,3148400,11.33,2,21
2025-02,Éxito,Medellín,PAN-ALM-CHU,Almendra Churro,Pancakes & Waffles,6,21,16,740800,2.67,1,5
2025-02,Éxito,Medellín,PAN-ALM-VAN,Almendra Vainilla,Pancakes & Waffles,6,91,91,4213300,15.17,3,0
2025-02,Éxito,Medellín,PAN-AVE-BAN,Avena Banano,Pancakes & Waffles,6,143,117,4270500,19.5,2,26
2025-02,Éxito,Medellín,PAN-AVE-BRO,Avena Brownie,Pancakes & Waffles,6,96,83,3029500,13.83,1,13
2025-02,Éxito,Medellín,PAN-AVE-VAN,Avena Vainilla,Pancakes & Waffles,6,39,30,1095000,5.0,0,9
2025-02,Éxito,Pereira,AVE-HOJ,Avena en Hojuelas,Avena & Harinas,2,6,5,174000,2.5,4,1
2025-02,Éxito,Pereira,COM-3SPR,Three Pack Spread,Combos,2,5,5,714750,2.5,0,0
2025-02,Éxito,Pereira,ESP-PB,Peanutty Banana Shake,Esparcibles,2,6,4,215800,2.0,0,2
2025-02,Éxito,Pereira,ESP-PIS,Buttery Pistachio Cookie,Esparcibles,2,2,1,70500,0.5,6,1
2025-02,Éxito,Pereira,GRA-FUD,Fudge Cake,GranOLAS,2,5,4,168400,2.0,0,1
2025-02,Éxito,Pereira,HAR-ALM,Harina de Almendra,Avena & Harinas,2,34,31,1191950,15.5,0,3
2025-02,Éxito,Pereira,HAR-AVE,Harina de Avena,Avena & Harinas,2,17,15,522000,7.5,5,2
2025-02,Éxito,Pereira,PAN-ALM-CHO,Almendra Choco Chips,Pancakes & Waffles,2,13,11,509300,5.5,1,2
2025-02,Éxito,Pereira,PAN-ALM-VAN,Almendra Vainilla,Pancakes & Waffles,2,8,7,324100,3.5,0,1
2025-02,Éxito,Pereira,PAN-AVE-BAN,Avena Banano,Pancakes & Waffles,2,11,8,292000,4.0,2,3
2025-02,Éxito,Pereira,PAN-AVE-BRO,Avena Brownie,Pancakes & Waffles,2,7,5,182500,2.5,2,2
2025-02,Éxito,Pereira,PAN-AVE-VAN,Avena Vainilla,Pancakes & Waffles,2,14,10,365000,5.0,2,4
2025-03,Tiendas naturistas,Barranquilla,AVE-HOJ,Avena en Hojuelas,Avena & Harinas,2,20,16,592000,8.0,5,4
2025-03,Tiendas naturistas,Barranquilla,COM-3GRA,Three Pack GranOLA,Combos,2,6,5,571000,2.5,2,1
2025-03,Tiendas naturistas,Barranquilla,COM-3SPR,Three Pack Spread,Combos,2,4,3,455850,1.5,3,1
2025-03,Tiendas naturistas,Barranquilla,COM-WAF,Mini Wafflera,Combos,2,3,2,236000,1.0,0,1
2025-03,Tiendas naturistas,Barranquilla,ESP-CIN,Golden Cinnamon Roll,Esparcibles,2,27,20,1147000,10.0,6,7
2025-03,Tiendas naturistas,Barranquilla,ESP-CRE,Creamy Cocoa Hazelnut,Esparcibles,2,10,8,458800,4.0,3,2
2025-03,Tiendas naturistas,Barranquilla,ESP-CRU,Crunchy Cocoa Hazelnut,Esparcibles,2,19,19,1089650,9.5,5,0
2025-03,Tiendas naturistas,Barranquilla,ESP-PB,Peanutty Banana Shake,Esparcibles,2,20,15,860250,7.5,0,5
2025-03,Tiendas naturistas,Barranquilla,ESP-PIS,Buttery Pistachio Cookie,Esparcibles,2,2,1,74950,0.5,0,1
2025-03,Tiendas naturistas,Barranquilla,GRA-CHI,Chip Cookie,GranOLAS,2,20,14,627200,7.0,0,6
2025-03,Tiendas naturistas,Barranquilla,GRA-FUD,Fudge Cake,GranOLAS,2,16,13,582400,6.5,0,3
2025-03,Tiendas naturistas,Barranquilla,GRA-VAN,Vanilla Shortbread,GranOLAS,2,47,40,1792000,20.0,0,7
2025-03,Tiendas naturistas,Barranquilla,HAR-ALM,Harina de Almendra,Avena & Harinas,2,11,8,327200,4.0,7,3
2025-03,Tiendas naturistas,Barranquilla,HAR-AVE,Harina de Avena,Avena & Harinas,2,7,6,222000,3.0,0,1
2025-03,Tiendas naturistas,Barranquilla,PAN-ALM-CHO,Almendra Choco Chips,Pancakes & Waffles,2,4,3,147600,1.5,1,1
2025-03,Tiendas naturistas,Barranquilla,PAN-ALM-CHU,Almendra Churro,Pancakes & Waffles,2,10,9,442800,4.5,0,1
2025-03,Tiendas naturistas,Barranquilla,PAN-ALM-VAN,Almendra Vainilla,Pancakes & Waffles,2,15,12,590400,6.0,1,3
2025-03,Tiendas naturistas,Barranquilla,PAN-AVE-BAN,Avena Banano,Pancakes & Waffles,2,9,8,310400,4.0,4,1
2025-03,Tiendas naturistas,Barranquilla,PAN-AVE-BRO,Avena Brownie,Pancakes & Waffles,2,21,17,659600,8.5,6,4
2025-03,Tiendas naturistas,Barranquilla,PAN-AVE-VAN,Avena Vainilla,Pancakes & Waffles,2,43,40,1552000,20.0,0,3
2025-03,Tiendas naturistas,Bogotá,AVE-HOJ,Avena en Hojuelas,Avena & Harinas,31,59,52,1924000,1.68,0,7
2025-03,Tiendas naturistas,Bogotá,COM-3GRA,Three Pack GranOLA,Combos,31,18,17,1941400,0.55,3,1
2025-03,Tiendas naturistas,Bogotá,COM-3SPR,Three Pack Spread,Combos,31,24,22,3342900,0.71,0,2
2025-03,Tiendas naturistas,Bogotá,COM-WAF,Mini Wafflera,Combos,31,17,16,1888000,0.52,6,1
2025-03,Tiendas naturistas,Bogotá,ESP-CIN,Golden Cinnamon Roll,Esparcibles,31,45,35,2007250,1.13,8,10
2025-03,Tiendas naturistas,Bogotá,ESP-CRE,Creamy Cocoa Hazelnut,Esparcibles,31,39,33,1892550,1.06,6,6
2025-03,Tiendas naturistas,Bogotá,ESP-CRU,Crunchy Cocoa Hazelnut,Esparcibles,31,22,19,1089650,0.61,2,3
2025-03,Tiendas naturistas,Bogotá,ESP-PB,Peanutty Banana Shake,Esparcibles,31,37,27,1548450,0.87,6,10
2025-03,Tiendas naturistas,Bogotá,ESP-PIS,Buttery Pistachio Cookie,Esparcibles,31,22,17,1274150,0.55,8,5
2025-03,Tiendas naturistas,Bogotá,GRA-CHI,Chip Cookie,GranOLAS,31,89,73,3270400,2.35,4,16
2025-03,Tiendas naturistas,Bogotá,GRA-FUD,Fudge Cake,GranOLAS,31,65,49,2195200,1.58,5,16
2025-03,Tiendas naturistas,Bogotá,GRA-VAN,Vanilla Shortbread,GranOLAS,31,113,109,4883200,3.52,4,4
2025-03,Tiendas naturistas,Bogotá,HAR-ALM,Harina de Almendra,Avena & Harinas,31,151,147,6012300,4.74,1,4
2025-03,Tiendas naturistas,Bogotá,HAR-AVE,Harina de Avena,Avena & Harinas,31,59,42,1554000,1.35,0,17
2025-03,Tiendas naturistas,Bogotá,PAN-ALM-CHO,Almendra Choco Chips,Pancakes & Waffles,31,69,55,2706000,1.77,4,14
2025-03,Tiendas naturistas,Bogotá,PAN-ALM-CHU,Almendra Churro,Pancakes & Waffles,31,34,28,1377600,0.9,4,6
2025-03,Tiendas naturistas,Bogotá,PAN-ALM-VAN,Almendra Vainilla,Pancakes & Waffles,31,56,48,2361600,1.55,4,8
2025-03,Tiendas naturistas,Bogotá,PAN-AVE-BAN,Avena Banano,Pancakes & Waffles,31,27,25,970000,0.81,5,2
2025-03,Tiendas naturistas,Bogotá,PAN-AVE-BRO,Avena Brownie,Pancakes & Waffles,31,90,69,2677200,2.23,1,21
2025-03,Tiendas naturistas,Bogotá,PAN-AVE-VAN,Avena Vainilla,Pancakes & Waffles,31,111,86,3336800,2.77,0,25
2025-03,Tiendas naturistas,Bucaramanga,AVE-HOJ,Avena en Hojuelas,Avena & Harinas,2,15,14,518000,7.0,5,1
2025-03,Tiendas naturistas,Bucaramanga,COM-3GRA,Three Pack GranOLA,Combos,2,1,0,0,0.0,5,1
2025-03,Tiendas naturistas,Bucaramanga,COM-WAF,Mini Wafflera,Combos,2,1,0,0,0.0,3,1
2025-03,Tiendas naturistas,Bucaramanga,ESP-CIN,Golden Cinnamon Roll,Esparcibles,2,5,4,229400,2.0,0,1
2025-03,Tiendas naturistas,Bucaramanga,ESP-CRE,Creamy Cocoa Hazelnut,Esparcibles,2,7,6,344100,3.0,1,1
2025-03,Tiendas naturistas,Bucaramanga,ESP-CRU,Crunchy Cocoa Hazelnut,Esparcibles,2,4,3,172050,1.5,7,1
2025-03,Tiendas naturistas,Bucaramanga,ESP-PB,Peanutty Banana Shake,Esparcibles,2,31,24,1376400,12.0,8,7
2025-03,Tiendas naturistas,Bucaramanga,ESP-PIS,Buttery Pistachio Cookie,Esparcibles,2,17,16,1199200,8.0,4,1
2025-03,Tiendas naturistas,Bucaramanga,GRA-CHI,Chip Cookie,GranOLAS,2,2,1,44800,0.5,6,1
2025-03,Tiendas naturistas,Bucaramanga,GRA-FUD,Fudge Cake,GranOLAS,2,7,6,268800,3.0,0,1
2025-03,Tiendas naturistas,Bucaramanga,HAR-AVE,Harina de Avena,Avena & Harinas,2,10,8,296000,4.0,2,2
2025-03,Tiendas naturistas,Bucaramanga,PAN-ALM-CHO,Almendra Choco Chips,Pancakes & Waffles,2,8,7,344400,3.5,1,1
2025-03,Tiendas naturistas,Bucaramanga,PAN-ALM-CHU,Almendra Churro,Pancakes & Waffles,2,10,8,393600,4.0,4,2
2025-03,Tiendas naturistas,Bucaramanga,PAN-ALM-VAN,Almendra Vainilla,Pancakes & Waffles,2,2,2,98400,1.0,4,0
2025-03,Tiendas naturistas,Bucaramanga,PAN-AVE-BAN,Avena Banano,Pancakes & Waffles,2,17,14,543200,7.0,1,3
2025-03,Tiendas naturistas,Bucaramanga,PAN-AVE-BRO,Avena Brownie,Pancakes & Waffles,2,34,24,931200,12.0,0,10
2025-03,Tiendas naturistas,Cali,COM-3GRA,Three Pack GranOLA,Combos,5,2,1,114200,0.2,2,1
2025-03,Tiendas naturistas,Cali,COM-3SPR,Three Pack Spread,Combos,5,1,0,0,0.0,0,1
2025-03,Tiendas naturistas,Cali,COM-WAF,Mini Wafflera,Combos,5,4,3,354000,0.6,2,1
2025-03,Tiendas naturistas,Cali,ESP-CIN,Golden Cinnamon Roll,Esparcibles,5,6,5,286750,1.0,5,1
2025-03,Tiendas naturistas,Cali,ESP-CRE,Creamy Cocoa Hazelnut,Esparcibles,5,2,1,57350,0.2,0,1
2025-03,Tiendas naturistas,Cali,ESP-CRU,Crunchy Cocoa Hazelnut,Esparcibles,5,1,0,0,0.0,3,1
2025-03,Tiendas naturistas,Cali,ESP-PB,Peanutty Banana Shake,Esparcibles,5,6,4,229400,0.8,2,2
2025-03,Tiendas naturistas,Cali,GRA-CHI,Chip Cookie,GranOLAS,5,6,4,179200,0.8,0,2
2025-03,Tiendas naturistas,Cali,GRA-FUD,Fudge Cake,GranOLAS,5,24,18,806400,3.6,0,6
2025-03,Tiendas naturistas,Cali,GRA-VAN,Vanilla Shortbread,GranOLAS,5,8,6,268800,1.2,0,2
2025-03,Tiendas naturistas,Cali,HAR-ALM,Harina de Almendra,Avena & Harinas,5,16,16,654400,3.2,5,0
2025-03,Tiendas naturistas,Cali,HAR-AVE,Harina de Avena,Avena & Harinas,5,2,1,37000,0.2,2,1
2025-03,Tiendas naturistas,Cali,PAN-ALM-CHO,Almendra Choco Chips,Pancakes & Waffles,5,3,2,98400,0.4,1,1
2025-03,Tiendas naturistas,Cali,PAN-ALM-CHU,Almendra Churro,Pancakes & Waffles,5,4,3,147600,0.6,1,1
2025-03,Tiendas naturistas,Cali,PAN-ALM-VAN,Almendra Vainilla,Pancakes & Waffles,5,14,11,541200,2.2,2,3
2025-03,Tiendas naturistas,Cali,PAN-AVE-BAN,Avena Banano,Pancakes & Waffles,5,8,8,310400,1.6,0,0
2025-03,Tiendas naturistas,Cali,PAN-AVE-BRO,Avena Brownie,Pancakes & Waffles,5,8,6,232800,1.2,9,2
2025-03,Tiendas naturistas,Cali,PAN-AVE-VAN,Avena Vainilla,Pancakes & Waffles,5,8,6,232800,1.2,1,2
2025-03,Tiendas naturistas,Cartagena,AVE-HOJ,Avena en Hojuelas,Avena & Harinas,4,9,6,222000,1.5,2,3
2025-03,Tiendas naturistas,Cartagena,ESP-CRE,Creamy Cocoa Hazelnut,Esparcibles,4,11,10,573500,2.5,0,1
2025-03,Tiendas naturistas,Cartagena,ESP-PB,Peanutty Banana Shake,Esparcibles,4,3,2,114700,0.5,7,1
2025-03,Tiendas naturistas,Cartagena,ESP-PIS,Buttery Pistachio Cookie,Esparcibles,4,20,18,1349100,4.5,1,2
2025-03,Tiendas naturistas,Cartagena,GRA-CHI,Chip Cookie,GranOLAS,4,5,3,134400,0.75,2,2
2025-03,Tiendas naturistas,Cartagena,GRA-VAN,Vanilla Shortbread,GranOLAS,4,2,1,44800,0.25,7,1
2025-03,Tiendas naturistas,Cartagena,HAR-AVE,Harina de Avena,Avena & Harinas,4,9,7,259000,1.75,1,2
2025-03,Tiendas naturistas,Cartagena,PAN-ALM-CHO,Almendra Choco Chips,Pancakes & Waffles,4,10,9,442800,2.25,0,1
2025-03,Tiendas naturistas,Cartagena,PAN-ALM-CHU,Almendra Churro,Pancakes & Waffles,4,1,0,0,0.0,6,1
2025-03,Tiendas naturistas,Cartagena,PAN-ALM-VAN,Almendra Vainilla,Pancakes & Waffles,4,2,1,49200,0.25,0,1
2025-03,Tiendas naturistas,Cartagena,PAN-AVE-BAN,Avena Banano,Pancakes & Waffles,4,19,16,620800,4.0,5,3
2025-03,Tiendas naturistas,Cartagena,PAN-AVE-BRO,Avena Brownie,Pancakes & Waffles,4,16,12,465600,3.0,5,4
2025-03,Tiendas naturistas,Medellín,AVE-HOJ,Avena en Hojuelas,Avena & Harinas,13,17,15,555000,1.15,0,2
2025-03,Tiendas naturistas,Medellín,COM-3GRA,Three Pack GranOLA,Combos,13,9,7,799400,0.54,1,2
2025-03,Tiendas naturistas,Medellín,COM-3SPR,Three Pack Spread,Combos,13,3,2,303900,0.15,7,1
2025-03,Tiendas naturistas,Medellín,COM-WAF,Mini Wafflera,Combos,13,30,27,3186000,2.08,2,3
2025-03,Tiendas naturistas,Medellín,ESP-CIN,Golden Cinnamon Roll,Esparcibles,13,22,18,1032300,1.38,3,4
2025-03,Tiendas naturistas,Medellín,ESP-CRE,Creamy Cocoa Hazelnut,Esparcibles,13,15,13,745550,1.0,4,2
2025-03,Tiendas naturistas,Medellín,ESP-CRU,Crunchy Cocoa Hazelnut,Esparcibles,13,46,38,2179300,2.92,1,8
2025-03,Tiendas naturistas,Medellín,ESP-PB,Peanutty Banana Shake,Esparcibles,13,22,21,1204350,1.62,1,1
2025-03,Tiendas naturistas,Medellín,ESP-PIS,Buttery Pistachio Cookie,Esparcibles,13,6,5,374750,0.38,0,1
2025-03,Tiendas naturistas,Medellín,GRA-CHI,Chip Cookie,GranOLAS,13,22,20,896000,1.54,3,2
2025-03,Tiendas naturistas,Medellín,GRA-FUD,Fudge Cake,GranOLAS,13,74,65,2912000,5.0,5,9
2025-03,Tiendas naturistas,Medellín,GRA-VAN,Vanilla Shortbread,GranOLAS,13,8,8,358400,0.62,6,0
2025-03,Tiendas naturistas,Medellín,HAR-ALM,Harina de Almendra,Avena & Harinas,13,3,2,81800,0.15,3,1
2025-03,Tiendas naturistas,Medellín,HAR-AVE,Harina de Avena,Avena & Harinas,13,97,86,3182000,6.62,0,11
2025-03,Tiendas naturistas,Medellín,PAN-ALM-CHO,Almendra Choco Chips,Pancakes & Waffles,13,20,19,934800,1.46,1,1
2025-03,Tiendas naturistas,Medellín,PAN-ALM-CHU,Almendra Churro,Pancakes & Waffles,13,10,7,344400,0.54,0,3
2025-03,Tiendas naturistas,Medellín,PAN-ALM-VAN,Almendra Vainilla,Pancakes & Waffles,13,24,17,836400,1.31,1,7
2025-03,Tiendas naturistas,Medellín,PAN-AVE-BAN,Avena Banano,Pancakes & Waffles,13,4,3,116400,0.23,1,1
2025-03,Tiendas naturistas,Medellín,PAN-AVE-BRO,Avena Brownie,Pancakes & Waffles,13,75,66,2560800,5.08,1,9
2025-03,Tiendas naturistas,Medellín,PAN-AVE-VAN,Avena Vainilla,Pancakes & Waffles,13,30,23,892400,1.77,3,7
2025-03,Tiendas naturistas,Pereira,COM-3GRA,Three Pack GranOLA,Combos,4,2,1,114200,0.25,2,1
2025-03,Tiendas naturistas,Pereira,COM-3SPR,Three Pack Spread,Combos,4,1,0,0,0.0,2,1
2025-03,Tiendas naturistas,Pereira,ESP-CIN,Golden Cinnamon Roll,Esparcibles,4,6,4,229400,1.0,2,2
2025-03,Tiendas naturistas,Pereira,ESP-CRE,Creamy Cocoa Hazelnut,Esparcibles,4,14,11,630850,2.75,0,3
2025-03,Tiendas naturistas,Pereira,ESP-CRU,Crunchy Cocoa Hazelnut,Esparcibles,4,7,5,286750,1.25,4,2
2025-03,Tiendas naturistas,Pereira,ESP-PB,Peanutty Banana Shake,Esparcibles,4,5,4,229400,1.0,10,1
2025-03,Tiendas naturistas,Pereira,ESP-PIS,Buttery Pistachio Cookie,Esparcibles,4,3,2,149900,0.5,2,1
2025-03,Tiendas naturistas,Pereira,GRA-CHI,Chip Cookie,GranOLAS,4,6,5,224000,1.25,0,1
2025-03,Tiendas naturistas,Pereira,GRA-FUD,Fudge Cake,GranOLAS,4,1,0,0,0.0,1,1
2025-03,Tiendas naturistas,Pereira,GRA-VAN,Vanilla Shortbread,GranOLAS,4,11,10,448000,2.5,5,1
2025-03,Tiendas naturistas,Pereira,HAR-ALM,Harina de Almendra,Avena & Harinas,4,9,6,245400,1.5,4,3
2025-03,Tiendas naturistas,Pereira,HAR-AVE,Harina de Avena,Avena & Harinas,4,15,11,407000,2.75,7,4
2025-03,Tiendas naturistas,Pereira,PAN-ALM-CHU,Almendra Churro,Pancakes & Waffles,4,7,6,295200,1.5,2,1
2025-03,Tiendas naturistas,Pereira,PAN-ALM-VAN,Almendra Vainilla,Pancakes & Waffles,4,22,21,1033200,5.25,4,1
2025-03,Tiendas naturistas,Pereira,PAN-AVE-BAN,Avena Banano,Pancakes & Waffles,4,1,0,0,0.0,4,1
2025-03,Tiendas naturistas,Pereira,PAN-AVE-BRO,Avena Brownie,Pancakes & Waffles,4,3,2,77600,0.5,5,1
2025-03,Tiendas naturistas,Pereira,PAN-AVE-VAN,Avena Vainilla,Pancakes & Waffles,4,2,1,38800,0.25,3,1
2025-03,Éxito,Barranquilla,AVE-HOJ,Avena en Hojuelas,Avena & Harinas,5,57,53,1844400,10.6,6,4
2025-03,Éxito,Barranquilla,COM-3GRA,Three Pack GranOLA,Combos,5,12,11,1181400,2.2,4,1
2025-03,Éxito,Barranquilla,COM-3SPR,Three Pack Spread,Combos,5,16,13,1858350,2.6,2,3
2025-03,Éxito,Barranquilla,COM-WAF,Mini Wafflera,Combos,5,20,17,1887000,3.4,5,3
2025-03,Éxito,Barranquilla,ESP-CIN,Golden Cinnamon Roll,Esparcibles,5,6,5,269750,1.0,6,1
2025-03,Éxito,Barranquilla,ESP-CRE,Creamy Cocoa Hazelnut,Esparcibles,5,43,37,1996150,7.4,0,6
2025-03,Éxito,Barranquilla,ESP-CRU,Crunchy Cocoa Hazelnut,Esparcibles,5,38,30,1618500,6.0,0,8
2025-03,Éxito,Barranquilla,ESP-PB,Peanutty Banana Shake,Esparcibles,5,17,14,755300,2.8,1,3
2025-03,Éxito,Barranquilla,ESP-PIS,Buttery Pistachio Cookie,Esparcibles,5,51,36,2538000,7.2,2,15
2025-03,Éxito,Barranquilla,GRA-CHI,Chip Cookie,GranOLAS,5,51,45,1894500,9.0,6,6
2025-03,Éxito,Barranquilla,GRA-FUD,Fudge Cake,GranOLAS,5,39,35,1473500,7.0,2,4
2025-03,Éxito,Barranquilla,HAR-ALM,Harina de Almendra,Avena & Harinas,5,20,19,730550,3.8,1,1
2025-03,Éxito,Barranquilla,HAR-AVE,Harina de Avena,Avena & Harinas,5,14,13,452400,2.6,6,1
2025-03,Éxito,Barranquilla,PAN-ALM-CHO,Almendra Choco Chips,Pancakes & Waffles,5,27,26,1203800,5.2,1,1
2025-03,Éxito,Barranquilla,PAN-ALM-CHU,Almendra Churro,Pancakes & Waffles,5,17,14,648200,2.8,0,3
2025-03,Éxito,Barranquilla,PAN-ALM-VAN,Almendra Vainilla,Pancakes & Waffles,5,7,5,231500,1.0,3,2
2025-03,Éxito,Barranquilla,PAN-AVE-BAN,Avena Banano,Pancakes & Waffles,5,18,14,511000,2.8,2,4
2025-03,Éxito,Barranquilla,PAN-AVE-BRO,Avena Brownie,Pancakes & Waffles,5,62,53,1934500,10.6,4,9
2025-03,Éxito,Barranquilla,PAN-AVE-VAN,Avena Vainilla,Pancakes & Waffles,5,40,34,1241000,6.8,2,6
2025-03,Éxito,Bogotá,AVE-HOJ,Avena en Hojuelas,Avena & Harinas,22,225,176,6124800,8.0,1,49
2025-03,Éxito,Bogotá,COM-3GRA,Three Pack GranOLA,Combos,22,115,105,11277000,4.77,3,10
2025-03,Éxito,Bogotá,COM-3SPR,Three Pack Spread,Combos,22,55,55,7862250,2.5,7,0
2025-03,Éxito,Bogotá,COM-WAF,Mini Wafflera,Combos,22,81,67,7437000,3.05,0,14
2025-03,Éxito,Bogotá,ESP-CIN,Golden Cinnamon Roll,Esparcibles,22,107,94,5071300,4.27,5,13
2025-03,Éxito,Bogotá,ESP-CRE,Creamy Cocoa Hazelnut,Esparcibles,22,317,299,16131050,13.59,0,18
2025-03,Éxito,Bogotá,ESP-CRU,Crunchy Cocoa Hazelnut,Esparcibles,22,72,68,3668600,3.09,3,4
2025-03,Éxito,Bogotá,ESP-PB,Peanutty Banana Shake,Esparcibles,22,269,241,13001950,10.95,5,28
2025-03,Éxito,Bogotá,ESP-PIS,Buttery Pistachio Cookie,Esparcibles,22,158,161,11350500,7.32,1,0
2025-03,Éxito,Bogotá,GRA-CHI,Chip Cookie,GranOLAS,22,355,338,14229800,15.36,3,17
2025-03,Éxito,Bogotá,GRA-FUD,Fudge Cake,GranOLAS,22,118,103,4336300,4.68,2,15
2025-03,Éxito,Bogotá,GRA-VAN,Vanilla Shortbread,GranOLAS,22,216,161,6778100,7.32,2,55
2025-03,Éxito,Bogotá,HAR-ALM,Harina de Almendra,Avena & Harinas,22,274,268,10304600,12.18,0,6
2025-03,Éxito,Bogotá,HAR-AVE,Harina de Avena,Avena & Harinas,22,247,182,6333600,8.27,6,65
2025-03,Éxito,Bogotá,PAN-ALM-CHO,Almendra Choco Chips,Pancakes & Waffles,22,369,310,14353000,14.09,0,59
2025-03,Éxito,Bogotá,PAN-ALM-CHU,Almendra Churro,Pancakes & Waffles,22,96,71,3287300,3.23,0,25
2025-03,Éxito,Bogotá,PAN-ALM-VAN,Almendra Vainilla,Pancakes & Waffles,22,158,137,6343100,6.23,0,21
2025-03,Éxito,Bogotá,PAN-AVE-BAN,Avena Banano,Pancakes & Waffles,22,176,168,6132000,7.64,2,8
2025-03,Éxito,Bogotá,PAN-AVE-BRO,Avena Brownie,Pancakes & Waffles,22,267,199,7263500,9.05,5,68
2025-03,Éxito,Bogotá,PAN-AVE-VAN,Avena Vainilla,Pancakes & Waffles,22,197,164,5986000,7.45,3,33
2025-03,Éxito,Bucaramanga,COM-3GRA,Three Pack GranOLA,Combos,3,27,22,2362800,7.33,4,5
2025-03,Éxito,Bucaramanga,COM-3SPR,Three Pack Spread,Combos,3,2,1,142950,0.33,0,1
2025-03,Éxito,Bucaramanga,COM-WAF,Mini Wafflera,Combos,3,7,7,777000,2.33,0,0
2025-03,Éxito,Bucaramanga,ESP-CIN,Golden Cinnamon Roll,Esparcibles,3,8,7,377650,2.33,5,1
2025-03,Éxito,Bucaramanga,ESP-CRE,Creamy Cocoa Hazelnut,Esparcibles,3,8,5,269750,1.67,2,3
2025-03,Éxito,Bucaramanga,ESP-PB,Peanutty Banana Shake,Esparcibles,3,43,32,1726400,10.67,0,11
2025-03,Éxito,Bucaramanga,ESP-PIS,Buttery Pistachio Cookie,Esparcibles,3,15,12,846000,4.0,5,3
2025-03,Éxito,Bucaramanga,GRA-CHI,Chip Cookie,GranOLAS,3,29,28,1178800,9.33,0,1
2025-03,Éxito,Bucaramanga,GRA-FUD,Fudge Cake,GranOLAS,3,30,26,1094600,8.67,3,4
2025-03,Éxito,Bucaramanga,HAR-ALM,Harina de Almendra,Avena & Harinas,3,18,13,499850,4.33,2,5
2025-03,Éxito,Bucaramanga,PAN-ALM-CHO,Almendra Choco Chips,Pancakes & Waffles,3,8,5,231500,1.67,0,3
2025-03,Éxito,Bucaramanga,PAN-ALM-CHU,Almendra Churro,Pancakes & Waffles,3,105,90,4167000,30.0,4,15
2025-03,Éxito,Bucaramanga,PAN-ALM-VAN,Almendra Vainilla,Pancakes & Waffles,3,24,22,1018600,7.33,0,2
2025-03,Éxito,Bucaramanga,PAN-AVE-BAN,Avena Banano,Pancakes & Waffles,3,31,27,985500,9.0,4,4
2025-03,Éxito,Bucaramanga,PAN-AVE-BRO,Avena Brownie,Pancakes & Waffles,3,2,1,36500,0.33,7,1
2025-03,Éxito,Bucaramanga,PAN-AVE-VAN,Avena Vainilla,Pancakes & Waffles,3,32,30,1095000,10.0,0,2
2025-03,Éxito,Cali,AVE-HOJ,Avena en Hojuelas,Avena & Harinas,2,155,140,4872000,70.0,0,15
2025-03,Éxito,Cali,COM-3GRA,Three Pack GranOLA,Combos,2,37,26,2792400,13.0,5,11
2025-03,Éxito,Cali,COM-3SPR,Three Pack Spread,Combos,2,15,13,1858350,6.5,4,2
2025-03,Éxito,Cali,COM-WAF,Mini Wafflera,Combos,2,33,32,3552000,16.0,8,1
2025-03,Éxito,Cali,ESP-CIN,Golden Cinnamon Roll,Esparcibles,2,22,17,917150,8.5,0,5
2025-03,Éxito,Cali,ESP-CRE,Creamy Cocoa Hazelnut,Esparcibles,2,102,88,4747600,44.0,3,14
2025-03,Éxito,Cali,ESP-CRU,Crunchy Cocoa Hazelnut,Esparcibles,2,81,63,3398850,31.5,2,18
2025-03,Éxito,Cali,ESP-PB,Peanutty Banana Shake,Esparcibles,2,75,60,3237000,30.0,6,15
2025-03,Éxito,Cali,ESP-PIS,Buttery Pistachio Cookie,Esparcibles,2,21,17,1198500,8.5,6,4
2025-03,Éxito,Cali,GRA-CHI,Chip Cookie,GranOLAS,2,79,79,3325900,39.5,3,0
2025-03,Éxito,Cali,GRA-FUD,Fudge Cake,GranOLAS,2,55,55,2315500,27.5,5,0
2025-03,Éxito,Cali,GRA-VAN,Vanilla Shortbread,GranOLAS,2,79,77,3241700,38.5,0,2
2025-03,Éxito,Cali,HAR-ALM,Harina de Almendra,Avena & Harinas,2,119,97,3729650,48.5,0,22
2025-03,Éxito,Cali,HAR-AVE,Harina de Avena,Avena & Harinas,2,61,53,1844400,26.5,0,8
2025-03,Éxito,Cali,PAN-ALM-CHO,Almendra Choco Chips,Pancakes & Waffles,2,60,61,2824300,30.5,0,0
2025-03,Éxito,Cali,PAN-ALM-CHU,Almendra Churro,Pancakes & Waffles,2,96,89,4120700,44.5,5,7
2025-03,Éxito,Cali,PAN-ALM-VAN,Almendra Vainilla,Pancakes & Waffles,2,78,67,3102100,33.5,5,11
2025-03,Éxito,Cali,PAN-AVE-BAN,Avena Banano,Pancakes & Waffles,2,32,25,912500,12.5,4,7
2025-03,Éxito,Cali,PAN-AVE-BRO,Avena Brownie,Pancakes & Waffles,2,104,99,3613500,49.5,4,5
2025-03,Éxito,Cali,PAN-AVE-VAN,Avena Vainilla,Pancakes & Waffles,2,15,12,438000,6.0,7,3
2025-03,Éxito,Cartagena,AVE-HOJ,Avena en Hojuelas,Avena & Harinas,3,26,25,870000,8.33,0,1
2025-03,Éxito,Cartagena,COM-3GRA,Three Pack GranOLA,Combos,3,8,7,751800,2.33,5,1
2025-03,Éxito,Cartagena,COM-3SPR,Three Pack Spread,Combos,3,10,7,1000650,2.33,1,3
2025-03,Éxito,Cartagena,COM-WAF,Mini Wafflera,Combos,3,9,8,888000,2.67,2,1
2025-03,Éxito,Cartagena,ESP-CIN,Golden Cinnamon Roll,Esparcibles,3,16,14,755300,4.67,0,2
2025-03,Éxito,Cartagena,ESP-CRE,Creamy Cocoa Hazelnut,Esparcibles,3,19,19,1025050,6.33,3,0
2025-03,Éxito,Cartagena,ESP-CRU,Crunchy Cocoa Hazelnut,Esparcibles,3,36,34,1834300,11.33,0,2
2025-03,Éxito,Cartagena,ESP-PB,Peanutty Banana Shake,Esparcibles,3,14,12,647400,4.0,4,2
2025-03,Éxito,Cartagena,ESP-PIS,Buttery Pistachio Cookie,Esparcibles,3,31,26,1833000,8.67,0,5
2025-03,Éxito,Cartagena,GRA-CHI,Chip Cookie,GranOLAS,3,9,8,336800,2.67,5,1
2025-03,Éxito,Cartagena,GRA-FUD,Fudge Cake,GranOLAS,3,52,47,1978700,15.67,3,5
2025-03,Éxito,Cartagena,GRA-VAN,Vanilla Shortbread,GranOLAS,3,24,24,1010400,8.0,3,0
2025-03,Éxito,Cartagena,HAR-ALM,Harina de Almendra,Avena & Harinas,3,134,130,4998500,43.33,0,4
2025-03,Éxito,Cartagena,HAR-AVE,Harina de Avena,Avena & Harinas,3,72,68,2366400,22.67,0,4
2025-03,Éxito,Cartagena,PAN-ALM-CHO,Almendra Choco Chips,Pancakes & Waffles,3,10,10,463000,3.33,8,0
2025-03,Éxito,Cartagena,PAN-ALM-CHU,Almendra Churro,Pancakes & Waffles,3,28,21,972300,7.0,3,7
2025-03,Éxito,Cartagena,PAN-ALM-VAN,Almendra Vainilla,Pancakes & Waffles,3,48,46,2129800,15.33,1,2
2025-03,Éxito,Cartagena,PAN-AVE-BAN,Avena Banano,Pancakes & Waffles,3,11,8,292000,2.67,4,3
2025-03,Éxito,Cartagena,PAN-AVE-BRO,Avena Brownie,Pancakes & Waffles,3,19,14,511000,4.67,0,5
2025-03,Éxito,Cartagena,PAN-AVE-VAN,Avena Vainilla,Pancakes & Waffles,3,49,48,1752000,16.0,0,1
2025-03,Éxito,Manizales,COM-3SPR,Three Pack Spread,Combos,3,2,1,142950,0.33,7,1
2025-03,Éxito,Manizales,ESP-CRE,Creamy Cocoa Hazelnut,Esparcibles,3,9,8,431600,2.67,7,1
2025-03,Éxito,Manizales,GRA-CHI,Chip Cookie,GranOLAS,3,1,0,0,0.0,3,1
2025-03,Éxito,Manizales,HAR-ALM,Harina de Almendra,Avena & Harinas,3,23,23,884350,7.67,2,0
2025-03,Éxito,Manizales,PAN-ALM-CHO,Almendra Choco Chips,Pancakes & Waffles,3,2,1,46300,0.33,3,1
2025-03,Éxito,Medellín,AVE-HOJ,Avena en Hojuelas,Avena & Harinas,6,97,89,3097200,14.83,9,8
2025-03,Éxito,Medellín,COM-3GRA,Three Pack GranOLA,Combos,6,56,50,5370000,8.33,6,6
2025-03,Éxito,Medellín,COM-3SPR,Three Pack Spread,Combos,6,42,39,5575050,6.5,0,3
2025-03,Éxito,Medellín,COM-WAF,Mini Wafflera,Combos,6,36,26,2886000,4.33,4,10
2025-03,Éxito,Medellín,ESP-CIN,Golden Cinnamon Roll,Esparcibles,6,79,65,3506750,10.83,1,14
2025-03,Éxito,Medellín,ESP-CRE,Creamy Cocoa Hazelnut,Esparcibles,6,64,54,2913300,9.0,5,10
2025-03,Éxito,Medellín,ESP-CRU,Crunchy Cocoa Hazelnut,Esparcibles,6,19,17,917150,2.83,7,2
2025-03,Éxito,Medellín,ESP-PB,Peanutty Banana Shake,Esparcibles,6,109,102,5502900,17.0,4,7
2025-03,Éxito,Medellín,ESP-PIS,Buttery Pistachio Cookie,Esparcibles,6,33,29,2044500,4.83,1,4
2025-03,Éxito,Medellín,GRA-CHI,Chip Cookie,GranOLAS,6,142,108,4546800,18.0,0,34
2025-03,Éxito,Medellín,GRA-FUD,Fudge Cake,GranOLAS,6,123,103,4336300,17.17,0,20
2025-03,Éxito,Medellín,GRA-VAN,Vanilla Shortbread,GranOLAS,6,125,110,4631000,18.33,7,15
2025-03,Éxito,Medellín,HAR-ALM,Harina de Almendra,Avena & Harinas,6,42,41,1576450,6.83,1,1
2025-03,Éxito,Medellín,HAR-AVE,Harina de Avena,Avena & Harinas,6,218,187,6507600,31.17,0,31
2025-03,Éxito,Medellín,PAN-ALM-CHO,Almendra Choco Chips,Pancakes & Waffles,6,82,78,3611400,13.0,0,4
2025-03,Éxito,Medellín,PAN-ALM-CHU,Almendra Churro,Pancakes & Waffles,6,23,22,1018600,3.67,0,1
2025-03,Éxito,Medellín,PAN-ALM-VAN,Almendra Vainilla,Pancakes & Waffles,6,206,152,7037600,25.33,1,54
2025-03,Éxito,Medellín,PAN-AVE-BRO,Avena Brownie,Pancakes & Waffles,6,197,153,5584500,25.5,0,44
2025-03,Éxito,Medellín,PAN-AVE-VAN,Avena Vainilla,Pancakes & Waffles,6,5,3,109500,0.5,0,2
2025-03,Éxito,Pereira,COM-3GRA,Three Pack GranOLA,Combos,2,6,5,537000,2.5,3,1
2025-03,Éxito,Pereira,GRA-CHI,Chip Cookie,GranOLAS,2,11,9,378900,4.5,5,2
2025-03,Éxito,Pereira,HAR-AVE,Harina de Avena,Avena & Harinas,2,21,18,626400,9.0,1,3
2025-03,Éxito,Pereira,PAN-ALM-CHO,Almendra Choco Chips,Pancakes & Waffles,2,14,12,555600,6.0,1,2
2025-03,Éxito,Pereira,PAN-AVE-BRO,Avena Brownie,Pancakes & Waffles,2,12,9,328500,4.5,1,3
2025-04,Carulla,Barranquilla,AVE-HOJ,Avena en Hojuelas,Avena & Harinas,5,28,25,886250,5.0,5,3
2025-04,Carulla,Barranquilla,COM-3GRA,Three Pack GranOLA,Combos,5,10,9,984150,1.8,2,1
2025-04,Carulla,Barranquilla,COM-WAF,Mini Wafflera,Combos,5,10,9,1017000,1.8,3,1
2025-04,Carulla,Barranquilla,ESP-CIN,Golden Cinnamon Roll,Esparcibles,5,24,20,1098000,4.0,6,4
2025-04,Carulla,Barranquilla,ESP-CRE,Creamy Cocoa Hazelnut,Esparcibles,5,24,19,1043100,3.8,0,5
2025-04,Carulla,Barranquilla,ESP-CRU,Crunchy Cocoa Hazelnut,Esparcibles,5,26,20,1098000,4.0,0,6
2025-04,Carulla,Barranquilla,ESP-PB,Peanutty Banana Shake,Esparcibles,5,26,18,988200,3.6,3,8
2025-04,Carulla,Barranquilla,ESP-PIS,Buttery Pistachio Cookie,Esparcibles,5,27,23,1650250,4.6,0,4
2025-04,Carulla,Barranquilla,GRA-CHI,Chip Cookie,GranOLAS,5,25,18,772200,3.6,3,7
2025-04,Carulla,Barranquilla,GRA-FUD,Fudge Cake,GranOLAS,5,24,21,900900,4.2,1,3
2025-04,Carulla,Barranquilla,GRA-VAN,Vanilla Shortbread,GranOLAS,5,31,23,986700,4.6,1,8
2025-04,Carulla,Barranquilla,HAR-ALM,Harina de Almendra,Avena & Harinas,5,25,23,900450,4.6,6,2
2025-04,Carulla,Barranquilla,HAR-AVE,Harina de Avena,Avena & Harinas,5,36,29,1028050,5.8,2,7
2025-04,Carulla,Barranquilla,PAN-ALM-CHO,Almendra Choco Chips,Pancakes & Waffles,5,53,45,2119500,9.0,2,8
2025-04,Carulla,Barranquilla,PAN-ALM-CHU,Almendra Churro,Pancakes & Waffles,5,32,30,1413000,6.0,0,2
2025-04,Carulla,Barranquilla,PAN-ALM-VAN,Almendra Vainilla,Pancakes & Waffles,5,29,24,1130400,4.8,0,5
2025-04,Carulla,Barranquilla,PAN-AVE-BAN,Avena Banano,Pancakes & Waffles,5,54,52,1931800,10.4,0,2
2025-04,Carulla,Barranquilla,PAN-AVE-BRO,Avena Brownie,Pancakes & Waffles,5,7,5,185750,1.0,3,2
2025-04,Carulla,Barranquilla,PAN-AVE-VAN,Avena Vainilla,Pancakes & Waffles,5,6,6,222900,1.2,5,0
2025-04,Carulla,Bogotá,AVE-HOJ,Avena en Hojuelas,Avena & Harinas,11,198,161,5707450,14.64,2,37
2025-04,Carulla,Bogotá,COM-3GRA,Three Pack GranOLA,Combos,11,18,13,1421550,1.18,7,5
2025-04,Carulla,Bogotá,COM-3SPR,Three Pack Spread,Combos,11,53,50,7275000,4.55,5,3
2025-04,Carulla,Bogotá,COM-WAF,Mini Wafflera,Combos,11,65,58,6554000,5.27,1,7
2025-04,Carulla,Bogotá,ESP-CIN,Golden Cinnamon Roll,Esparcibles,11,60,47,2580300,4.27,0,13
2025-04,Carulla,Bogotá,ESP-CRE,Creamy Cocoa Hazelnut,Esparcibles,11,28,22,1207800,2.0,0,6
2025-04,Carulla,Bogotá,ESP-CRU,Crunchy Cocoa Hazelnut,Esparcibles,11,117,105,5764500,9.55,3,12
2025-04,Carulla,Bogotá,ESP-PB,Peanutty Banana Shake,Esparcibles,11,89,85,4666500,7.73,2,4
2025-04,Carulla,Bogotá,ESP-PIS,Buttery Pistachio Cookie,Esparcibles,11,59,54,3874500,4.91,0,5
2025-04,Carulla,Bogotá,GRA-CHI,Chip Cookie,GranOLAS,11,52,51,2187900,4.64,3,1
2025-04,Carulla,Bogotá,GRA-FUD,Fudge Cake,GranOLAS,11,107,88,3775200,8.0,0,19
2025-04,Carulla,Bogotá,GRA-VAN,Vanilla Shortbread,GranOLAS,11,106,83,3560700,7.55,5,23
2025-04,Carulla,Bogotá,HAR-ALM,Harina de Almendra,Avena & Harinas,11,102,99,3875850,9.0,2,3
2025-04,Carulla,Bogotá,HAR-AVE,Harina de Avena,Avena & Harinas,11,155,125,4431250,11.36,5,30
2025-04,Carulla,Bogotá,PAN-ALM-CHO,Almendra Choco Chips,Pancakes & Waffles,11,130,124,5840400,11.27,0,6
2025-04,Carulla,Bogotá,PAN-ALM-CHU,Almendra Churro,Pancakes & Waffles,11,99,80,3768000,7.27,5,19
2025-04,Carulla,Bogotá,PAN-ALM-VAN,Almendra Vainilla,Pancakes & Waffles,11,157,156,7347600,14.18,2,1
2025-04,Carulla,Bogotá,PAN-AVE-BAN,Avena Banano,Pancakes & Waffles,11,150,135,5015250,12.27,0,15
2025-04,Carulla,Bogotá,PAN-AVE-BRO,Avena Brownie,Pancakes & Waffles,11,225,190,7058500,17.27,11,35
2025-04,Carulla,Bogotá,PAN-AVE-VAN,Avena Vainilla,Pancakes & Waffles,11,117,92,3417800,8.36,1,25
2025-04,Carulla,Bucaramanga,AVE-HOJ,Avena en Hojuelas,Avena & Harinas,1,19,19,673550,19.0,0,0
2025-04,Carulla,Bucaramanga,COM-3GRA,Three Pack GranOLA,Combos,1,2,1,109350,1.0,5,1
2025-04,Carulla,Bucaramanga,COM-3SPR,Three Pack Spread,Combos,1,3,2,291000,2.0,8,1
2025-04,Carulla,Bucaramanga,COM-WAF,Mini Wafflera,Combos,1,4,2,226000,2.0,0,2
2025-04,Carulla,Bucaramanga,ESP-CIN,Golden Cinnamon Roll,Esparcibles,1,19,18,988200,18.0,4,1
2025-04,Carulla,Bucaramanga,ESP-CRU,Crunchy Cocoa Hazelnut,Esparcibles,1,8,6,329400,6.0,0,2
2025-04,Carulla,Bucaramanga,ESP-PB,Peanutty Banana Shake,Esparcibles,1,27,22,1207800,22.0,5,5
2025-04,Carulla,Bucaramanga,ESP-PIS,Buttery Pistachio Cookie,Esparcibles,1,1,0,0,0.0,8,1
2025-04,Carulla,Bucaramanga,GRA-FUD,Fudge Cake,GranOLAS,1,4,2,85800,2.0,5,2
2025-04,Carulla,Bucaramanga,GRA-VAN,Vanilla Shortbread,GranOLAS,1,5,4,171600,4.0,1,1
2025-04,Carulla,Bucaramanga,HAR-ALM,Harina de Almendra,Avena & Harinas,1,13,9,352350,9.0,0,4
2025-04,Carulla,Bucaramanga,HAR-AVE,Harina de Avena,Avena & Harinas,1,14,11,389950,11.0,1,3
2025-04,Carulla,Bucaramanga,PAN-ALM-CHO,Almendra Choco Chips,Pancakes & Waffles,1,23,17,800700,17.0,1,6
2025-04,Carulla,Bucaramanga,PAN-ALM-CHU,Almendra Churro,Pancakes & Waffles,1,12,9,423900,9.0,8,3
2025-04,Carulla,Bucaramanga,PAN-ALM-VAN,Almendra Vainilla,Pancakes & Waffles,1,9,8,376800,8.0,8,1
2025-04,Carulla,Bucaramanga,PAN-AVE-VAN,Avena Vainilla,Pancakes & Waffles,1,35,28,1040200,28.0,7,7
2025-04,Carulla,Cali,AVE-HOJ,Avena en Hojuelas,Avena & Harinas,4,1,0,0,0.0,3,1
2025-04,Carulla,Cali,COM-3GRA,Three Pack GranOLA,Combos,4,4,3,328050,0.75,3,1
2025-04,Carulla,Cali,COM-3SPR,Three Pack Spread,Combos,4,4,3,436500,0.75,3,1
2025-04,Carulla,Cali,COM-WAF,Mini Wafflera,Combos,4,22,19,2147000,4.75,0,3
2025-04,Carulla,Cali,ESP-CIN,Golden Cinnamon Roll,Esparcibles,4,53,51,2799900,12.75,2,2
2025-04,Carulla,Cali,ESP-CRE,Creamy Cocoa Hazelnut,Esparcibles,4,36,27,1482300,6.75,7,9
2025-04,Carulla,Cali,ESP-CRU,Crunchy Cocoa Hazelnut,Esparcibles,4,7,5,274500,1.25,1,2
2025-04,Carulla,Cali,ESP-PB,Peanutty Banana Shake,Esparcibles,4,17,14,768600,3.5,0,3
2025-04,Carulla,Cali,ESP-PIS,Buttery Pistachio Cookie,Esparcibles,4,24,23,1650250,5.75,0,1
2025-04,Carulla,Cali,GRA-CHI,Chip Cookie,GranOLAS,4,8,7,300300,1.75,0,1
2025-04,Carulla,Cali,GRA-FUD,Fudge Cake,GranOLAS,4,50,42,1801800,10.5,0,8
2025-04,Carulla,Cali,GRA-VAN,Vanilla Shortbread,GranOLAS,4,7,5,214500,1.25,4,2
2025-04,Carulla,Cali,HAR-AVE,Harina de Avena,Avena & Harinas,4,4,3,106350,0.75,5,1
2025-04,Carulla,Cali,PAN-ALM-CHO,Almendra Choco Chips,Pancakes & Waffles,4,32,31,1460100,7.75,4,1
2025-04,Carulla,Cali,PAN-ALM-CHU,Almendra Churro,Pancakes & Waffles,4,1,0,0,0.0,7,1
2025-04,Carulla,Cali,PAN-ALM-VAN,Almendra Vainilla,Pancakes & Waffles,4,33,24,1130400,6.0,5,9
2025-04,Carulla,Cali,PAN-AVE-BAN,Avena Banano,Pancakes & Waffles,4,28,25,928750,6.25,6,3
2025-04,Carulla,Cali,PAN-AVE-BRO,Avena Brownie,Pancakes & Waffles,4,74,72,2674800,18.0,6,2
2025-04,Carulla,Cali,PAN-AVE-VAN,Avena Vainilla,Pancakes & Waffles,4,16,14,520100,3.5,11,2
2025-04,Carulla,Cartagena,AVE-HOJ,Avena en Hojuelas,Avena & Harinas,2,12,10,354500,5.0,4,2
2025-04,Carulla,Cartagena,COM-WAF,Mini Wafflera,Combos,2,3,2,226000,1.0,3,1
2025-04,Carulla,Cartagena,ESP-CRE,Creamy Cocoa Hazelnut,Esparcibles,2,44,42,2305800,21.0,2,2
2025-04,Carulla,Cartagena,GRA-VAN,Vanilla Shortbread,GranOLAS,2,7,6,257400,3.0,2,1
2025-04,Carulla,Cartagena,HAR-ALM,Harina de Almendra,Avena & Harinas,2,7,5,195750,2.5,6,2
2025-04,Carulla,Cartagena,HAR-AVE,Harina de Avena,Avena & Harinas,2,12,11,389950,5.5,1,1
2025-04,Carulla,Cartagena,PAN-ALM-CHU,Almendra Churro,Pancakes & Waffles,2,9,7,329700,3.5,2,2
2025-04,Carulla,Cartagena,PAN-AVE-BRO,Avena Brownie,Pancakes & Waffles,2,15,12,445800,6.0,2,3
2025-04,Carulla,Manizales,AVE-HOJ,Avena en Hojuelas,Avena & Harinas,1,17,14,496300,14.0,0,3
2025-04,Carulla,Manizales,COM-WAF,Mini Wafflera,Combos,1,4,3,339000,3.0,0,1
2025-04,Carulla,Manizales,ESP-CIN,Golden Cinnamon Roll,Esparcibles,1,11,8,439200,8.0,4,3
2025-04,Carulla,Manizales,ESP-CRU,Crunchy Cocoa Hazelnut,Esparcibles,1,7,5,274500,5.0,4,2
2025-04,Carulla,Manizales,ESP-PIS,Buttery Pistachio Cookie,Esparcibles,1,1,0,0,0.0,6,1
2025-04,Carulla,Manizales,GRA-CHI,Chip Cookie,GranOLAS,1,33,28,1201200,28.0,3,5
2025-04,Carulla,Manizales,HAR-ALM,Harina de Almendra,Avena & Harinas,1,52,49,1918350,49.0,0,3
2025-04,Carulla,Manizales,PAN-AVE-BRO,Avena Brownie,Pancakes & Waffles,1,16,12,445800,12.0,4,4
2025-04,Carulla,Manizales,PAN-AVE-VAN,Avena Vainilla,Pancakes & Waffles,1,38,31,1151650,31.0,4,7
2025-04,Carulla,Medellín,AVE-HOJ,Avena en Hojuelas,Avena & Harinas,5,7,5,177250,1.0,0,2
2025-04,Carulla,Medellín,COM-3GRA,Three Pack GranOLA,Combos,5,6,5,546750,1.0,0,1
2025-04,Carulla,Medellín,COM-3SPR,Three Pack Spread,Combos,5,2,1,145500,0.2,0,1
2025-04,Carulla,Medellín,COM-WAF,Mini Wafflera,Combos,5,13,12,1356000,2.4,5,1
2025-04,Carulla,Medellín,ESP-CIN,Golden Cinnamon Roll,Esparcibles,5,37,31,1701900,6.2,0,6
2025-04,Carulla,Medellín,ESP-CRE,Creamy Cocoa Hazelnut,Esparcibles,5,61,56,3074400,11.2,9,5
2025-04,Carulla,Medellín,ESP-CRU,Crunchy Cocoa Hazelnut,Esparcibles,5,125,98,5380200,19.6,3,27
2025-04,Carulla,Medellín,ESP-PB,Peanutty Banana Shake,Esparcibles,5,11,11,603900,2.2,0,0
2025-04,Carulla,Medellín,ESP-PIS,Buttery Pistachio Cookie,Esparcibles,5,76,61,4376750,12.2,6,15
2025-04,Carulla,Medellín,GRA-CHI,Chip Cookie,GranOLAS,5,3,2,85800,0.4,5,1
2025-04,Carulla,Medellín,GRA-FUD,Fudge Cake,GranOLAS,5,14,10,429000,2.0,0,4
2025-04,Carulla,Medellín,HAR-ALM,Harina de Almendra,Avena & Harinas,5,11,9,352350,1.8,5,2
2025-04,Carulla,Medellín,HAR-AVE,Harina de Avena,Avena & Harinas,5,12,10,354500,2.0,1,2
2025-04,Carulla,Medellín,PAN-ALM-CHO,Almendra Choco Chips,Pancakes & Waffles,5,21,16,753600,3.2,1,5
2025-04,Carulla,Medellín,PAN-ALM-VAN,Almendra Vainilla,Pancakes & Waffles,5,3,3,141300,0.6,1,0
2025-04,Carulla,Medellín,PAN-AVE-BAN,Avena Banano,Pancakes & Waffles,5,2,1,37150,0.2,0,1
2025-04,Carulla,Medellín,PAN-AVE-BRO,Avena Brownie,Pancakes & Waffles,5,38,35,1300250,7.0,3,3
2025-04,Carulla,Medellín,PAN-AVE-VAN,Avena Vainilla,Pancakes & Waffles,5,55,43,1597450,8.6,7,12
2025-04,Carulla,Pereira,COM-3GRA,Three Pack GranOLA,Combos,1,9,6,656100,6.0,2,3
2025-04,Carulla,Pereira,COM-3SPR,Three Pack Spread,Combos,1,2,1,145500,1.0,2,1
2025-04,Carulla,Pereira,COM-WAF,Mini Wafflera,Combos,1,4,2,226000,2.0,0,2
2025-04,Carulla,Pereira,ESP-PB,Peanutty Banana Shake,Esparcibles,1,35,35,1921500,35.0,4,0
2025-04,Carulla,Pereira,GRA-CHI,Chip Cookie,GranOLAS,1,51,36,1544400,36.0,4,15
2025-04,Carulla,Pereira,GRA-FUD,Fudge Cake,GranOLAS,1,6,4,171600,4.0,5,2
2025-04,Carulla,Pereira,GRA-VAN,Vanilla Shortbread,GranOLAS,1,10,7,300300,7.0,1,3
2025-04,Carulla,Pereira,HAR-ALM,Harina de Almendra,Avena & Harinas,1,85,73,2857950,73.0,6,12
2025-04,Carulla,Pereira,HAR-AVE,Harina de Avena,Avena & Harinas,1,2,1,35450,1.0,0,1
2025-04,Carulla,Pereira,PAN-ALM-CHO,Almendra Choco Chips,Pancakes & Waffles,1,2,1,47100,1.0,2,1
2025-04,Carulla,Pereira,PAN-ALM-CHU,Almendra Churro,Pancakes & Waffles,1,4,3,141300,3.0,2,1
2025-04,Carulla,Pereira,PAN-ALM-VAN,Almendra Vainilla,Pancakes & Waffles,1,32,29,1365900,29.0,0,3
2025-04,Carulla,Pereira,PAN-AVE-BAN,Avena Banano,Pancakes & Waffles,1,5,4,148600,4.0,0,1
2025-04,Carulla,Pereira,PAN-AVE-VAN,Avena Vainilla,Pancakes & Waffles,1,26,19,705850,19.0,0,7
2025-04,Tiendas naturistas,Barranquilla,COM-3GRA,Three Pack GranOLA,Combos,2,23,17,1941400,8.5,0,6
2025-04,Tiendas naturistas,Barranquilla,COM-WAF,Mini Wafflera,Combos,2,2,1,118000,0.5,0,1
2025-04,Tiendas naturistas,Barranquilla,ESP-CIN,Golden Cinnamon Roll,Esparcibles,2,5,4,229400,2.0,1,1
2025-04,Tiendas naturistas,Barranquilla,ESP-CRE,Creamy Cocoa Hazelnut,Esparcibles,2,31,23,1319050,11.5,0,8
2025-04,Tiendas naturistas,Barranquilla,ESP-CRU,Crunchy Cocoa Hazelnut,Esparcibles,2,2,1,57350,0.5,2,1
2025-04,Tiendas naturistas,Barranquilla,GRA-FUD,Fudge Cake,GranOLAS,2,47,47,2105600,23.5,3,0
2025-04,Tiendas naturistas,Barranquilla,GRA-VAN,Vanilla Shortbread,GranOLAS,2,8,6,268800,3.0,2,2
2025-04,Tiendas naturistas,Barranquilla,HAR-ALM,Harina de Almendra,Avena & Harinas,2,6,4,163600,2.0,0,2
2025-04,Tiendas naturistas,Barranquilla,HAR-AVE,Harina de Avena,Avena & Harinas,2,10,7,259000,3.5,6,3
2025-04,Tiendas naturistas,Barranquilla,PAN-ALM-CHO,Almendra Choco Chips,Pancakes & Waffles,2,7,6,295200,3.0,0,1
2025-04,Tiendas naturistas,Barranquilla,PAN-AVE-BAN,Avena Banano,Pancakes & Waffles,2,17,13,504400,6.5,4,4
2025-04,Tiendas naturistas,Barranquilla,PAN-AVE-BRO,Avena Brownie,Pancakes & Waffles,2,19,17,659600,8.5,0,2
2025-04,Tiendas naturistas,Barranquilla,PAN-AVE-VAN,Avena Vainilla,Pancakes & Waffles,2,6,4,155200,2.0,0,2
2025-04,Tiendas naturistas,Bogotá,AVE-HOJ,Avena en Hojuelas,Avena & Harinas,31,96,77,2849000,2.48,4,19
2025-04,Tiendas naturistas,Bogotá,COM-3GRA,Three Pack GranOLA,Combos,31,21,18,2055600,0.58,3,3
2025-04,Tiendas naturistas,Bogotá,COM-3SPR,Three Pack Spread,Combos,31,13,11,1671450,0.35,2,2
2025-04,Tiendas naturistas,Bogotá,COM-WAF,Mini Wafflera,Combos,31,16,13,1534000,0.42,0,3
2025-04,Tiendas naturistas,Bogotá,ESP-CIN,Golden Cinnamon Roll,Esparcibles,31,42,34,1949900,1.1,2,8
2025-04,Tiendas naturistas,Bogotá,ESP-CRE,Creamy Cocoa Hazelnut,Esparcibles,31,48,42,2408700,1.35,0,6
2025-04,Tiendas naturistas,Bogotá,ESP-CRU,Crunchy Cocoa Hazelnut,Esparcibles,31,45,44,2523400,1.42,3,1
2025-04,Tiendas naturistas,Bogotá,ESP-PB,Peanutty Banana Shake,Esparcibles,31,67,53,3039550,1.71,0,14
2025-04,Tiendas naturistas,Bogotá,ESP-PIS,Buttery Pistachio Cookie,Esparcibles,31,6,4,299800,0.13,1,2
2025-04,Tiendas naturistas,Bogotá,GRA-CHI,Chip Cookie,GranOLAS,31,89,76,3404800,2.45,1,13
2025-04,Tiendas naturistas,Bogotá,GRA-FUD,Fudge Cake,GranOLAS,31,67,56,2508800,1.81,3,11
2025-04,Tiendas naturistas,Bogotá,GRA-VAN,Vanilla Shortbread,GranOLAS,31,75,68,3046400,2.19,5,7
2025-04,Tiendas naturistas,Bogotá,HAR-ALM,Harina de Almendra,Avena & Harinas,31,38,31,1267900,1.0,3,7
2025-04,Tiendas naturistas,Bogotá,HAR-AVE,Harina de Avena,Avena & Harinas,31,52,42,1554000,1.35,3,10
2025-04,Tiendas naturistas,Bogotá,PAN-ALM-CHO,Almendra Choco Chips,Pancakes & Waffles,31,113,91,4477200,2.94,4,22
2025-04,Tiendas naturistas,Bogotá,PAN-ALM-CHU,Almendra Churro,Pancakes & Waffles,31,49,49,2410800,1.58,3,0
2025-04,Tiendas naturistas,Bogotá,PAN-ALM-VAN,Almendra Vainilla,Pancakes & Waffles,31,79,59,2902800,1.9,4,20
2025-04,Tiendas naturistas,Bogotá,PAN-AVE-BAN,Avena Banano,Pancakes & Waffles,31,96,73,2832400,2.35,3,23
2025-04,Tiendas naturistas,Bogotá,PAN-AVE-BRO,Avena Brownie,Pancakes & Waffles,31,31,22,853600,0.71,0,9
2025-04,Tiendas naturistas,Bogotá,PAN-AVE-VAN,Avena Vainilla,Pancakes & Waffles,31,58,51,1978800,1.65,3,7
2025-04,Tiendas naturistas,Bucaramanga,AVE-HOJ,Avena en Hojuelas,Avena & Harinas,2,15,14,518000,7.0,2,1
2025-04,Tiendas naturistas,Bucaramanga,COM-3GRA,Three Pack GranOLA,Combos,2,3,2,228400,1.0,3,1
2025-04,Tiendas naturistas,Bucaramanga,COM-3SPR,Three Pack Spread,Combos,2,9,7,1063650,3.5,1,2
2025-04,Tiendas naturistas,Bucaramanga,COM-WAF,Mini Wafflera,Combos,2,9,6,708000,3.0,7,3
2025-04,Tiendas naturistas,Bucaramanga,ESP-CIN,Golden Cinnamon Roll,Esparcibles,2,2,1,57350,0.5,6,1
2025-04,Tiendas naturistas,Bucaramanga,ESP-CRE,Creamy Cocoa Hazelnut,Esparcibles,2,1,0,0,0.0,8,1
2025-04,Tiendas naturistas,Bucaramanga,ESP-CRU,Crunchy Cocoa Hazelnut,Esparcibles,2,19,18,1032300,9.0,6,1
2025-04,Tiendas naturistas,Bucaramanga,ESP-PB,Peanutty Banana Shake,Esparcibles,2,15,11,630850,5.5,3,4
2025-04,Tiendas naturistas,Bucaramanga,ESP-PIS,Buttery Pistachio Cookie,Esparcibles,2,23,21,1573950,10.5,0,2
2025-04,Tiendas naturistas,Bucaramanga,GRA-CHI,Chip Cookie,GranOLAS,2,3,2,89600,1.0,3,1
2025-04,Tiendas naturistas,Bucaramanga,HAR-ALM,Harina de Almendra,Avena & Harinas,2,8,6,245400,3.0,0,2
2025-04,Tiendas naturistas,Bucaramanga,HAR-AVE,Harina de Avena,Avena & Harinas,2,29,28,1036000,14.0,1,1
2025-04,Tiendas naturistas,Bucaramanga,PAN-ALM-CHO,Almendra Choco Chips,Pancakes & Waffles,2,10,10,492000,5.0,2,0
2025-04,Tiendas naturistas,Bucaramanga,PAN-ALM-CHU,Almendra Churro,Pancakes & Waffles,2,5,3,147600,1.5,0,2
2025-04,Tiendas naturistas,Bucaramanga,PAN-AVE-BAN,Avena Banano,Pancakes & Waffles,2,10,10,388000,5.0,1,0
2025-04,Tiendas naturistas,Bucaramanga,PAN-AVE-BRO,Avena Brownie,Pancakes & Waffles,2,32,32,1241600,16.0,2,0
2025-04,Tiendas naturistas,Cali,AVE-HOJ,Avena en Hojuelas,Avena & Harinas,5,105,93,3441000,18.6,0,12
2025-04,Tiendas naturistas,Cali,COM-3GRA,Three Pack GranOLA,Combos,5,4,3,342600,0.6,0,1
2025-04,Tiendas naturistas,Cali,COM-3SPR,Three Pack Spread,Combos,5,13,9,1367550,1.8,0,4
2025-04,Tiendas naturistas,Cali,COM-WAF,Mini Wafflera,Combos,5,8,5,590000,1.0,0,3
2025-04,Tiendas naturistas,Cali,ESP-CIN,Golden Cinnamon Roll,Esparcibles,5,54,50,2867500,10.0,0,4
2025-04,Tiendas naturistas,Cali,ESP-CRE,Creamy Cocoa Hazelnut,Esparcibles,5,40,33,1892550,6.6,0,7
2025-04,Tiendas naturistas,Cali,ESP-CRU,Crunchy Cocoa Hazelnut,Esparcibles,5,17,17,974950,3.4,0,0
2025-04,Tiendas naturistas,Cali,ESP-PB,Peanutty Banana Shake,Esparcibles,5,17,16,917600,3.2,2,1
2025-04,Tiendas naturistas,Cali,ESP-PIS,Buttery Pistachio Cookie,Esparcibles,5,30,29,2173550,5.8,1,1
2025-04,Tiendas naturistas,Cali,GRA-CHI,Chip Cookie,GranOLAS,5,28,20,896000,4.0,7,8
2025-04,Tiendas naturistas,Cali,GRA-FUD,Fudge Cake,GranOLAS,5,17,15,672000,3.0,0,2
2025-04,Tiendas naturistas,Cali,GRA-VAN,Vanilla Shortbread,GranOLAS,5,23,19,851200,3.8,5,4
2025-04,Tiendas naturistas,Cali,HAR-ALM,Harina de Almendra,Avena & Harinas,5,20,15,613500,3.0,2,5
2025-04,Tiendas naturistas,Cali,HAR-AVE,Harina de Avena,Avena & Harinas,5,26,25,925000,5.0,3,1
2025-04,Tiendas naturistas,Cali,PAN-ALM-CHO,Almendra Choco Chips,Pancakes & Waffles,5,27,23,1131600,4.6,1,4
2025-04,Tiendas naturistas,Cali,PAN-ALM-CHU,Almendra Churro,Pancakes & Waffles,5,5,4,196800,0.8,3,1
2025-04,Tiendas naturistas,Cali,PAN-ALM-VAN,Almendra Vainilla,Pancakes & Waffles,5,28,25,1230000,5.0,2,3
2025-04,Tiendas naturistas,Cali,PAN-AVE-BAN,Avena Banano,Pancakes & Waffles,5,19,14,543200,2.8,0,5
2025-04,Tiendas naturistas,Cali,PAN-AVE-BRO,Avena Brownie,Pancakes & Waffles,5,26,24,931200,4.8,5,2
2025-04,Tiendas naturistas,Cali,PAN-AVE-VAN,Avena Vainilla,Pancakes & Waffles,5,29,24,931200,4.8,4,5
2025-04,Tiendas naturistas,Cartagena,COM-3GRA,Three Pack GranOLA,Combos,4,6,5,571000,1.25,2,1
2025-04,Tiendas naturistas,Cartagena,COM-3SPR,Three Pack Spread,Combos,4,4,3,455850,0.75,5,1
2025-04,Tiendas naturistas,Cartagena,ESP-CRE,Creamy Cocoa Hazelnut,Esparcibles,4,2,1,57350,0.25,6,1
2025-04,Tiendas naturistas,Cartagena,ESP-PIS,Buttery Pistachio Cookie,Esparcibles,4,16,13,974350,3.25,0,3
2025-04,Tiendas naturistas,Cartagena,GRA-FUD,Fudge Cake,GranOLAS,4,11,10,448000,2.5,5,1
2025-04,Tiendas naturistas,Cartagena,GRA-VAN,Vanilla Shortbread,GranOLAS,4,22,18,806400,4.5,0,4
2025-04,Tiendas naturistas,Cartagena,HAR-ALM,Harina de Almendra,Avena & Harinas,4,29,29,1186100,7.25,5,0
2025-04,Tiendas naturistas,Cartagena,PAN-ALM-CHO,Almendra Choco Chips,Pancakes & Waffles,4,1,0,0,0.0,2,1
2025-04,Tiendas naturistas,Cartagena,PAN-ALM-VAN,Almendra Vainilla,Pancakes & Waffles,4,1,0,0,0.0,8,1
2025-04,Tiendas naturistas,Cartagena,PAN-AVE-BAN,Avena Banano,Pancakes & Waffles,4,1,0,0,0.0,0,1
2025-04,Tiendas naturistas,Medellín,AVE-HOJ,Avena en Hojuelas,Avena & Harinas,13,11,11,407000,0.85,1,0
2025-04,Tiendas naturistas,Medellín,COM-3GRA,Three Pack GranOLA,Combos,13,1,0,0,0.0,7,1
2025-04,Tiendas naturistas,Medellín,COM-3SPR,Three Pack Spread,Combos,13,1,0,0,0.0,4,1
2025-04,Tiendas naturistas,Medellín,COM-WAF,Mini Wafflera,Combos,13,1,0,0,0.0,1,1
2025-04,Tiendas naturistas,Medellín,ESP-CIN,Golden Cinnamon Roll,Esparcibles,13,19,17,974950,1.31,7,2
2025-04,Tiendas naturistas,Medellín,ESP-CRE,Creamy Cocoa Hazelnut,Esparcibles,13,20,19,1089650,1.46,0,1
2025-04,Tiendas naturistas,Medellín,ESP-CRU,Crunchy Cocoa Hazelnut,Esparcibles,13,6,4,229400,0.31,3,2
2025-04,Tiendas naturistas,Medellín,ESP-PB,Peanutty Banana Shake,Esparcibles,13,15,11,630850,0.85,4,4
2025-04,Tiendas naturistas,Medellín,ESP-PIS,Buttery Pistachio Cookie,Esparcibles,13,1,0,0,0.0,0,1
2025-04,Tiendas naturistas,Medellín,GRA-CHI,Chip Cookie,GranOLAS,13,11,8,358400,0.62,3,3
2025-04,Tiendas naturistas,Medellín,GRA-FUD,Fudge Cake,GranOLAS,13,13,11,492800,0.85,0,2
2025-04,Tiendas naturistas,Medellín,GRA-VAN,Vanilla Shortbread,GranOLAS,13,37,36,1612800,2.77,4,1
2025-04,Tiendas naturistas,Medellín,HAR-ALM,Harina de Almendra,Avena & Harinas,13,7,5,204500,0.38,0,2
2025-04,Tiendas naturistas,Medellín,HAR-AVE,Harina de Avena,Avena & Harinas,13,27,23,851000,1.77,8,4
2025-04,Tiendas naturistas,Medellín,PAN-ALM-CHO,Almendra Choco Chips,Pancakes & Waffles,13,3,2,98400,0.15,1,1
2025-04,Tiendas naturistas,Medellín,PAN-ALM-CHU,Almendra Churro,Pancakes & Waffles,13,11,11,541200,0.85,1,0
2025-04,Tiendas naturistas,Medellín,PAN-ALM-VAN,Almendra Vainilla,Pancakes & Waffles,13,27,24,1180800,1.85,0,3
2025-04,Tiendas naturistas,Medellín,PAN-AVE-BAN,Avena Banano,Pancakes & Waffles,13,18,16,620800,1.23,5,2
2025-04,Tiendas naturistas,Medellín,PAN-AVE-BRO,Avena Brownie,Pancakes & Waffles,13,21,18,698400,1.38,4,3
2025-04,Tiendas naturistas,Medellín,PAN-AVE-VAN,Avena Vainilla,Pancakes & Waffles,13,11,10,388000,0.77,3,1
2025-04,Tiendas naturistas,Pereira,AVE-HOJ,Avena en Hojuelas,Avena & Harinas,4,7,6,222000,1.5,2,1
2025-04,Tiendas naturistas,Pereira,COM-3GRA,Three Pack GranOLA,Combos,4,2,1,114200,0.25,1,1
2025-04,Tiendas naturistas,Pereira,COM-3SPR,Three Pack Spread,Combos,4,9,6,911700,1.5,2,3
2025-04,Tiendas naturistas,Pereira,COM-WAF,Mini Wafflera,Combos,4,1,0,0,0.0,7,1
2025-04,Tiendas naturistas,Pereira,ESP-CIN,Golden Cinnamon Roll,Esparcibles,4,1,1,57350,0.25,0,0
2025-04,Tiendas naturistas,Pereira,ESP-CRE,Creamy Cocoa Hazelnut,Esparcibles,4,23,18,1032300,4.5,5,5
2025-04,Tiendas naturistas,Pereira,ESP-CRU,Crunchy Cocoa Hazelnut,Esparcibles,4,15,14,802900,3.5,1,1
2025-04,Tiendas naturistas,Pereira,ESP-PB,Peanutty Banana Shake,Esparcibles,4,52,38,2179300,9.5,0,14
2025-04,Tiendas naturistas,Pereira,ESP-PIS,Buttery Pistachio Cookie,Esparcibles,4,3,2,149900,0.5,4,1
2025-04,Tiendas naturistas,Pereira,GRA-CHI,Chip Cookie,GranOLAS,4,22,19,851200,4.75,2,3
2025-04,Tiendas naturistas,Pereira,GRA-FUD,Fudge Cake,GranOLAS,4,22,17,761600,4.25,0,5
2025-04,Tiendas naturistas,Pereira,GRA-VAN,Vanilla Shortbread,GranOLAS,4,4,3,134400,0.75,0,1
2025-04,Tiendas naturistas,Pereira,HAR-ALM,Harina de Almendra,Avena & Harinas,4,40,30,1227000,7.5,9,10
2025-04,Tiendas naturistas,Pereira,HAR-AVE,Harina de Avena,Avena & Harinas,4,17,12,444000,3.0,0,5
2025-04,Tiendas naturistas,Pereira,PAN-ALM-CHO,Almendra Choco Chips,Pancakes & Waffles,4,2,1,49200,0.25,2,1
2025-04,Tiendas naturistas,Pereira,PAN-ALM-CHU,Almendra Churro,Pancakes & Waffles,4,15,14,688800,3.5,1,1
2025-04,Tiendas naturistas,Pereira,PAN-ALM-VAN,Almendra Vainilla,Pancakes & Waffles,4,6,5,246000,1.25,6,1
2025-04,Tiendas naturistas,Pereira,PAN-AVE-BAN,Avena Banano,Pancakes & Waffles,4,2,1,38800,0.25,4,1
2025-04,Tiendas naturistas,Pereira,PAN-AVE-BRO,Avena Brownie,Pancakes & Waffles,4,31,30,1164000,7.5,6,1
2025-04,Tiendas naturistas,Pereira,PAN-AVE-VAN,Avena Vainilla,Pancakes & Waffles,4,54,46,1784800,11.5,3,8
2025-04,Éxito,Barranquilla,AVE-HOJ,Avena en Hojuelas,Avena & Harinas,5,54,47,1635600,9.4,3,7
2025-04,Éxito,Barranquilla,COM-3GRA,Three Pack GranOLA,Combos,5,64,46,4940400,9.2,4,18
2025-04,Éxito,Barranquilla,COM-3SPR,Three Pack Spread,Combos,5,37,30,4288500,6.0,6,7
2025-04,Éxito,Barranquilla,COM-WAF,Mini Wafflera,Combos,5,2,1,111000,0.2,5,1
2025-04,Éxito,Barranquilla,ESP-CIN,Golden Cinnamon Roll,Esparcibles,5,17,17,917150,3.4,1,0
2025-04,Éxito,Barranquilla,ESP-CRE,Creamy Cocoa Hazelnut,Esparcibles,5,15,12,647400,2.4,0,3
2025-04,Éxito,Barranquilla,ESP-CRU,Crunchy Cocoa Hazelnut,Esparcibles,5,28,23,1240850,4.6,0,5
2025-04,Éxito,Barranquilla,ESP-PB,Peanutty Banana Shake,Esparcibles,5,71,56,3021200,11.2,2,15
2025-04,Éxito,Barranquilla,ESP-PIS,Buttery Pistachio Cookie,Esparcibles,5,53,45,3172500,9.0,2,8
2025-04,Éxito,Barranquilla,GRA-CHI,Chip Cookie,GranOLAS,5,7,6,252600,1.2,0,1
2025-04,Éxito,Barranquilla,GRA-FUD,Fudge Cake,GranOLAS,5,28,27,1136700,5.4,3,1
2025-04,Éxito,Barranquilla,GRA-VAN,Vanilla Shortbread,GranOLAS,5,19,13,547300,2.6,1,6
2025-04,Éxito,Barranquilla,HAR-ALM,Harina de Almendra,Avena & Harinas,5,133,129,4960050,25.8,3,4
2025-04,Éxito,Barranquilla,HAR-AVE,Harina de Avena,Avena & Harinas,5,61,58,2018400,11.6,3,3
2025-04,Éxito,Barranquilla,PAN-ALM-CHO,Almendra Choco Chips,Pancakes & Waffles,5,118,102,4722600,20.4,5,16
2025-04,Éxito,Barranquilla,PAN-ALM-CHU,Almendra Churro,Pancakes & Waffles,5,15,13,601900,2.6,0,2
2025-04,Éxito,Barranquilla,PAN-ALM-VAN,Almendra Vainilla,Pancakes & Waffles,5,25,25,1157500,5.0,0,0
2025-04,Éxito,Barranquilla,PAN-AVE-BAN,Avena Banano,Pancakes & Waffles,5,31,22,803000,4.4,8,9
2025-04,Éxito,Barranquilla,PAN-AVE-BRO,Avena Brownie,Pancakes & Waffles,5,39,36,1314000,7.2,5,3
2025-04,Éxito,Barranquilla,PAN-AVE-VAN,Avena Vainilla,Pancakes & Waffles,5,56,45,1642500,9.0,1,11
2025-04,Éxito,Bogotá,AVE-HOJ,Avena en Hojuelas,Avena & Harinas,22,274,261,9082800,11.86,0,13
2025-04,Éxito,Bogotá,COM-3GRA,Three Pack GranOLA,Combos,22,54,46,4940400,2.09,0,8
2025-04,Éxito,Bogotá,COM-3SPR,Three Pack Spread,Combos,22,60,43,6146850,1.95,0,17
2025-04,Éxito,Bogotá,COM-WAF,Mini Wafflera,Combos,22,55,45,4995000,2.05,3,10
2025-04,Éxito,Bogotá,ESP-CIN,Golden Cinnamon Roll,Esparcibles,22,274,269,14512550,12.23,1,5
2025-04,Éxito,Bogotá,ESP-CRE,Creamy Cocoa Hazelnut,Esparcibles,22,228,215,11599250,9.77,1,13
2025-04,Éxito,Bogotá,ESP-CRU,Crunchy Cocoa Hazelnut,Esparcibles,22,306,253,13649350,11.5,0,53
2025-04,Éxito,Bogotá,ESP-PB,Peanutty Banana Shake,Esparcibles,22,157,158,8524100,7.18,2,0
2025-04,Éxito,Bogotá,ESP-PIS,Buttery Pistachio Cookie,Esparcibles,22,101,76,5358000,3.45,3,25
2025-04,Éxito,Bogotá,GRA-CHI,Chip Cookie,GranOLAS,22,247,201,8462100,9.14,6,46
2025-04,Éxito,Bogotá,GRA-FUD,Fudge Cake,GranOLAS,22,112,96,4041600,4.36,1,16
2025-04,Éxito,Bogotá,GRA-VAN,Vanilla Shortbread,GranOLAS,22,306,225,9472500,10.23,5,81
2025-04,Éxito,Bogotá,HAR-ALM,Harina de Almendra,Avena & Harinas,22,213,154,5921300,7.0,0,59
2025-04,Éxito,Bogotá,HAR-AVE,Harina de Avena,Avena & Harinas,22,516,384,13363200,17.45,0,132
2025-04,Éxito,Bogotá,PAN-ALM-CHO,Almendra Choco Chips,Pancakes & Waffles,22,438,355,16436500,16.14,4,83
2025-04,Éxito,Bogotá,PAN-ALM-CHU,Almendra Churro,Pancakes & Waffles,22,141,119,5509700,5.41,0,22
2025-04,Éxito,Bogotá,PAN-ALM-VAN,Almendra Vainilla,Pancakes & Waffles,22,261,215,9954500,9.77,0,46
2025-04,Éxito,Bogotá,PAN-AVE-BAN,Avena Banano,Pancakes & Waffles,22,173,129,4708500,5.86,7,44
2025-04,Éxito,Bogotá,PAN-AVE-BRO,Avena Brownie,Pancakes & Waffles,22,297,290,10585000,13.18,8,7
2025-04,Éxito,Bogotá,PAN-AVE-VAN,Avena Vainilla,Pancakes & Waffles,22,357,290,10585000,13.18,3,67
2025-04,Éxito,Bucaramanga,AVE-HOJ,Avena en Hojuelas,Avena & Harinas,3,14,10,348000,3.33,0,4
2025-04,Éxito,Bucaramanga,COM-3SPR,Three Pack Spread,Combos,3,11,8,1143600,2.67,6,3
2025-04,Éxito,Bucaramanga,ESP-CRE,Creamy Cocoa Hazelnut,Esparcibles,3,16,15,809250,5.0,2,1
2025-04,Éxito,Bucaramanga,ESP-CRU,Crunchy Cocoa Hazelnut,Esparcibles,3,13,12,647400,4.0,5,1
2025-04,Éxito,Bucaramanga,ESP-PB,Peanutty Banana Shake,Esparcibles,3,5,3,161850,1.0,0,2
2025-04,Éxito,Bucaramanga,GRA-CHI,Chip Cookie,GranOLAS,3,8,6,252600,2.0,0,2
2025-04,Éxito,Bucaramanga,GRA-FUD,Fudge Cake,GranOLAS,3,68,55,2315500,18.33,0,13
2025-04,Éxito,Bucaramanga,GRA-VAN,Vanilla Shortbread,GranOLAS,3,50,49,2062900,16.33,5,1
2025-04,Éxito,Bucaramanga,PAN-ALM-CHO,Almendra Choco Chips,Pancakes & Waffles,3,9,7,324100,2.33,3,2
2025-04,Éxito,Bucaramanga,PAN-ALM-CHU,Almendra Churro,Pancakes & Waffles,3,96,70,3241000,23.33,3,26
2025-04,Éxito,Bucaramanga,PAN-ALM-VAN,Almendra Vainilla,Pancakes & Waffles,3,62,55,2546500,18.33,6,7
2025-04,Éxito,Bucaramanga,PAN-AVE-BAN,Avena Banano,Pancakes & Waffles,3,153,154,5621000,51.33,8,0
2025-04,Éxito,Bucaramanga,PAN-AVE-BRO,Avena Brownie,Pancakes & Waffles,3,71,65,2372500,21.67,0,6
2025-04,Éxito,Bucaramanga,PAN-AVE-VAN,Avena Vainilla,Pancakes & Waffles,3,105,96,3504000,32.0,4,9
2025-04,Éxito,Cali,AVE-HOJ,Avena en Hojuelas,Avena & Harinas,2,93,94,3271200,47.0,0,0
2025-04,Éxito,Cali,COM-3GRA,Three Pack GranOLA,Combos,2,13,12,1288800,6.0,0,1
2025-04,Éxito,Cali,COM-3SPR,Three Pack Spread,Combos,2,4,3,428850,1.5,1,1
2025-04,Éxito,Cali,ESP-CIN,Golden Cinnamon Roll,Esparcibles,2,17,12,647400,6.0,0,5
2025-04,Éxito,Cali,ESP-CRU,Crunchy Cocoa Hazelnut,Esparcibles,2,31,26,1402700,13.0,6,5
2025-04,Éxito,Cali,ESP-PB,Peanutty Banana Shake,Esparcibles,2,18,15,809250,7.5,2,3
2025-04,Éxito,Cali,GRA-CHI,Chip Cookie,GranOLAS,2,26,23,968300,11.5,3,3
2025-04,Éxito,Cali,GRA-VAN,Vanilla Shortbread,GranOLAS,2,9,7,294700,3.5,3,2
2025-04,Éxito,Cali,HAR-ALM,Harina de Almendra,Avena & Harinas,2,33,31,1191950,15.5,5,2
2025-04,Éxito,Cali,HAR-AVE,Harina de Avena,Avena & Harinas,2,47,39,1357200,19.5,6,8
2025-04,Éxito,Cali,PAN-AVE-BAN,Avena Banano,Pancakes & Waffles,2,84,84,3066000,42.0,4,0
2025-04,Éxito,Cali,PAN-AVE-VAN,Avena Vainilla,Pancakes & Waffles,2,18,17,620500,8.5,2,1
2025-04,Éxito,Cartagena,AVE-HOJ,Avena en Hojuelas,Avena & Harinas,3,7,6,208800,2.0,2,1
2025-04,Éxito,Cartagena,COM-3GRA,Three Pack GranOLA,Combos,3,4,3,322200,1.0,2,1
2025-04,Éxito,Cartagena,ESP-CIN,Golden Cinnamon Roll,Esparcibles,3,23,17,917150,5.67,4,6
2025-04,Éxito,Cartagena,ESP-CRU,Crunchy Cocoa Hazelnut,Esparcibles,3,7,6,323700,2.0,0,1
2025-04,Éxito,Cartagena,ESP-PIS,Buttery Pistachio Cookie,Esparcibles,3,2,1,70500,0.33,1,1
2025-04,Éxito,Cartagena,GRA-CHI,Chip Cookie,GranOLAS,3,13,10,421000,3.33,0,3
2025-04,Éxito,Cartagena,GRA-FUD,Fudge Cake,GranOLAS,3,24,19,799900,6.33,0,5
2025-04,Éxito,Cartagena,GRA-VAN,Vanilla Shortbread,GranOLAS,3,3,2,84200,0.67,3,1
2025-04,Éxito,Cartagena,HAR-ALM,Harina de Almendra,Avena & Harinas,3,11,8,307600,2.67,6,3
2025-04,Éxito,Cartagena,HAR-AVE,Harina de Avena,Avena & Harinas,3,9,8,278400,2.67,5,1
2025-04,Éxito,Cartagena,PAN-ALM-CHU,Almendra Churro,Pancakes & Waffles,3,7,5,231500,1.67,0,2
2025-04,Éxito,Cartagena,PAN-ALM-VAN,Almendra Vainilla,Pancakes & Waffles,3,4,3,138900,1.0,0,1
2025-04,Éxito,Cartagena,PAN-AVE-VAN,Avena Vainilla,Pancakes & Waffles,3,6,4,146000,1.33,0,2
2025-04,Éxito,Manizales,COM-3GRA,Three Pack GranOLA,Combos,3,22,21,2255400,7.0,0,1
2025-04,Éxito,Manizales,COM-3SPR,Three Pack Spread,Combos,3,28,26,3716700,8.67,6,2
2025-04,Éxito,Manizales,COM-WAF,Mini Wafflera,Combos,3,10,10,1110000,3.33,2,0
2025-04,Éxito,Manizales,ESP-PB,Peanutty Banana Shake,Esparcibles,3,47,42,2265900,14.0,2,5
2025-04,Éxito,Manizales,GRA-CHI,Chip Cookie,GranOLAS,3,30,24,1010400,8.0,0,6
2025-04,Éxito,Manizales,PAN-ALM-VAN,Almendra Vainilla,Pancakes & Waffles,3,12,12,555600,4.0,4,0
2025-04,Éxito,Manizales,PAN-AVE-BAN,Avena Banano,Pancakes & Waffles,3,98,85,3102500,28.33,0,13
2025-04,Éxito,Medellín,AVE-HOJ,Avena en Hojuelas,Avena & Harinas,6,165,143,4976400,23.83,0,22
2025-04,Éxito,Medellín,COM-3GRA,Three Pack GranOLA,Combos,6,9,7,751800,1.17,0,2
2025-04,Éxito,Medellín,COM-3SPR,Three Pack Spread,Combos,6,33,27,3859650,4.5,1,6
2025-04,Éxito,Medellín,COM-WAF,Mini Wafflera,Combos,6,19,15,1665000,2.5,0,4
2025-04,Éxito,Medellín,ESP-CIN,Golden Cinnamon Roll,Esparcibles,6,5,4,215800,0.67,3,1
2025-04,Éxito,Medellín,ESP-CRE,Creamy Cocoa Hazelnut,Esparcibles,6,81,71,3830450,11.83,2,10
2025-04,Éxito,Medellín,ESP-CRU,Crunchy Cocoa Hazelnut,Esparcibles,6,135,136,7337200,22.67,3,0
2025-04,Éxito,Medellín,ESP-PB,Peanutty Banana Shake,Esparcibles,6,118,89,4801550,14.83,0,29
2025-04,Éxito,Medellín,ESP-PIS,Buttery Pistachio Cookie,Esparcibles,6,49,43,3031500,7.17,3,6
2025-04,Éxito,Medellín,GRA-CHI,Chip Cookie,GranOLAS,6,133,124,5220400,20.67,7,9
2025-04,Éxito,Medellín,GRA-FUD,Fudge Cake,GranOLAS,6,180,171,7199100,28.5,0,9
2025-04,Éxito,Medellín,GRA-VAN,Vanilla Shortbread,GranOLAS,6,22,20,842000,3.33,3,2
2025-04,Éxito,Medellín,HAR-ALM,Harina de Almendra,Avena & Harinas,6,33,23,884350,3.83,3,10
2025-04,Éxito,Medellín,HAR-AVE,Harina de Avena,Avena & Harinas,6,86,82,2853600,13.67,0,4
2025-04,Éxito,Medellín,PAN-ALM-CHO,Almendra Choco Chips,Pancakes & Waffles,6,61,44,2037200,7.33,3,17
2025-04,Éxito,Medellín,PAN-ALM-CHU,Almendra Churro,Pancakes & Waffles,6,34,30,1389000,5.0,5,4
2025-04,Éxito,Medellín,PAN-ALM-VAN,Almendra Vainilla,Pancakes & Waffles,6,16,14,648200,2.33,2,2
2025-04,Éxito,Medellín,PAN-AVE-BAN,Avena Banano,Pancakes & Waffles,6,55,50,1825000,8.33,3,5
2025-04,Éxito,Medellín,PAN-AVE-BRO,Avena Brownie,Pancakes & Waffles,6,192,185,6752500,30.83,4,7
2025-04,Éxito,Medellín,PAN-AVE-VAN,Avena Vainilla,Pancakes & Waffles,6,234,207,7555500,34.5,1,27
2025-04,Éxito,Pereira,AVE-HOJ,Avena en Hojuelas,Avena & Harinas,2,61,44,1531200,22.0,0,17
2025-04,Éxito,Pereira,COM-3GRA,Three Pack GranOLA,Combos,2,60,50,5370000,25.0,0,10
2025-04,Éxito,Pereira,COM-3SPR,Three Pack Spread,Combos,2,21,17,2430150,8.5,1,4
2025-04,Éxito,Pereira,COM-WAF,Mini Wafflera,Combos,2,35,29,3219000,14.5,0,6
2025-04,Éxito,Pereira,ESP-CRE,Creamy Cocoa Hazelnut,Esparcibles,2,4,3,161850,1.5,0,1
2025-04,Éxito,Pereira,ESP-PIS,Buttery Pistachio Cookie,Esparcibles,2,54,40,2820000,20.0,0,14
2025-04,Éxito,Pereira,GRA-CHI,Chip Cookie,GranOLAS,2,24,22,926200,11.0,4,2
2025-04,Éxito,Pereira,GRA-FUD,Fudge Cake,GranOLAS,2,118,109,4588900,54.5,8,9
2025-04,Éxito,Pereira,GRA-VAN,Vanilla Shortbread,GranOLAS,2,7,6,252600,3.0,3,1
2025-04,Éxito,Pereira,HAR-ALM,Harina de Almendra,Avena & Harinas,2,23,16,615200,8.0,0,7
2025-04,Éxito,Pereira,PAN-ALM-CHU,Almendra Churro,Pancakes & Waffles,2,49,37,1713100,18.5,3,12
2025-04,Éxito,Pereira,PAN-ALM-VAN,Almendra Vainilla,Pancakes & Waffles,2,136,136,6296800,68.0,0,0
2025-04,Éxito,Pereira,PAN-AVE-BAN,Avena Banano,Pancakes & Waffles,2,55,55,2007500,27.5,5,0
2025-04,Éxito,Pereira,PAN-AVE-BRO,Avena Brownie,Pancakes & Waffles,2,103,86,3139000,43.0,1,17
2025-05,Carulla,Barranquilla,AVE-HOJ,Avena en Hojuelas,Avena & Harinas,5,15,13,460850,2.6,0,2
2025-05,Carulla,Barranquilla,COM-3GRA,Three Pack GranOLA,Combos,5,12,12,1312200,2.4,2,0
2025-05,Carulla,Barranquilla,COM-3SPR,Three Pack Spread,Combos,5,9,8,1164000,1.6,2,1
2025-05,Carulla,Barranquilla,COM-WAF,Mini Wafflera,Combos,5,4,3,339000,0.6,0,1
2025-05,Carulla,Barranquilla,ESP-BABY,Baby Spreads,Esparcibles,5,39,30,661500,6.0,3,9
2025-05,Carulla,Barranquilla,ESP-CIN,Golden Cinnamon Roll,Esparcibles,5,27,22,1207800,4.4,5,5
2025-05,Carulla,Barranquilla,ESP-CRE,Creamy Cocoa Hazelnut,Esparcibles,5,2,1,54900,0.2,0,1
2025-05,Carulla,Barranquilla,ESP-CRU,Crunchy Cocoa Hazelnut,Esparcibles,5,31,23,1262700,4.6,0,8
2025-05,Carulla,Barranquilla,ESP-PB,Peanutty Banana Shake,Esparcibles,5,12,9,494100,1.8,0,3
2025-05,Carulla,Barranquilla,ESP-PIS,Buttery Pistachio Cookie,Esparcibles,5,33,33,2367750,6.6,0,0
2025-05,Carulla,Barranquilla,GRA-CHI,Chip Cookie,GranOLAS,5,60,45,1930500,9.0,4,15
2025-05,Carulla,Barranquilla,GRA-FUD,Fudge Cake,GranOLAS,5,22,16,686400,3.2,0,6
2025-05,Carulla,Barranquilla,GRA-VAN,Vanilla Shortbread,GranOLAS,5,14,12,514800,2.4,0,2
2025-05,Carulla,Barranquilla,HAR-ALM,Harina de Almendra,Avena & Harinas,5,37,27,1057050,5.4,4,10
2025-05,Carulla,Barranquilla,HAR-AVE,Harina de Avena,Avena & Harinas,5,56,50,1772500,10.0,3,6
2025-05,Carulla,Barranquilla,PAN-ALM-CHO,Almendra Choco Chips,Pancakes & Waffles,5,8,6,282600,1.2,0,2
2025-05,Carulla,Barranquilla,PAN-ALM-CHU,Almendra Churro,Pancakes & Waffles,5,13,10,471000,2.0,1,3
2025-05,Carulla,Barranquilla,PAN-AVE-BAN,Avena Banano,Pancakes & Waffles,5,16,12,445800,2.4,4,4
2025-05,Carulla,Barranquilla,PAN-AVE-BRO,Avena Brownie,Pancakes & Waffles,5,28,27,1003050,5.4,0,1
2025-05,Carulla,Barranquilla,PAN-AVE-VAN,Avena Vainilla,Pancakes & Waffles,5,32,25,928750,5.0,0,7
2025-05,Carulla,Bogotá,AVE-HOJ,Avena en Hojuelas,Avena & Harinas,11,39,38,1347100,3.45,1,1
2025-05,Carulla,Bogotá,COM-3GRA,Three Pack GranOLA,Combos,11,14,13,1421550,1.18,6,1
2025-05,Carulla,Bogotá,COM-3SPR,Three Pack Spread,Combos,11,35,33,4801500,3.0,2,2
2025-05,Carulla,Bogotá,COM-WAF,Mini Wafflera,Combos,11,54,54,6102000,4.91,0,0
2025-05,Carulla,Bogotá,ESP-BABY,Baby Spreads,Esparcibles,11,205,168,3704400,15.27,3,37
2025-05,Carulla,Bogotá,ESP-CIN,Golden Cinnamon Roll,Esparcibles,11,53,38,2086200,3.45,4,15
2025-05,Carulla,Bogotá,ESP-CRE,Creamy Cocoa Hazelnut,Esparcibles,11,63,50,2745000,4.55,1,13
2025-05,Carulla,Bogotá,ESP-CRU,Crunchy Cocoa Hazelnut,Esparcibles,11,72,67,3678300,6.09,1,5
2025-05,Carulla,Bogotá,ESP-PB,Peanutty Banana Shake,Esparcibles,11,94,71,3897900,6.45,4,23
2025-05,Carulla,Bogotá,ESP-PIS,Buttery Pistachio Cookie,Esparcibles,11,43,37,2654750,3.36,1,6
2025-05,Carulla,Bogotá,GRA-CHI,Chip Cookie,GranOLAS,11,62,57,2445300,5.18,1,5
2025-05,Carulla,Bogotá,GRA-FUD,Fudge Cake,GranOLAS,11,56,52,2230800,4.73,3,4
2025-05,Carulla,Bogotá,GRA-VAN,Vanilla Shortbread,GranOLAS,11,70,68,2917200,6.18,1,2
2025-05,Carulla,Bogotá,HAR-ALM,Harina de Almendra,Avena & Harinas,11,177,140,5481000,12.73,10,37
2025-05,Carulla,Bogotá,HAR-AVE,Harina de Avena,Avena & Harinas,11,143,116,4112200,10.55,0,27
2025-05,Carulla,Bogotá,PAN-ALM-CHO,Almendra Choco Chips,Pancakes & Waffles,11,96,89,4191900,8.09,1,7
2025-05,Carulla,Bogotá,PAN-ALM-CHU,Almendra Churro,Pancakes & Waffles,11,83,72,3391200,6.55,4,11
2025-05,Carulla,Bogotá,PAN-ALM-VAN,Almendra Vainilla,Pancakes & Waffles,11,102,100,4710000,9.09,0,2
2025-05,Carulla,Bogotá,PAN-AVE-BAN,Avena Banano,Pancakes & Waffles,11,132,95,3529250,8.64,6,37
2025-05,Carulla,Bogotá,PAN-AVE-BRO,Avena Brownie,Pancakes & Waffles,11,160,123,4569450,11.18,6,37
2025-05,Carulla,Bogotá,PAN-AVE-VAN,Avena Vainilla,Pancakes & Waffles,11,134,114,4235100,10.36,3,20
2025-05,Carulla,Bucaramanga,AVE-HOJ,Avena en Hojuelas,Avena & Harinas,1,11,9,319050,9.0,3,2
2025-05,Carulla,Bucaramanga,COM-3GRA,Three Pack GranOLA,Combos,1,2,1,109350,1.0,7,1
2025-05,Carulla,Bucaramanga,COM-WAF,Mini Wafflera,Combos,1,3,2,226000,2.0,1,1
2025-05,Carulla,Bucaramanga,ESP-BABY,Baby Spreads,Esparcibles,1,1,0,0,0.0,5,1
2025-05,Carulla,Bucaramanga,ESP-CIN,Golden Cinnamon Roll,Esparcibles,1,29,22,1207800,22.0,3,7
2025-05,Carulla,Bucaramanga,ESP-CRE,Creamy Cocoa Hazelnut,Esparcibles,1,32,27,1482300,27.0,3,5
2025-05,Carulla,Bucaramanga,ESP-CRU,Crunchy Cocoa Hazelnut,Esparcibles,1,32,31,1701900,31.0,2,1
2025-05,Carulla,Bucaramanga,ESP-PB,Peanutty Banana Shake,Esparcibles,1,14,11,603900,11.0,2,3
2025-05,Carulla,Bucaramanga,GRA-CHI,Chip Cookie,GranOLAS,1,26,19,815100,19.0,0,7
2025-05,Carulla,Bucaramanga,GRA-FUD,Fudge Cake,GranOLAS,1,42,32,1372800,32.0,1,10
2025-05,Carulla,Bucaramanga,GRA-VAN,Vanilla Shortbread,GranOLAS,1,78,79,3389100,79.0,0,0
2025-05,Carulla,Bucaramanga,HAR-ALM,Harina de Almendra,Avena & Harinas,1,77,69,2701350,69.0,2,8
2025-05,Carulla,Bucaramanga,HAR-AVE,Harina de Avena,Avena & Harinas,1,10,7,248150,7.0,2,3
2025-05,Carulla,Bucaramanga,PAN-ALM-CHO,Almendra Choco Chips,Pancakes & Waffles,1,11,9,423900,9.0,0,2
2025-05,Carulla,Bucaramanga,PAN-ALM-CHU,Almendra Churro,Pancakes & Waffles,1,24,21,989100,21.0,0,3
2025-05,Carulla,Bucaramanga,PAN-ALM-VAN,Almendra Vainilla,Pancakes & Waffles,1,43,31,1460100,31.0,0,12
2025-05,Carulla,Bucaramanga,PAN-AVE-BRO,Avena Brownie,Pancakes & Waffles,1,66,62,2303300,62.0,4,4
2025-05,Carulla,Bucaramanga,PAN-AVE-VAN,Avena Vainilla,Pancakes & Waffles,1,16,13,482950,13.0,3,3
2025-05,Carulla,Cali,AVE-HOJ,Avena en Hojuelas,Avena & Harinas,4,78,61,2162450,15.25,3,17
2025-05,Carulla,Cali,COM-3GRA,Three Pack GranOLA,Combos,4,20,17,1858950,4.25,6,3
2025-05,Carulla,Cali,COM-3SPR,Three Pack Spread,Combos,4,17,17,2473500,4.25,1,0
2025-05,Carulla,Cali,COM-WAF,Mini Wafflera,Combos,4,6,5,565000,1.25,1,1
2025-05,Carulla,Cali,ESP-BABY,Baby Spreads,Esparcibles,4,2,1,22050,0.25,7,1
2025-05,Carulla,Cali,ESP-CIN,Golden Cinnamon Roll,Esparcibles,4,7,5,274500,1.25,2,2
2025-05,Carulla,Cali,ESP-CRE,Creamy Cocoa Hazelnut,Esparcibles,4,17,16,878400,4.0,6,1
2025-05,Carulla,Cali,ESP-CRU,Crunchy Cocoa Hazelnut,Esparcibles,4,55,39,2141100,9.75,1,16
2025-05,Carulla,Cali,ESP-PB,Peanutty Banana Shake,Esparcibles,4,16,15,823500,3.75,1,1
2025-05,Carulla,Cali,ESP-PIS,Buttery Pistachio Cookie,Esparcibles,4,3,3,215250,0.75,0,0
2025-05,Carulla,Cali,GRA-CHI,Chip Cookie,GranOLAS,4,43,35,1501500,8.75,2,8
2025-05,Carulla,Cali,GRA-FUD,Fudge Cake,GranOLAS,4,14,13,557700,3.25,0,1
2025-05,Carulla,Cali,GRA-VAN,Vanilla Shortbread,GranOLAS,4,14,12,514800,3.0,0,2
2025-05,Carulla,Cali,HAR-ALM,Harina de Almendra,Avena & Harinas,4,24,20,783000,5.0,0,4
2025-05,Carulla,Cali,HAR-AVE,Harina de Avena,Avena & Harinas,4,23,20,709000,5.0,0,3
2025-05,Carulla,Cali,PAN-ALM-CHO,Almendra Choco Chips,Pancakes & Waffles,4,31,30,1413000,7.5,1,1
2025-05,Carulla,Cali,PAN-ALM-CHU,Almendra Churro,Pancakes & Waffles,4,2,1,47100,0.25,11,1
2025-05,Carulla,Cali,PAN-ALM-VAN,Almendra Vainilla,Pancakes & Waffles,4,27,23,1083300,5.75,3,4
2025-05,Carulla,Cali,PAN-AVE-BAN,Avena Banano,Pancakes & Waffles,4,24,18,668700,4.5,2,6
2025-05,Carulla,Cali,PAN-AVE-BRO,Avena Brownie,Pancakes & Waffles,4,22,16,594400,4.0,0,6
2025-05,Carulla,Cartagena,COM-3GRA,Three Pack GranOLA,Combos,2,12,12,1312200,6.0,6,0
2025-05,Carulla,Cartagena,COM-3SPR,Three Pack Spread,Combos,2,10,9,1309500,4.5,9,1
2025-05,Carulla,Cartagena,ESP-BABY,Baby Spreads,Esparcibles,2,63,62,1367100,31.0,6,1
2025-05,Carulla,Cartagena,ESP-CIN,Golden Cinnamon Roll,Esparcibles,2,96,91,4995900,45.5,0,5
2025-05,Carulla,Cartagena,ESP-CRE,Creamy Cocoa Hazelnut,Esparcibles,2,7,6,329400,3.0,0,1
2025-05,Carulla,Cartagena,ESP-CRU,Crunchy Cocoa Hazelnut,Esparcibles,2,4,4,219600,2.0,0,0
2025-05,Carulla,Cartagena,ESP-PIS,Buttery Pistachio Cookie,Esparcibles,2,7,6,430500,3.0,7,1
2025-05,Carulla,Cartagena,GRA-CHI,Chip Cookie,GranOLAS,2,9,8,343200,4.0,2,1
2025-05,Carulla,Cartagena,HAR-ALM,Harina de Almendra,Avena & Harinas,2,50,38,1487700,19.0,0,12
2025-05,Carulla,Cartagena,PAN-ALM-CHO,Almendra Choco Chips,Pancakes & Waffles,2,30,23,1083300,11.5,4,7
2025-05,Carulla,Cartagena,PAN-ALM-CHU,Almendra Churro,Pancakes & Waffles,2,10,9,423900,4.5,3,1
2025-05,Carulla,Cartagena,PAN-ALM-VAN,Almendra Vainilla,Pancakes & Waffles,2,29,21,989100,10.5,3,8
2025-05,Carulla,Cartagena,PAN-AVE-BAN,Avena Banano,Pancakes & Waffles,2,51,38,1411700,19.0,3,13
2025-05,Carulla,Cartagena,PAN-AVE-BRO,Avena Brownie,Pancakes & Waffles,2,20,20,743000,10.0,7,0
2025-05,Carulla,Manizales,COM-WAF,Mini Wafflera,Combos,1,4,3,339000,3.0,5,1
2025-05,Carulla,Manizales,GRA-CHI,Chip Cookie,GranOLAS,1,29,29,1244100,29.0,3,0
2025-05,Carulla,Manizales,GRA-FUD,Fudge Cake,GranOLAS,1,19,15,643500,15.0,3,4
2025-05,Carulla,Medellín,AVE-HOJ,Avena en Hojuelas,Avena & Harinas,5,16,13,460850,2.6,3,3
2025-05,Carulla,Medellín,COM-3GRA,Three Pack GranOLA,Combos,5,39,33,3608550,6.6,3,6
2025-05,Carulla,Medellín,COM-3SPR,Three Pack Spread,Combos,5,22,21,3055500,4.2,4,1
2025-05,Carulla,Medellín,COM-WAF,Mini Wafflera,Combos,5,18,15,1695000,3.0,3,3
2025-05,Carulla,Medellín,ESP-BABY,Baby Spreads,Esparcibles,5,99,94,2072700,18.8,4,5
2025-05,Carulla,Medellín,ESP-CIN,Golden Cinnamon Roll,Esparcibles,5,99,73,4007700,14.6,6,26
2025-05,Carulla,Medellín,ESP-CRE,Creamy Cocoa Hazelnut,Esparcibles,5,32,25,1372500,5.0,0,7
2025-05,Carulla,Medellín,ESP-CRU,Crunchy Cocoa Hazelnut,Esparcibles,5,48,39,2141100,7.8,1,9
2025-05,Carulla,Medellín,ESP-PB,Peanutty Banana Shake,Esparcibles,5,132,105,5764500,21.0,6,27
2025-05,Carulla,Medellín,ESP-PIS,Buttery Pistachio Cookie,Esparcibles,5,12,10,717500,2.0,1,2
2025-05,Carulla,Medellín,GRA-CHI,Chip Cookie,GranOLAS,5,61,55,2359500,11.0,4,6
2025-05,Carulla,Medellín,GRA-FUD,Fudge Cake,GranOLAS,5,22,16,686400,3.2,7,6
2025-05,Carulla,Medellín,GRA-VAN,Vanilla Shortbread,GranOLAS,5,127,96,4118400,19.2,6,31
2025-05,Carulla,Medellín,HAR-ALM,Harina de Almendra,Avena & Harinas,5,44,35,1370250,7.0,0,9
2025-05,Carulla,Medellín,HAR-AVE,Harina de Avena,Avena & Harinas,5,134,108,3828600,21.6,1,26
2025-05,Carulla,Medellín,PAN-ALM-CHO,Almendra Choco Chips,Pancakes & Waffles,5,81,76,3579600,15.2,4,5
2025-05,Carulla,Medellín,PAN-ALM-CHU,Almendra Churro,Pancakes & Waffles,5,192,172,8101200,34.4,5,20
2025-05,Carulla,Medellín,PAN-ALM-VAN,Almendra Vainilla,Pancakes & Waffles,5,106,80,3768000,16.0,1,26
2025-05,Carulla,Medellín,PAN-AVE-BAN,Avena Banano,Pancakes & Waffles,5,51,44,1634600,8.8,3,7
2025-05,Carulla,Medellín,PAN-AVE-BRO,Avena Brownie,Pancakes & Waffles,5,144,115,4272250,23.0,6,29
2025-05,Carulla,Medellín,PAN-AVE-VAN,Avena Vainilla,Pancakes & Waffles,5,74,70,2600500,14.0,3,4
2025-05,Carulla,Pereira,AVE-HOJ,Avena en Hojuelas,Avena & Harinas,1,81,81,2871450,81.0,8,0
2025-05,Carulla,Pereira,COM-3GRA,Three Pack GranOLA,Combos,1,35,25,2733750,25.0,3,10
2025-05,Carulla,Pereira,COM-3SPR,Three Pack Spread,Combos,1,19,19,2764500,19.0,3,0
2025-05,Carulla,Pereira,COM-WAF,Mini Wafflera,Combos,1,2,1,113000,1.0,2,1
2025-05,Carulla,Pereira,ESP-BABY,Baby Spreads,Esparcibles,1,46,46,1014300,46.0,1,0
2025-05,Carulla,Pereira,ESP-CIN,Golden Cinnamon Roll,Esparcibles,1,35,35,1921500,35.0,3,0
2025-05,Carulla,Pereira,ESP-CRE,Creamy Cocoa Hazelnut,Esparcibles,1,42,33,1811700,33.0,0,9
2025-05,Carulla,Pereira,ESP-CRU,Crunchy Cocoa Hazelnut,Esparcibles,1,29,22,1207800,22.0,4,7
2025-05,Carulla,Pereira,ESP-PB,Peanutty Banana Shake,Esparcibles,1,46,42,2305800,42.0,3,4
2025-05,Carulla,Pereira,ESP-PIS,Buttery Pistachio Cookie,Esparcibles,1,24,22,1578500,22.0,2,2
2025-05,Carulla,Pereira,GRA-CHI,Chip Cookie,GranOLAS,1,5,4,171600,4.0,4,1
2025-05,Carulla,Pereira,GRA-FUD,Fudge Cake,GranOLAS,1,97,72,3088800,72.0,0,25
2025-05,Carulla,Pereira,GRA-VAN,Vanilla Shortbread,GranOLAS,1,47,38,1630200,38.0,4,9
2025-05,Carulla,Pereira,HAR-ALM,Harina de Almendra,Avena & Harinas,1,40,36,1409400,36.0,0,4
2025-05,Carulla,Pereira,HAR-AVE,Harina de Avena,Avena & Harinas,1,16,15,531750,15.0,2,1
2025-05,Carulla,Pereira,PAN-ALM-CHO,Almendra Choco Chips,Pancakes & Waffles,1,52,42,1978200,42.0,0,10
2025-05,Carulla,Pereira,PAN-ALM-CHU,Almendra Churro,Pancakes & Waffles,1,18,14,659400,14.0,0,4
2025-05,Carulla,Pereira,PAN-ALM-VAN,Almendra Vainilla,Pancakes & Waffles,1,22,16,753600,16.0,2,6
2025-05,Carulla,Pereira,PAN-AVE-BAN,Avena Banano,Pancakes & Waffles,1,103,82,3046300,82.0,0,21
2025-05,Carulla,Pereira,PAN-AVE-BRO,Avena Brownie,Pancakes & Waffles,1,45,40,1486000,40.0,0,5
2025-05,Carulla,Pereira,PAN-AVE-VAN,Avena Vainilla,Pancakes & Waffles,1,6,5,185750,5.0,0,1
2025-05,Tiendas naturistas,Barranquilla,COM-3GRA,Three Pack GranOLA,Combos,2,5,4,456800,2.0,3,1
2025-05,Tiendas naturistas,Barranquilla,COM-3SPR,Three Pack Spread,Combos,2,6,5,759750,2.5,0,1
2025-05,Tiendas naturistas,Barranquilla,COM-WAF,Mini Wafflera,Combos,2,2,1,118000,0.5,4,1
2025-05,Tiendas naturistas,Barranquilla,ESP-CIN,Golden Cinnamon Roll,Esparcibles,2,33,28,1605800,14.0,0,5
2025-05,Tiendas naturistas,Barranquilla,ESP-CRU,Crunchy Cocoa Hazelnut,Esparcibles,2,33,27,1548450,13.5,8,6
2025-05,Tiendas naturistas,Barranquilla,ESP-PB,Peanutty Banana Shake,Esparcibles,2,11,8,458800,4.0,8,3
2025-05,Tiendas naturistas,Barranquilla,ESP-PIS,Buttery Pistachio Cookie,Esparcibles,2,6,4,299800,2.0,1,2
2025-05,Tiendas naturistas,Barranquilla,GRA-CHI,Chip Cookie,GranOLAS,2,23,22,985600,11.0,6,1
2025-05,Tiendas naturistas,Barranquilla,GRA-FUD,Fudge Cake,GranOLAS,2,21,15,672000,7.5,7,6
2025-05,Tiendas naturistas,Barranquilla,GRA-VAN,Vanilla Shortbread,GranOLAS,2,23,20,896000,10.0,2,3
2025-05,Tiendas naturistas,Barranquilla,HAR-AVE,Harina de Avena,Avena & Harinas,2,12,12,444000,6.0,4,0
2025-05,Tiendas naturistas,Barranquilla,PAN-ALM-CHU,Almendra Churro,Pancakes & Waffles,2,15,12,590400,6.0,7,3
2025-05,Tiendas naturistas,Barranquilla,PAN-ALM-VAN,Almendra Vainilla,Pancakes & Waffles,2,4,3,147600,1.5,0,1
2025-05,Tiendas naturistas,Barranquilla,PAN-AVE-BAN,Avena Banano,Pancakes & Waffles,2,51,48,1862400,24.0,6,3
2025-05,Tiendas naturistas,Barranquilla,PAN-AVE-BRO,Avena Brownie,Pancakes & Waffles,2,11,9,349200,4.5,4,2
2025-05,Tiendas naturistas,Bogotá,AVE-HOJ,Avena en Hojuelas,Avena & Harinas,31,79,58,2146000,1.87,4,21
2025-05,Tiendas naturistas,Bogotá,COM-3GRA,Three Pack GranOLA,Combos,31,46,43,4910600,1.39,0,3
2025-05,Tiendas naturistas,Bogotá,COM-3SPR,Three Pack Spread,Combos,31,58,50,7597500,1.61,0,8
2025-05,Tiendas naturistas,Bogotá,COM-WAF,Mini Wafflera,Combos,31,38,35,4130000,1.13,4,3
2025-05,Tiendas naturistas,Bogotá,ESP-BABY,Baby Spreads,Esparcibles,31,109,80,1840000,2.58,1,29
2025-05,Tiendas naturistas,Bogotá,ESP-CIN,Golden Cinnamon Roll,Esparcibles,31,78,56,3211600,1.81,2,22
2025-05,Tiendas naturistas,Bogotá,ESP-CRE,Creamy Cocoa Hazelnut,Esparcibles,31,62,62,3555700,2.0,1,0
2025-05,Tiendas naturistas,Bogotá,ESP-CRU,Crunchy Cocoa Hazelnut,Esparcibles,31,75,64,3670400,2.06,0,11
2025-05,Tiendas naturistas,Bogotá,ESP-PB,Peanutty Banana Shake,Esparcibles,31,76,76,4358600,2.45,6,0
2025-05,Tiendas naturistas,Bogotá,ESP-PIS,Buttery Pistachio Cookie,Esparcibles,31,42,38,2848100,1.23,2,4
2025-05,Tiendas naturistas,Bogotá,GRA-CHI,Chip Cookie,GranOLAS,31,74,74,3315200,2.39,6,0
2025-05,Tiendas naturistas,Bogotá,GRA-FUD,Fudge Cake,GranOLAS,31,58,41,1836800,1.32,11,17
2025-05,Tiendas naturistas,Bogotá,GRA-VAN,Vanilla Shortbread,GranOLAS,31,79,57,2553600,1.84,2,22
2025-05,Tiendas naturistas,Bogotá,HAR-ALM,Harina de Almendra,Avena & Harinas,31,84,62,2535800,2.0,3,22
2025-05,Tiendas naturistas,Bogotá,HAR-AVE,Harina de Avena,Avena & Harinas,31,263,253,9361000,8.16,5,10
2025-05,Tiendas naturistas,Bogotá,PAN-ALM-CHO,Almendra Choco Chips,Pancakes & Waffles,31,102,86,4231200,2.77,0,16
2025-05,Tiendas naturistas,Bogotá,PAN-ALM-CHU,Almendra Churro,Pancakes & Waffles,31,59,54,2656800,1.74,2,5
2025-05,Tiendas naturistas,Bogotá,PAN-ALM-VAN,Almendra Vainilla,Pancakes & Waffles,31,91,82,4034400,2.65,0,9
2025-05,Tiendas naturistas,Bogotá,PAN-AVE-BAN,Avena Banano,Pancakes & Waffles,31,122,107,4151600,3.45,5,15
2025-05,Tiendas naturistas,Bogotá,PAN-AVE-BRO,Avena Brownie,Pancakes & Waffles,31,145,113,4384400,3.65,7,32
2025-05,Tiendas naturistas,Bogotá,PAN-AVE-VAN,Avena Vainilla,Pancakes & Waffles,31,66,53,2056400,1.71,0,13
2025-05,Tiendas naturistas,Bucaramanga,COM-3GRA,Three Pack GranOLA,Combos,2,5,3,342600,1.5,1,2
2025-05,Tiendas naturistas,Bucaramanga,COM-3SPR,Three Pack Spread,Combos,2,2,1,151950,0.5,0,1
2025-05,Tiendas naturistas,Bucaramanga,ESP-BABY,Baby Spreads,Esparcibles,2,12,10,230000,5.0,5,2
2025-05,Tiendas naturistas,Bucaramanga,ESP-CIN,Golden Cinnamon Roll,Esparcibles,2,4,3,172050,1.5,10,1
2025-05,Tiendas naturistas,Bucaramanga,ESP-CRE,Creamy Cocoa Hazelnut,Esparcibles,2,17,12,688200,6.0,5,5
2025-05,Tiendas naturistas,Bucaramanga,ESP-PB,Peanutty Banana Shake,Esparcibles,2,2,1,57350,0.5,1,1
2025-05,Tiendas naturistas,Bucaramanga,GRA-CHI,Chip Cookie,GranOLAS,2,2,1,44800,0.5,1,1
2025-05,Tiendas naturistas,Bucaramanga,GRA-FUD,Fudge Cake,GranOLAS,2,7,5,224000,2.5,1,2
2025-05,Tiendas naturistas,Bucaramanga,GRA-VAN,Vanilla Shortbread,GranOLAS,2,23,19,851200,9.5,0,4
2025-05,Tiendas naturistas,Bucaramanga,HAR-ALM,Harina de Almendra,Avena & Harinas,2,20,16,654400,8.0,4,4
2025-05,Tiendas naturistas,Bucaramanga,HAR-AVE,Harina de Avena,Avena & Harinas,2,27,27,999000,13.5,0,0
2025-05,Tiendas naturistas,Bucaramanga,PAN-ALM-CHU,Almendra Churro,Pancakes & Waffles,2,1,1,49200,0.5,0,0
2025-05,Tiendas naturistas,Bucaramanga,PAN-AVE-BAN,Avena Banano,Pancakes & Waffles,2,12,10,388000,5.0,2,2
2025-05,Tiendas naturistas,Bucaramanga,PAN-AVE-VAN,Avena Vainilla,Pancakes & Waffles,2,1,0,0,0.0,4,1
2025-05,Tiendas naturistas,Cali,AVE-HOJ,Avena en Hojuelas,Avena & Harinas,5,29,26,962000,5.2,5,3
2025-05,Tiendas naturistas,Cali,COM-3GRA,Three Pack GranOLA,Combos,5,6,5,571000,1.0,7,1
2025-05,Tiendas naturistas,Cali,COM-WAF,Mini Wafflera,Combos,5,1,0,0,0.0,0,1
2025-05,Tiendas naturistas,Cali,ESP-BABY,Baby Spreads,Esparcibles,5,45,32,736000,6.4,1,13
2025-05,Tiendas naturistas,Cali,ESP-CRE,Creamy Cocoa Hazelnut,Esparcibles,5,4,3,172050,0.6,6,1
2025-05,Tiendas naturistas,Cali,ESP-CRU,Crunchy Cocoa Hazelnut,Esparcibles,5,29,26,1491100,5.2,5,3
2025-05,Tiendas naturistas,Cali,ESP-PB,Peanutty Banana Shake,Esparcibles,5,8,6,344100,1.2,4,2
2025-05,Tiendas naturistas,Cali,ESP-PIS,Buttery Pistachio Cookie,Esparcibles,5,4,3,224850,0.6,6,1
2025-05,Tiendas naturistas,Cali,GRA-CHI,Chip Cookie,GranOLAS,5,13,10,448000,2.0,2,3
2025-05,Tiendas naturistas,Cali,GRA-VAN,Vanilla Shortbread,GranOLAS,5,6,4,179200,0.8,7,2
2025-05,Tiendas naturistas,Cali,HAR-ALM,Harina de Almendra,Avena & Harinas,5,26,22,899800,4.4,1,4
2025-05,Tiendas naturistas,Cali,HAR-AVE,Harina de Avena,Avena & Harinas,5,19,15,555000,3.0,2,4
2025-05,Tiendas naturistas,Cali,PAN-ALM-CHO,Almendra Choco Chips,Pancakes & Waffles,5,7,5,246000,1.0,6,2
2025-05,Tiendas naturistas,Cali,PAN-ALM-CHU,Almendra Churro,Pancakes & Waffles,5,5,4,196800,0.8,0,1
2025-05,Tiendas naturistas,Cali,PAN-ALM-VAN,Almendra Vainilla,Pancakes & Waffles,5,50,38,1869600,7.6,3,12
2025-05,Tiendas naturistas,Cali,PAN-AVE-BAN,Avena Banano,Pancakes & Waffles,5,10,9,349200,1.8,6,1
2025-05,Tiendas naturistas,Cali,PAN-AVE-BRO,Avena Brownie,Pancakes & Waffles,5,13,9,349200,1.8,5,4
2025-05,Tiendas naturistas,Cali,PAN-AVE-VAN,Avena Vainilla,Pancakes & Waffles,5,6,5,194000,1.0,1,1
2025-05,Tiendas naturistas,Cartagena,AVE-HOJ,Avena en Hojuelas,Avena & Harinas,4,34,24,888000,6.0,0,10
2025-05,Tiendas naturistas,Cartagena,COM-3GRA,Three Pack GranOLA,Combos,4,9,7,799400,1.75,6,2
2025-05,Tiendas naturistas,Cartagena,COM-3SPR,Three Pack Spread,Combos,4,7,6,911700,1.5,0,1
2025-05,Tiendas naturistas,Cartagena,COM-WAF,Mini Wafflera,Combos,4,40,29,3422000,7.25,8,11
2025-05,Tiendas naturistas,Cartagena,ESP-BABY,Baby Spreads,Esparcibles,4,6,5,115000,1.25,0,1
2025-05,Tiendas naturistas,Cartagena,ESP-CIN,Golden Cinnamon Roll,Esparcibles,4,34,34,1949900,8.5,2,0
2025-05,Tiendas naturistas,Cartagena,ESP-CRE,Creamy Cocoa Hazelnut,Esparcibles,4,50,39,2236650,9.75,0,11
2025-05,Tiendas naturistas,Cartagena,ESP-PB,Peanutty Banana Shake,Esparcibles,4,23,21,1204350,5.25,0,2
2025-05,Tiendas naturistas,Cartagena,ESP-PIS,Buttery Pistachio Cookie,Esparcibles,4,1,0,0,0.0,5,1
2025-05,Tiendas naturistas,Cartagena,GRA-CHI,Chip Cookie,GranOLAS,4,40,29,1299200,7.25,2,11
2025-05,Tiendas naturistas,Cartagena,GRA-FUD,Fudge Cake,GranOLAS,4,3,2,89600,0.5,5,1
2025-05,Tiendas naturistas,Cartagena,GRA-VAN,Vanilla Shortbread,GranOLAS,4,4,3,134400,0.75,3,1
2025-05,Tiendas naturistas,Cartagena,HAR-ALM,Harina de Almendra,Avena & Harinas,4,4,3,122700,0.75,2,1
2025-05,Tiendas naturistas,Cartagena,HAR-AVE,Harina de Avena,Avena & Harinas,4,1,0,0,0.0,0,1
2025-05,Tiendas naturistas,Cartagena,PAN-ALM-CHO,Almendra Choco Chips,Pancakes & Waffles,4,44,43,2115600,10.75,4,1
2025-05,Tiendas naturistas,Cartagena,PAN-ALM-CHU,Almendra Churro,Pancakes & Waffles,4,21,19,934800,4.75,8,2
2025-05,Tiendas naturistas,Cartagena,PAN-ALM-VAN,Almendra Vainilla,Pancakes & Waffles,4,3,3,147600,0.75,0,0
2025-05,Tiendas naturistas,Cartagena,PAN-AVE-BAN,Avena Banano,Pancakes & Waffles,4,41,39,1513200,9.75,8,2
2025-05,Tiendas naturistas,Cartagena,PAN-AVE-BRO,Avena Brownie,Pancakes & Waffles,4,56,44,1707200,11.0,7,12
2025-05,Tiendas naturistas,Cartagena,PAN-AVE-VAN,Avena Vainilla,Pancakes & Waffles,4,16,12,465600,3.0,0,4
2025-05,Tiendas naturistas,Manizales,ESP-BABY,Baby Spreads,Esparcibles,1,4,3,69000,3.0,0,1
2025-05,Tiendas naturistas,Manizales,ESP-CRU,Crunchy Cocoa Hazelnut,Esparcibles,1,1,0,0,0.0,4,1
2025-05,Tiendas naturistas,Manizales,ESP-PIS,Buttery Pistachio Cookie,Esparcibles,1,4,3,224850,3.0,7,1
2025-05,Tiendas naturistas,Manizales,GRA-CHI,Chip Cookie,GranOLAS,1,4,2,89600,2.0,4,2
2025-05,Tiendas naturistas,Manizales,PAN-ALM-CHU,Almendra Churro,Pancakes & Waffles,1,1,0,0,0.0,4,1
2025-05,Tiendas naturistas,Manizales,PAN-AVE-VAN,Avena Vainilla,Pancakes & Waffles,1,3,2,77600,2.0,2,1
2025-05,Tiendas naturistas,Medellín,AVE-HOJ,Avena en Hojuelas,Avena & Harinas,13,3,2,74000,0.15,5,1
2025-05,Tiendas naturistas,Medellín,COM-3GRA,Three Pack GranOLA,Combos,13,61,60,6852000,4.62,3,1
2025-05,Tiendas naturistas,Medellín,COM-3SPR,Three Pack Spread,Combos,13,7,6,911700,0.46,9,1
2025-05,Tiendas naturistas,Medellín,COM-WAF,Mini Wafflera,Combos,13,14,10,1180000,0.77,4,4
2025-05,Tiendas naturistas,Medellín,ESP-BABY,Baby Spreads,Esparcibles,13,34,34,782000,2.62,2,0
2025-05,Tiendas naturistas,Medellín,ESP-CIN,Golden Cinnamon Roll,Esparcibles,13,20,18,1032300,1.38,1,2
2025-05,Tiendas naturistas,Medellín,ESP-CRE,Creamy Cocoa Hazelnut,Esparcibles,13,20,15,860250,1.15,2,5
2025-05,Tiendas naturistas,Medellín,ESP-CRU,Crunchy Cocoa Hazelnut,Esparcibles,13,43,36,2064600,2.77,5,7
2025-05,Tiendas naturistas,Medellín,ESP-PB,Peanutty Banana Shake,Esparcibles,13,22,16,917600,1.23,5,6
2025-05,Tiendas naturistas,Medellín,ESP-PIS,Buttery Pistachio Cookie,Esparcibles,13,33,30,2248500,2.31,3,3
2025-05,Tiendas naturistas,Medellín,GRA-CHI,Chip Cookie,GranOLAS,13,19,17,761600,1.31,2,2
2025-05,Tiendas naturistas,Medellín,GRA-FUD,Fudge Cake,GranOLAS,13,16,14,627200,1.08,0,2
2025-05,Tiendas naturistas,Medellín,GRA-VAN,Vanilla Shortbread,GranOLAS,13,9,8,358400,0.62,1,1
2025-05,Tiendas naturistas,Medellín,HAR-ALM,Harina de Almendra,Avena & Harinas,13,11,8,327200,0.62,4,3
2025-05,Tiendas naturistas,Medellín,HAR-AVE,Harina de Avena,Avena & Harinas,13,35,32,1184000,2.46,1,3
2025-05,Tiendas naturistas,Medellín,PAN-ALM-CHO,Almendra Choco Chips,Pancakes & Waffles,13,40,34,1672800,2.62,4,6
2025-05,Tiendas naturistas,Medellín,PAN-ALM-CHU,Almendra Churro,Pancakes & Waffles,13,29,24,1180800,1.85,0,5
2025-05,Tiendas naturistas,Medellín,PAN-ALM-VAN,Almendra Vainilla,Pancakes & Waffles,13,36,34,1672800,2.62,7,2
2025-05,Tiendas naturistas,Medellín,PAN-AVE-BAN,Avena Banano,Pancakes & Waffles,13,86,82,3181600,6.31,6,4
2025-05,Tiendas naturistas,Medellín,PAN-AVE-BRO,Avena Brownie,Pancakes & Waffles,13,100,73,2832400,5.62,3,27
2025-05,Tiendas naturistas,Medellín,PAN-AVE-VAN,Avena Vainilla,Pancakes & Waffles,13,24,18,698400,1.38,1,6
2025-05,Tiendas naturistas,Pereira,AVE-HOJ,Avena en Hojuelas,Avena & Harinas,4,2,1,37000,0.25,1,1
2025-05,Tiendas naturistas,Pereira,COM-3GRA,Three Pack GranOLA,Combos,4,14,11,1256200,2.75,6,3
2025-05,Tiendas naturistas,Pereira,COM-WAF,Mini Wafflera,Combos,4,2,1,118000,0.25,1,1
2025-05,Tiendas naturistas,Pereira,ESP-CRE,Creamy Cocoa Hazelnut,Esparcibles,4,14,12,688200,3.0,4,2
2025-05,Tiendas naturistas,Pereira,ESP-PIS,Buttery Pistachio Cookie,Esparcibles,4,3,2,149900,0.5,5,1
2025-05,Tiendas naturistas,Pereira,GRA-FUD,Fudge Cake,GranOLAS,4,18,17,761600,4.25,6,1
2025-05,Tiendas naturistas,Pereira,GRA-VAN,Vanilla Shortbread,GranOLAS,4,35,26,1164800,6.5,7,9
2025-05,Tiendas naturistas,Pereira,HAR-AVE,Harina de Avena,Avena & Harinas,4,48,42,1554000,10.5,4,6
2025-05,Tiendas naturistas,Pereira,PAN-ALM-CHU,Almendra Churro,Pancakes & Waffles,4,5,3,147600,0.75,6,2
2025-05,Tiendas naturistas,Pereira,PAN-ALM-VAN,Almendra Vainilla,Pancakes & Waffles,4,9,8,393600,2.0,1,1
2025-05,Tiendas naturistas,Pereira,PAN-AVE-BRO,Avena Brownie,Pancakes & Waffles,4,12,12,465600,3.0,2,0
2025-05,Tiendas naturistas,Pereira,PAN-AVE-VAN,Avena Vainilla,Pancakes & Waffles,4,1,0,0,0.0,2,1
2025-05,Éxito,Barranquilla,AVE-HOJ,Avena en Hojuelas,Avena & Harinas,5,134,116,4036800,23.2,2,18
2025-05,Éxito,Barranquilla,COM-3GRA,Three Pack GranOLA,Combos,5,13,10,1074000,2.0,4,3
2025-05,Éxito,Barranquilla,COM-3SPR,Three Pack Spread,Combos,5,1,0,0,0.0,4,1
2025-05,Éxito,Barranquilla,ESP-BABY,Baby Spreads,Esparcibles,5,364,313,6776450,62.6,0,51
2025-05,Éxito,Barranquilla,ESP-CIN,Golden Cinnamon Roll,Esparcibles,5,51,48,2589600,9.6,5,3
2025-05,Éxito,Barranquilla,ESP-CRE,Creamy Cocoa Hazelnut,Esparcibles,5,20,17,917150,3.4,3,3
2025-05,Éxito,Barranquilla,ESP-PB,Peanutty Banana Shake,Esparcibles,5,42,34,1834300,6.8,3,8
2025-05,Éxito,Barranquilla,ESP-PIS,Buttery Pistachio Cookie,Esparcibles,5,27,19,1339500,3.8,0,8
2025-05,Éxito,Barranquilla,GRA-CHI,Chip Cookie,GranOLAS,5,30,22,926200,4.4,2,8
2025-05,Éxito,Barranquilla,GRA-FUD,Fudge Cake,GranOLAS,5,19,18,757800,3.6,0,1
2025-05,Éxito,Barranquilla,HAR-ALM,Harina de Almendra,Avena & Harinas,5,70,57,2191650,11.4,2,13
2025-05,Éxito,Barranquilla,HAR-AVE,Harina de Avena,Avena & Harinas,5,128,96,3340800,19.2,2,32
2025-05,Éxito,Barranquilla,PAN-ALM-CHO,Almendra Choco Chips,Pancakes & Waffles,5,160,133,6157900,26.6,0,27
2025-05,Éxito,Barranquilla,PAN-ALM-VAN,Almendra Vainilla,Pancakes & Waffles,5,150,118,5463400,23.6,3,32
2025-05,Éxito,Barranquilla,PAN-AVE-BAN,Avena Banano,Pancakes & Waffles,5,151,134,4891000,26.8,1,17
2025-05,Éxito,Barranquilla,PAN-AVE-BRO,Avena Brownie,Pancakes & Waffles,5,82,71,2591500,14.2,3,11
2025-05,Éxito,Barranquilla,PAN-AVE-VAN,Avena Vainilla,Pancakes & Waffles,5,45,41,1496500,8.2,4,4
2025-05,Éxito,Bogotá,AVE-HOJ,Avena en Hojuelas,Avena & Harinas,22,190,177,6159600,8.05,0,13
2025-05,Éxito,Bogotá,COM-3GRA,Three Pack GranOLA,Combos,22,105,79,8484600,3.59,0,26
2025-05,Éxito,Bogotá,COM-3SPR,Three Pack Spread,Combos,22,60,56,8005200,2.55,2,4
2025-05,Éxito,Bogotá,COM-WAF,Mini Wafflera,Combos,22,67,57,6327000,2.59,7,10
2025-05,Éxito,Bogotá,ESP-BABY,Baby Spreads,Esparcibles,22,651,532,11517800,24.18,4,119
2025-05,Éxito,Bogotá,ESP-CIN,Golden Cinnamon Roll,Esparcibles,22,82,68,3668600,3.09,0,14
2025-05,Éxito,Bogotá,ESP-CRE,Creamy Cocoa Hazelnut,Esparcibles,22,250,241,13001950,10.95,2,9
2025-05,Éxito,Bogotá,ESP-CRU,Crunchy Cocoa Hazelnut,Esparcibles,22,128,123,6635850,5.59,0,5
2025-05,Éxito,Bogotá,ESP-PB,Peanutty Banana Shake,Esparcibles,22,236,177,9549150,8.05,1,59
2025-05,Éxito,Bogotá,ESP-PIS,Buttery Pistachio Cookie,Esparcibles,22,185,135,9517500,6.14,1,50
2025-05,Éxito,Bogotá,GRA-CHI,Chip Cookie,GranOLAS,22,210,205,8630500,9.32,6,5
2025-05,Éxito,Bogotá,GRA-FUD,Fudge Cake,GranOLAS,22,415,377,15871700,17.14,3,38
2025-05,Éxito,Bogotá,GRA-VAN,Vanilla Shortbread,GranOLAS,22,295,280,11788000,12.73,0,15
2025-05,Éxito,Bogotá,HAR-ALM,Harina de Almendra,Avena & Harinas,22,245,189,7267050,8.59,0,56
2025-05,Éxito,Bogotá,HAR-AVE,Harina de Avena,Avena & Harinas,22,100,88,3062400,4.0,4,12
2025-05,Éxito,Bogotá,PAN-ALM-CHO,Almendra Choco Chips,Pancakes & Waffles,22,572,486,22501800,22.09,4,86
2025-05,Éxito,Bogotá,PAN-ALM-CHU,Almendra Churro,Pancakes & Waffles,22,143,103,4768900,4.68,0,40
2025-05,Éxito,Bogotá,PAN-ALM-VAN,Almendra Vainilla,Pancakes & Waffles,22,139,137,6343100,6.23,2,2
2025-05,Éxito,Bogotá,PAN-AVE-BAN,Avena Banano,Pancakes & Waffles,22,167,167,6095500,7.59,6,0
2025-05,Éxito,Bogotá,PAN-AVE-BRO,Avena Brownie,Pancakes & Waffles,22,359,317,11570500,14.41,1,42
2025-05,Éxito,Bogotá,PAN-AVE-VAN,Avena Vainilla,Pancakes & Waffles,22,146,108,3942000,4.91,0,38
2025-05,Éxito,Bucaramanga,AVE-HOJ,Avena en Hojuelas,Avena & Harinas,3,20,20,696000,6.67,8,0
2025-05,Éxito,Bucaramanga,COM-3GRA,Three Pack GranOLA,Combos,3,48,47,5047800,15.67,0,1
2025-05,Éxito,Bucaramanga,COM-3SPR,Three Pack Spread,Combos,3,72,55,7862250,18.33,0,17
2025-05,Éxito,Bucaramanga,ESP-BABY,Baby Spreads,Esparcibles,3,29,24,519600,8.0,3,5
2025-05,Éxito,Bucaramanga,ESP-CRE,Creamy Cocoa Hazelnut,Esparcibles,3,75,72,3884400,24.0,0,3
2025-05,Éxito,Bucaramanga,ESP-CRU,Crunchy Cocoa Hazelnut,Esparcibles,3,58,47,2535650,15.67,3,11
2025-05,Éxito,Bucaramanga,ESP-PB,Peanutty Banana Shake,Esparcibles,3,99,80,4316000,26.67,1,19
2025-05,Éxito,Bucaramanga,ESP-PIS,Buttery Pistachio Cookie,Esparcibles,3,33,31,2185500,10.33,1,2
2025-05,Éxito,Bucaramanga,GRA-CHI,Chip Cookie,GranOLAS,3,119,100,4210000,33.33,0,19
2025-05,Éxito,Bucaramanga,GRA-FUD,Fudge Cake,GranOLAS,3,40,38,1599800,12.67,1,2
2025-05,Éxito,Bucaramanga,GRA-VAN,Vanilla Shortbread,GranOLAS,3,305,266,11198600,88.67,4,39
2025-05,Éxito,Bucaramanga,HAR-ALM,Harina de Almendra,Avena & Harinas,3,97,77,2960650,25.67,0,20
2025-05,Éxito,Bucaramanga,HAR-AVE,Harina de Avena,Avena & Harinas,3,71,70,2436000,23.33,1,1
2025-05,Éxito,Bucaramanga,PAN-ALM-CHO,Almendra Choco Chips,Pancakes & Waffles,3,7,5,231500,1.67,1,2
2025-05,Éxito,Bucaramanga,PAN-ALM-CHU,Almendra Churro,Pancakes & Waffles,3,10,8,370400,2.67,2,2
2025-05,Éxito,Bucaramanga,PAN-ALM-VAN,Almendra Vainilla,Pancakes & Waffles,3,38,34,1574200,11.33,3,4
2025-05,Éxito,Bucaramanga,PAN-AVE-BAN,Avena Banano,Pancakes & Waffles,3,151,123,4489500,41.0,1,28
2025-05,Éxito,Bucaramanga,PAN-AVE-BRO,Avena Brownie,Pancakes & Waffles,3,35,32,1168000,10.67,2,3
2025-05,Éxito,Cali,AVE-HOJ,Avena en Hojuelas,Avena & Harinas,2,29,25,870000,12.5,0,4
2025-05,Éxito,Cali,COM-3GRA,Three Pack GranOLA,Combos,2,13,12,1288800,6.0,1,1
2025-05,Éxito,Cali,COM-3SPR,Three Pack Spread,Combos,2,28,26,3716700,13.0,5,2
2025-05,Éxito,Cali,COM-WAF,Mini Wafflera,Combos,2,11,9,999000,4.5,3,2
2025-05,Éxito,Cali,ESP-CIN,Golden Cinnamon Roll,Esparcibles,2,33,32,1726400,16.0,4,1
2025-05,Éxito,Cali,ESP-CRE,Creamy Cocoa Hazelnut,Esparcibles,2,25,18,971100,9.0,3,7
2025-05,Éxito,Cali,ESP-CRU,Crunchy Cocoa Hazelnut,Esparcibles,2,44,38,2050100,19.0,8,6
2025-05,Éxito,Cali,ESP-PB,Peanutty Banana Shake,Esparcibles,2,70,63,3398850,31.5,4,7
2025-05,Éxito,Cali,ESP-PIS,Buttery Pistachio Cookie,Esparcibles,2,8,6,423000,3.0,2,2
2025-05,Éxito,Cali,GRA-FUD,Fudge Cake,GranOLAS,2,47,47,1978700,23.5,0,0
2025-05,Éxito,Cali,HAR-ALM,Harina de Almendra,Avena & Harinas,2,112,86,3306700,43.0,4,26
2025-05,Éxito,Cali,HAR-AVE,Harina de Avena,Avena & Harinas,2,46,33,1148400,16.5,7,13
2025-05,Éxito,Cali,PAN-ALM-CHO,Almendra Choco Chips,Pancakes & Waffles,2,61,54,2500200,27.0,0,7
2025-05,Éxito,Cali,PAN-ALM-VAN,Almendra Vainilla,Pancakes & Waffles,2,24,19,879700,9.5,4,5
2025-05,Éxito,Cali,PAN-AVE-BAN,Avena Banano,Pancakes & Waffles,2,88,64,2336000,32.0,9,24
2025-05,Éxito,Cali,PAN-AVE-BRO,Avena Brownie,Pancakes & Waffles,2,119,116,4234000,58.0,0,3
2025-05,Éxito,Cali,PAN-AVE-VAN,Avena Vainilla,Pancakes & Waffles,2,93,73,2664500,36.5,0,20
2025-05,Éxito,Cartagena,AVE-HOJ,Avena en Hojuelas,Avena & Harinas,3,88,64,2227200,21.33,0,24
2025-05,Éxito,Cartagena,COM-3GRA,Three Pack GranOLA,Combos,3,28,28,3007200,9.33,2,0
2025-05,Éxito,Cartagena,COM-3SPR,Three Pack Spread,Combos,3,4,3,428850,1.0,0,1
2025-05,Éxito,Cartagena,COM-WAF,Mini Wafflera,Combos,3,14,12,1332000,4.0,6,2
2025-05,Éxito,Cartagena,ESP-BABY,Baby Spreads,Esparcibles,3,48,43,930950,14.33,0,5
2025-05,Éxito,Cartagena,ESP-CIN,Golden Cinnamon Roll,Esparcibles,3,5,4,215800,1.33,1,1
2025-05,Éxito,Cartagena,ESP-CRE,Creamy Cocoa Hazelnut,Esparcibles,3,28,25,1348750,8.33,0,3
2025-05,Éxito,Cartagena,ESP-CRU,Crunchy Cocoa Hazelnut,Esparcibles,3,23,17,917150,5.67,1,6
2025-05,Éxito,Cartagena,ESP-PB,Peanutty Banana Shake,Esparcibles,3,148,145,7822750,48.33,9,3
2025-05,Éxito,Cartagena,ESP-PIS,Buttery Pistachio Cookie,Esparcibles,3,20,19,1339500,6.33,2,1
2025-05,Éxito,Cartagena,GRA-CHI,Chip Cookie,GranOLAS,3,27,22,926200,7.33,3,5
2025-05,Éxito,Cartagena,GRA-FUD,Fudge Cake,GranOLAS,3,121,103,4336300,34.33,0,18
2025-05,Éxito,Cartagena,GRA-VAN,Vanilla Shortbread,GranOLAS,3,29,26,1094600,8.67,4,3
2025-05,Éxito,Cartagena,HAR-ALM,Harina de Almendra,Avena & Harinas,3,36,33,1268850,11.0,2,3
2025-05,Éxito,Cartagena,HAR-AVE,Harina de Avena,Avena & Harinas,3,160,128,4454400,42.67,1,32
2025-05,Éxito,Cartagena,PAN-ALM-CHO,Almendra Choco Chips,Pancakes & Waffles,3,78,71,3287300,23.67,3,7
2025-05,Éxito,Cartagena,PAN-ALM-CHU,Almendra Churro,Pancakes & Waffles,3,7,6,277800,2.0,1,1
2025-05,Éxito,Cartagena,PAN-ALM-VAN,Almendra Vainilla,Pancakes & Waffles,3,118,91,4213300,30.33,3,27
2025-05,Éxito,Cartagena,PAN-AVE-BRO,Avena Brownie,Pancakes & Waffles,3,26,24,876000,8.0,0,2
2025-05,Éxito,Cartagena,PAN-AVE-VAN,Avena Vainilla,Pancakes & Waffles,3,48,38,1387000,12.67,9,10
2025-05,Éxito,Manizales,AVE-HOJ,Avena en Hojuelas,Avena & Harinas,3,27,19,661200,6.33,3,8
2025-05,Éxito,Manizales,COM-3GRA,Three Pack GranOLA,Combos,3,6,5,537000,1.67,2,1
2025-05,Éxito,Manizales,COM-3SPR,Three Pack Spread,Combos,3,31,28,4002600,9.33,2,3
2025-05,Éxito,Manizales,ESP-BABY,Baby Spreads,Esparcibles,3,218,221,4784650,73.67,1,0
2025-05,Éxito,Manizales,ESP-CIN,Golden Cinnamon Roll,Esparcibles,3,2,1,53950,0.33,0,1
2025-05,Éxito,Manizales,ESP-CRE,Creamy Cocoa Hazelnut,Esparcibles,3,34,28,1510600,9.33,1,6
2025-05,Éxito,Manizales,ESP-CRU,Crunchy Cocoa Hazelnut,Esparcibles,3,42,37,1996150,12.33,0,5
2025-05,Éxito,Manizales,ESP-PIS,Buttery Pistachio Cookie,Esparcibles,3,123,94,6627000,31.33,2,29
2025-05,Éxito,Manizales,GRA-CHI,Chip Cookie,GranOLAS,3,11,9,378900,3.0,0,2
2025-05,Éxito,Manizales,GRA-VAN,Vanilla Shortbread,GranOLAS,3,91,76,3199600,25.33,4,15
2025-05,Éxito,Manizales,HAR-ALM,Harina de Almendra,Avena & Harinas,3,43,38,1461100,12.67,5,5
2025-05,Éxito,Manizales,HAR-AVE,Harina de Avena,Avena & Harinas,3,75,67,2331600,22.33,3,8
2025-05,Éxito,Manizales,PAN-ALM-CHO,Almendra Choco Chips,Pancakes & Waffles,3,47,45,2083500,15.0,5,2
2025-05,Éxito,Manizales,PAN-AVE-VAN,Avena Vainilla,Pancakes & Waffles,3,78,65,2372500,21.67,0,13
2025-05,Éxito,Medellín,AVE-HOJ,Avena en Hojuelas,Avena & Harinas,6,174,176,6124800,29.33,0,0
2025-05,Éxito,Medellín,COM-3GRA,Three Pack GranOLA,Combos,6,88,76,8162400,12.67,1,12
2025-05,Éxito,Medellín,COM-3SPR,Three Pack Spread,Combos,6,57,46,6575700,7.67,5,11
2025-05,Éxito,Medellín,COM-WAF,Mini Wafflera,Combos,6,65,61,6771000,10.17,3,4
2025-05,Éxito,Medellín,ESP-BABY,Baby Spreads,Esparcibles,6,341,272,5888800,45.33,1,69
2025-05,Éxito,Medellín,ESP-CIN,Golden Cinnamon Roll,Esparcibles,6,58,52,2805400,8.67,4,6
2025-05,Éxito,Medellín,ESP-CRE,Creamy Cocoa Hazelnut,Esparcibles,6,196,163,8793850,27.17,0,33
2025-05,Éxito,Medellín,ESP-CRU,Crunchy Cocoa Hazelnut,Esparcibles,6,40,34,1834300,5.67,6,6
2025-05,Éxito,Medellín,ESP-PB,Peanutty Banana Shake,Esparcibles,6,40,38,2050100,6.33,5,2
2025-05,Éxito,Medellín,ESP-PIS,Buttery Pistachio Cookie,Esparcibles,6,71,69,4864500,11.5,1,2
2025-05,Éxito,Medellín,GRA-CHI,Chip Cookie,GranOLAS,6,161,155,6525500,25.83,3,6
2025-05,Éxito,Medellín,GRA-FUD,Fudge Cake,GranOLAS,6,362,346,14566600,57.67,0,16
2025-05,Éxito,Medellín,GRA-VAN,Vanilla Shortbread,GranOLAS,6,269,237,9977700,39.5,0,32
2025-05,Éxito,Medellín,HAR-ALM,Harina de Almendra,Avena & Harinas,6,219,158,6075100,26.33,7,61
2025-05,Éxito,Medellín,HAR-AVE,Harina de Avena,Avena & Harinas,6,177,173,6020400,28.83,0,4
2025-05,Éxito,Medellín,PAN-ALM-CHO,Almendra Choco Chips,Pancakes & Waffles,6,7,5,231500,0.83,4,2
2025-05,Éxito,Medellín,PAN-ALM-CHU,Almendra Churro,Pancakes & Waffles,6,208,162,7500600,27.0,6,46
2025-05,Éxito,Medellín,PAN-ALM-VAN,Almendra Vainilla,Pancakes & Waffles,6,109,81,3750300,13.5,0,28
2025-05,Éxito,Medellín,PAN-AVE-BAN,Avena Banano,Pancakes & Waffles,6,86,72,2628000,12.0,0,14
2025-05,Éxito,Medellín,PAN-AVE-BRO,Avena Brownie,Pancakes & Waffles,6,66,65,2372500,10.83,4,1
2025-05,Éxito,Medellín,PAN-AVE-VAN,Avena Vainilla,Pancakes & Waffles,6,112,108,3942000,18.0,3,4
2025-05,Éxito,Pereira,COM-WAF,Mini Wafflera,Combos,2,3,2,222000,1.0,4,1
2025-05,Éxito,Pereira,ESP-CIN,Golden Cinnamon Roll,Esparcibles,2,8,7,377650,3.5,2,1
2025-05,Éxito,Pereira,ESP-CRE,Creamy Cocoa Hazelnut,Esparcibles,2,6,5,269750,2.5,4,1
2025-05,Éxito,Pereira,ESP-PB,Peanutty Banana Shake,Esparcibles,2,7,5,269750,2.5,3,2
2025-05,Éxito,Pereira,GRA-FUD,Fudge Cake,GranOLAS,2,8,5,210500,2.5,2,3
2025-05,Éxito,Pereira,PAN-ALM-CHO,Almendra Choco Chips,Pancakes & Waffles,2,20,15,694500,7.5,0,5
2025-05,Éxito,Pereira,PAN-ALM-CHU,Almendra Churro,Pancakes & Waffles,2,3,2,92600,1.0,0,1
2025-05,Éxito,Pereira,PAN-AVE-VAN,Avena Vainilla,Pancakes & Waffles,2,30,23,839500,11.5,1,7
2025-06,Carulla,Barranquilla,COM-3GRA,Three Pack GranOLA,Combos,5,7,6,656100,1.2,0,1
2025-06,Carulla,Barranquilla,COM-3SPR,Three Pack Spread,Combos,5,6,5,727500,1.0,0,1
2025-06,Carulla,Barranquilla,COM-WAF,Mini Wafflera,Combos,5,48,47,5311000,9.4,1,1
2025-06,Carulla,Barranquilla,ESP-BABY,Baby Spreads,Esparcibles,5,88,86,1896300,17.2,0,2
2025-06,Carulla,Barranquilla,ESP-CIN,Golden Cinnamon Roll,Esparcibles,5,11,9,494100,1.8,0,2
2025-06,Carulla,Barranquilla,ESP-CRE,Creamy Cocoa Hazelnut,Esparcibles,5,46,41,2250900,8.2,1,5
2025-06,Carulla,Barranquilla,ESP-CRU,Crunchy Cocoa Hazelnut,Esparcibles,5,38,27,1482300,5.4,3,11
2025-06,Carulla,Barranquilla,ESP-PIS,Buttery Pistachio Cookie,Esparcibles,5,37,35,2511250,7.0,7,2
2025-06,Carulla,Barranquilla,GRA-CHI,Chip Cookie,GranOLAS,5,83,76,3260400,15.2,0,7
2025-06,Carulla,Barranquilla,GRA-FUD,Fudge Cake,GranOLAS,5,54,39,1673100,7.8,0,15
2025-06,Carulla,Barranquilla,GRA-VAN,Vanilla Shortbread,GranOLAS,5,13,10,429000,2.0,1,3
2025-06,Carulla,Barranquilla,HAR-ALM,Harina de Almendra,Avena & Harinas,5,82,59,2309850,11.8,3,23
2025-06,Carulla,Barranquilla,HAR-AVE,Harina de Avena,Avena & Harinas,5,115,110,3899500,22.0,0,5
2025-06,Carulla,Barranquilla,PAN-ALM-CHO,Almendra Choco Chips,Pancakes & Waffles,5,5,3,141300,0.6,3,2
2025-06,Carulla,Barranquilla,PAN-ALM-CHU,Almendra Churro,Pancakes & Waffles,5,29,27,1271700,5.4,3,2
2025-06,Carulla,Barranquilla,PAN-ALM-VAN,Almendra Vainilla,Pancakes & Waffles,5,26,21,989100,4.2,9,5
2025-06,Carulla,Barranquilla,PAN-AVE-BAN,Avena Banano,Pancakes & Waffles,5,9,6,222900,1.2,6,3
2025-06,Carulla,Barranquilla,PAN-AVE-BRO,Avena Brownie,Pancakes & Waffles,5,18,15,557250,3.0,8,3
2025-06,Carulla,Barranquilla,PAN-AVE-VAN,Avena Vainilla,Pancakes & Waffles,5,53,43,1597450,8.6,5,10
2025-06,Carulla,Bogotá,AVE-HOJ,Avena en Hojuelas,Avena & Harinas,11,167,167,5920150,15.18,6,0
2025-06,Carulla,Bogotá,COM-3GRA,Three Pack GranOLA,Combos,11,51,45,4920750,4.09,5,6
2025-06,Carulla,Bogotá,COM-3SPR,Three Pack Spread,Combos,11,47,46,6693000,4.18,0,1
2025-06,Carulla,Bogotá,COM-WAF,Mini Wafflera,Combos,11,48,37,4181000,3.36,3,11
2025-06,Carulla,Bogotá,ESP-BABY,Baby Spreads,Esparcibles,11,191,194,4277700,17.64,5,0
2025-06,Carulla,Bogotá,ESP-CIN,Golden Cinnamon Roll,Esparcibles,11,65,60,3294000,5.45,4,5
2025-06,Carulla,Bogotá,ESP-CRE,Creamy Cocoa Hazelnut,Esparcibles,11,32,27,1482300,2.45,8,5
2025-06,Carulla,Bogotá,ESP-CRU,Crunchy Cocoa Hazelnut,Esparcibles,11,82,79,4337100,7.18,2,3
2025-06,Carulla,Bogotá,ESP-PB,Peanutty Banana Shake,Esparcibles,11,23,19,1043100,1.73,3,4
2025-06,Carulla,Bogotá,ESP-PIS,Buttery Pistachio Cookie,Esparcibles,11,65,49,3515750,4.45,4,16
2025-06,Carulla,Bogotá,GRA-CHI,Chip Cookie,GranOLAS,11,90,75,3217500,6.82,7,15
2025-06,Carulla,Bogotá,GRA-FUD,Fudge Cake,GranOLAS,11,107,94,4032600,8.55,0,13
2025-06,Carulla,Bogotá,GRA-VAN,Vanilla Shortbread,GranOLAS,11,70,59,2531100,5.36,0,11
2025-06,Carulla,Bogotá,HAR-ALM,Harina de Almendra,Avena & Harinas,11,262,214,8378100,19.45,3,48
2025-06,Carulla,Bogotá,HAR-AVE,Harina de Avena,Avena & Harinas,11,299,257,9110650,23.36,5,42
2025-06,Carulla,Bogotá,PAN-ALM-CHO,Almendra Choco Chips,Pancakes & Waffles,11,151,149,7017900,13.55,0,2
2025-06,Carulla,Bogotá,PAN-ALM-CHU,Almendra Churro,Pancakes & Waffles,11,50,47,2213700,4.27,5,3
2025-06,Carulla,Bogotá,PAN-ALM-VAN,Almendra Vainilla,Pancakes & Waffles,11,63,55,2590500,5.0,7,8
2025-06,Carulla,Bogotá,PAN-AVE-BAN,Avena Banano,Pancakes & Waffles,11,147,123,4569450,11.18,9,24
2025-06,Carulla,Bogotá,PAN-AVE-BRO,Avena Brownie,Pancakes & Waffles,11,125,118,4383700,10.73,3,7
2025-06,Carulla,Bogotá,PAN-AVE-VAN,Avena Vainilla,Pancakes & Waffles,11,253,246,9138900,22.36,1,7
2025-06,Carulla,Bucaramanga,COM-3GRA,Three Pack GranOLA,Combos,1,17,17,1858950,17.0,6,0
2025-06,Carulla,Bucaramanga,COM-3SPR,Three Pack Spread,Combos,1,5,4,582000,4.0,3,1
2025-06,Carulla,Bucaramanga,COM-WAF,Mini Wafflera,Combos,1,5,3,339000,3.0,5,2
2025-06,Carulla,Bucaramanga,ESP-CIN,Golden Cinnamon Roll,Esparcibles,1,14,11,603900,11.0,6,3
2025-06,Carulla,Bucaramanga,ESP-PB,Peanutty Banana Shake,Esparcibles,1,36,27,1482300,27.0,0,9
2025-06,Carulla,Bucaramanga,GRA-CHI,Chip Cookie,GranOLAS,1,5,4,171600,4.0,1,1
2025-06,Carulla,Bucaramanga,GRA-VAN,Vanilla Shortbread,GranOLAS,1,18,17,729300,17.0,4,1
2025-06,Carulla,Bucaramanga,HAR-ALM,Harina de Almendra,Avena & Harinas,1,11,10,391500,10.0,0,1
2025-06,Carulla,Bucaramanga,PAN-ALM-CHO,Almendra Choco Chips,Pancakes & Waffles,1,3,2,94200,2.0,1,1
2025-06,Carulla,Bucaramanga,PAN-ALM-VAN,Almendra Vainilla,Pancakes & Waffles,1,6,4,188400,4.0,0,2
2025-06,Carulla,Bucaramanga,PAN-AVE-BAN,Avena Banano,Pancakes & Waffles,1,3,2,74300,2.0,0,1
2025-06,Carulla,Bucaramanga,PAN-AVE-BRO,Avena Brownie,Pancakes & Waffles,1,12,11,408650,11.0,0,1
2025-06,Carulla,Bucaramanga,PAN-AVE-VAN,Avena Vainilla,Pancakes & Waffles,1,165,122,4532300,122.0,1,43
2025-06,Carulla,Cali,AVE-HOJ,Avena en Hojuelas,Avena & Harinas,4,48,35,1240750,8.75,0,13
2025-06,Carulla,Cali,COM-3GRA,Three Pack GranOLA,Combos,4,8,6,656100,1.5,0,2
2025-06,Carulla,Cali,COM-3SPR,Three Pack Spread,Combos,4,2,1,145500,0.25,0,1
2025-06,Carulla,Cali,COM-WAF,Mini Wafflera,Combos,4,14,10,1130000,2.5,1,4
2025-06,Carulla,Cali,ESP-BABY,Baby Spreads,Esparcibles,4,41,39,859950,9.75,3,2
2025-06,Carulla,Cali,ESP-CIN,Golden Cinnamon Roll,Esparcibles,4,79,58,3184200,14.5,3,21
2025-06,Carulla,Cali,ESP-CRE,Creamy Cocoa Hazelnut,Esparcibles,4,93,82,4501800,20.5,4,11
2025-06,Carulla,Cali,ESP-CRU,Crunchy Cocoa Hazelnut,Esparcibles,4,27,23,1262700,5.75,2,4
2025-06,Carulla,Cali,ESP-PB,Peanutty Banana Shake,Esparcibles,4,37,37,2031300,9.25,4,0
2025-06,Carulla,Cali,ESP-PIS,Buttery Pistachio Cookie,Esparcibles,4,6,5,358750,1.25,0,1
2025-06,Carulla,Cali,GRA-CHI,Chip Cookie,GranOLAS,4,44,36,1544400,9.0,4,8
2025-06,Carulla,Cali,GRA-FUD,Fudge Cake,GranOLAS,4,40,32,1372800,8.0,3,8
2025-06,Carulla,Cali,GRA-VAN,Vanilla Shortbread,GranOLAS,4,78,75,3217500,18.75,4,3
2025-06,Carulla,Cali,HAR-ALM,Harina de Almendra,Avena & Harinas,4,45,39,1526850,9.75,0,6
2025-06,Carulla,Cali,HAR-AVE,Harina de Avena,Avena & Harinas,4,67,62,2197900,15.5,0,5
2025-06,Carulla,Cali,PAN-ALM-CHU,Almendra Churro,Pancakes & Waffles,4,100,74,3485400,18.5,0,26
2025-06,Carulla,Cali,PAN-AVE-BAN,Avena Banano,Pancakes & Waffles,4,35,33,1225950,8.25,3,2
2025-06,Carulla,Cali,PAN-AVE-BRO,Avena Brownie,Pancakes & Waffles,4,54,45,1671750,11.25,0,9
2025-06,Carulla,Cali,PAN-AVE-VAN,Avena Vainilla,Pancakes & Waffles,4,54,42,1560300,10.5,5,12
2025-06,Carulla,Cartagena,AVE-HOJ,Avena en Hojuelas,Avena & Harinas,2,18,15,531750,7.5,4,3
2025-06,Carulla,Cartagena,COM-3GRA,Three Pack GranOLA,Combos,2,3,2,218700,1.0,0,1
2025-06,Carulla,Cartagena,COM-3SPR,Three Pack Spread,Combos,2,11,8,1164000,4.0,6,3
2025-06,Carulla,Cartagena,COM-WAF,Mini Wafflera,Combos,2,7,5,565000,2.5,0,2
2025-06,Carulla,Cartagena,ESP-CIN,Golden Cinnamon Roll,Esparcibles,2,10,8,439200,4.0,0,2
2025-06,Carulla,Cartagena,ESP-CRE,Creamy Cocoa Hazelnut,Esparcibles,2,75,70,3843000,35.0,3,5
2025-06,Carulla,Cartagena,ESP-CRU,Crunchy Cocoa Hazelnut,Esparcibles,2,20,17,933300,8.5,0,3
2025-06,Carulla,Cartagena,ESP-PB,Peanutty Banana Shake,Esparcibles,2,24,22,1207800,11.0,3,2
2025-06,Carulla,Cartagena,ESP-PIS,Buttery Pistachio Cookie,Esparcibles,2,5,3,215250,1.5,3,2
2025-06,Carulla,Cartagena,GRA-CHI,Chip Cookie,GranOLAS,2,42,42,1801800,21.0,4,0
2025-06,Carulla,Cartagena,GRA-FUD,Fudge Cake,GranOLAS,2,35,25,1072500,12.5,0,10
2025-06,Carulla,Cartagena,GRA-VAN,Vanilla Shortbread,GranOLAS,2,18,15,643500,7.5,6,3
2025-06,Carulla,Cartagena,HAR-ALM,Harina de Almendra,Avena & Harinas,2,22,22,861300,11.0,1,0
2025-06,Carulla,Cartagena,HAR-AVE,Harina de Avena,Avena & Harinas,2,21,20,709000,10.0,3,1
2025-06,Carulla,Cartagena,PAN-ALM-CHO,Almendra Choco Chips,Pancakes & Waffles,2,4,3,141300,1.5,0,1
2025-06,Carulla,Cartagena,PAN-ALM-CHU,Almendra Churro,Pancakes & Waffles,2,53,52,2449200,26.0,6,1
2025-06,Carulla,Cartagena,PAN-ALM-VAN,Almendra Vainilla,Pancakes & Waffles,2,49,46,2166600,23.0,3,3
2025-06,Carulla,Cartagena,PAN-AVE-BRO,Avena Brownie,Pancakes & Waffles,2,18,18,668700,9.0,2,0
2025-06,Carulla,Cartagena,PAN-AVE-VAN,Avena Vainilla,Pancakes & Waffles,2,65,54,2006100,27.0,0,11
2025-06,Carulla,Manizales,COM-3SPR,Three Pack Spread,Combos,1,5,4,582000,4.0,0,1
2025-06,Carulla,Manizales,GRA-CHI,Chip Cookie,GranOLAS,1,32,30,1287000,30.0,4,2
2025-06,Carulla,Manizales,GRA-VAN,Vanilla Shortbread,GranOLAS,1,5,4,171600,4.0,4,1
2025-06,Carulla,Manizales,HAR-ALM,Harina de Almendra,Avena & Harinas,1,15,11,430650,11.0,0,4
2025-06,Carulla,Manizales,HAR-AVE,Harina de Avena,Avena & Harinas,1,9,6,212700,6.0,0,3
2025-06,Carulla,Medellín,AVE-HOJ,Avena en Hojuelas,Avena & Harinas,5,36,35,1240750,7.0,4,1
2025-06,Carulla,Medellín,COM-3GRA,Three Pack GranOLA,Combos,5,28,21,2296350,4.2,1,7
2025-06,Carulla,Medellín,COM-3SPR,Three Pack Spread,Combos,5,33,26,3783000,5.2,4,7
2025-06,Carulla,Medellín,COM-WAF,Mini Wafflera,Combos,5,24,17,1921000,3.4,0,7
2025-06,Carulla,Medellín,ESP-BABY,Baby Spreads,Esparcibles,5,73,63,1389150,12.6,0,10
2025-06,Carulla,Medellín,ESP-CIN,Golden Cinnamon Roll,Esparcibles,5,27,23,1262700,4.6,0,4
2025-06,Carulla,Medellín,ESP-CRE,Creamy Cocoa Hazelnut,Esparcibles,5,22,16,878400,3.2,0,6
2025-06,Carulla,Medellín,ESP-CRU,Crunchy Cocoa Hazelnut,Esparcibles,5,38,35,1921500,7.0,5,3
2025-06,Carulla,Medellín,ESP-PB,Peanutty Banana Shake,Esparcibles,5,10,8,439200,1.6,2,2
2025-06,Carulla,Medellín,ESP-PIS,Buttery Pistachio Cookie,Esparcibles,5,22,17,1219750,3.4,0,5
2025-06,Carulla,Medellín,GRA-CHI,Chip Cookie,GranOLAS,5,106,90,3861000,18.0,2,16
2025-06,Carulla,Medellín,GRA-FUD,Fudge Cake,GranOLAS,5,59,46,1973400,9.2,6,13
2025-06,Carulla,Medellín,GRA-VAN,Vanilla Shortbread,GranOLAS,5,49,40,1716000,8.0,0,9
2025-06,Carulla,Medellín,HAR-ALM,Harina de Almendra,Avena & Harinas,5,85,76,2975400,15.2,0,9
2025-06,Carulla,Medellín,HAR-AVE,Harina de Avena,Avena & Harinas,5,397,327,11592150,65.4,7,70
2025-06,Carulla,Medellín,PAN-ALM-CHO,Almendra Choco Chips,Pancakes & Waffles,5,35,25,1177500,5.0,2,10
2025-06,Carulla,Medellín,PAN-ALM-CHU,Almendra Churro,Pancakes & Waffles,5,67,51,2402100,10.2,6,16
2025-06,Carulla,Medellín,PAN-ALM-VAN,Almendra Vainilla,Pancakes & Waffles,5,11,9,423900,1.8,0,2
2025-06,Carulla,Medellín,PAN-AVE-BAN,Avena Banano,Pancakes & Waffles,5,55,43,1597450,8.6,1,12
2025-06,Carulla,Medellín,PAN-AVE-BRO,Avena Brownie,Pancakes & Waffles,5,35,27,1003050,5.4,0,8
2025-06,Carulla,Medellín,PAN-AVE-VAN,Avena Vainilla,Pancakes & Waffles,5,122,92,3417800,18.4,6,30
2025-06,Carulla,Pereira,COM-3SPR,Three Pack Spread,Combos,1,7,6,873000,6.0,3,1
2025-06,Carulla,Pereira,ESP-BABY,Baby Spreads,Esparcibles,1,20,19,418950,19.0,3,1
2025-06,Carulla,Pereira,ESP-PB,Peanutty Banana Shake,Esparcibles,1,7,6,329400,6.0,0,1
2025-06,Carulla,Pereira,GRA-VAN,Vanilla Shortbread,GranOLAS,1,93,76,3260400,76.0,0,17
2025-06,Carulla,Pereira,PAN-AVE-BAN,Avena Banano,Pancakes & Waffles,1,46,40,1486000,40.0,4,6
2025-06,Carulla,Pereira,PAN-AVE-BRO,Avena Brownie,Pancakes & Waffles,1,57,49,1820350,49.0,7,8
2025-06,Fithub,Barranquilla,AVE-HOJ,Avena en Hojuelas,Avena & Harinas,2,3,2,77100,1.0,4,1
2025-06,Fithub,Barranquilla,COM-3GRA,Three Pack GranOLA,Combos,2,22,18,2142900,9.0,3,4
2025-06,Fithub,Barranquilla,COM-3SPR,Three Pack Spread,Combos,2,4,4,633600,2.0,1,0
2025-06,Fithub,Barranquilla,COM-WAF,Mini Wafflera,Combos,2,13,11,1353000,5.5,1,2
2025-06,Fithub,Barranquilla,ESP-BABY,Baby Spreads,Esparcibles,2,47,42,1008000,21.0,0,5
2025-06,Fithub,Barranquilla,ESP-CIN,Golden Cinnamon Roll,Esparcibles,2,12,10,597500,5.0,1,2
2025-06,Fithub,Barranquilla,ESP-CRE,Creamy Cocoa Hazelnut,Esparcibles,2,2,1,59750,0.5,1,1
2025-06,Fithub,Barranquilla,ESP-CRU,Crunchy Cocoa Hazelnut,Esparcibles,2,25,21,1254750,10.5,2,4
2025-06,Fithub,Barranquilla,ESP-PB,Peanutty Banana Shake,Esparcibles,2,1,0,0,0.0,0,1
2025-06,Fithub,Barranquilla,ESP-PIS,Buttery Pistachio Cookie,Esparcibles,2,8,7,546700,3.5,0,1
2025-06,Fithub,Barranquilla,GRA-CHI,Chip Cookie,GranOLAS,2,9,6,280200,3.0,0,3
2025-06,Fithub,Barranquilla,GRA-FUD,Fudge Cake,GranOLAS,2,3,2,93400,1.0,0,1
2025-06,Fithub,Barranquilla,GRA-VAN,Vanilla Shortbread,GranOLAS,2,10,10,467000,5.0,3,0
2025-06,Fithub,Barranquilla,HAR-ALM,Harina de Almendra,Avena & Harinas,2,6,4,170400,2.0,6,2
2025-06,Fithub,Barranquilla,HAR-AVE,Harina de Avena,Avena & Harinas,2,5,5,192750,2.5,0,0
2025-06,Fithub,Barranquilla,PAN-ALM-CHO,Almendra Choco Chips,Pancakes & Waffles,2,2,1,51300,0.5,6,1
2025-06,Fithub,Barranquilla,PAN-ALM-CHU,Almendra Churro,Pancakes & Waffles,2,5,4,205200,2.0,1,1
2025-06,Fithub,Barranquilla,PAN-ALM-VAN,Almendra Vainilla,Pancakes & Waffles,2,4,2,102600,1.0,5,2
2025-06,Fithub,Barranquilla,PAN-AVE-BAN,Avena Banano,Pancakes & Waffles,2,2,1,40450,0.5,8,1
2025-06,Fithub,Barranquilla,PAN-AVE-BRO,Avena Brownie,Pancakes & Waffles,2,12,10,404500,5.0,3,2
2025-06,Fithub,Barranquilla,PAN-AVE-VAN,Avena Vainilla,Pancakes & Waffles,2,10,9,364050,4.5,0,1
2025-06,Fithub,Bogotá,AVE-HOJ,Avena en Hojuelas,Avena & Harinas,3,46,45,1734750,15.0,3,1
2025-06,Fithub,Bogotá,COM-3GRA,Three Pack GranOLA,Combos,3,21,19,2261950,6.33,0,2
2025-06,Fithub,Bogotá,COM-3SPR,Three Pack Spread,Combos,3,19,18,2851200,6.0,3,1
2025-06,Fithub,Bogotá,COM-WAF,Mini Wafflera,Combos,3,8,6,738000,2.0,0,2
2025-06,Fithub,Bogotá,ESP-BABY,Baby Spreads,Esparcibles,3,63,58,1392000,19.33,2,5
2025-06,Fithub,Bogotá,ESP-CIN,Golden Cinnamon Roll,Esparcibles,3,67,50,2987500,16.67,1,17
2025-06,Fithub,Bogotá,ESP-CRE,Creamy Cocoa Hazelnut,Esparcibles,3,41,35,2091250,11.67,2,6
2025-06,Fithub,Bogotá,ESP-CRU,Crunchy Cocoa Hazelnut,Esparcibles,3,69,52,3107000,17.33,0,17
2025-06,Fithub,Bogotá,ESP-PB,Peanutty Banana Shake,Esparcibles,3,19,14,836500,4.67,3,5
2025-06,Fithub,Bogotá,ESP-PIS,Buttery Pistachio Cookie,Esparcibles,3,51,37,2889700,12.33,0,14
2025-06,Fithub,Bogotá,GRA-CHI,Chip Cookie,GranOLAS,3,72,65,3035500,21.67,0,7
2025-06,Fithub,Bogotá,GRA-FUD,Fudge Cake,GranOLAS,3,52,45,2101500,15.0,0,7
2025-06,Fithub,Bogotá,GRA-VAN,Vanilla Shortbread,GranOLAS,3,32,32,1494400,10.67,4,0
2025-06,Fithub,Bogotá,HAR-ALM,Harina de Almendra,Avena & Harinas,3,69,51,2172600,17.0,5,18
2025-06,Fithub,Bogotá,HAR-AVE,Harina de Avena,Avena & Harinas,3,46,41,1580550,13.67,1,5
2025-06,Fithub,Bogotá,PAN-ALM-CHO,Almendra Choco Chips,Pancakes & Waffles,3,39,38,1949400,12.67,11,1
2025-06,Fithub,Bogotá,PAN-ALM-CHU,Almendra Churro,Pancakes & Waffles,3,53,53,2718900,17.67,1,0
2025-06,Fithub,Bogotá,PAN-ALM-VAN,Almendra Vainilla,Pancakes & Waffles,3,21,17,872100,5.67,0,4
2025-06,Fithub,Bogotá,PAN-AVE-BAN,Avena Banano,Pancakes & Waffles,3,109,85,3438250,28.33,7,24
2025-06,Fithub,Bogotá,PAN-AVE-BRO,Avena Brownie,Pancakes & Waffles,3,34,30,1213500,10.0,7,4
2025-06,Fithub,Bogotá,PAN-AVE-VAN,Avena Vainilla,Pancakes & Waffles,3,94,74,2993300,24.67,6,20
2025-06,Fithub,Bucaramanga,AVE-HOJ,Avena en Hojuelas,Avena & Harinas,3,5,4,154200,1.33,0,1
2025-06,Fithub,Bucaramanga,COM-3SPR,Three Pack Spread,Combos,3,3,2,316800,0.67,8,1
2025-06,Fithub,Bucaramanga,ESP-BABY,Baby Spreads,Esparcibles,3,22,20,480000,6.67,0,2
2025-06,Fithub,Bucaramanga,ESP-CIN,Golden Cinnamon Roll,Esparcibles,3,1,0,0,0.0,0,1
2025-06,Fithub,Bucaramanga,ESP-CRE,Creamy Cocoa Hazelnut,Esparcibles,3,1,0,0,0.0,3,1
2025-06,Fithub,Bucaramanga,ESP-CRU,Crunchy Cocoa Hazelnut,Esparcibles,3,2,1,59750,0.33,0,1
2025-06,Fithub,Bucaramanga,ESP-PB,Peanutty Banana Shake,Esparcibles,3,4,3,179250,1.0,2,1
2025-06,Fithub,Bucaramanga,ESP-PIS,Buttery Pistachio Cookie,Esparcibles,3,2,1,78100,0.33,0,1
2025-06,Fithub,Bucaramanga,GRA-FUD,Fudge Cake,GranOLAS,3,8,6,280200,2.0,6,2
2025-06,Fithub,Bucaramanga,GRA-VAN,Vanilla Shortbread,GranOLAS,3,5,5,233500,1.67,3,0
2025-06,Fithub,Bucaramanga,PAN-ALM-CHU,Almendra Churro,Pancakes & Waffles,3,4,3,153900,1.0,1,1
2025-06,Fithub,Bucaramanga,PAN-AVE-BAN,Avena Banano,Pancakes & Waffles,3,6,4,161800,1.33,8,2
2025-06,Fithub,Bucaramanga,PAN-AVE-BRO,Avena Brownie,Pancakes & Waffles,3,10,9,364050,3.0,2,1
2025-06,Fithub,Cali,AVE-HOJ,Avena en Hojuelas,Avena & Harinas,2,5,4,154200,2.0,7,1
2025-06,Fithub,Cali,COM-3GRA,Three Pack GranOLA,Combos,2,10,9,1071450,4.5,2,1
2025-06,Fithub,Cali,COM-3SPR,Three Pack Spread,Combos,2,13,10,1584000,5.0,0,3
2025-06,Fithub,Cali,COM-WAF,Mini Wafflera,Combos,2,5,4,492000,2.0,0,1
2025-06,Fithub,Cali,ESP-BABY,Baby Spreads,Esparcibles,2,23,19,456000,9.5,4,4
2025-06,Fithub,Cali,ESP-CIN,Golden Cinnamon Roll,Esparcibles,2,11,8,478000,4.0,4,3
2025-06,Fithub,Cali,ESP-CRE,Creamy Cocoa Hazelnut,Esparcibles,2,17,16,956000,8.0,8,1
2025-06,Fithub,Cali,ESP-CRU,Crunchy Cocoa Hazelnut,Esparcibles,2,6,5,298750,2.5,1,1
2025-06,Fithub,Cali,ESP-PB,Peanutty Banana Shake,Esparcibles,2,12,11,657250,5.5,0,1
2025-06,Fithub,Cali,ESP-PIS,Buttery Pistachio Cookie,Esparcibles,2,11,8,624800,4.0,5,3
2025-06,Fithub,Cali,GRA-CHI,Chip Cookie,GranOLAS,2,11,8,373600,4.0,4,3
2025-06,Fithub,Cali,GRA-FUD,Fudge Cake,GranOLAS,2,7,6,280200,3.0,5,1
2025-06,Fithub,Cali,GRA-VAN,Vanilla Shortbread,GranOLAS,2,11,9,420300,4.5,1,2
2025-06,Fithub,Cali,HAR-ALM,Harina de Almendra,Avena & Harinas,2,13,9,383400,4.5,0,4
2025-06,Fithub,Cali,HAR-AVE,Harina de Avena,Avena & Harinas,2,20,15,578250,7.5,2,5
2025-06,Fithub,Cali,PAN-ALM-CHO,Almendra Choco Chips,Pancakes & Waffles,2,39,37,1898100,18.5,1,2
2025-06,Fithub,Cali,PAN-ALM-CHU,Almendra Churro,Pancakes & Waffles,2,39,37,1898100,18.5,0,2
2025-06,Fithub,Cali,PAN-ALM-VAN,Almendra Vainilla,Pancakes & Waffles,2,6,5,256500,2.5,2,1
2025-06,Fithub,Cali,PAN-AVE-BAN,Avena Banano,Pancakes & Waffles,2,9,8,323600,4.0,4,1
2025-06,Fithub,Cali,PAN-AVE-BRO,Avena Brownie,Pancakes & Waffles,2,21,20,809000,10.0,5,1
2025-06,Fithub,Cali,PAN-AVE-VAN,Avena Vainilla,Pancakes & Waffles,2,4,3,121350,1.5,1,1
2025-06,Fithub,Cartagena,COM-3GRA,Three Pack GranOLA,Combos,1,1,0,0,0.0,0,1
2025-06,Fithub,Cartagena,COM-3SPR,Three Pack Spread,Combos,1,1,0,0,0.0,8,1
2025-06,Fithub,Cartagena,ESP-CRE,Creamy Cocoa Hazelnut,Esparcibles,1,8,7,418250,7.0,4,1
2025-06,Fithub,Cartagena,ESP-CRU,Crunchy Cocoa Hazelnut,Esparcibles,1,3,2,119500,2.0,5,1
2025-06,Fithub,Cartagena,ESP-PB,Peanutty Banana Shake,Esparcibles,1,8,8,478000,8.0,4,0
2025-06,Fithub,Cartagena,ESP-PIS,Buttery Pistachio Cookie,Esparcibles,1,2,1,78100,1.0,8,1
2025-06,Fithub,Cartagena,GRA-FUD,Fudge Cake,GranOLAS,1,1,0,0,0.0,2,1
2025-06,Fithub,Cartagena,GRA-VAN,Vanilla Shortbread,GranOLAS,1,3,2,93400,2.0,5,1
2025-06,Fithub,Cartagena,HAR-AVE,Harina de Avena,Avena & Harinas,1,2,1,38550,1.0,4,1
2025-06,Fithub,Cartagena,PAN-ALM-CHU,Almendra Churro,Pancakes & Waffles,1,6,4,205200,4.0,7,2
2025-06,Fithub,Cartagena,PAN-ALM-VAN,Almendra Vainilla,Pancakes & Waffles,1,3,2,102600,2.0,3,1
2025-06,Fithub,Cartagena,PAN-AVE-BAN,Avena Banano,Pancakes & Waffles,1,7,6,242700,6.0,0,1
2025-06,Fithub,Manizales,COM-3SPR,Three Pack Spread,Combos,1,1,0,0,0.0,4,1
2025-06,Fithub,Manizales,ESP-CIN,Golden Cinnamon Roll,Esparcibles,1,3,2,119500,2.0,1,1
2025-06,Fithub,Manizales,ESP-CRE,Creamy Cocoa Hazelnut,Esparcibles,1,2,1,59750,1.0,6,1
2025-06,Fithub,Manizales,HAR-ALM,Harina de Almendra,Avena & Harinas,1,7,6,255600,6.0,0,1
2025-06,Fithub,Manizales,PAN-ALM-CHU,Almendra Churro,Pancakes & Waffles,1,3,2,102600,2.0,0,1
2025-06,Fithub,Manizales,PAN-AVE-BRO,Avena Brownie,Pancakes & Waffles,1,20,20,809000,20.0,3,0
2025-06,Fithub,Medellín,AVE-HOJ,Avena en Hojuelas,Avena & Harinas,4,47,46,1773300,11.5,4,1
2025-06,Fithub,Medellín,COM-3GRA,Three Pack GranOLA,Combos,4,3,2,238100,0.5,3,1
2025-06,Fithub,Medellín,COM-3SPR,Three Pack Spread,Combos,4,2,1,158400,0.25,4,1
2025-06,Fithub,Medellín,COM-WAF,Mini Wafflera,Combos,4,3,2,246000,0.5,7,1
2025-06,Fithub,Medellín,ESP-BABY,Baby Spreads,Esparcibles,4,7,5,120000,1.25,4,2
2025-06,Fithub,Medellín,ESP-CIN,Golden Cinnamon Roll,Esparcibles,4,26,20,1195000,5.0,0,6
2025-06,Fithub,Medellín,ESP-CRE,Creamy Cocoa Hazelnut,Esparcibles,4,4,2,119500,0.5,0,2
2025-06,Fithub,Medellín,ESP-CRU,Crunchy Cocoa Hazelnut,Esparcibles,4,17,14,836500,3.5,1,3
2025-06,Fithub,Medellín,ESP-PB,Peanutty Banana Shake,Esparcibles,4,27,27,1613250,6.75,0,0
2025-06,Fithub,Medellín,ESP-PIS,Buttery Pistachio Cookie,Esparcibles,4,1,0,0,0.0,2,1
2025-06,Fithub,Medellín,GRA-CHI,Chip Cookie,GranOLAS,4,6,5,233500,1.25,0,1
2025-06,Fithub,Medellín,GRA-FUD,Fudge Cake,GranOLAS,4,24,22,1027400,5.5,1,2
2025-06,Fithub,Medellín,GRA-VAN,Vanilla Shortbread,GranOLAS,4,14,10,467000,2.5,0,4
2025-06,Fithub,Medellín,HAR-ALM,Harina de Almendra,Avena & Harinas,4,6,4,170400,1.0,8,2
2025-06,Fithub,Medellín,HAR-AVE,Harina de Avena,Avena & Harinas,4,33,31,1195050,7.75,6,2
2025-06,Fithub,Medellín,PAN-ALM-CHO,Almendra Choco Chips,Pancakes & Waffles,4,4,3,153900,0.75,7,1
2025-06,Fithub,Medellín,PAN-ALM-CHU,Almendra Churro,Pancakes & Waffles,4,5,4,205200,1.0,0,1
2025-06,Fithub,Medellín,PAN-ALM-VAN,Almendra Vainilla,Pancakes & Waffles,4,7,6,307800,1.5,0,1
2025-06,Fithub,Medellín,PAN-AVE-BAN,Avena Banano,Pancakes & Waffles,4,19,14,566300,3.5,0,5
2025-06,Fithub,Medellín,PAN-AVE-BRO,Avena Brownie,Pancakes & Waffles,4,26,20,809000,5.0,2,6
2025-06,Fithub,Medellín,PAN-AVE-VAN,Avena Vainilla,Pancakes & Waffles,4,21,16,647200,4.0,3,5
2025-06,Fithub,Pereira,AVE-HOJ,Avena en Hojuelas,Avena & Harinas,1,7,6,231300,6.0,1,1
2025-06,Fithub,Pereira,COM-3GRA,Three Pack GranOLA,Combos,1,5,3,357150,3.0,2,2
2025-06,Fithub,Pereira,COM-WAF,Mini Wafflera,Combos,1,1,1,123000,1.0,5,0
2025-06,Fithub,Pereira,ESP-BABY,Baby Spreads,Esparcibles,1,7,6,144000,6.0,7,1
2025-06,Fithub,Pereira,ESP-CRE,Creamy Cocoa Hazelnut,Esparcibles,1,2,1,59750,1.0,0,1
2025-06,Fithub,Pereira,ESP-PB,Peanutty Banana Shake,Esparcibles,1,5,3,179250,3.0,4,2
2025-06,Fithub,Pereira,GRA-CHI,Chip Cookie,GranOLAS,1,22,17,793900,17.0,2,5
2025-06,Fithub,Pereira,GRA-FUD,Fudge Cake,GranOLAS,1,1,0,0,0.0,2,1
2025-06,Fithub,Pereira,HAR-AVE,Harina de Avena,Avena & Harinas,1,15,14,539700,14.0,4,1
2025-06,Fithub,Pereira,PAN-ALM-CHO,Almendra Choco Chips,Pancakes & Waffles,1,2,1,51300,1.0,4,1
2025-06,Fithub,Pereira,PAN-ALM-CHU,Almendra Churro,Pancakes & Waffles,1,13,9,461700,9.0,0,4
2025-06,Fithub,Pereira,PAN-ALM-VAN,Almendra Vainilla,Pancakes & Waffles,1,3,2,102600,2.0,0,1
2025-06,Fithub,Pereira,PAN-AVE-VAN,Avena Vainilla,Pancakes & Waffles,1,19,17,687650,17.0,5,2
2025-06,Tiendas naturistas,Barranquilla,AVE-HOJ,Avena en Hojuelas,Avena & Harinas,2,19,15,555000,7.5,3,4
2025-06,Tiendas naturistas,Barranquilla,COM-3GRA,Three Pack GranOLA,Combos,2,3,2,228400,1.0,1,1
2025-06,Tiendas naturistas,Barranquilla,COM-WAF,Mini Wafflera,Combos,2,10,7,826000,3.5,0,3
2025-06,Tiendas naturistas,Barranquilla,ESP-BABY,Baby Spreads,Esparcibles,2,66,55,1265000,27.5,1,11
2025-06,Tiendas naturistas,Barranquilla,ESP-CRE,Creamy Cocoa Hazelnut,Esparcibles,2,5,5,286750,2.5,5,0
2025-06,Tiendas naturistas,Barranquilla,ESP-CRU,Crunchy Cocoa Hazelnut,Esparcibles,2,11,8,458800,4.0,3,3
2025-06,Tiendas naturistas,Barranquilla,ESP-PB,Peanutty Banana Shake,Esparcibles,2,27,23,1319050,11.5,0,4
2025-06,Tiendas naturistas,Barranquilla,ESP-PIS,Buttery Pistachio Cookie,Esparcibles,2,8,5,374750,2.5,5,3
2025-06,Tiendas naturistas,Barranquilla,GRA-CHI,Chip Cookie,GranOLAS,2,4,4,179200,2.0,8,0
2025-06,Tiendas naturistas,Barranquilla,GRA-FUD,Fudge Cake,GranOLAS,2,27,22,985600,11.0,4,5
2025-06,Tiendas naturistas,Barranquilla,HAR-ALM,Harina de Almendra,Avena & Harinas,2,12,11,449900,5.5,0,1
2025-06,Tiendas naturistas,Barranquilla,HAR-AVE,Harina de Avena,Avena & Harinas,2,24,19,703000,9.5,1,5
2025-06,Tiendas naturistas,Barranquilla,PAN-ALM-CHO,Almendra Choco Chips,Pancakes & Waffles,2,8,7,344400,3.5,1,1
2025-06,Tiendas naturistas,Barranquilla,PAN-ALM-CHU,Almendra Churro,Pancakes & Waffles,2,3,2,98400,1.0,6,1
2025-06,Tiendas naturistas,Barranquilla,PAN-ALM-VAN,Almendra Vainilla,Pancakes & Waffles,2,18,13,639600,6.5,0,5
2025-06,Tiendas naturistas,Barranquilla,PAN-AVE-BAN,Avena Banano,Pancakes & Waffles,2,23,18,698400,9.0,1,5
2025-06,Tiendas naturistas,Barranquilla,PAN-AVE-BRO,Avena Brownie,Pancakes & Waffles,2,25,24,931200,12.0,1,1
2025-06,Tiendas naturistas,Barranquilla,PAN-AVE-VAN,Avena Vainilla,Pancakes & Waffles,2,20,16,620800,8.0,0,4
2025-06,Tiendas naturistas,Bogotá,AVE-HOJ,Avena en Hojuelas,Avena & Harinas,31,106,93,3441000,3.0,4,13
2025-06,Tiendas naturistas,Bogotá,COM-3GRA,Three Pack GranOLA,Combos,31,30,30,3426000,0.97,0,0
2025-06,Tiendas naturistas,Bogotá,COM-3SPR,Three Pack Spread,Combos,31,18,13,1975350,0.42,3,5
2025-06,Tiendas naturistas,Bogotá,COM-WAF,Mini Wafflera,Combos,31,41,40,4720000,1.29,1,1
2025-06,Tiendas naturistas,Bogotá,ESP-BABY,Baby Spreads,Esparcibles,31,102,95,2185000,3.06,2,7
2025-06,Tiendas naturistas,Bogotá,ESP-CIN,Golden Cinnamon Roll,Esparcibles,31,62,58,3326300,1.87,0,4
2025-06,Tiendas naturistas,Bogotá,ESP-CRE,Creamy Cocoa Hazelnut,Esparcibles,31,66,53,3039550,1.71,6,13
2025-06,Tiendas naturistas,Bogotá,ESP-CRU,Crunchy Cocoa Hazelnut,Esparcibles,31,107,80,4588000,2.58,5,27
2025-06,Tiendas naturistas,Bogotá,ESP-PB,Peanutty Banana Shake,Esparcibles,31,51,43,2466050,1.39,1,8
2025-06,Tiendas naturistas,Bogotá,ESP-PIS,Buttery Pistachio Cookie,Esparcibles,31,21,17,1274150,0.55,2,4
2025-06,Tiendas naturistas,Bogotá,GRA-CHI,Chip Cookie,GranOLAS,31,144,112,5017600,3.61,0,32
2025-06,Tiendas naturistas,Bogotá,GRA-FUD,Fudge Cake,GranOLAS,31,57,46,2060800,1.48,3,11
2025-06,Tiendas naturistas,Bogotá,GRA-VAN,Vanilla Shortbread,GranOLAS,31,36,34,1523200,1.1,4,2
2025-06,Tiendas naturistas,Bogotá,HAR-ALM,Harina de Almendra,Avena & Harinas,31,92,92,3762800,2.97,4,0
2025-06,Tiendas naturistas,Bogotá,HAR-AVE,Harina de Avena,Avena & Harinas,31,61,50,1850000,1.61,0,11
2025-06,Tiendas naturistas,Bogotá,PAN-ALM-CHO,Almendra Choco Chips,Pancakes & Waffles,31,141,140,6888000,4.52,2,1
2025-06,Tiendas naturistas,Bogotá,PAN-ALM-CHU,Almendra Churro,Pancakes & Waffles,31,64,56,2755200,1.81,6,8
2025-06,Tiendas naturistas,Bogotá,PAN-ALM-VAN,Almendra Vainilla,Pancakes & Waffles,31,29,22,1082400,0.71,0,7
2025-06,Tiendas naturistas,Bogotá,PAN-AVE-BAN,Avena Banano,Pancakes & Waffles,31,68,61,2366800,1.97,2,7
2025-06,Tiendas naturistas,Bogotá,PAN-AVE-BRO,Avena Brownie,Pancakes & Waffles,31,76,74,2871200,2.39,4,2
2025-06,Tiendas naturistas,Bogotá,PAN-AVE-VAN,Avena Vainilla,Pancakes & Waffles,31,123,89,3453200,2.87,2,34
2025-06,Tiendas naturistas,Bucaramanga,COM-3GRA,Three Pack GranOLA,Combos,2,11,8,913600,4.0,1,3
2025-06,Tiendas naturistas,Bucaramanga,COM-WAF,Mini Wafflera,Combos,2,2,1,118000,0.5,5,1
2025-06,Tiendas naturistas,Bucaramanga,ESP-CRE,Creamy Cocoa Hazelnut,Esparcibles,2,33,29,1663150,14.5,4,4
2025-06,Tiendas naturistas,Bucaramanga,ESP-CRU,Crunchy Cocoa Hazelnut,Esparcibles,2,18,13,745550,6.5,6,5
2025-06,Tiendas naturistas,Bucaramanga,ESP-PB,Peanutty Banana Shake,Esparcibles,2,3,2,114700,1.0,5,1
2025-06,Tiendas naturistas,Bucaramanga,GRA-FUD,Fudge Cake,GranOLAS,2,5,4,179200,2.0,0,1
2025-06,Tiendas naturistas,Bucaramanga,GRA-VAN,Vanilla Shortbread,GranOLAS,2,14,11,492800,5.5,0,3
2025-06,Tiendas naturistas,Bucaramanga,HAR-ALM,Harina de Almendra,Avena & Harinas,2,11,10,409000,5.0,0,1
2025-06,Tiendas naturistas,Bucaramanga,HAR-AVE,Harina de Avena,Avena & Harinas,2,21,16,592000,8.0,0,5
2025-06,Tiendas naturistas,Bucaramanga,PAN-ALM-CHU,Almendra Churro,Pancakes & Waffles,2,43,33,1623600,16.5,2,10
2025-06,Tiendas naturistas,Bucaramanga,PAN-AVE-BAN,Avena Banano,Pancakes & Waffles,2,8,7,271600,3.5,4,1
2025-06,Tiendas naturistas,Bucaramanga,PAN-AVE-VAN,Avena Vainilla,Pancakes & Waffles,2,3,2,77600,1.0,6,1
2025-06,Tiendas naturistas,Cali,AVE-HOJ,Avena en Hojuelas,Avena & Harinas,5,50,49,1813000,9.8,5,1
2025-06,Tiendas naturistas,Cali,COM-3GRA,Three Pack GranOLA,Combos,5,8,6,685200,1.2,0,2
2025-06,Tiendas naturistas,Cali,COM-3SPR,Three Pack Spread,Combos,5,9,6,911700,1.2,0,3
2025-06,Tiendas naturistas,Cali,COM-WAF,Mini Wafflera,Combos,5,20,15,1770000,3.0,3,5
2025-06,Tiendas naturistas,Cali,ESP-BABY,Baby Spreads,Esparcibles,5,19,18,414000,3.6,0,1
2025-06,Tiendas naturistas,Cali,ESP-CIN,Golden Cinnamon Roll,Esparcibles,5,27,22,1261700,4.4,0,5
2025-06,Tiendas naturistas,Cali,ESP-CRE,Creamy Cocoa Hazelnut,Esparcibles,5,19,16,917600,3.2,6,3
2025-06,Tiendas naturistas,Cali,ESP-CRU,Crunchy Cocoa Hazelnut,Esparcibles,5,8,6,344100,1.2,0,2
2025-06,Tiendas naturistas,Cali,ESP-PB,Peanutty Banana Shake,Esparcibles,5,24,24,1376400,4.8,10,0
2025-06,Tiendas naturistas,Cali,ESP-PIS,Buttery Pistachio Cookie,Esparcibles,5,7,5,374750,1.0,5,2
2025-06,Tiendas naturistas,Cali,GRA-CHI,Chip Cookie,GranOLAS,5,20,18,806400,3.6,0,2
2025-06,Tiendas naturistas,Cali,GRA-FUD,Fudge Cake,GranOLAS,5,57,45,2016000,9.0,5,12
2025-06,Tiendas naturistas,Cali,GRA-VAN,Vanilla Shortbread,GranOLAS,5,57,57,2553600,11.4,5,0
2025-06,Tiendas naturistas,Cali,HAR-ALM,Harina de Almendra,Avena & Harinas,5,52,37,1513300,7.4,1,15
2025-06,Tiendas naturistas,Cali,HAR-AVE,Harina de Avena,Avena & Harinas,5,129,109,4033000,21.8,3,20
2025-06,Tiendas naturistas,Cali,PAN-ALM-CHO,Almendra Choco Chips,Pancakes & Waffles,5,39,32,1574400,6.4,0,7
2025-06,Tiendas naturistas,Cali,PAN-ALM-CHU,Almendra Churro,Pancakes & Waffles,5,7,6,295200,1.2,0,1
2025-06,Tiendas naturistas,Cali,PAN-ALM-VAN,Almendra Vainilla,Pancakes & Waffles,5,37,30,1476000,6.0,0,7
2025-06,Tiendas naturistas,Cali,PAN-AVE-BAN,Avena Banano,Pancakes & Waffles,5,13,13,504400,2.6,12,0
2025-06,Tiendas naturistas,Cali,PAN-AVE-BRO,Avena Brownie,Pancakes & Waffles,5,36,28,1086400,5.6,3,8
2025-06,Tiendas naturistas,Cali,PAN-AVE-VAN,Avena Vainilla,Pancakes & Waffles,5,35,29,1125200,5.8,5,6
2025-06,Tiendas naturistas,Cartagena,COM-3GRA,Three Pack GranOLA,Combos,4,1,0,0,0.0,5,1
2025-06,Tiendas naturistas,Cartagena,COM-3SPR,Three Pack Spread,Combos,4,2,1,151950,0.25,0,1
2025-06,Tiendas naturistas,Cartagena,COM-WAF,Mini Wafflera,Combos,4,9,8,944000,2.0,0,1
2025-06,Tiendas naturistas,Cartagena,ESP-CRE,Creamy Cocoa Hazelnut,Esparcibles,4,32,31,1777850,7.75,0,1
2025-06,Tiendas naturistas,Cartagena,ESP-CRU,Crunchy Cocoa Hazelnut,Esparcibles,4,22,19,1089650,4.75,2,3
2025-06,Tiendas naturistas,Cartagena,ESP-PIS,Buttery Pistachio Cookie,Esparcibles,4,3,2,149900,0.5,6,1
2025-06,Tiendas naturistas,Cartagena,GRA-FUD,Fudge Cake,GranOLAS,4,8,7,313600,1.75,0,1
2025-06,Tiendas naturistas,Cartagena,PAN-ALM-CHO,Almendra Choco Chips,Pancakes & Waffles,4,21,15,738000,3.75,0,6
2025-06,Tiendas naturistas,Cartagena,PAN-ALM-CHU,Almendra Churro,Pancakes & Waffles,4,8,6,295200,1.5,1,2
2025-06,Tiendas naturistas,Cartagena,PAN-AVE-BRO,Avena Brownie,Pancakes & Waffles,4,38,36,1396800,9.0,4,2
2025-06,Tiendas naturistas,Medellín,AVE-HOJ,Avena en Hojuelas,Avena & Harinas,13,21,15,555000,1.15,1,6
2025-06,Tiendas naturistas,Medellín,COM-3GRA,Three Pack GranOLA,Combos,13,3,2,228400,0.15,2,1
2025-06,Tiendas naturistas,Medellín,COM-3SPR,Three Pack Spread,Combos,13,14,11,1671450,0.85,1,3
2025-06,Tiendas naturistas,Medellín,COM-WAF,Mini Wafflera,Combos,13,20,17,2006000,1.31,0,3
2025-06,Tiendas naturistas,Medellín,ESP-BABY,Baby Spreads,Esparcibles,13,91,92,2116000,7.08,2,0
2025-06,Tiendas naturistas,Medellín,ESP-CIN,Golden Cinnamon Roll,Esparcibles,13,31,30,1720500,2.31,0,1
2025-06,Tiendas naturistas,Medellín,ESP-CRE,Creamy Cocoa Hazelnut,Esparcibles,13,7,5,286750,0.38,2,2
2025-06,Tiendas naturistas,Medellín,ESP-CRU,Crunchy Cocoa Hazelnut,Esparcibles,13,37,30,1720500,2.31,0,7
2025-06,Tiendas naturistas,Medellín,ESP-PB,Peanutty Banana Shake,Esparcibles,13,12,11,630850,0.85,5,1
2025-06,Tiendas naturistas,Medellín,ESP-PIS,Buttery Pistachio Cookie,Esparcibles,13,27,25,1873750,1.92,0,2
2025-06,Tiendas naturistas,Medellín,GRA-CHI,Chip Cookie,GranOLAS,13,29,23,1030400,1.77,2,6
2025-06,Tiendas naturistas,Medellín,GRA-FUD,Fudge Cake,GranOLAS,13,9,7,313600,0.54,5,2
2025-06,Tiendas naturistas,Medellín,GRA-VAN,Vanilla Shortbread,GranOLAS,13,117,96,4300800,7.38,3,21
2025-06,Tiendas naturistas,Medellín,HAR-ALM,Harina de Almendra,Avena & Harinas,13,42,30,1227000,2.31,4,12
2025-06,Tiendas naturistas,Medellín,HAR-AVE,Harina de Avena,Avena & Harinas,13,95,85,3145000,6.54,9,10
2025-06,Tiendas naturistas,Medellín,PAN-ALM-CHO,Almendra Choco Chips,Pancakes & Waffles,13,18,15,738000,1.15,2,3
2025-06,Tiendas naturistas,Medellín,PAN-ALM-CHU,Almendra Churro,Pancakes & Waffles,13,81,81,3985200,6.23,9,0
2025-06,Tiendas naturistas,Medellín,PAN-ALM-VAN,Almendra Vainilla,Pancakes & Waffles,13,85,78,3837600,6.0,4,7
2025-06,Tiendas naturistas,Medellín,PAN-AVE-BAN,Avena Banano,Pancakes & Waffles,13,70,69,2677200,5.31,4,1
2025-06,Tiendas naturistas,Medellín,PAN-AVE-VAN,Avena Vainilla,Pancakes & Waffles,13,65,59,2289200,4.54,7,6
2025-06,Tiendas naturistas,Pereira,COM-3GRA,Three Pack GranOLA,Combos,4,3,2,228400,0.5,4,1
2025-06,Tiendas naturistas,Pereira,COM-3SPR,Three Pack Spread,Combos,4,6,4,607800,1.0,1,2
2025-06,Tiendas naturistas,Pereira,COM-WAF,Mini Wafflera,Combos,4,5,4,472000,1.0,0,1
2025-06,Tiendas naturistas,Pereira,GRA-FUD,Fudge Cake,GranOLAS,4,23,20,896000,5.0,0,3
2025-06,Tiendas naturistas,Pereira,GRA-VAN,Vanilla Shortbread,GranOLAS,4,2,1,44800,0.25,3,1
2025-06,Tiendas naturistas,Pereira,HAR-ALM,Harina de Almendra,Avena & Harinas,4,31,27,1104300,6.75,10,4
2025-06,Tiendas naturistas,Pereira,HAR-AVE,Harina de Avena,Avena & Harinas,4,12,9,333000,2.25,5,3
2025-06,Tiendas naturistas,Pereira,PAN-ALM-CHO,Almendra Choco Chips,Pancakes & Waffles,4,16,11,541200,2.75,3,5
2025-06,Tiendas naturistas,Pereira,PAN-ALM-CHU,Almendra Churro,Pancakes & Waffles,4,14,12,590400,3.0,0,2
2025-06,Tiendas naturistas,Pereira,PAN-AVE-BRO,Avena Brownie,Pancakes & Waffles,4,53,50,1940000,12.5,3,3
2025-06,Tiendas naturistas,Pereira,PAN-AVE-VAN,Avena Vainilla,Pancakes & Waffles,4,65,51,1978800,12.75,1,14
2025-06,Éxito,Barranquilla,COM-3GRA,Three Pack GranOLA,Combos,5,15,12,1288800,2.4,6,3
2025-06,Éxito,Barranquilla,COM-3SPR,Three Pack Spread,Combos,5,4,3,428850,0.6,1,1
2025-06,Éxito,Barranquilla,COM-WAF,Mini Wafflera,Combos,5,28,21,2331000,4.2,7,7
2025-06,Éxito,Barranquilla,ESP-BABY,Baby Spreads,Esparcibles,5,139,139,3009350,27.8,8,0
2025-06,Éxito,Barranquilla,ESP-CRE,Creamy Cocoa Hazelnut,Esparcibles,5,4,3,161850,0.6,2,1
2025-06,Éxito,Barranquilla,ESP-CRU,Crunchy Cocoa Hazelnut,Esparcibles,5,13,9,485550,1.8,0,4
2025-06,Éxito,Barranquilla,ESP-PB,Peanutty Banana Shake,Esparcibles,5,126,115,6204250,23.0,4,11
2025-06,Éxito,Barranquilla,ESP-PIS,Buttery Pistachio Cookie,Esparcibles,5,11,8,564000,1.6,2,3
2025-06,Éxito,Barranquilla,GRA-CHI,Chip Cookie,GranOLAS,5,164,122,5136200,24.4,0,42
2025-06,Éxito,Barranquilla,GRA-FUD,Fudge Cake,GranOLAS,5,15,15,631500,3.0,5,0
2025-06,Éxito,Barranquilla,HAR-ALM,Harina de Almendra,Avena & Harinas,5,67,67,2576150,13.4,3,0
2025-06,Éxito,Barranquilla,HAR-AVE,Harina de Avena,Avena & Harinas,5,29,26,904800,5.2,4,3
2025-06,Éxito,Barranquilla,PAN-ALM-CHO,Almendra Choco Chips,Pancakes & Waffles,5,139,122,5648600,24.4,4,17
2025-06,Éxito,Barranquilla,PAN-AVE-BAN,Avena Banano,Pancakes & Waffles,5,40,37,1350500,7.4,3,3
2025-06,Éxito,Barranquilla,PAN-AVE-BRO,Avena Brownie,Pancakes & Waffles,5,78,71,2591500,14.2,0,7
2025-06,Éxito,Barranquilla,PAN-AVE-VAN,Avena Vainilla,Pancakes & Waffles,5,106,103,3759500,20.6,2,3
2025-06,Éxito,Bogotá,AVE-HOJ,Avena en Hojuelas,Avena & Harinas,22,359,345,12006000,15.68,0,14
2025-06,Éxito,Bogotá,COM-3GRA,Three Pack GranOLA,Combos,22,140,100,10740000,4.55,1,40
2025-06,Éxito,Bogotá,COM-3SPR,Three Pack Spread,Combos,22,126,122,17439900,5.55,0,4
2025-06,Éxito,Bogotá,COM-WAF,Mini Wafflera,Combos,22,97,92,10212000,4.18,1,5
2025-06,Éxito,Bogotá,ESP-BABY,Baby Spreads,Esparcibles,22,241,237,5131050,10.77,6,4
2025-06,Éxito,Bogotá,ESP-CIN,Golden Cinnamon Roll,Esparcibles,22,406,395,21310250,17.95,1,11
2025-06,Éxito,Bogotá,ESP-CRE,Creamy Cocoa Hazelnut,Esparcibles,22,264,225,12138750,10.23,5,39
2025-06,Éxito,Bogotá,ESP-CRU,Crunchy Cocoa Hazelnut,Esparcibles,22,236,216,11653200,9.82,0,20
2025-06,Éxito,Bogotá,ESP-PB,Peanutty Banana Shake,Esparcibles,22,397,370,19961500,16.82,0,27
2025-06,Éxito,Bogotá,ESP-PIS,Buttery Pistachio Cookie,Esparcibles,22,136,111,7825500,5.05,4,25
2025-06,Éxito,Bogotá,GRA-CHI,Chip Cookie,GranOLAS,22,192,167,7030700,7.59,12,25
2025-06,Éxito,Bogotá,GRA-FUD,Fudge Cake,GranOLAS,22,130,97,4083700,4.41,4,33
2025-06,Éxito,Bogotá,GRA-VAN,Vanilla Shortbread,GranOLAS,22,321,296,12461600,13.45,1,25
2025-06,Éxito,Bogotá,HAR-ALM,Harina de Almendra,Avena & Harinas,22,110,87,3345150,3.95,2,23
2025-06,Éxito,Bogotá,HAR-AVE,Harina de Avena,Avena & Harinas,22,317,274,9535200,12.45,5,43
2025-06,Éxito,Bogotá,PAN-ALM-CHO,Almendra Choco Chips,Pancakes & Waffles,22,207,160,7408000,7.27,1,47
2025-06,Éxito,Bogotá,PAN-ALM-CHU,Almendra Churro,Pancakes & Waffles,22,333,269,12454700,12.23,0,64
2025-06,Éxito,Bogotá,PAN-ALM-VAN,Almendra Vainilla,Pancakes & Waffles,22,148,122,5648600,5.55,0,26
2025-06,Éxito,Bogotá,PAN-AVE-BAN,Avena Banano,Pancakes & Waffles,22,269,270,9855000,12.27,3,0
2025-06,Éxito,Bogotá,PAN-AVE-BRO,Avena Brownie,Pancakes & Waffles,22,278,232,8468000,10.55,3,46
2025-06,Éxito,Bogotá,PAN-AVE-VAN,Avena Vainilla,Pancakes & Waffles,22,693,546,19929000,24.82,0,147
2025-06,Éxito,Bucaramanga,AVE-HOJ,Avena en Hojuelas,Avena & Harinas,3,188,157,5463600,52.33,6,31
2025-06,Éxito,Bucaramanga,COM-3GRA,Three Pack GranOLA,Combos,3,47,41,4403400,13.67,5,6
2025-06,Éxito,Bucaramanga,COM-3SPR,Three Pack Spread,Combos,3,22,21,3001950,7.0,3,1
2025-06,Éxito,Bucaramanga,COM-WAF,Mini Wafflera,Combos,3,23,22,2442000,7.33,0,1
2025-06,Éxito,Bucaramanga,ESP-BABY,Baby Spreads,Esparcibles,3,20,16,346400,5.33,0,4
2025-06,Éxito,Bucaramanga,ESP-CIN,Golden Cinnamon Roll,Esparcibles,3,27,19,1025050,6.33,3,8
2025-06,Éxito,Bucaramanga,ESP-CRE,Creamy Cocoa Hazelnut,Esparcibles,3,10,9,485550,3.0,3,1
2025-06,Éxito,Bucaramanga,ESP-CRU,Crunchy Cocoa Hazelnut,Esparcibles,3,10,9,485550,3.0,2,1
2025-06,Éxito,Bucaramanga,ESP-PB,Peanutty Banana Shake,Esparcibles,3,200,198,10682100,66.0,3,2
2025-06,Éxito,Bucaramanga,ESP-PIS,Buttery Pistachio Cookie,Esparcibles,3,17,13,916500,4.33,5,4
2025-06,Éxito,Bucaramanga,GRA-FUD,Fudge Cake,GranOLAS,3,10,8,336800,2.67,3,2
2025-06,Éxito,Bucaramanga,GRA-VAN,Vanilla Shortbread,GranOLAS,3,200,176,7409600,58.67,10,24
2025-06,Éxito,Bucaramanga,HAR-ALM,Harina de Almendra,Avena & Harinas,3,54,40,1538000,13.33,3,14
2025-06,Éxito,Bucaramanga,HAR-AVE,Harina de Avena,Avena & Harinas,3,7,5,174000,1.67,4,2
2025-06,Éxito,Bucaramanga,PAN-ALM-CHO,Almendra Choco Chips,Pancakes & Waffles,3,24,17,787100,5.67,2,7
2025-06,Éxito,Bucaramanga,PAN-ALM-CHU,Almendra Churro,Pancakes & Waffles,3,14,12,555600,4.0,0,2
2025-06,Éxito,Bucaramanga,PAN-ALM-VAN,Almendra Vainilla,Pancakes & Waffles,3,27,26,1203800,8.67,0,1
2025-06,Éxito,Bucaramanga,PAN-AVE-BAN,Avena Banano,Pancakes & Waffles,3,135,103,3759500,34.33,0,32
2025-06,Éxito,Bucaramanga,PAN-AVE-BRO,Avena Brownie,Pancakes & Waffles,3,178,139,5073500,46.33,5,39
2025-06,Éxito,Bucaramanga,PAN-AVE-VAN,Avena Vainilla,Pancakes & Waffles,3,100,97,3540500,32.33,5,3
2025-06,Éxito,Cali,AVE-HOJ,Avena en Hojuelas,Avena & Harinas,2,134,125,4350000,62.5,3,9
2025-06,Éxito,Cali,COM-3GRA,Three Pack GranOLA,Combos,2,61,57,6121800,28.5,4,4
2025-06,Éxito,Cali,COM-3SPR,Three Pack Spread,Combos,2,20,14,2001300,7.0,5,6
2025-06,Éxito,Cali,ESP-BABY,Baby Spreads,Esparcibles,2,157,128,2771200,64.0,4,29
2025-06,Éxito,Cali,ESP-CIN,Golden Cinnamon Roll,Esparcibles,2,133,118,6366100,59.0,5,15
2025-06,Éxito,Cali,ESP-PB,Peanutty Banana Shake,Esparcibles,2,86,66,3560700,33.0,5,20
2025-06,Éxito,Cali,ESP-PIS,Buttery Pistachio Cookie,Esparcibles,2,195,147,10363500,73.5,0,48
2025-06,Éxito,Cali,GRA-CHI,Chip Cookie,GranOLAS,2,147,130,5473000,65.0,0,17
2025-06,Éxito,Cali,GRA-FUD,Fudge Cake,GranOLAS,2,48,34,1431400,17.0,1,14
2025-06,Éxito,Cali,GRA-VAN,Vanilla Shortbread,GranOLAS,2,28,24,1010400,12.0,0,4
2025-06,Éxito,Cali,HAR-ALM,Harina de Almendra,Avena & Harinas,2,131,118,4537100,59.0,3,13
2025-06,Éxito,Cali,HAR-AVE,Harina de Avena,Avena & Harinas,2,67,60,2088000,30.0,3,7
2025-06,Éxito,Cali,PAN-ALM-CHU,Almendra Churro,Pancakes & Waffles,2,224,194,8982200,97.0,2,30
2025-06,Éxito,Cali,PAN-ALM-VAN,Almendra Vainilla,Pancakes & Waffles,2,84,63,2916900,31.5,4,21
2025-06,Éxito,Cali,PAN-AVE-VAN,Avena Vainilla,Pancakes & Waffles,2,548,405,14782500,202.5,0,143
2025-06,Éxito,Cartagena,AVE-HOJ,Avena en Hojuelas,Avena & Harinas,3,95,76,2644800,25.33,3,19
2025-06,Éxito,Cartagena,COM-WAF,Mini Wafflera,Combos,3,5,4,444000,1.33,4,1
2025-06,Éxito,Cartagena,ESP-BABY,Baby Spreads,Esparcibles,3,35,28,606200,9.33,4,7
2025-06,Éxito,Cartagena,ESP-CIN,Golden Cinnamon Roll,Esparcibles,3,6,5,269750,1.67,7,1
2025-06,Éxito,Cartagena,ESP-CRE,Creamy Cocoa Hazelnut,Esparcibles,3,29,27,1456650,9.0,6,2
2025-06,Éxito,Cartagena,ESP-PB,Peanutty Banana Shake,Esparcibles,3,18,15,809250,5.0,0,3
2025-06,Éxito,Cartagena,ESP-PIS,Buttery Pistachio Cookie,Esparcibles,3,28,21,1480500,7.0,5,7
2025-06,Éxito,Cartagena,GRA-FUD,Fudge Cake,GranOLAS,3,51,42,1768200,14.0,1,9
2025-06,Éxito,Cartagena,HAR-ALM,Harina de Almendra,Avena & Harinas,3,13,12,461400,4.0,2,1
2025-06,Éxito,Cartagena,HAR-AVE,Harina de Avena,Avena & Harinas,3,11,10,348000,3.33,6,1
2025-06,Éxito,Cartagena,PAN-ALM-CHO,Almendra Choco Chips,Pancakes & Waffles,3,43,39,1805700,13.0,0,4
2025-06,Éxito,Cartagena,PAN-ALM-CHU,Almendra Churro,Pancakes & Waffles,3,26,22,1018600,7.33,0,4
2025-06,Éxito,Cartagena,PAN-ALM-VAN,Almendra Vainilla,Pancakes & Waffles,3,35,28,1296400,9.33,2,7
2025-06,Éxito,Cartagena,PAN-AVE-BAN,Avena Banano,Pancakes & Waffles,3,38,32,1168000,10.67,0,6
2025-06,Éxito,Cartagena,PAN-AVE-BRO,Avena Brownie,Pancakes & Waffles,3,43,31,1131500,10.33,2,12
2025-06,Éxito,Cartagena,PAN-AVE-VAN,Avena Vainilla,Pancakes & Waffles,3,43,34,1241000,11.33,0,9
2025-06,Éxito,Manizales,COM-3SPR,Three Pack Spread,Combos,3,18,15,2144250,5.0,1,3
2025-06,Éxito,Manizales,ESP-PB,Peanutty Banana Shake,Esparcibles,3,29,25,1348750,8.33,0,4
2025-06,Éxito,Manizales,ESP-PIS,Buttery Pistachio Cookie,Esparcibles,3,6,4,282000,1.33,2,2
2025-06,Éxito,Manizales,HAR-ALM,Harina de Almendra,Avena & Harinas,3,14,11,422950,3.67,0,3
2025-06,Éxito,Manizales,HAR-AVE,Harina de Avena,Avena & Harinas,3,8,7,243600,2.33,1,1
2025-06,Éxito,Manizales,PAN-ALM-VAN,Almendra Vainilla,Pancakes & Waffles,3,95,75,3472500,25.0,0,20
2025-06,Éxito,Medellín,AVE-HOJ,Avena en Hojuelas,Avena & Harinas,6,107,100,3480000,16.67,2,7
2025-06,Éxito,Medellín,COM-3GRA,Three Pack GranOLA,Combos,6,14,11,1181400,1.83,7,3
2025-06,Éxito,Medellín,COM-3SPR,Three Pack Spread,Combos,6,66,58,8291100,9.67,0,8
2025-06,Éxito,Medellín,COM-WAF,Mini Wafflera,Combos,6,112,95,10545000,15.83,7,17
2025-06,Éxito,Medellín,ESP-BABY,Baby Spreads,Esparcibles,6,39,33,714450,5.5,2,6
2025-06,Éxito,Medellín,ESP-CIN,Golden Cinnamon Roll,Esparcibles,6,58,49,2643550,8.17,7,9
2025-06,Éxito,Medellín,ESP-CRE,Creamy Cocoa Hazelnut,Esparcibles,6,225,197,10628150,32.83,0,28
2025-06,Éxito,Medellín,ESP-CRU,Crunchy Cocoa Hazelnut,Esparcibles,6,90,70,3776500,11.67,2,20
2025-06,Éxito,Medellín,ESP-PB,Peanutty Banana Shake,Esparcibles,6,88,68,3668600,11.33,0,20
2025-06,Éxito,Medellín,ESP-PIS,Buttery Pistachio Cookie,Esparcibles,6,120,120,8460000,20.0,4,0
2025-06,Éxito,Medellín,GRA-FUD,Fudge Cake,GranOLAS,6,174,142,5978200,23.67,1,32
2025-06,Éxito,Medellín,GRA-VAN,Vanilla Shortbread,GranOLAS,6,72,68,2862800,11.33,4,4
2025-06,Éxito,Medellín,HAR-ALM,Harina de Almendra,Avena & Harinas,6,78,62,2383900,10.33,6,16
2025-06,Éxito,Medellín,HAR-AVE,Harina de Avena,Avena & Harinas,6,251,214,7447200,35.67,5,37
2025-06,Éxito,Medellín,PAN-ALM-CHO,Almendra Choco Chips,Pancakes & Waffles,6,40,39,1805700,6.5,0,1
2025-06,Éxito,Medellín,PAN-ALM-CHU,Almendra Churro,Pancakes & Waffles,6,116,95,4398500,15.83,1,21
2025-06,Éxito,Medellín,PAN-ALM-VAN,Almendra Vainilla,Pancakes & Waffles,6,133,113,5231900,18.83,0,20
2025-06,Éxito,Medellín,PAN-AVE-BAN,Avena Banano,Pancakes & Waffles,6,130,111,4051500,18.5,1,19
2025-06,Éxito,Medellín,PAN-AVE-BRO,Avena Brownie,Pancakes & Waffles,6,24,22,803000,3.67,3,2
2025-06,Éxito,Medellín,PAN-AVE-VAN,Avena Vainilla,Pancakes & Waffles,6,72,64,2336000,10.67,0,8
2025-06,Éxito,Pereira,AVE-HOJ,Avena en Hojuelas,Avena & Harinas,2,52,39,1357200,19.5,0,13
2025-06,Éxito,Pereira,COM-3GRA,Three Pack GranOLA,Combos,2,1,0,0,0.0,6,1
2025-06,Éxito,Pereira,ESP-BABY,Baby Spreads,Esparcibles,2,39,35,757750,17.5,0,4
2025-06,Éxito,Pereira,ESP-CIN,Golden Cinnamon Roll,Esparcibles,2,20,14,755300,7.0,1,6
2025-06,Éxito,Pereira,ESP-CRU,Crunchy Cocoa Hazelnut,Esparcibles,2,16,14,755300,7.0,5,2
2025-06,Éxito,Pereira,ESP-PB,Peanutty Banana Shake,Esparcibles,2,85,65,3506750,32.5,2,20
2025-06,Éxito,Pereira,GRA-CHI,Chip Cookie,GranOLAS,2,30,24,1010400,12.0,2,6
2025-06,Éxito,Pereira,HAR-AVE,Harina de Avena,Avena & Harinas,2,8,5,174000,2.5,3,3
2025-06,Éxito,Pereira,PAN-ALM-CHU,Almendra Churro,Pancakes & Waffles,2,30,26,1203800,13.0,0,4
2025-06,Éxito,Pereira,PAN-ALM-VAN,Almendra Vainilla,Pancakes & Waffles,2,51,39,1805700,19.5,0,12
2025-06,Éxito,Pereira,PAN-AVE-BAN,Avena Banano,Pancakes & Waffles,2,28,27,985500,13.5,0,1
2025-06,Éxito,Pereira,PAN-AVE-BRO,Avena Brownie,Pancakes & Waffles,2,18,14,511000,7.0,0,4
2025-07,Carulla,Barranquilla,AVE-HOJ,Avena en Hojuelas,Avena & Harinas,5,5,5,177250,1.0,1,0
2025-07,Carulla,Barranquilla,COM-3GRA,Three Pack GranOLA,Combos,5,7,5,546750,1.0,3,2
2025-07,Carulla,Barranquilla,COM-WAF,Mini Wafflera,Combos,5,16,12,1356000,2.4,2,4
2025-07,Carulla,Barranquilla,ESP-BABY,Baby Spreads,Esparcibles,5,17,14,308700,2.8,1,3
2025-07,Carulla,Barranquilla,ESP-CRE,Creamy Cocoa Hazelnut,Esparcibles,5,11,8,439200,1.6,1,3
2025-07,Carulla,Barranquilla,ESP-CRU,Crunchy Cocoa Hazelnut,Esparcibles,5,57,41,2250900,8.2,0,16
2025-07,Carulla,Barranquilla,ESP-PB,Peanutty Banana Shake,Esparcibles,5,22,16,878400,3.2,3,6
2025-07,Carulla,Barranquilla,GRA-CHI,Chip Cookie,GranOLAS,5,40,36,1544400,7.2,1,4
2025-07,Carulla,Barranquilla,GRA-VAN,Vanilla Shortbread,GranOLAS,5,4,3,128700,0.6,1,1
2025-07,Carulla,Barranquilla,HAR-AVE,Harina de Avena,Avena & Harinas,5,61,48,1701600,9.6,2,13
2025-07,Carulla,Barranquilla,PAN-ALM-CHO,Almendra Choco Chips,Pancakes & Waffles,5,35,27,1271700,5.4,6,8
2025-07,Carulla,Barranquilla,PAN-ALM-CHU,Almendra Churro,Pancakes & Waffles,5,26,20,942000,4.0,3,6
2025-07,Carulla,Barranquilla,PAN-ALM-VAN,Almendra Vainilla,Pancakes & Waffles,5,33,27,1271700,5.4,1,6
2025-07,Carulla,Barranquilla,PAN-AVE-BAN,Avena Banano,Pancakes & Waffles,5,11,9,334350,1.8,0,2
2025-07,Carulla,Barranquilla,PAN-AVE-BRO,Avena Brownie,Pancakes & Waffles,5,38,32,1188800,6.4,0,6
2025-07,Carulla,Barranquilla,PAN-AVE-VAN,Avena Vainilla,Pancakes & Waffles,5,52,47,1746050,9.4,4,5
2025-07,Carulla,Bogotá,AVE-HOJ,Avena en Hojuelas,Avena & Harinas,11,195,141,4998450,12.82,3,54
2025-07,Carulla,Bogotá,COM-3GRA,Three Pack GranOLA,Combos,11,29,22,2405700,2.0,1,7
2025-07,Carulla,Bogotá,COM-3SPR,Three Pack Spread,Combos,11,13,10,1455000,0.91,0,3
2025-07,Carulla,Bogotá,COM-WAF,Mini Wafflera,Combos,11,86,80,9040000,7.27,1,6
2025-07,Carulla,Bogotá,ESP-BABY,Baby Spreads,Esparcibles,11,129,130,2866500,11.82,0,0
2025-07,Carulla,Bogotá,ESP-CIN,Golden Cinnamon Roll,Esparcibles,11,121,112,6148800,10.18,5,9
2025-07,Carulla,Bogotá,ESP-CRE,Creamy Cocoa Hazelnut,Esparcibles,11,156,155,8509500,14.09,0,1
2025-07,Carulla,Bogotá,ESP-CRU,Crunchy Cocoa Hazelnut,Esparcibles,11,83,84,4611600,7.64,0,0
2025-07,Carulla,Bogotá,ESP-PB,Peanutty Banana Shake,Esparcibles,11,137,114,6258600,10.36,8,23
2025-07,Carulla,Bogotá,ESP-PIS,Buttery Pistachio Cookie,Esparcibles,11,111,86,6170500,7.82,4,25
2025-07,Carulla,Bogotá,GRA-CHI,Chip Cookie,GranOLAS,11,175,140,6006000,12.73,0,35
2025-07,Carulla,Bogotá,GRA-FUD,Fudge Cake,GranOLAS,11,198,181,7764900,16.45,0,17
2025-07,Carulla,Bogotá,GRA-VAN,Vanilla Shortbread,GranOLAS,11,271,220,9438000,20.0,0,51
2025-07,Carulla,Bogotá,HAR-ALM,Harina de Almendra,Avena & Harinas,11,229,230,9004500,20.91,2,0
2025-07,Carulla,Bogotá,HAR-AVE,Harina de Avena,Avena & Harinas,11,182,159,5636550,14.45,5,23
2025-07,Carulla,Bogotá,PAN-ALM-CHO,Almendra Choco Chips,Pancakes & Waffles,11,126,93,4380300,8.45,1,33
2025-07,Carulla,Bogotá,PAN-ALM-CHU,Almendra Churro,Pancakes & Waffles,11,167,120,5652000,10.91,2,47
2025-07,Carulla,Bogotá,PAN-ALM-VAN,Almendra Vainilla,Pancakes & Waffles,11,154,118,5557800,10.73,0,36
2025-07,Carulla,Bogotá,PAN-AVE-BAN,Avena Banano,Pancakes & Waffles,11,265,259,9621850,23.55,6,6
2025-07,Carulla,Bogotá,PAN-AVE-BRO,Avena Brownie,Pancakes & Waffles,11,94,78,2897700,7.09,0,16
2025-07,Carulla,Bogotá,PAN-AVE-VAN,Avena Vainilla,Pancakes & Waffles,11,115,106,3937900,9.64,4,9
2025-07,Carulla,Bucaramanga,AVE-HOJ,Avena en Hojuelas,Avena & Harinas,1,13,13,460850,13.0,1,0
2025-07,Carulla,Bucaramanga,COM-3GRA,Three Pack GranOLA,Combos,1,18,18,1968300,18.0,2,0
2025-07,Carulla,Bucaramanga,COM-WAF,Mini Wafflera,Combos,1,6,4,452000,4.0,1,2
2025-07,Carulla,Bucaramanga,ESP-BABY,Baby Spreads,Esparcibles,1,92,86,1896300,86.0,2,6
2025-07,Carulla,Bucaramanga,ESP-CIN,Golden Cinnamon Roll,Esparcibles,1,1,0,0,0.0,0,1
2025-07,Carulla,Bucaramanga,ESP-CRU,Crunchy Cocoa Hazelnut,Esparcibles,1,14,14,768600,14.0,3,0
2025-07,Carulla,Bucaramanga,ESP-PB,Peanutty Banana Shake,Esparcibles,1,3,2,109800,2.0,3,1
2025-07,Carulla,Bucaramanga,ESP-PIS,Buttery Pistachio Cookie,Esparcibles,1,14,11,789250,11.0,6,3
2025-07,Carulla,Bucaramanga,GRA-CHI,Chip Cookie,GranOLAS,1,16,15,643500,15.0,1,1
2025-07,Carulla,Bucaramanga,GRA-FUD,Fudge Cake,GranOLAS,1,68,57,2445300,57.0,4,11
2025-07,Carulla,Bucaramanga,GRA-VAN,Vanilla Shortbread,GranOLAS,1,13,12,514800,12.0,4,1
2025-07,Carulla,Bucaramanga,HAR-ALM,Harina de Almendra,Avena & Harinas,1,103,99,3875850,99.0,0,4
2025-07,Carulla,Bucaramanga,HAR-AVE,Harina de Avena,Avena & Harinas,1,71,60,2127000,60.0,0,11
2025-07,Carulla,Bucaramanga,PAN-ALM-CHU,Almendra Churro,Pancakes & Waffles,1,4,3,141300,3.0,7,1
2025-07,Carulla,Bucaramanga,PAN-ALM-VAN,Almendra Vainilla,Pancakes & Waffles,1,3,2,94200,2.0,1,1
2025-07,Carulla,Bucaramanga,PAN-AVE-BAN,Avena Banano,Pancakes & Waffles,1,33,24,891600,24.0,0,9
2025-07,Carulla,Bucaramanga,PAN-AVE-BRO,Avena Brownie,Pancakes & Waffles,1,20,19,705850,19.0,9,1
2025-07,Carulla,Cali,AVE-HOJ,Avena en Hojuelas,Avena & Harinas,4,52,42,1488900,10.5,0,10
2025-07,Carulla,Cali,COM-3GRA,Three Pack GranOLA,Combos,4,1,0,0,0.0,0,1
2025-07,Carulla,Cali,COM-3SPR,Three Pack Spread,Combos,4,4,3,436500,0.75,0,1
2025-07,Carulla,Cali,COM-WAF,Mini Wafflera,Combos,4,33,33,3729000,8.25,0,0
2025-07,Carulla,Cali,ESP-BABY,Baby Spreads,Esparcibles,4,146,135,2976750,33.75,2,11
2025-07,Carulla,Cali,ESP-CIN,Golden Cinnamon Roll,Esparcibles,4,15,11,603900,2.75,0,4
2025-07,Carulla,Cali,ESP-CRE,Creamy Cocoa Hazelnut,Esparcibles,4,18,14,768600,3.5,6,4
2025-07,Carulla,Cali,ESP-CRU,Crunchy Cocoa Hazelnut,Esparcibles,4,26,25,1372500,6.25,0,1
2025-07,Carulla,Cali,ESP-PB,Peanutty Banana Shake,Esparcibles,4,97,91,4995900,22.75,0,6
2025-07,Carulla,Cali,ESP-PIS,Buttery Pistachio Cookie,Esparcibles,4,16,14,1004500,3.5,0,2
2025-07,Carulla,Cali,GRA-CHI,Chip Cookie,GranOLAS,4,3,2,85800,0.5,0,1
2025-07,Carulla,Cali,GRA-FUD,Fudge Cake,GranOLAS,4,60,58,2488200,14.5,3,2
2025-07,Carulla,Cali,GRA-VAN,Vanilla Shortbread,GranOLAS,4,103,101,4332900,25.25,6,2
2025-07,Carulla,Cali,HAR-ALM,Harina de Almendra,Avena & Harinas,4,4,3,117450,0.75,5,1
2025-07,Carulla,Cali,HAR-AVE,Harina de Avena,Avena & Harinas,4,35,29,1028050,7.25,1,6
2025-07,Carulla,Cali,PAN-ALM-CHO,Almendra Choco Chips,Pancakes & Waffles,4,30,25,1177500,6.25,0,5
2025-07,Carulla,Cali,PAN-ALM-CHU,Almendra Churro,Pancakes & Waffles,4,8,8,376800,2.0,4,0
2025-07,Carulla,Cali,PAN-AVE-BAN,Avena Banano,Pancakes & Waffles,4,102,80,2972000,20.0,4,22
2025-07,Carulla,Cali,PAN-AVE-VAN,Avena Vainilla,Pancakes & Waffles,4,14,11,408650,2.75,8,3
2025-07,Carulla,Cartagena,COM-3GRA,Three Pack GranOLA,Combos,2,3,2,218700,1.0,0,1
2025-07,Carulla,Cartagena,COM-3SPR,Three Pack Spread,Combos,2,14,10,1455000,5.0,0,4
2025-07,Carulla,Cartagena,ESP-CIN,Golden Cinnamon Roll,Esparcibles,2,9,7,384300,3.5,0,2
2025-07,Carulla,Cartagena,ESP-CRU,Crunchy Cocoa Hazelnut,Esparcibles,2,33,31,1701900,15.5,2,2
2025-07,Carulla,Cartagena,ESP-PB,Peanutty Banana Shake,Esparcibles,2,15,11,603900,5.5,6,4
2025-07,Carulla,Cartagena,ESP-PIS,Buttery Pistachio Cookie,Esparcibles,2,13,11,789250,5.5,5,2
2025-07,Carulla,Cartagena,GRA-CHI,Chip Cookie,GranOLAS,2,18,13,557700,6.5,4,5
2025-07,Carulla,Cartagena,HAR-ALM,Harina de Almendra,Avena & Harinas,2,10,9,352350,4.5,0,1
2025-07,Carulla,Cartagena,HAR-AVE,Harina de Avena,Avena & Harinas,2,14,11,389950,5.5,1,3
2025-07,Carulla,Cartagena,PAN-AVE-BRO,Avena Brownie,Pancakes & Waffles,2,19,14,520100,7.0,2,5
2025-07,Carulla,Cartagena,PAN-AVE-VAN,Avena Vainilla,Pancakes & Waffles,2,31,26,965900,13.0,3,5
2025-07,Carulla,Manizales,AVE-HOJ,Avena en Hojuelas,Avena & Harinas,1,12,11,389950,11.0,4,1
2025-07,Carulla,Manizales,COM-3SPR,Three Pack Spread,Combos,1,1,0,0,0.0,2,1
2025-07,Carulla,Manizales,ESP-BABY,Baby Spreads,Esparcibles,1,6,4,88200,4.0,1,2
2025-07,Carulla,Manizales,ESP-PB,Peanutty Banana Shake,Esparcibles,1,1,0,0,0.0,3,1
2025-07,Carulla,Manizales,ESP-PIS,Buttery Pistachio Cookie,Esparcibles,1,1,0,0,0.0,3,1
2025-07,Carulla,Manizales,GRA-CHI,Chip Cookie,GranOLAS,1,7,5,214500,5.0,0,2
2025-07,Carulla,Manizales,HAR-ALM,Harina de Almendra,Avena & Harinas,1,15,11,430650,11.0,0,4
2025-07,Carulla,Manizales,PAN-AVE-VAN,Avena Vainilla,Pancakes & Waffles,1,13,10,371500,10.0,0,3
2025-07,Carulla,Medellín,AVE-HOJ,Avena en Hojuelas,Avena & Harinas,5,97,78,2765100,15.6,0,19
2025-07,Carulla,Medellín,COM-3GRA,Three Pack GranOLA,Combos,5,7,6,656100,1.2,0,1
2025-07,Carulla,Medellín,COM-3SPR,Three Pack Spread,Combos,5,10,7,1018500,1.4,6,3
2025-07,Carulla,Medellín,COM-WAF,Mini Wafflera,Combos,5,20,16,1808000,3.2,0,4
2025-07,Carulla,Medellín,ESP-BABY,Baby Spreads,Esparcibles,5,29,27,595350,5.4,0,2
2025-07,Carulla,Medellín,ESP-CIN,Golden Cinnamon Roll,Esparcibles,5,60,52,2854800,10.4,1,8
2025-07,Carulla,Medellín,ESP-CRE,Creamy Cocoa Hazelnut,Esparcibles,5,83,70,3843000,14.0,0,13
2025-07,Carulla,Medellín,ESP-CRU,Crunchy Cocoa Hazelnut,Esparcibles,5,13,11,603900,2.2,4,2
2025-07,Carulla,Medellín,ESP-PB,Peanutty Banana Shake,Esparcibles,5,27,26,1427400,5.2,3,1
2025-07,Carulla,Medellín,ESP-PIS,Buttery Pistachio Cookie,Esparcibles,5,28,23,1650250,4.6,1,5
2025-07,Carulla,Medellín,GRA-CHI,Chip Cookie,GranOLAS,5,116,117,5019300,23.4,0,0
2025-07,Carulla,Medellín,GRA-FUD,Fudge Cake,GranOLAS,5,23,20,858000,4.0,6,3
2025-07,Carulla,Medellín,GRA-VAN,Vanilla Shortbread,GranOLAS,5,82,75,3217500,15.0,5,7
2025-07,Carulla,Medellín,HAR-ALM,Harina de Almendra,Avena & Harinas,5,50,37,1448550,7.4,6,13
2025-07,Carulla,Medellín,HAR-AVE,Harina de Avena,Avena & Harinas,5,70,62,2197900,12.4,0,8
2025-07,Carulla,Medellín,PAN-ALM-CHO,Almendra Choco Chips,Pancakes & Waffles,5,32,27,1271700,5.4,2,5
2025-07,Carulla,Medellín,PAN-ALM-CHU,Almendra Churro,Pancakes & Waffles,5,58,49,2307900,9.8,5,9
2025-07,Carulla,Medellín,PAN-ALM-VAN,Almendra Vainilla,Pancakes & Waffles,5,183,158,7441800,31.6,0,25
2025-07,Carulla,Medellín,PAN-AVE-BAN,Avena Banano,Pancakes & Waffles,5,64,50,1857500,10.0,5,14
2025-07,Carulla,Medellín,PAN-AVE-BRO,Avena Brownie,Pancakes & Waffles,5,51,43,1597450,8.6,0,8
2025-07,Carulla,Medellín,PAN-AVE-VAN,Avena Vainilla,Pancakes & Waffles,5,126,104,3863600,20.8,2,22
2025-07,Carulla,Pereira,AVE-HOJ,Avena en Hojuelas,Avena & Harinas,1,19,15,531750,15.0,2,4
2025-07,Carulla,Pereira,COM-3GRA,Three Pack GranOLA,Combos,1,9,7,765450,7.0,0,2
2025-07,Carulla,Pereira,COM-WAF,Mini Wafflera,Combos,1,7,6,678000,6.0,0,1
2025-07,Carulla,Pereira,ESP-BABY,Baby Spreads,Esparcibles,1,45,40,882000,40.0,3,5
2025-07,Carulla,Pereira,ESP-CRE,Creamy Cocoa Hazelnut,Esparcibles,1,41,36,1976400,36.0,2,5
2025-07,Carulla,Pereira,ESP-PB,Peanutty Banana Shake,Esparcibles,1,6,5,274500,5.0,0,1
2025-07,Carulla,Pereira,GRA-CHI,Chip Cookie,GranOLAS,1,18,14,600600,14.0,4,4
2025-07,Carulla,Pereira,GRA-FUD,Fudge Cake,GranOLAS,1,10,9,386100,9.0,3,1
2025-07,Carulla,Pereira,GRA-VAN,Vanilla Shortbread,GranOLAS,1,13,9,386100,9.0,0,4
2025-07,Carulla,Pereira,HAR-ALM,Harina de Almendra,Avena & Harinas,1,36,31,1213650,31.0,4,5
2025-07,Carulla,Pereira,HAR-AVE,Harina de Avena,Avena & Harinas,1,10,9,319050,9.0,4,1
2025-07,Carulla,Pereira,PAN-ALM-CHO,Almendra Choco Chips,Pancakes & Waffles,1,4,3,141300,3.0,3,1
2025-07,Carulla,Pereira,PAN-ALM-CHU,Almendra Churro,Pancakes & Waffles,1,20,20,942000,20.0,1,0
2025-07,Carulla,Pereira,PAN-ALM-VAN,Almendra Vainilla,Pancakes & Waffles,1,17,13,612300,13.0,5,4
2025-07,Carulla,Pereira,PAN-AVE-BAN,Avena Banano,Pancakes & Waffles,1,21,15,557250,15.0,3,6
2025-07,Fithub,Barranquilla,AVE-HOJ,Avena en Hojuelas,Avena & Harinas,2,7,5,192750,2.5,3,2
2025-07,Fithub,Barranquilla,COM-3GRA,Three Pack GranOLA,Combos,2,10,9,1071450,4.5,4,1
2025-07,Fithub,Barranquilla,COM-3SPR,Three Pack Spread,Combos,2,3,2,316800,1.0,1,1
2025-07,Fithub,Barranquilla,COM-WAF,Mini Wafflera,Combos,2,1,0,0,0.0,7,1
2025-07,Fithub,Barranquilla,ESP-BABY,Baby Spreads,Esparcibles,2,40,37,888000,18.5,4,3
2025-07,Fithub,Barranquilla,ESP-CIN,Golden Cinnamon Roll,Esparcibles,2,32,28,1673000,14.0,0,4
2025-07,Fithub,Barranquilla,ESP-CRE,Creamy Cocoa Hazelnut,Esparcibles,2,2,1,59750,0.5,3,1
2025-07,Fithub,Barranquilla,ESP-CRU,Crunchy Cocoa Hazelnut,Esparcibles,2,5,3,179250,1.5,3,2
2025-07,Fithub,Barranquilla,ESP-PB,Peanutty Banana Shake,Esparcibles,2,4,3,179250,1.5,0,1
2025-07,Fithub,Barranquilla,ESP-PIS,Buttery Pistachio Cookie,Esparcibles,2,6,5,390500,2.5,0,1
2025-07,Fithub,Barranquilla,GRA-CHI,Chip Cookie,GranOLAS,2,25,22,1027400,11.0,2,3
2025-07,Fithub,Barranquilla,GRA-FUD,Fudge Cake,GranOLAS,2,16,14,653800,7.0,2,2
2025-07,Fithub,Barranquilla,GRA-VAN,Vanilla Shortbread,GranOLAS,2,33,24,1120800,12.0,0,9
2025-07,Fithub,Barranquilla,HAR-ALM,Harina de Almendra,Avena & Harinas,2,5,5,213000,2.5,0,0
2025-07,Fithub,Barranquilla,HAR-AVE,Harina de Avena,Avena & Harinas,2,6,4,154200,2.0,4,2
2025-07,Fithub,Barranquilla,PAN-ALM-CHO,Almendra Choco Chips,Pancakes & Waffles,2,9,7,359100,3.5,5,2
2025-07,Fithub,Barranquilla,PAN-ALM-CHU,Almendra Churro,Pancakes & Waffles,2,11,9,461700,4.5,5,2
2025-07,Fithub,Barranquilla,PAN-ALM-VAN,Almendra Vainilla,Pancakes & Waffles,2,3,2,102600,1.0,3,1
2025-07,Fithub,Barranquilla,PAN-AVE-BAN,Avena Banano,Pancakes & Waffles,2,13,13,525850,6.5,0,0
2025-07,Fithub,Barranquilla,PAN-AVE-BRO,Avena Brownie,Pancakes & Waffles,2,24,18,728100,9.0,1,6
2025-07,Fithub,Barranquilla,PAN-AVE-VAN,Avena Vainilla,Pancakes & Waffles,2,17,13,525850,6.5,0,4
2025-07,Fithub,Bogotá,AVE-HOJ,Avena en Hojuelas,Avena & Harinas,3,14,12,462600,4.0,1,2
2025-07,Fithub,Bogotá,COM-3GRA,Three Pack GranOLA,Combos,3,30,25,2976250,8.33,0,5
2025-07,Fithub,Bogotá,COM-3SPR,Three Pack Spread,Combos,3,24,21,3326400,7.0,3,3
2025-07,Fithub,Bogotá,COM-WAF,Mini Wafflera,Combos,3,17,15,1845000,5.0,3,2
2025-07,Fithub,Bogotá,ESP-BABY,Baby Spreads,Esparcibles,3,61,59,1416000,19.67,4,2
2025-07,Fithub,Bogotá,ESP-CIN,Golden Cinnamon Roll,Esparcibles,3,24,19,1135250,6.33,3,5
2025-07,Fithub,Bogotá,ESP-CRE,Creamy Cocoa Hazelnut,Esparcibles,3,26,23,1374250,7.67,0,3
2025-07,Fithub,Bogotá,ESP-CRU,Crunchy Cocoa Hazelnut,Esparcibles,3,29,23,1374250,7.67,1,6
2025-07,Fithub,Bogotá,ESP-PB,Peanutty Banana Shake,Esparcibles,3,18,17,1015750,5.67,3,1
2025-07,Fithub,Bogotá,ESP-PIS,Buttery Pistachio Cookie,Esparcibles,3,10,8,624800,2.67,4,2
2025-07,Fithub,Bogotá,GRA-CHI,Chip Cookie,GranOLAS,3,53,45,2101500,15.0,1,8
2025-07,Fithub,Bogotá,GRA-FUD,Fudge Cake,GranOLAS,3,19,16,747200,5.33,1,3
2025-07,Fithub,Bogotá,GRA-VAN,Vanilla Shortbread,GranOLAS,3,49,41,1914700,13.67,0,8
2025-07,Fithub,Bogotá,HAR-ALM,Harina de Almendra,Avena & Harinas,3,20,19,809400,6.33,3,1
2025-07,Fithub,Bogotá,HAR-AVE,Harina de Avena,Avena & Harinas,3,97,76,2929800,25.33,4,21
2025-07,Fithub,Bogotá,PAN-ALM-CHO,Almendra Choco Chips,Pancakes & Waffles,3,19,16,820800,5.33,0,3
2025-07,Fithub,Bogotá,PAN-ALM-CHU,Almendra Churro,Pancakes & Waffles,3,47,38,1949400,12.67,0,9
2025-07,Fithub,Bogotá,PAN-ALM-VAN,Almendra Vainilla,Pancakes & Waffles,3,25,20,1026000,6.67,6,5
2025-07,Fithub,Bogotá,PAN-AVE-BAN,Avena Banano,Pancakes & Waffles,3,31,23,930350,7.67,4,8
2025-07,Fithub,Bogotá,PAN-AVE-BRO,Avena Brownie,Pancakes & Waffles,3,102,101,4085450,33.67,0,1
2025-07,Fithub,Bogotá,PAN-AVE-VAN,Avena Vainilla,Pancakes & Waffles,3,34,33,1334850,11.0,6,1
2025-07,Fithub,Bucaramanga,AVE-HOJ,Avena en Hojuelas,Avena & Harinas,3,1,0,0,0.0,7,1
2025-07,Fithub,Bucaramanga,COM-3GRA,Three Pack GranOLA,Combos,3,2,1,119050,0.33,5,1
2025-07,Fithub,Bucaramanga,COM-3SPR,Three Pack Spread,Combos,3,2,1,158400,0.33,3,1
2025-07,Fithub,Bucaramanga,COM-WAF,Mini Wafflera,Combos,3,5,4,492000,1.33,5,1
2025-07,Fithub,Bucaramanga,ESP-BABY,Baby Spreads,Esparcibles,3,20,15,360000,5.0,3,5
2025-07,Fithub,Bucaramanga,ESP-CRE,Creamy Cocoa Hazelnut,Esparcibles,3,5,3,179250,1.0,5,2
2025-07,Fithub,Bucaramanga,ESP-CRU,Crunchy Cocoa Hazelnut,Esparcibles,3,11,10,597500,3.33,0,1
2025-07,Fithub,Bucaramanga,ESP-PB,Peanutty Banana Shake,Esparcibles,3,3,2,119500,0.67,3,1
2025-07,Fithub,Bucaramanga,ESP-PIS,Buttery Pistachio Cookie,Esparcibles,3,2,1,78100,0.33,0,1
2025-07,Fithub,Bucaramanga,GRA-CHI,Chip Cookie,GranOLAS,3,12,11,513700,3.67,3,1
2025-07,Fithub,Bucaramanga,GRA-FUD,Fudge Cake,GranOLAS,3,21,17,793900,5.67,0,4
2025-07,Fithub,Bucaramanga,GRA-VAN,Vanilla Shortbread,GranOLAS,3,21,19,887300,6.33,6,2
2025-07,Fithub,Bucaramanga,HAR-ALM,Harina de Almendra,Avena & Harinas,3,11,10,426000,3.33,2,1
2025-07,Fithub,Bucaramanga,HAR-AVE,Harina de Avena,Avena & Harinas,3,12,9,346950,3.0,3,3
2025-07,Fithub,Bucaramanga,PAN-ALM-CHO,Almendra Choco Chips,Pancakes & Waffles,3,7,6,307800,2.0,1,1
2025-07,Fithub,Bucaramanga,PAN-ALM-CHU,Almendra Churro,Pancakes & Waffles,3,35,31,1590300,10.33,0,4
2025-07,Fithub,Bucaramanga,PAN-ALM-VAN,Almendra Vainilla,Pancakes & Waffles,3,11,10,513000,3.33,0,1
2025-07,Fithub,Bucaramanga,PAN-AVE-BAN,Avena Banano,Pancakes & Waffles,3,9,7,283150,2.33,1,2
2025-07,Fithub,Bucaramanga,PAN-AVE-BRO,Avena Brownie,Pancakes & Waffles,3,6,5,202250,1.67,3,1
2025-07,Fithub,Cali,AVE-HOJ,Avena en Hojuelas,Avena & Harinas,2,8,8,308400,4.0,1,0
2025-07,Fithub,Cali,COM-3GRA,Three Pack GranOLA,Combos,2,9,6,714300,3.0,4,3
2025-07,Fithub,Cali,COM-3SPR,Three Pack Spread,Combos,2,2,1,158400,0.5,3,1
2025-07,Fithub,Cali,COM-WAF,Mini Wafflera,Combos,2,7,5,615000,2.5,0,2
2025-07,Fithub,Cali,ESP-BABY,Baby Spreads,Esparcibles,2,3,2,48000,1.0,3,1
2025-07,Fithub,Cali,ESP-CIN,Golden Cinnamon Roll,Esparcibles,2,2,1,59750,0.5,1,1
2025-07,Fithub,Cali,ESP-CRE,Creamy Cocoa Hazelnut,Esparcibles,2,14,14,836500,7.0,0,0
2025-07,Fithub,Cali,ESP-CRU,Crunchy Cocoa Hazelnut,Esparcibles,2,14,10,597500,5.0,3,4
2025-07,Fithub,Cali,ESP-PB,Peanutty Banana Shake,Esparcibles,2,8,5,298750,2.5,5,3
2025-07,Fithub,Cali,ESP-PIS,Buttery Pistachio Cookie,Esparcibles,2,13,10,781000,5.0,4,3
2025-07,Fithub,Cali,GRA-CHI,Chip Cookie,GranOLAS,2,8,7,326900,3.5,9,1
2025-07,Fithub,Cali,GRA-FUD,Fudge Cake,GranOLAS,2,7,6,280200,3.0,5,1
2025-07,Fithub,Cali,GRA-VAN,Vanilla Shortbread,GranOLAS,2,14,12,560400,6.0,0,2
2025-07,Fithub,Cali,HAR-ALM,Harina de Almendra,Avena & Harinas,2,14,10,426000,5.0,1,4
2025-07,Fithub,Cali,HAR-AVE,Harina de Avena,Avena & Harinas,2,5,3,115650,1.5,3,2
2025-07,Fithub,Cali,PAN-ALM-CHO,Almendra Choco Chips,Pancakes & Waffles,2,16,12,615600,6.0,2,4
2025-07,Fithub,Cali,PAN-ALM-CHU,Almendra Churro,Pancakes & Waffles,2,9,6,307800,3.0,6,3
2025-07,Fithub,Cali,PAN-ALM-VAN,Almendra Vainilla,Pancakes & Waffles,2,32,26,1333800,13.0,1,6
2025-07,Fithub,Cali,PAN-AVE-BAN,Avena Banano,Pancakes & Waffles,2,6,5,202250,2.5,5,1
2025-07,Fithub,Cali,PAN-AVE-BRO,Avena Brownie,Pancakes & Waffles,2,7,5,202250,2.5,1,2
2025-07,Fithub,Cali,PAN-AVE-VAN,Avena Vainilla,Pancakes & Waffles,2,15,11,444950,5.5,4,4
2025-07,Fithub,Cartagena,AVE-HOJ,Avena en Hojuelas,Avena & Harinas,1,4,3,115650,3.0,2,1
2025-07,Fithub,Cartagena,COM-3SPR,Three Pack Spread,Combos,1,2,1,158400,1.0,0,1
2025-07,Fithub,Cartagena,COM-WAF,Mini Wafflera,Combos,1,1,0,0,0.0,5,1
2025-07,Fithub,Cartagena,ESP-BABY,Baby Spreads,Esparcibles,1,17,13,312000,13.0,0,4
2025-07,Fithub,Cartagena,ESP-CRE,Creamy Cocoa Hazelnut,Esparcibles,1,1,1,59750,1.0,3,0
2025-07,Fithub,Cartagena,ESP-CRU,Crunchy Cocoa Hazelnut,Esparcibles,1,1,0,0,0.0,0,1
2025-07,Fithub,Cartagena,ESP-PB,Peanutty Banana Shake,Esparcibles,1,1,0,0,0.0,3,1
2025-07,Fithub,Cartagena,GRA-CHI,Chip Cookie,GranOLAS,1,5,5,233500,5.0,2,0
2025-07,Fithub,Cartagena,GRA-FUD,Fudge Cake,GranOLAS,1,6,4,186800,4.0,6,2
2025-07,Fithub,Cartagena,GRA-VAN,Vanilla Shortbread,GranOLAS,1,1,0,0,0.0,0,1
2025-07,Fithub,Cartagena,HAR-ALM,Harina de Almendra,Avena & Harinas,1,2,1,42600,1.0,3,1
2025-07,Fithub,Cartagena,PAN-ALM-CHO,Almendra Choco Chips,Pancakes & Waffles,1,2,1,51300,1.0,9,1
2025-07,Fithub,Cartagena,PAN-AVE-BAN,Avena Banano,Pancakes & Waffles,1,9,8,323600,8.0,0,1
2025-07,Fithub,Cartagena,PAN-AVE-VAN,Avena Vainilla,Pancakes & Waffles,1,1,1,40450,1.0,4,0
2025-07,Fithub,Manizales,AVE-HOJ,Avena en Hojuelas,Avena & Harinas,1,7,5,192750,5.0,2,2
2025-07,Fithub,Manizales,COM-3GRA,Three Pack GranOLA,Combos,1,3,2,238100,2.0,0,1
2025-07,Fithub,Manizales,COM-3SPR,Three Pack Spread,Combos,1,2,1,158400,1.0,2,1
2025-07,Fithub,Manizales,COM-WAF,Mini Wafflera,Combos,1,1,0,0,0.0,4,1
2025-07,Fithub,Manizales,ESP-BABY,Baby Spreads,Esparcibles,1,13,13,312000,13.0,0,0
2025-07,Fithub,Manizales,ESP-CRE,Creamy Cocoa Hazelnut,Esparcibles,1,1,1,59750,1.0,0,0
2025-07,Fithub,Manizales,ESP-CRU,Crunchy Cocoa Hazelnut,Esparcibles,1,6,5,298750,5.0,1,1
2025-07,Fithub,Manizales,ESP-PB,Peanutty Banana Shake,Esparcibles,1,2,1,59750,1.0,2,1
2025-07,Fithub,Manizales,ESP-PIS,Buttery Pistachio Cookie,Esparcibles,1,4,3,234300,3.0,0,1
2025-07,Fithub,Manizales,GRA-FUD,Fudge Cake,GranOLAS,1,1,0,0,0.0,0,1
2025-07,Fithub,Manizales,GRA-VAN,Vanilla Shortbread,GranOLAS,1,9,7,326900,7.0,0,2
2025-07,Fithub,Manizales,HAR-ALM,Harina de Almendra,Avena & Harinas,1,7,6,255600,6.0,0,1
2025-07,Fithub,Manizales,PAN-ALM-CHU,Almendra Churro,Pancakes & Waffles,1,9,8,410400,8.0,4,1
2025-07,Fithub,Manizales,PAN-AVE-BRO,Avena Brownie,Pancakes & Waffles,1,7,6,242700,6.0,1,1
2025-07,Fithub,Manizales,PAN-AVE-VAN,Avena Vainilla,Pancakes & Waffles,1,5,5,202250,5.0,4,0
2025-07,Fithub,Medellín,AVE-HOJ,Avena en Hojuelas,Avena & Harinas,4,7,5,192750,1.25,0,2
2025-07,Fithub,Medellín,COM-3GRA,Three Pack GranOLA,Combos,4,10,9,1071450,2.25,0,1
2025-07,Fithub,Medellín,COM-3SPR,Three Pack Spread,Combos,4,9,8,1267200,2.0,4,1
2025-07,Fithub,Medellín,COM-WAF,Mini Wafflera,Combos,4,11,9,1107000,2.25,2,2
2025-07,Fithub,Medellín,ESP-BABY,Baby Spreads,Esparcibles,4,41,36,864000,9.0,0,5
2025-07,Fithub,Medellín,ESP-CIN,Golden Cinnamon Roll,Esparcibles,4,17,16,956000,4.0,2,1
2025-07,Fithub,Medellín,ESP-CRE,Creamy Cocoa Hazelnut,Esparcibles,4,20,14,836500,3.5,1,6
2025-07,Fithub,Medellín,ESP-CRU,Crunchy Cocoa Hazelnut,Esparcibles,4,26,18,1075500,4.5,2,8
2025-07,Fithub,Medellín,ESP-PB,Peanutty Banana Shake,Esparcibles,4,8,5,298750,1.25,2,3
2025-07,Fithub,Medellín,ESP-PIS,Buttery Pistachio Cookie,Esparcibles,4,13,10,781000,2.5,0,3
2025-07,Fithub,Medellín,GRA-CHI,Chip Cookie,GranOLAS,4,29,22,1027400,5.5,0,7
2025-07,Fithub,Medellín,GRA-FUD,Fudge Cake,GranOLAS,4,33,24,1120800,6.0,0,9
2025-07,Fithub,Medellín,GRA-VAN,Vanilla Shortbread,GranOLAS,4,8,5,233500,1.25,1,3
2025-07,Fithub,Medellín,HAR-ALM,Harina de Almendra,Avena & Harinas,4,17,14,596400,3.5,4,3
2025-07,Fithub,Medellín,HAR-AVE,Harina de Avena,Avena & Harinas,4,9,7,269850,1.75,5,2
2025-07,Fithub,Medellín,PAN-ALM-CHO,Almendra Choco Chips,Pancakes & Waffles,4,8,8,410400,2.0,4,0
2025-07,Fithub,Medellín,PAN-ALM-CHU,Almendra Churro,Pancakes & Waffles,4,30,23,1179900,5.75,3,7
2025-07,Fithub,Medellín,PAN-ALM-VAN,Almendra Vainilla,Pancakes & Waffles,4,20,16,820800,4.0,2,4
2025-07,Fithub,Medellín,PAN-AVE-BAN,Avena Banano,Pancakes & Waffles,4,29,24,970800,6.0,7,5
2025-07,Fithub,Medellín,PAN-AVE-BRO,Avena Brownie,Pancakes & Waffles,4,42,35,1415750,8.75,3,7
2025-07,Fithub,Medellín,PAN-AVE-VAN,Avena Vainilla,Pancakes & Waffles,4,44,31,1253950,7.75,2,13
2025-07,Fithub,Pereira,AVE-HOJ,Avena en Hojuelas,Avena & Harinas,1,13,11,424050,11.0,3,2
2025-07,Fithub,Pereira,COM-3GRA,Three Pack GranOLA,Combos,1,2,1,119050,1.0,6,1
2025-07,Fithub,Pereira,COM-WAF,Mini Wafflera,Combos,1,3,2,246000,2.0,8,1
2025-07,Fithub,Pereira,ESP-CIN,Golden Cinnamon Roll,Esparcibles,1,2,1,59750,1.0,5,1
2025-07,Fithub,Pereira,ESP-CRE,Creamy Cocoa Hazelnut,Esparcibles,1,3,2,119500,2.0,5,1
2025-07,Fithub,Pereira,ESP-CRU,Crunchy Cocoa Hazelnut,Esparcibles,1,1,0,0,0.0,4,1
2025-07,Fithub,Pereira,ESP-PIS,Buttery Pistachio Cookie,Esparcibles,1,1,0,0,0.0,0,1
2025-07,Fithub,Pereira,GRA-CHI,Chip Cookie,GranOLAS,1,21,17,793900,17.0,3,4
2025-07,Fithub,Pereira,GRA-FUD,Fudge Cake,GranOLAS,1,2,1,46700,1.0,8,1
2025-07,Fithub,Pereira,GRA-VAN,Vanilla Shortbread,GranOLAS,1,10,8,373600,8.0,1,2
2025-07,Fithub,Pereira,HAR-ALM,Harina de Almendra,Avena & Harinas,1,7,5,213000,5.0,0,2
2025-07,Fithub,Pereira,HAR-AVE,Harina de Avena,Avena & Harinas,1,4,3,115650,3.0,1,1
2025-07,Fithub,Pereira,PAN-ALM-CHU,Almendra Churro,Pancakes & Waffles,1,7,5,256500,5.0,4,2
2025-07,Fithub,Pereira,PAN-ALM-VAN,Almendra Vainilla,Pancakes & Waffles,1,1,0,0,0.0,3,1
2025-07,Fithub,Pereira,PAN-AVE-BAN,Avena Banano,Pancakes & Waffles,1,2,1,40450,1.0,5,1
2025-07,Fithub,Pereira,PAN-AVE-VAN,Avena Vainilla,Pancakes & Waffles,1,2,1,40450,1.0,1,1
2025-07,Tiendas naturistas,Barranquilla,AVE-HOJ,Avena en Hojuelas,Avena & Harinas,2,8,7,259000,3.5,6,1
2025-07,Tiendas naturistas,Barranquilla,COM-3GRA,Three Pack GranOLA,Combos,2,3,2,228400,1.0,7,1
2025-07,Tiendas naturistas,Barranquilla,COM-3SPR,Three Pack Spread,Combos,2,5,5,759750,2.5,2,0
2025-07,Tiendas naturistas,Barranquilla,COM-WAF,Mini Wafflera,Combos,2,3,2,236000,1.0,2,1
2025-07,Tiendas naturistas,Barranquilla,ESP-BABY,Baby Spreads,Esparcibles,2,138,127,2921000,63.5,3,11
2025-07,Tiendas naturistas,Barranquilla,ESP-CIN,Golden Cinnamon Roll,Esparcibles,2,25,23,1319050,11.5,2,2
2025-07,Tiendas naturistas,Barranquilla,ESP-CRE,Creamy Cocoa Hazelnut,Esparcibles,2,1,0,0,0.0,0,1
2025-07,Tiendas naturistas,Barranquilla,ESP-CRU,Crunchy Cocoa Hazelnut,Esparcibles,2,8,5,286750,2.5,4,3
2025-07,Tiendas naturistas,Barranquilla,ESP-PIS,Buttery Pistachio Cookie,Esparcibles,2,6,5,374750,2.5,4,1
2025-07,Tiendas naturistas,Barranquilla,GRA-CHI,Chip Cookie,GranOLAS,2,4,2,89600,1.0,6,2
2025-07,Tiendas naturistas,Barranquilla,GRA-VAN,Vanilla Shortbread,GranOLAS,2,25,18,806400,9.0,4,7
2025-07,Tiendas naturistas,Barranquilla,HAR-ALM,Harina de Almendra,Avena & Harinas,2,11,7,286300,3.5,1,4
2025-07,Tiendas naturistas,Barranquilla,HAR-AVE,Harina de Avena,Avena & Harinas,2,14,12,444000,6.0,2,2
2025-07,Tiendas naturistas,Barranquilla,PAN-ALM-CHO,Almendra Choco Chips,Pancakes & Waffles,2,10,8,393600,4.0,2,2
2025-07,Tiendas naturistas,Barranquilla,PAN-ALM-CHU,Almendra Churro,Pancakes & Waffles,2,60,56,2755200,28.0,2,4
2025-07,Tiendas naturistas,Barranquilla,PAN-ALM-VAN,Almendra Vainilla,Pancakes & Waffles,2,8,7,344400,3.5,4,1
2025-07,Tiendas naturistas,Barranquilla,PAN-AVE-BRO,Avena Brownie,Pancakes & Waffles,2,1,0,0,0.0,2,1
2025-07,Tiendas naturistas,Barranquilla,PAN-AVE-VAN,Avena Vainilla,Pancakes & Waffles,2,18,16,620800,8.0,2,2
2025-07,Tiendas naturistas,Bogotá,AVE-HOJ,Avena en Hojuelas,Avena & Harinas,31,109,88,3256000,2.84,2,21
2025-07,Tiendas naturistas,Bogotá,COM-3GRA,Three Pack GranOLA,Combos,31,31,27,3083400,0.87,0,4
2025-07,Tiendas naturistas,Bogotá,COM-3SPR,Three Pack Spread,Combos,31,17,13,1975350,0.42,4,4
2025-07,Tiendas naturistas,Bogotá,COM-WAF,Mini Wafflera,Combos,31,7,5,590000,0.16,5,2
2025-07,Tiendas naturistas,Bogotá,ESP-BABY,Baby Spreads,Esparcibles,31,203,154,3542000,4.97,0,49
2025-07,Tiendas naturistas,Bogotá,ESP-CIN,Golden Cinnamon Roll,Esparcibles,31,60,60,3441000,1.94,2,0
2025-07,Tiendas naturistas,Bogotá,ESP-CRE,Creamy Cocoa Hazelnut,Esparcibles,31,62,60,3441000,1.94,6,2
2025-07,Tiendas naturistas,Bogotá,ESP-CRU,Crunchy Cocoa Hazelnut,Esparcibles,31,89,85,4874750,2.74,1,4
2025-07,Tiendas naturistas,Bogotá,ESP-PB,Peanutty Banana Shake,Esparcibles,31,65,63,3613050,2.03,0,2
2025-07,Tiendas naturistas,Bogotá,ESP-PIS,Buttery Pistachio Cookie,Esparcibles,31,40,30,2248500,0.97,2,10
2025-07,Tiendas naturistas,Bogotá,GRA-CHI,Chip Cookie,GranOLAS,31,105,87,3897600,2.81,6,18
2025-07,Tiendas naturistas,Bogotá,GRA-FUD,Fudge Cake,GranOLAS,31,140,128,5734400,4.13,0,12
2025-07,Tiendas naturistas,Bogotá,GRA-VAN,Vanilla Shortbread,GranOLAS,31,45,33,1478400,1.06,0,12
2025-07,Tiendas naturistas,Bogotá,HAR-ALM,Harina de Almendra,Avena & Harinas,31,118,113,4621700,3.65,2,5
2025-07,Tiendas naturistas,Bogotá,HAR-AVE,Harina de Avena,Avena & Harinas,31,109,111,4107000,3.58,4,0
2025-07,Tiendas naturistas,Bogotá,PAN-ALM-CHO,Almendra Choco Chips,Pancakes & Waffles,31,72,56,2755200,1.81,0,16
2025-07,Tiendas naturistas,Bogotá,PAN-ALM-CHU,Almendra Churro,Pancakes & Waffles,31,140,132,6494400,4.26,0,8
2025-07,Tiendas naturistas,Bogotá,PAN-ALM-VAN,Almendra Vainilla,Pancakes & Waffles,31,20,16,787200,0.52,7,4
2025-07,Tiendas naturistas,Bogotá,PAN-AVE-BAN,Avena Banano,Pancakes & Waffles,31,159,118,4578400,3.81,3,41
2025-07,Tiendas naturistas,Bogotá,PAN-AVE-BRO,Avena Brownie,Pancakes & Waffles,31,173,136,5276800,4.39,5,37
2025-07,Tiendas naturistas,Bogotá,PAN-AVE-VAN,Avena Vainilla,Pancakes & Waffles,31,183,166,6440800,5.35,0,17
2025-07,Tiendas naturistas,Bucaramanga,AVE-HOJ,Avena en Hojuelas,Avena & Harinas,2,10,9,333000,4.5,0,1
2025-07,Tiendas naturistas,Bucaramanga,COM-3GRA,Three Pack GranOLA,Combos,2,6,4,456800,2.0,0,2
2025-07,Tiendas naturistas,Bucaramanga,COM-3SPR,Three Pack Spread,Combos,2,3,2,303900,1.0,5,1
2025-07,Tiendas naturistas,Bucaramanga,COM-WAF,Mini Wafflera,Combos,2,16,14,1652000,7.0,3,2
2025-07,Tiendas naturistas,Bucaramanga,ESP-BABY,Baby Spreads,Esparcibles,2,104,75,1725000,37.5,0,29
2025-07,Tiendas naturistas,Bucaramanga,ESP-CIN,Golden Cinnamon Roll,Esparcibles,2,3,2,114700,1.0,6,1
2025-07,Tiendas naturistas,Bucaramanga,ESP-CRE,Creamy Cocoa Hazelnut,Esparcibles,2,5,4,229400,2.0,3,1
2025-07,Tiendas naturistas,Bucaramanga,ESP-CRU,Crunchy Cocoa Hazelnut,Esparcibles,2,6,5,286750,2.5,0,1
2025-07,Tiendas naturistas,Bucaramanga,ESP-PB,Peanutty Banana Shake,Esparcibles,2,9,6,344100,3.0,5,3
2025-07,Tiendas naturistas,Bucaramanga,ESP-PIS,Buttery Pistachio Cookie,Esparcibles,2,7,5,374750,2.5,1,2
2025-07,Tiendas naturistas,Bucaramanga,GRA-CHI,Chip Cookie,GranOLAS,2,1,0,0,0.0,0,1
2025-07,Tiendas naturistas,Bucaramanga,GRA-FUD,Fudge Cake,GranOLAS,2,32,31,1388800,15.5,4,1
2025-07,Tiendas naturistas,Bucaramanga,GRA-VAN,Vanilla Shortbread,GranOLAS,2,7,5,224000,2.5,1,2
2025-07,Tiendas naturistas,Bucaramanga,HAR-ALM,Harina de Almendra,Avena & Harinas,2,48,36,1472400,18.0,4,12
2025-07,Tiendas naturistas,Bucaramanga,HAR-AVE,Harina de Avena,Avena & Harinas,2,8,8,296000,4.0,0,0
2025-07,Tiendas naturistas,Bucaramanga,PAN-ALM-CHO,Almendra Choco Chips,Pancakes & Waffles,2,10,9,442800,4.5,0,1
2025-07,Tiendas naturistas,Bucaramanga,PAN-ALM-CHU,Almendra Churro,Pancakes & Waffles,2,5,4,196800,2.0,1,1
2025-07,Tiendas naturistas,Bucaramanga,PAN-ALM-VAN,Almendra Vainilla,Pancakes & Waffles,2,16,15,738000,7.5,0,1
2025-07,Tiendas naturistas,Bucaramanga,PAN-AVE-BAN,Avena Banano,Pancakes & Waffles,2,23,20,776000,10.0,1,3
2025-07,Tiendas naturistas,Bucaramanga,PAN-AVE-BRO,Avena Brownie,Pancakes & Waffles,2,10,8,310400,4.0,0,2
2025-07,Tiendas naturistas,Bucaramanga,PAN-AVE-VAN,Avena Vainilla,Pancakes & Waffles,2,31,31,1202800,15.5,0,0
2025-07,Tiendas naturistas,Cali,AVE-HOJ,Avena en Hojuelas,Avena & Harinas,5,22,21,777000,4.2,2,1
2025-07,Tiendas naturistas,Cali,COM-3GRA,Three Pack GranOLA,Combos,5,5,4,456800,0.8,1,1
2025-07,Tiendas naturistas,Cali,COM-3SPR,Three Pack Spread,Combos,5,9,7,1063650,1.4,6,2
2025-07,Tiendas naturistas,Cali,COM-WAF,Mini Wafflera,Combos,5,9,8,944000,1.6,1,1
2025-07,Tiendas naturistas,Cali,ESP-BABY,Baby Spreads,Esparcibles,5,14,11,253000,2.2,2,3
2025-07,Tiendas naturistas,Cali,ESP-CIN,Golden Cinnamon Roll,Esparcibles,5,9,6,344100,1.2,0,3
2025-07,Tiendas naturistas,Cali,ESP-CRE,Creamy Cocoa Hazelnut,Esparcibles,5,9,9,516150,1.8,0,0
2025-07,Tiendas naturistas,Cali,ESP-CRU,Crunchy Cocoa Hazelnut,Esparcibles,5,15,13,745550,2.6,0,2
2025-07,Tiendas naturistas,Cali,ESP-PB,Peanutty Banana Shake,Esparcibles,5,7,6,344100,1.2,4,1
2025-07,Tiendas naturistas,Cali,ESP-PIS,Buttery Pistachio Cookie,Esparcibles,5,13,11,824450,2.2,1,2
2025-07,Tiendas naturistas,Cali,GRA-CHI,Chip Cookie,GranOLAS,5,21,16,716800,3.2,6,5
2025-07,Tiendas naturistas,Cali,GRA-FUD,Fudge Cake,GranOLAS,5,44,43,1926400,8.6,2,1
2025-07,Tiendas naturistas,Cali,GRA-VAN,Vanilla Shortbread,GranOLAS,5,13,11,492800,2.2,0,2
2025-07,Tiendas naturistas,Cali,HAR-ALM,Harina de Almendra,Avena & Harinas,5,7,6,245400,1.2,0,1
2025-07,Tiendas naturistas,Cali,HAR-AVE,Harina de Avena,Avena & Harinas,5,7,6,222000,1.2,1,1
2025-07,Tiendas naturistas,Cali,PAN-ALM-CHO,Almendra Choco Chips,Pancakes & Waffles,5,16,11,541200,2.2,3,5
2025-07,Tiendas naturistas,Cali,PAN-ALM-CHU,Almendra Churro,Pancakes & Waffles,5,17,16,787200,3.2,2,1
2025-07,Tiendas naturistas,Cali,PAN-ALM-VAN,Almendra Vainilla,Pancakes & Waffles,5,53,47,2312400,9.4,1,6
2025-07,Tiendas naturistas,Cali,PAN-AVE-BAN,Avena Banano,Pancakes & Waffles,5,20,18,698400,3.6,0,2
2025-07,Tiendas naturistas,Cali,PAN-AVE-BRO,Avena Brownie,Pancakes & Waffles,5,36,28,1086400,5.6,7,8
2025-07,Tiendas naturistas,Cali,PAN-AVE-VAN,Avena Vainilla,Pancakes & Waffles,5,64,53,2056400,10.6,1,11
2025-07,Tiendas naturistas,Cartagena,AVE-HOJ,Avena en Hojuelas,Avena & Harinas,4,7,6,222000,1.5,0,1
2025-07,Tiendas naturistas,Cartagena,COM-3GRA,Three Pack GranOLA,Combos,4,2,1,114200,0.25,2,1
2025-07,Tiendas naturistas,Cartagena,ESP-BABY,Baby Spreads,Esparcibles,4,35,32,736000,8.0,2,3
2025-07,Tiendas naturistas,Cartagena,ESP-CIN,Golden Cinnamon Roll,Esparcibles,4,10,8,458800,2.0,4,2
2025-07,Tiendas naturistas,Cartagena,ESP-CRU,Crunchy Cocoa Hazelnut,Esparcibles,4,10,8,458800,2.0,0,2
2025-07,Tiendas naturistas,Cartagena,GRA-FUD,Fudge Cake,GranOLAS,4,20,16,716800,4.0,3,4
2025-07,Tiendas naturistas,Cartagena,HAR-ALM,Harina de Almendra,Avena & Harinas,4,58,47,1922300,11.75,0,11
2025-07,Tiendas naturistas,Cartagena,PAN-ALM-CHO,Almendra Choco Chips,Pancakes & Waffles,4,9,8,393600,2.0,2,1
2025-07,Tiendas naturistas,Cartagena,PAN-ALM-VAN,Almendra Vainilla,Pancakes & Waffles,4,8,6,295200,1.5,0,2
2025-07,Tiendas naturistas,Cartagena,PAN-AVE-BAN,Avena Banano,Pancakes & Waffles,4,2,1,38800,0.25,10,1
2025-07,Tiendas naturistas,Cartagena,PAN-AVE-BRO,Avena Brownie,Pancakes & Waffles,4,4,3,116400,0.75,1,1
2025-07,Tiendas naturistas,Cartagena,PAN-AVE-VAN,Avena Vainilla,Pancakes & Waffles,4,32,32,1241600,8.0,0,0
2025-07,Tiendas naturistas,Manizales,ESP-CIN,Golden Cinnamon Roll,Esparcibles,1,4,3,172050,3.0,4,1
2025-07,Tiendas naturistas,Manizales,ESP-CRE,Creamy Cocoa Hazelnut,Esparcibles,1,5,4,229400,4.0,1,1
2025-07,Tiendas naturistas,Manizales,ESP-PIS,Buttery Pistachio Cookie,Esparcibles,1,8,7,524650,7.0,0,1
2025-07,Tiendas naturistas,Manizales,GRA-FUD,Fudge Cake,GranOLAS,1,12,10,448000,10.0,3,2
2025-07,Tiendas naturistas,Manizales,HAR-AVE,Harina de Avena,Avena & Harinas,1,7,6,222000,6.0,0,1
2025-07,Tiendas naturistas,Medellín,AVE-HOJ,Avena en Hojuelas,Avena & Harinas,13,29,29,1073000,2.23,0,0
2025-07,Tiendas naturistas,Medellín,COM-3SPR,Three Pack Spread,Combos,13,1,0,0,0.0,6,1
2025-07,Tiendas naturistas,Medellín,COM-WAF,Mini Wafflera,Combos,13,7,6,708000,0.46,0,1
2025-07,Tiendas naturistas,Medellín,ESP-BABY,Baby Spreads,Esparcibles,13,34,26,598000,2.0,4,8
2025-07,Tiendas naturistas,Medellín,ESP-CIN,Golden Cinnamon Roll,Esparcibles,13,5,3,172050,0.23,4,2
2025-07,Tiendas naturistas,Medellín,ESP-CRE,Creamy Cocoa Hazelnut,Esparcibles,13,16,14,802900,1.08,0,2
2025-07,Tiendas naturistas,Medellín,ESP-CRU,Crunchy Cocoa Hazelnut,Esparcibles,13,31,30,1720500,2.31,2,1
2025-07,Tiendas naturistas,Medellín,ESP-PB,Peanutty Banana Shake,Esparcibles,13,29,27,1548450,2.08,2,2
2025-07,Tiendas naturistas,Medellín,ESP-PIS,Buttery Pistachio Cookie,Esparcibles,13,25,19,1424050,1.46,0,6
2025-07,Tiendas naturistas,Medellín,GRA-CHI,Chip Cookie,GranOLAS,13,48,41,1836800,3.15,1,7
2025-07,Tiendas naturistas,Medellín,GRA-FUD,Fudge Cake,GranOLAS,13,4,3,134400,0.23,0,1
2025-07,Tiendas naturistas,Medellín,GRA-VAN,Vanilla Shortbread,GranOLAS,13,26,19,851200,1.46,0,7
2025-07,Tiendas naturistas,Medellín,HAR-ALM,Harina de Almendra,Avena & Harinas,13,16,13,531700,1.0,4,3
2025-07,Tiendas naturistas,Medellín,HAR-AVE,Harina de Avena,Avena & Harinas,13,31,28,1036000,2.15,9,3
2025-07,Tiendas naturistas,Medellín,PAN-ALM-CHO,Almendra Choco Chips,Pancakes & Waffles,13,57,56,2755200,4.31,1,1
2025-07,Tiendas naturistas,Medellín,PAN-ALM-CHU,Almendra Churro,Pancakes & Waffles,13,10,7,344400,0.54,0,3
2025-07,Tiendas naturistas,Medellín,PAN-ALM-VAN,Almendra Vainilla,Pancakes & Waffles,13,44,39,1918800,3.0,1,5
2025-07,Tiendas naturistas,Medellín,PAN-AVE-BAN,Avena Banano,Pancakes & Waffles,13,8,6,232800,0.46,3,2
2025-07,Tiendas naturistas,Medellín,PAN-AVE-BRO,Avena Brownie,Pancakes & Waffles,13,51,48,1862400,3.69,0,3
2025-07,Tiendas naturistas,Medellín,PAN-AVE-VAN,Avena Vainilla,Pancakes & Waffles,13,37,32,1241600,2.46,5,5
2025-07,Tiendas naturistas,Pereira,COM-3SPR,Three Pack Spread,Combos,4,9,8,1215600,2.0,0,1
2025-07,Tiendas naturistas,Pereira,COM-WAF,Mini Wafflera,Combos,4,1,0,0,0.0,4,1
2025-07,Tiendas naturistas,Pereira,ESP-BABY,Baby Spreads,Esparcibles,4,20,18,414000,4.5,4,2
2025-07,Tiendas naturistas,Pereira,ESP-CRU,Crunchy Cocoa Hazelnut,Esparcibles,4,1,0,0,0.0,2,1
2025-07,Tiendas naturistas,Pereira,ESP-PB,Peanutty Banana Shake,Esparcibles,4,15,11,630850,2.75,4,4
2025-07,Tiendas naturistas,Pereira,GRA-CHI,Chip Cookie,GranOLAS,4,14,12,537600,3.0,4,2
2025-07,Tiendas naturistas,Pereira,GRA-VAN,Vanilla Shortbread,GranOLAS,4,7,6,268800,1.5,2,1
2025-07,Tiendas naturistas,Pereira,PAN-ALM-CHU,Almendra Churro,Pancakes & Waffles,4,2,2,98400,0.5,1,0
2025-07,Tiendas naturistas,Pereira,PAN-AVE-BAN,Avena Banano,Pancakes & Waffles,4,36,34,1319200,8.5,3,2
2025-07,Éxito,Barranquilla,AVE-HOJ,Avena en Hojuelas,Avena & Harinas,5,10,8,278400,1.6,6,2
2025-07,Éxito,Barranquilla,ESP-BABY,Baby Spreads,Esparcibles,5,47,43,930950,8.6,0,4
2025-07,Éxito,Barranquilla,ESP-CRU,Crunchy Cocoa Hazelnut,Esparcibles,5,4,3,161850,0.6,0,1
2025-07,Éxito,Barranquilla,ESP-PB,Peanutty Banana Shake,Esparcibles,5,18,14,755300,2.8,3,4
2025-07,Éxito,Barranquilla,ESP-PIS,Buttery Pistachio Cookie,Esparcibles,5,37,35,2467500,7.0,3,2
2025-07,Éxito,Barranquilla,GRA-CHI,Chip Cookie,GranOLAS,5,55,52,2189200,10.4,5,3
2025-07,Éxito,Barranquilla,GRA-FUD,Fudge Cake,GranOLAS,5,15,11,463100,2.2,1,4
2025-07,Éxito,Barranquilla,HAR-ALM,Harina de Almendra,Avena & Harinas,5,59,59,2268550,11.8,2,0
2025-07,Éxito,Barranquilla,HAR-AVE,Harina de Avena,Avena & Harinas,5,4,3,104400,0.6,1,1
2025-07,Éxito,Barranquilla,PAN-ALM-CHU,Almendra Churro,Pancakes & Waffles,5,20,17,787100,3.4,0,3
2025-07,Éxito,Barranquilla,PAN-ALM-VAN,Almendra Vainilla,Pancakes & Waffles,5,16,14,648200,2.8,3,2
2025-07,Éxito,Barranquilla,PAN-AVE-VAN,Avena Vainilla,Pancakes & Waffles,5,116,99,3613500,19.8,0,17
2025-07,Éxito,Bogotá,AVE-HOJ,Avena en Hojuelas,Avena & Harinas,22,218,191,6646800,8.68,6,27
2025-07,Éxito,Bogotá,COM-3GRA,Three Pack GranOLA,Combos,22,146,126,13532400,5.73,2,20
2025-07,Éxito,Bogotá,COM-3SPR,Three Pack Spread,Combos,22,107,106,15152700,4.82,0,1
2025-07,Éxito,Bogotá,COM-WAF,Mini Wafflera,Combos,22,80,70,7770000,3.18,6,10
2025-07,Éxito,Bogotá,ESP-BABY,Baby Spreads,Esparcibles,22,341,326,7057900,14.82,2,15
2025-07,Éxito,Bogotá,ESP-CIN,Golden Cinnamon Roll,Esparcibles,22,213,216,11653200,9.82,3,0
2025-07,Éxito,Bogotá,ESP-CRE,Creamy Cocoa Hazelnut,Esparcibles,22,214,160,8632000,7.27,9,54
2025-07,Éxito,Bogotá,ESP-CRU,Crunchy Cocoa Hazelnut,Esparcibles,22,143,109,5880550,4.95,1,34
2025-07,Éxito,Bogotá,ESP-PB,Peanutty Banana Shake,Esparcibles,22,219,198,10682100,9.0,1,21
2025-07,Éxito,Bogotá,ESP-PIS,Buttery Pistachio Cookie,Esparcibles,22,155,118,8319000,5.36,1,37
2025-07,Éxito,Bogotá,GRA-CHI,Chip Cookie,GranOLAS,22,286,274,11535400,12.45,1,12
2025-07,Éxito,Bogotá,GRA-FUD,Fudge Cake,GranOLAS,22,451,458,19281800,20.82,0,0
2025-07,Éxito,Bogotá,GRA-VAN,Vanilla Shortbread,GranOLAS,22,292,210,8841000,9.55,7,82
2025-07,Éxito,Bogotá,HAR-ALM,Harina de Almendra,Avena & Harinas,22,216,189,7267050,8.59,7,27
2025-07,Éxito,Bogotá,HAR-AVE,Harina de Avena,Avena & Harinas,22,513,473,16460400,21.5,4,40
2025-07,Éxito,Bogotá,PAN-ALM-CHO,Almendra Choco Chips,Pancakes & Waffles,22,178,160,7408000,7.27,2,18
2025-07,Éxito,Bogotá,PAN-ALM-CHU,Almendra Churro,Pancakes & Waffles,22,177,179,8287700,8.14,0,0
2025-07,Éxito,Bogotá,PAN-ALM-VAN,Almendra Vainilla,Pancakes & Waffles,22,165,151,6991300,6.86,1,14
2025-07,Éxito,Bogotá,PAN-AVE-BAN,Avena Banano,Pancakes & Waffles,22,78,57,2080500,2.59,5,21
2025-07,Éxito,Bogotá,PAN-AVE-BRO,Avena Brownie,Pancakes & Waffles,22,425,327,11935500,14.86,5,98
2025-07,Éxito,Bogotá,PAN-AVE-VAN,Avena Vainilla,Pancakes & Waffles,22,160,132,4818000,6.0,5,28
2025-07,Éxito,Bucaramanga,AVE-HOJ,Avena en Hojuelas,Avena & Harinas,3,5,4,139200,1.33,0,1
2025-07,Éxito,Bucaramanga,COM-3SPR,Three Pack Spread,Combos,3,6,5,714750,1.67,4,1
2025-07,Éxito,Bucaramanga,COM-WAF,Mini Wafflera,Combos,3,8,7,777000,2.33,5,1
2025-07,Éxito,Bucaramanga,ESP-CRU,Crunchy Cocoa Hazelnut,Esparcibles,3,6,5,269750,1.67,0,1
2025-07,Éxito,Bucaramanga,GRA-CHI,Chip Cookie,GranOLAS,3,11,10,421000,3.33,3,1
2025-07,Éxito,Bucaramanga,HAR-AVE,Harina de Avena,Avena & Harinas,3,25,22,765600,7.33,0,3
2025-07,Éxito,Cali,AVE-HOJ,Avena en Hojuelas,Avena & Harinas,2,63,63,2192400,31.5,10,0
2025-07,Éxito,Cali,COM-3GRA,Three Pack GranOLA,Combos,2,41,34,3651600,17.0,4,7
2025-07,Éxito,Cali,COM-3SPR,Three Pack Spread,Combos,2,31,28,4002600,14.0,2,3
2025-07,Éxito,Cali,COM-WAF,Mini Wafflera,Combos,2,11,8,888000,4.0,4,3
2025-07,Éxito,Cali,ESP-BABY,Baby Spreads,Esparcibles,2,26,23,497950,11.5,2,3
2025-07,Éxito,Cali,ESP-CIN,Golden Cinnamon Roll,Esparcibles,2,104,84,4531800,42.0,6,20
2025-07,Éxito,Cali,ESP-CRE,Creamy Cocoa Hazelnut,Esparcibles,2,39,28,1510600,14.0,4,11
2025-07,Éxito,Cali,ESP-CRU,Crunchy Cocoa Hazelnut,Esparcibles,2,35,26,1402700,13.0,0,9
2025-07,Éxito,Cali,ESP-PB,Peanutty Banana Shake,Esparcibles,2,187,172,9279400,86.0,4,15
2025-07,Éxito,Cali,ESP-PIS,Buttery Pistachio Cookie,Esparcibles,2,28,27,1903500,13.5,4,1
2025-07,Éxito,Cali,GRA-CHI,Chip Cookie,GranOLAS,2,15,14,589400,7.0,1,1
2025-07,Éxito,Cali,GRA-FUD,Fudge Cake,GranOLAS,2,4,3,126300,1.5,6,1
2025-07,Éxito,Cali,GRA-VAN,Vanilla Shortbread,GranOLAS,2,64,57,2399700,28.5,6,7
2025-07,Éxito,Cali,HAR-ALM,Harina de Almendra,Avena & Harinas,2,131,120,4614000,60.0,6,11
2025-07,Éxito,Cali,HAR-AVE,Harina de Avena,Avena & Harinas,2,76,61,2122800,30.5,3,15
2025-07,Éxito,Cali,PAN-ALM-CHO,Almendra Choco Chips,Pancakes & Waffles,2,103,89,4120700,44.5,3,14
2025-07,Éxito,Cali,PAN-ALM-CHU,Almendra Churro,Pancakes & Waffles,2,50,47,2176100,23.5,3,3
2025-07,Éxito,Cali,PAN-ALM-VAN,Almendra Vainilla,Pancakes & Waffles,2,29,26,1203800,13.0,0,3
2025-07,Éxito,Cali,PAN-AVE-BAN,Avena Banano,Pancakes & Waffles,2,29,23,839500,11.5,3,6
2025-07,Éxito,Cali,PAN-AVE-BRO,Avena Brownie,Pancakes & Waffles,2,163,161,5876500,80.5,0,2
2025-07,Éxito,Cali,PAN-AVE-VAN,Avena Vainilla,Pancakes & Waffles,2,293,215,7847500,107.5,1,78
2025-07,Éxito,Cartagena,AVE-HOJ,Avena en Hojuelas,Avena & Harinas,3,54,52,1809600,17.33,3,2
2025-07,Éxito,Cartagena,COM-3GRA,Three Pack GranOLA,Combos,3,6,5,537000,1.67,0,1
2025-07,Éxito,Cartagena,COM-3SPR,Three Pack Spread,Combos,3,32,32,4574400,10.67,1,0
2025-07,Éxito,Cartagena,COM-WAF,Mini Wafflera,Combos,3,13,11,1221000,3.67,0,2
2025-07,Éxito,Cartagena,ESP-BABY,Baby Spreads,Esparcibles,3,41,31,671150,10.33,0,10
2025-07,Éxito,Cartagena,ESP-CIN,Golden Cinnamon Roll,Esparcibles,3,31,29,1564550,9.67,1,2
2025-07,Éxito,Cartagena,ESP-CRE,Creamy Cocoa Hazelnut,Esparcibles,3,12,11,593450,3.67,7,1
2025-07,Éxito,Cartagena,ESP-PB,Peanutty Banana Shake,Esparcibles,3,75,75,4046250,25.0,1,0
2025-07,Éxito,Cartagena,ESP-PIS,Buttery Pistachio Cookie,Esparcibles,3,14,10,705000,3.33,4,4
2025-07,Éxito,Cartagena,GRA-CHI,Chip Cookie,GranOLAS,3,82,66,2778600,22.0,4,16
2025-07,Éxito,Cartagena,GRA-FUD,Fudge Cake,GranOLAS,3,232,214,9009400,71.33,0,18
2025-07,Éxito,Cartagena,GRA-VAN,Vanilla Shortbread,GranOLAS,3,8,7,294700,2.33,3,1
2025-07,Éxito,Cartagena,HAR-ALM,Harina de Almendra,Avena & Harinas,3,9,8,307600,2.67,0,1
2025-07,Éxito,Cartagena,HAR-AVE,Harina de Avena,Avena & Harinas,3,109,99,3445200,33.0,6,10
2025-07,Éxito,Cartagena,PAN-ALM-CHU,Almendra Churro,Pancakes & Waffles,3,87,66,3055800,22.0,0,21
2025-07,Éxito,Cartagena,PAN-ALM-VAN,Almendra Vainilla,Pancakes & Waffles,3,117,87,4028100,29.0,3,30
2025-07,Éxito,Cartagena,PAN-AVE-BAN,Avena Banano,Pancakes & Waffles,3,34,27,985500,9.0,3,7
2025-07,Éxito,Cartagena,PAN-AVE-BRO,Avena Brownie,Pancakes & Waffles,3,21,17,620500,5.67,0,4
2025-07,Éxito,Cartagena,PAN-AVE-VAN,Avena Vainilla,Pancakes & Waffles,3,28,24,876000,8.0,4,4
2025-07,Éxito,Manizales,COM-3GRA,Three Pack GranOLA,Combos,3,10,7,751800,2.33,0,3
2025-07,Éxito,Manizales,ESP-PB,Peanutty Banana Shake,Esparcibles,3,20,18,971100,6.0,0,2
2025-07,Éxito,Manizales,GRA-FUD,Fudge Cake,GranOLAS,3,40,38,1599800,12.67,0,2
2025-07,Éxito,Manizales,HAR-ALM,Harina de Almendra,Avena & Harinas,3,54,39,1499550,13.0,0,15
2025-07,Éxito,Manizales,HAR-AVE,Harina de Avena,Avena & Harinas,3,13,11,382800,3.67,0,2
2025-07,Éxito,Manizales,PAN-ALM-CHO,Almendra Choco Chips,Pancakes & Waffles,3,58,51,2361300,17.0,9,7
2025-07,Éxito,Medellín,AVE-HOJ,Avena en Hojuelas,Avena & Harinas,6,292,249,8665200,41.5,1,43
2025-07,Éxito,Medellín,COM-3GRA,Three Pack GranOLA,Combos,6,52,40,4296000,6.67,0,12
2025-07,Éxito,Medellín,COM-3SPR,Three Pack Spread,Combos,6,58,50,7147500,8.33,3,8
2025-07,Éxito,Medellín,COM-WAF,Mini Wafflera,Combos,6,38,31,3441000,5.17,5,7
2025-07,Éxito,Medellín,ESP-BABY,Baby Spreads,Esparcibles,6,322,327,7079550,54.5,4,0
2025-07,Éxito,Medellín,ESP-CIN,Golden Cinnamon Roll,Esparcibles,6,177,153,8254350,25.5,0,24
2025-07,Éxito,Medellín,ESP-CRE,Creamy Cocoa Hazelnut,Esparcibles,6,156,119,6420050,19.83,1,37
2025-07,Éxito,Medellín,ESP-CRU,Crunchy Cocoa Hazelnut,Esparcibles,6,105,83,4477850,13.83,0,22
2025-07,Éxito,Medellín,ESP-PB,Peanutty Banana Shake,Esparcibles,6,55,49,2643550,8.17,2,6
2025-07,Éxito,Medellín,ESP-PIS,Buttery Pistachio Cookie,Esparcibles,6,108,92,6486000,15.33,0,16
2025-07,Éxito,Medellín,GRA-CHI,Chip Cookie,GranOLAS,6,156,130,5473000,21.67,0,26
2025-07,Éxito,Medellín,GRA-FUD,Fudge Cake,GranOLAS,6,202,193,8125300,32.17,11,9
2025-07,Éxito,Medellín,GRA-VAN,Vanilla Shortbread,GranOLAS,6,159,118,4967800,19.67,0,41
2025-07,Éxito,Medellín,HAR-ALM,Harina de Almendra,Avena & Harinas,6,366,319,12265550,53.17,0,47
2025-07,Éxito,Medellín,HAR-AVE,Harina de Avena,Avena & Harinas,6,364,339,11797200,56.5,1,25
2025-07,Éxito,Medellín,PAN-ALM-CHO,Almendra Choco Chips,Pancakes & Waffles,6,354,321,14862300,53.5,1,33
2025-07,Éxito,Medellín,PAN-ALM-CHU,Almendra Churro,Pancakes & Waffles,6,72,66,3055800,11.0,1,6
2025-07,Éxito,Medellín,PAN-ALM-VAN,Almendra Vainilla,Pancakes & Waffles,6,33,30,1389000,5.0,3,3
2025-07,Éxito,Medellín,PAN-AVE-BAN,Avena Banano,Pancakes & Waffles,6,95,71,2591500,11.83,0,24
2025-07,Éxito,Medellín,PAN-AVE-BRO,Avena Brownie,Pancakes & Waffles,6,393,301,10986500,50.17,0,92
2025-07,Éxito,Medellín,PAN-AVE-VAN,Avena Vainilla,Pancakes & Waffles,6,629,544,19856000,90.67,6,85
2025-07,Éxito,Pereira,COM-3GRA,Three Pack GranOLA,Combos,2,2,1,107400,0.5,5,1
2025-07,Éxito,Pereira,COM-WAF,Mini Wafflera,Combos,2,13,12,1332000,6.0,3,1
2025-07,Éxito,Pereira,ESP-BABY,Baby Spreads,Esparcibles,2,106,105,2273250,52.5,2,1
2025-07,Éxito,Pereira,ESP-CIN,Golden Cinnamon Roll,Esparcibles,2,14,12,647400,6.0,7,2
2025-07,Éxito,Pereira,ESP-CRE,Creamy Cocoa Hazelnut,Esparcibles,2,20,19,1025050,9.5,3,1
2025-07,Éxito,Pereira,ESP-CRU,Crunchy Cocoa Hazelnut,Esparcibles,2,10,7,377650,3.5,2,3
2025-07,Éxito,Pereira,ESP-PIS,Buttery Pistachio Cookie,Esparcibles,2,13,10,705000,5.0,2,3
2025-07,Éxito,Pereira,GRA-CHI,Chip Cookie,GranOLAS,2,45,38,1599800,19.0,4,7
2025-07,Éxito,Pereira,GRA-FUD,Fudge Cake,GranOLAS,2,28,22,926200,11.0,8,6
2025-07,Éxito,Pereira,HAR-ALM,Harina de Almendra,Avena & Harinas,2,8,6,230700,3.0,3,2
2025-07,Éxito,Pereira,HAR-AVE,Harina de Avena,Avena & Harinas,2,20,19,661200,9.5,3,1
2025-07,Éxito,Pereira,PAN-ALM-CHO,Almendra Choco Chips,Pancakes & Waffles,2,26,21,972300,10.5,3,5
2025-07,Éxito,Pereira,PAN-ALM-CHU,Almendra Churro,Pancakes & Waffles,2,19,15,694500,7.5,7,4
2025-07,Éxito,Pereira,PAN-ALM-VAN,Almendra Vainilla,Pancakes & Waffles,2,7,5,231500,2.5,3,2
2025-07,Éxito,Pereira,PAN-AVE-BAN,Avena Banano,Pancakes & Waffles,2,7,6,219000,3.0,4,1
2025-07,Éxito,Pereira,PAN-AVE-BRO,Avena Brownie,Pancakes & Waffles,2,40,31,1131500,15.5,3,9
2025-07,Éxito,Pereira,PAN-AVE-VAN,Avena Vainilla,Pancakes & Waffles,2,49,48,1752000,24.0,2,1
2025-08,Carulla,Barranquilla,AVE-HOJ,Avena en Hojuelas,Avena & Harinas,5,11,7,248150,1.4,6,4
2025-08,Carulla,Barranquilla,COM-3SPR,Three Pack Spread,Combos,5,2,1,145500,0.2,2,1
2025-08,Carulla,Barranquilla,COM-WAF,Mini Wafflera,Combos,5,20,15,1695000,3.0,2,5
2025-08,Carulla,Barranquilla,ESP-CIN,Golden Cinnamon Roll,Esparcibles,5,88,64,3513600,12.8,6,24
2025-08,Carulla,Barranquilla,ESP-CRU,Crunchy Cocoa Hazelnut,Esparcibles,5,34,26,1427400,5.2,0,8
2025-08,Carulla,Barranquilla,ESP-PB,Peanutty Banana Shake,Esparcibles,5,14,10,549000,2.0,0,4
2025-08,Carulla,Barranquilla,ESP-PIS,Buttery Pistachio Cookie,Esparcibles,5,29,22,1578500,4.4,3,7
2025-08,Carulla,Barranquilla,GRA-CHI,Chip Cookie,GranOLAS,5,11,11,471900,2.2,0,0
2025-08,Carulla,Barranquilla,GRA-FUD,Fudge Cake,GranOLAS,5,10,7,300300,1.4,0,3
2025-08,Carulla,Barranquilla,GRA-PIS,Pistachio Cookie,GranOLAS,5,7,5,254000,1.0,0,2
2025-08,Carulla,Barranquilla,GRA-VAN,Vanilla Shortbread,GranOLAS,5,22,20,858000,4.0,3,2
2025-08,Carulla,Barranquilla,PAN-ALM-CHO,Almendra Choco Chips,Pancakes & Waffles,5,71,63,2967300,12.6,3,8
2025-08,Carulla,Barranquilla,PAN-ALM-CHU,Almendra Churro,Pancakes & Waffles,5,21,18,847800,3.6,0,3
2025-08,Carulla,Barranquilla,PAN-ALM-VAN,Almendra Vainilla,Pancakes & Waffles,5,1,0,0,0.0,4,1
2025-08,Carulla,Barranquilla,PAN-AVE-BAN,Avena Banano,Pancakes & Waffles,5,21,16,594400,3.2,0,5
2025-08,Carulla,Barranquilla,PAN-AVE-BRO,Avena Brownie,Pancakes & Waffles,5,5,3,111450,0.6,1,2
2025-08,Carulla,Barranquilla,PAN-AVE-VAN,Avena Vainilla,Pancakes & Waffles,5,23,16,594400,3.2,2,7
2025-08,Carulla,Bogotá,AVE-HOJ,Avena en Hojuelas,Avena & Harinas,11,145,120,4254000,10.91,2,25
2025-08,Carulla,Bogotá,COM-3GRA,Three Pack GranOLA,Combos,11,95,93,10169550,8.45,3,2
2025-08,Carulla,Bogotá,COM-3SPR,Three Pack Spread,Combos,11,33,25,3637500,2.27,0,8
2025-08,Carulla,Bogotá,COM-WAF,Mini Wafflera,Combos,11,58,42,4746000,3.82,2,16
2025-08,Carulla,Bogotá,ESP-BABY,Baby Spreads,Esparcibles,11,247,186,4101300,16.91,0,61
2025-08,Carulla,Bogotá,ESP-CIN,Golden Cinnamon Roll,Esparcibles,11,191,152,8344800,13.82,0,39
2025-08,Carulla,Bogotá,ESP-CRE,Creamy Cocoa Hazelnut,Esparcibles,11,121,119,6533100,10.82,4,2
2025-08,Carulla,Bogotá,ESP-CRU,Crunchy Cocoa Hazelnut,Esparcibles,11,281,211,11583900,19.18,3,70
2025-08,Carulla,Bogotá,ESP-PB,Peanutty Banana Shake,Esparcibles,11,61,45,2470500,4.09,2,16
2025-08,Carulla,Bogotá,ESP-PIS,Buttery Pistachio Cookie,Esparcibles,11,105,79,5668250,7.18,0,26
2025-08,Carulla,Bogotá,GRA-CHI,Chip Cookie,GranOLAS,11,136,114,4890600,10.36,0,22
2025-08,Carulla,Bogotá,GRA-FUD,Fudge Cake,GranOLAS,11,183,141,6048900,12.82,3,42
2025-08,Carulla,Bogotá,GRA-PIS,Pistachio Cookie,GranOLAS,11,88,80,4064000,7.27,2,8
2025-08,Carulla,Bogotá,GRA-VAN,Vanilla Shortbread,GranOLAS,11,115,95,4075500,8.64,3,20
2025-08,Carulla,Bogotá,HAR-ALM,Harina de Almendra,Avena & Harinas,11,67,63,2466450,5.73,3,4
2025-08,Carulla,Bogotá,HAR-AVE,Harina de Avena,Avena & Harinas,11,249,236,8366200,21.45,3,13
2025-08,Carulla,Bogotá,PAN-ALM-CHO,Almendra Choco Chips,Pancakes & Waffles,11,68,64,3014400,5.82,4,4
2025-08,Carulla,Bogotá,PAN-ALM-CHU,Almendra Churro,Pancakes & Waffles,11,153,125,5887500,11.36,0,28
2025-08,Carulla,Bogotá,PAN-ALM-VAN,Almendra Vainilla,Pancakes & Waffles,11,127,123,5793300,11.18,0,4
2025-08,Carulla,Bogotá,PAN-AVE-BAN,Avena Banano,Pancakes & Waffles,11,203,198,7355700,18.0,1,5
2025-08,Carulla,Bogotá,PAN-AVE-BRO,Avena Brownie,Pancakes & Waffles,11,215,199,7392850,18.09,6,16
2025-08,Carulla,Bogotá,PAN-AVE-VAN,Avena Vainilla,Pancakes & Waffles,11,91,68,2526200,6.18,7,23
2025-08,Carulla,Bucaramanga,AVE-HOJ,Avena en Hojuelas,Avena & Harinas,1,8,6,212700,6.0,0,2
2025-08,Carulla,Bucaramanga,COM-3SPR,Three Pack Spread,Combos,1,7,5,727500,5.0,6,2
2025-08,Carulla,Bucaramanga,ESP-BABY,Baby Spreads,Esparcibles,1,16,11,242550,11.0,4,5
2025-08,Carulla,Bucaramanga,ESP-CRE,Creamy Cocoa Hazelnut,Esparcibles,1,15,13,713700,13.0,5,2
2025-08,Carulla,Bucaramanga,ESP-CRU,Crunchy Cocoa Hazelnut,Esparcibles,1,22,18,988200,18.0,3,4
2025-08,Carulla,Bucaramanga,ESP-PB,Peanutty Banana Shake,Esparcibles,1,8,5,274500,5.0,6,3
2025-08,Carulla,Bucaramanga,GRA-CHI,Chip Cookie,GranOLAS,1,27,24,1029600,24.0,3,3
2025-08,Carulla,Bucaramanga,GRA-FUD,Fudge Cake,GranOLAS,1,17,16,686400,16.0,3,1
2025-08,Carulla,Bucaramanga,GRA-VAN,Vanilla Shortbread,GranOLAS,1,5,4,171600,4.0,3,1
2025-08,Carulla,Bucaramanga,HAR-AVE,Harina de Avena,Avena & Harinas,1,11,10,354500,10.0,3,1
2025-08,Carulla,Bucaramanga,PAN-ALM-CHO,Almendra Choco Chips,Pancakes & Waffles,1,5,4,188400,4.0,1,1
2025-08,Carulla,Bucaramanga,PAN-ALM-VAN,Almendra Vainilla,Pancakes & Waffles,1,3,2,94200,2.0,7,1
2025-08,Carulla,Bucaramanga,PAN-AVE-BAN,Avena Banano,Pancakes & Waffles,1,5,4,148600,4.0,0,1
2025-08,Carulla,Bucaramanga,PAN-AVE-VAN,Avena Vainilla,Pancakes & Waffles,1,12,10,371500,10.0,8,2
2025-08,Carulla,Cali,AVE-HOJ,Avena en Hojuelas,Avena & Harinas,4,21,18,638100,4.5,0,3
2025-08,Carulla,Cali,COM-3GRA,Three Pack GranOLA,Combos,4,28,24,2624400,6.0,3,4
2025-08,Carulla,Cali,COM-3SPR,Three Pack Spread,Combos,4,11,8,1164000,2.0,1,3
2025-08,Carulla,Cali,COM-WAF,Mini Wafflera,Combos,4,40,39,4407000,9.75,2,1
2025-08,Carulla,Cali,ESP-BABY,Baby Spreads,Esparcibles,4,24,23,507150,5.75,6,1
2025-08,Carulla,Cali,ESP-CIN,Golden Cinnamon Roll,Esparcibles,4,7,6,329400,1.5,4,1
2025-08,Carulla,Cali,ESP-CRE,Creamy Cocoa Hazelnut,Esparcibles,4,28,27,1482300,6.75,2,1
2025-08,Carulla,Cali,ESP-CRU,Crunchy Cocoa Hazelnut,Esparcibles,4,34,33,1811700,8.25,1,1
2025-08,Carulla,Cali,ESP-PB,Peanutty Banana Shake,Esparcibles,4,10,8,439200,2.0,2,2
2025-08,Carulla,Cali,ESP-PIS,Buttery Pistachio Cookie,Esparcibles,4,61,58,4161500,14.5,2,3
2025-08,Carulla,Cali,GRA-CHI,Chip Cookie,GranOLAS,4,58,53,2273700,13.25,5,5
2025-08,Carulla,Cali,GRA-FUD,Fudge Cake,GranOLAS,4,53,46,1973400,11.5,3,7
2025-08,Carulla,Cali,GRA-VAN,Vanilla Shortbread,GranOLAS,4,29,28,1201200,7.0,5,1
2025-08,Carulla,Cali,HAR-AVE,Harina de Avena,Avena & Harinas,4,80,80,2836000,20.0,4,0
2025-08,Carulla,Cali,PAN-ALM-CHO,Almendra Choco Chips,Pancakes & Waffles,4,12,9,423900,2.25,5,3
2025-08,Carulla,Cali,PAN-ALM-CHU,Almendra Churro,Pancakes & Waffles,4,26,21,989100,5.25,3,5
2025-08,Carulla,Cali,PAN-ALM-VAN,Almendra Vainilla,Pancakes & Waffles,4,47,46,2166600,11.5,0,1
2025-08,Carulla,Cali,PAN-AVE-BAN,Avena Banano,Pancakes & Waffles,4,105,93,3454950,23.25,0,12
2025-08,Carulla,Cali,PAN-AVE-BRO,Avena Brownie,Pancakes & Waffles,4,53,50,1857500,12.5,0,3
2025-08,Carulla,Cali,PAN-AVE-VAN,Avena Vainilla,Pancakes & Waffles,4,5,4,148600,1.0,5,1
2025-08,Carulla,Cartagena,COM-3GRA,Three Pack GranOLA,Combos,2,6,5,546750,2.5,1,1
2025-08,Carulla,Cartagena,COM-3SPR,Three Pack Spread,Combos,2,9,6,873000,3.0,3,3
2025-08,Carulla,Cartagena,COM-WAF,Mini Wafflera,Combos,2,8,7,791000,3.5,2,1
2025-08,Carulla,Cartagena,ESP-BABY,Baby Spreads,Esparcibles,2,141,102,2249100,51.0,8,39
2025-08,Carulla,Cartagena,ESP-CIN,Golden Cinnamon Roll,Esparcibles,2,6,5,274500,2.5,3,1
2025-08,Carulla,Cartagena,ESP-CRE,Creamy Cocoa Hazelnut,Esparcibles,2,19,18,988200,9.0,4,1
2025-08,Carulla,Cartagena,ESP-CRU,Crunchy Cocoa Hazelnut,Esparcibles,2,52,43,2360700,21.5,7,9
2025-08,Carulla,Cartagena,ESP-PIS,Buttery Pistachio Cookie,Esparcibles,2,20,16,1148000,8.0,0,4
2025-08,Carulla,Cartagena,GRA-PIS,Pistachio Cookie,GranOLAS,2,102,97,4927600,48.5,1,5
2025-08,Carulla,Cartagena,GRA-VAN,Vanilla Shortbread,GranOLAS,2,5,4,171600,2.0,0,1
2025-08,Carulla,Cartagena,HAR-ALM,Harina de Almendra,Avena & Harinas,2,14,10,391500,5.0,0,4
2025-08,Carulla,Cartagena,PAN-AVE-BAN,Avena Banano,Pancakes & Waffles,2,47,35,1300250,17.5,3,12
2025-08,Carulla,Cartagena,PAN-AVE-VAN,Avena Vainilla,Pancakes & Waffles,2,16,12,445800,6.0,2,4
2025-08,Carulla,Medellín,AVE-HOJ,Avena en Hojuelas,Avena & Harinas,5,149,124,4395800,24.8,0,25
2025-08,Carulla,Medellín,COM-3GRA,Three Pack GranOLA,Combos,5,50,41,4483350,8.2,3,9
2025-08,Carulla,Medellín,COM-3SPR,Three Pack Spread,Combos,5,28,21,3055500,4.2,6,7
2025-08,Carulla,Medellín,COM-WAF,Mini Wafflera,Combos,5,61,46,5198000,9.2,1,15
2025-08,Carulla,Medellín,ESP-BABY,Baby Spreads,Esparcibles,5,155,156,3439800,31.2,7,0
2025-08,Carulla,Medellín,ESP-CIN,Golden Cinnamon Roll,Esparcibles,5,105,89,4886100,17.8,5,16
2025-08,Carulla,Medellín,ESP-CRE,Creamy Cocoa Hazelnut,Esparcibles,5,17,12,658800,2.4,0,5
2025-08,Carulla,Medellín,ESP-CRU,Crunchy Cocoa Hazelnut,Esparcibles,5,64,57,3129300,11.4,0,7
2025-08,Carulla,Medellín,ESP-PB,Peanutty Banana Shake,Esparcibles,5,49,48,2635200,9.6,3,1
2025-08,Carulla,Medellín,ESP-PIS,Buttery Pistachio Cookie,Esparcibles,5,15,15,1076250,3.0,3,0
2025-08,Carulla,Medellín,GRA-CHI,Chip Cookie,GranOLAS,5,100,87,3732300,17.4,3,13
2025-08,Carulla,Medellín,GRA-FUD,Fudge Cake,GranOLAS,5,253,229,9824100,45.8,3,24
2025-08,Carulla,Medellín,GRA-PIS,Pistachio Cookie,GranOLAS,5,76,64,3251200,12.8,0,12
2025-08,Carulla,Medellín,GRA-VAN,Vanilla Shortbread,GranOLAS,5,24,21,900900,4.2,2,3
2025-08,Carulla,Medellín,HAR-ALM,Harina de Almendra,Avena & Harinas,5,84,70,2740500,14.0,6,14
2025-08,Carulla,Medellín,HAR-AVE,Harina de Avena,Avena & Harinas,5,46,35,1240750,7.0,4,11
2025-08,Carulla,Medellín,PAN-ALM-CHO,Almendra Choco Chips,Pancakes & Waffles,5,19,15,706500,3.0,2,4
2025-08,Carulla,Medellín,PAN-ALM-CHU,Almendra Churro,Pancakes & Waffles,5,37,35,1648500,7.0,1,2
2025-08,Carulla,Medellín,PAN-ALM-VAN,Almendra Vainilla,Pancakes & Waffles,5,126,100,4710000,20.0,1,26
2025-08,Carulla,Medellín,PAN-AVE-BAN,Avena Banano,Pancakes & Waffles,5,81,63,2340450,12.6,1,18
2025-08,Carulla,Medellín,PAN-AVE-BRO,Avena Brownie,Pancakes & Waffles,5,76,77,2860550,15.4,4,0
2025-08,Carulla,Medellín,PAN-AVE-VAN,Avena Vainilla,Pancakes & Waffles,5,173,137,5089550,27.4,6,36
2025-08,Carulla,Pereira,COM-3GRA,Three Pack GranOLA,Combos,1,10,7,765450,7.0,0,3
2025-08,Carulla,Pereira,ESP-CRU,Crunchy Cocoa Hazelnut,Esparcibles,1,13,13,713700,13.0,0,0
2025-08,Carulla,Pereira,ESP-PB,Peanutty Banana Shake,Esparcibles,1,15,11,603900,11.0,1,4
2025-08,Carulla,Pereira,HAR-ALM,Harina de Almendra,Avena & Harinas,1,45,39,1526850,39.0,2,6
2025-08,Carulla,Pereira,PAN-ALM-CHO,Almendra Choco Chips,Pancakes & Waffles,1,10,9,423900,9.0,1,1
2025-08,Carulla,Pereira,PAN-ALM-VAN,Almendra Vainilla,Pancakes & Waffles,1,10,8,376800,8.0,4,2
2025-08,Carulla,Pereira,PAN-AVE-BRO,Avena Brownie,Pancakes & Waffles,1,23,18,668700,18.0,7,5
2025-08,Fithub,Barranquilla,AVE-HOJ,Avena en Hojuelas,Avena & Harinas,2,23,16,616800,8.0,2,7
2025-08,Fithub,Barranquilla,COM-3GRA,Three Pack GranOLA,Combos,2,5,4,476200,2.0,5,1
2025-08,Fithub,Barranquilla,COM-3SPR,Three Pack Spread,Combos,2,1,0,0,0.0,0,1
2025-08,Fithub,Barranquilla,COM-WAF,Mini Wafflera,Combos,2,1,0,0,0.0,2,1
2025-08,Fithub,Barranquilla,ESP-BABY,Baby Spreads,Esparcibles,2,53,52,1248000,26.0,2,1
2025-08,Fithub,Barranquilla,ESP-CIN,Golden Cinnamon Roll,Esparcibles,2,9,7,418250,3.5,3,2
2025-08,Fithub,Barranquilla,ESP-CRE,Creamy Cocoa Hazelnut,Esparcibles,2,11,8,478000,4.0,0,3
2025-08,Fithub,Barranquilla,ESP-CRU,Crunchy Cocoa Hazelnut,Esparcibles,2,6,4,239000,2.0,1,2
2025-08,Fithub,Barranquilla,ESP-PB,Peanutty Banana Shake,Esparcibles,2,3,2,119500,1.0,7,1
2025-08,Fithub,Barranquilla,ESP-PIS,Buttery Pistachio Cookie,Esparcibles,2,2,1,78100,0.5,7,1
2025-08,Fithub,Barranquilla,GRA-CHI,Chip Cookie,GranOLAS,2,10,7,326900,3.5,5,3
2025-08,Fithub,Barranquilla,GRA-FUD,Fudge Cake,GranOLAS,2,13,13,607100,6.5,7,0
2025-08,Fithub,Barranquilla,GRA-PIS,Pistachio Cookie,GranOLAS,2,25,22,1216600,11.0,1,3
2025-08,Fithub,Barranquilla,GRA-VAN,Vanilla Shortbread,GranOLAS,2,58,57,2661900,28.5,1,1
2025-08,Fithub,Barranquilla,HAR-ALM,Harina de Almendra,Avena & Harinas,2,53,41,1746600,20.5,4,12
2025-08,Fithub,Barranquilla,PAN-ALM-CHO,Almendra Choco Chips,Pancakes & Waffles,2,10,7,359100,3.5,1,3
2025-08,Fithub,Barranquilla,PAN-ALM-VAN,Almendra Vainilla,Pancakes & Waffles,2,1,0,0,0.0,3,1
2025-08,Fithub,Barranquilla,PAN-AVE-BAN,Avena Banano,Pancakes & Waffles,2,19,14,566300,7.0,6,5
2025-08,Fithub,Barranquilla,PAN-AVE-BRO,Avena Brownie,Pancakes & Waffles,2,7,5,202250,2.5,0,2
2025-08,Fithub,Barranquilla,PAN-AVE-VAN,Avena Vainilla,Pancakes & Waffles,2,12,11,444950,5.5,3,1
2025-08,Fithub,Bogotá,AVE-HOJ,Avena en Hojuelas,Avena & Harinas,3,56,54,2081700,18.0,4,2
2025-08,Fithub,Bogotá,COM-3GRA,Three Pack GranOLA,Combos,3,13,10,1190500,3.33,0,3
2025-08,Fithub,Bogotá,COM-3SPR,Three Pack Spread,Combos,3,12,11,1742400,3.67,0,1
2025-08,Fithub,Bogotá,COM-WAF,Mini Wafflera,Combos,3,9,6,738000,2.0,1,3
2025-08,Fithub,Bogotá,ESP-BABY,Baby Spreads,Esparcibles,3,84,80,1920000,26.67,0,4
2025-08,Fithub,Bogotá,ESP-CIN,Golden Cinnamon Roll,Esparcibles,3,78,58,3465500,19.33,5,20
2025-08,Fithub,Bogotá,ESP-CRE,Creamy Cocoa Hazelnut,Esparcibles,3,20,16,956000,5.33,5,4
2025-08,Fithub,Bogotá,ESP-CRU,Crunchy Cocoa Hazelnut,Esparcibles,3,38,27,1613250,9.0,0,11
2025-08,Fithub,Bogotá,ESP-PB,Peanutty Banana Shake,Esparcibles,3,36,32,1912000,10.67,3,4
2025-08,Fithub,Bogotá,ESP-PIS,Buttery Pistachio Cookie,Esparcibles,3,30,28,2186800,9.33,0,2
2025-08,Fithub,Bogotá,GRA-CHI,Chip Cookie,GranOLAS,3,29,27,1260900,9.0,0,2
2025-08,Fithub,Bogotá,GRA-FUD,Fudge Cake,GranOLAS,3,36,30,1401000,10.0,0,6
2025-08,Fithub,Bogotá,GRA-PIS,Pistachio Cookie,GranOLAS,3,15,15,829500,5.0,6,0
2025-08,Fithub,Bogotá,GRA-VAN,Vanilla Shortbread,GranOLAS,3,23,19,887300,6.33,1,4
2025-08,Fithub,Bogotá,HAR-ALM,Harina de Almendra,Avena & Harinas,3,27,24,1022400,8.0,0,3
2025-08,Fithub,Bogotá,HAR-AVE,Harina de Avena,Avena & Harinas,3,81,65,2505750,21.67,3,16
2025-08,Fithub,Bogotá,PAN-ALM-CHO,Almendra Choco Chips,Pancakes & Waffles,3,56,50,2565000,16.67,5,6
2025-08,Fithub,Bogotá,PAN-ALM-CHU,Almendra Churro,Pancakes & Waffles,3,33,24,1231200,8.0,4,9
2025-08,Fithub,Bogotá,PAN-ALM-VAN,Almendra Vainilla,Pancakes & Waffles,3,69,58,2975400,19.33,5,11
2025-08,Fithub,Bogotá,PAN-AVE-BAN,Avena Banano,Pancakes & Waffles,3,64,50,2022500,16.67,2,14
2025-08,Fithub,Bogotá,PAN-AVE-BRO,Avena Brownie,Pancakes & Waffles,3,27,25,1011250,8.33,0,2
2025-08,Fithub,Bogotá,PAN-AVE-VAN,Avena Vainilla,Pancakes & Waffles,3,61,47,1901150,15.67,5,14
2025-08,Fithub,Bucaramanga,AVE-HOJ,Avena en Hojuelas,Avena & Harinas,3,4,3,115650,1.0,5,1
2025-08,Fithub,Bucaramanga,COM-3GRA,Three Pack GranOLA,Combos,3,5,4,476200,1.33,2,1
2025-08,Fithub,Bucaramanga,COM-3SPR,Three Pack Spread,Combos,3,2,1,158400,0.33,6,1
2025-08,Fithub,Bucaramanga,COM-WAF,Mini Wafflera,Combos,3,9,8,984000,2.67,6,1
2025-08,Fithub,Bucaramanga,ESP-BABY,Baby Spreads,Esparcibles,3,15,13,312000,4.33,0,2
2025-08,Fithub,Bucaramanga,ESP-CIN,Golden Cinnamon Roll,Esparcibles,3,1,0,0,0.0,1,1
2025-08,Fithub,Bucaramanga,ESP-CRE,Creamy Cocoa Hazelnut,Esparcibles,3,4,3,179250,1.0,3,1
2025-08,Fithub,Bucaramanga,ESP-CRU,Crunchy Cocoa Hazelnut,Esparcibles,3,14,11,657250,3.67,0,3
2025-08,Fithub,Bucaramanga,ESP-PB,Peanutty Banana Shake,Esparcibles,3,19,15,896250,5.0,1,4
2025-08,Fithub,Bucaramanga,ESP-PIS,Buttery Pistachio Cookie,Esparcibles,3,4,3,234300,1.0,5,1
2025-08,Fithub,Bucaramanga,GRA-CHI,Chip Cookie,GranOLAS,3,9,7,326900,2.33,4,2
2025-08,Fithub,Bucaramanga,GRA-VAN,Vanilla Shortbread,GranOLAS,3,7,6,280200,2.0,5,1
2025-08,Fithub,Bucaramanga,HAR-ALM,Harina de Almendra,Avena & Harinas,3,3,2,85200,0.67,0,1
2025-08,Fithub,Bucaramanga,HAR-AVE,Harina de Avena,Avena & Harinas,3,5,5,192750,1.67,3,0
2025-08,Fithub,Bucaramanga,PAN-ALM-CHO,Almendra Choco Chips,Pancakes & Waffles,3,27,26,1333800,8.67,3,1
2025-08,Fithub,Bucaramanga,PAN-ALM-CHU,Almendra Churro,Pancakes & Waffles,3,16,15,769500,5.0,4,1
2025-08,Fithub,Bucaramanga,PAN-ALM-VAN,Almendra Vainilla,Pancakes & Waffles,3,5,4,205200,1.33,1,1
2025-08,Fithub,Bucaramanga,PAN-AVE-BRO,Avena Brownie,Pancakes & Waffles,3,5,4,161800,1.33,0,1
2025-08,Fithub,Bucaramanga,PAN-AVE-VAN,Avena Vainilla,Pancakes & Waffles,3,10,10,404500,3.33,1,0
2025-08,Fithub,Cali,AVE-HOJ,Avena en Hojuelas,Avena & Harinas,2,28,21,809550,10.5,6,7
2025-08,Fithub,Cali,COM-3GRA,Three Pack GranOLA,Combos,2,11,8,952400,4.0,0,3
2025-08,Fithub,Cali,COM-WAF,Mini Wafflera,Combos,2,1,0,0,0.0,3,1
2025-08,Fithub,Cali,ESP-BABY,Baby Spreads,Esparcibles,2,59,56,1344000,28.0,4,3
2025-08,Fithub,Cali,ESP-CRE,Creamy Cocoa Hazelnut,Esparcibles,2,9,6,358500,3.0,0,3
2025-08,Fithub,Cali,ESP-CRU,Crunchy Cocoa Hazelnut,Esparcibles,2,4,3,179250,1.5,3,1
2025-08,Fithub,Cali,ESP-PB,Peanutty Banana Shake,Esparcibles,2,7,5,298750,2.5,3,2
2025-08,Fithub,Cali,ESP-PIS,Buttery Pistachio Cookie,Esparcibles,2,10,7,546700,3.5,4,3
2025-08,Fithub,Cali,GRA-CHI,Chip Cookie,GranOLAS,2,14,11,513700,5.5,0,3
2025-08,Fithub,Cali,GRA-FUD,Fudge Cake,GranOLAS,2,6,5,233500,2.5,1,1
2025-08,Fithub,Cali,GRA-VAN,Vanilla Shortbread,GranOLAS,2,27,24,1120800,12.0,0,3
2025-08,Fithub,Cali,HAR-ALM,Harina de Almendra,Avena & Harinas,2,17,14,596400,7.0,0,3
2025-08,Fithub,Cali,HAR-AVE,Harina de Avena,Avena & Harinas,2,21,20,771000,10.0,3,1
2025-08,Fithub,Cali,PAN-ALM-CHO,Almendra Choco Chips,Pancakes & Waffles,2,10,7,359100,3.5,0,3
2025-08,Fithub,Cali,PAN-ALM-CHU,Almendra Churro,Pancakes & Waffles,2,8,6,307800,3.0,5,2
2025-08,Fithub,Cali,PAN-ALM-VAN,Almendra Vainilla,Pancakes & Waffles,2,22,19,974700,9.5,3,3
2025-08,Fithub,Cali,PAN-AVE-BAN,Avena Banano,Pancakes & Waffles,2,30,24,970800,12.0,1,6
2025-08,Fithub,Cali,PAN-AVE-BRO,Avena Brownie,Pancakes & Waffles,2,14,13,525850,6.5,1,1
2025-08,Fithub,Cali,PAN-AVE-VAN,Avena Vainilla,Pancakes & Waffles,2,15,12,485400,6.0,8,3
2025-08,Fithub,Cartagena,AVE-HOJ,Avena en Hojuelas,Avena & Harinas,1,9,7,269850,7.0,1,2
2025-08,Fithub,Cartagena,COM-3GRA,Three Pack GranOLA,Combos,1,1,0,0,0.0,8,1
2025-08,Fithub,Cartagena,COM-WAF,Mini Wafflera,Combos,1,2,1,123000,1.0,1,1
2025-08,Fithub,Cartagena,ESP-BABY,Baby Spreads,Esparcibles,1,42,34,816000,34.0,0,8
2025-08,Fithub,Cartagena,ESP-CIN,Golden Cinnamon Roll,Esparcibles,1,5,4,239000,4.0,0,1
2025-08,Fithub,Cartagena,ESP-CRE,Creamy Cocoa Hazelnut,Esparcibles,1,2,1,59750,1.0,2,1
2025-08,Fithub,Cartagena,ESP-PB,Peanutty Banana Shake,Esparcibles,1,4,3,179250,3.0,1,1
2025-08,Fithub,Cartagena,ESP-PIS,Buttery Pistachio Cookie,Esparcibles,1,3,2,156200,2.0,0,1
2025-08,Fithub,Cartagena,GRA-CHI,Chip Cookie,GranOLAS,1,6,4,186800,4.0,0,2
2025-08,Fithub,Cartagena,GRA-FUD,Fudge Cake,GranOLAS,1,2,1,46700,1.0,5,1
2025-08,Fithub,Cartagena,GRA-PIS,Pistachio Cookie,GranOLAS,1,10,10,553000,10.0,5,0
2025-08,Fithub,Cartagena,GRA-VAN,Vanilla Shortbread,GranOLAS,1,6,4,186800,4.0,0,2
2025-08,Fithub,Cartagena,HAR-ALM,Harina de Almendra,Avena & Harinas,1,11,9,383400,9.0,1,2
2025-08,Fithub,Cartagena,HAR-AVE,Harina de Avena,Avena & Harinas,1,15,11,424050,11.0,3,4
2025-08,Fithub,Cartagena,PAN-ALM-CHO,Almendra Choco Chips,Pancakes & Waffles,1,16,11,564300,11.0,0,5
2025-08,Fithub,Cartagena,PAN-ALM-CHU,Almendra Churro,Pancakes & Waffles,1,2,1,51300,1.0,5,1
2025-08,Fithub,Cartagena,PAN-ALM-VAN,Almendra Vainilla,Pancakes & Waffles,1,9,7,359100,7.0,2,2
2025-08,Fithub,Cartagena,PAN-AVE-BAN,Avena Banano,Pancakes & Waffles,1,20,17,687650,17.0,0,3
2025-08,Fithub,Cartagena,PAN-AVE-BRO,Avena Brownie,Pancakes & Waffles,1,26,19,768550,19.0,5,7
2025-08,Fithub,Cartagena,PAN-AVE-VAN,Avena Vainilla,Pancakes & Waffles,1,5,5,202250,5.0,1,0
2025-08,Fithub,Medellín,AVE-HOJ,Avena en Hojuelas,Avena & Harinas,4,31,26,1002300,6.5,1,5
2025-08,Fithub,Medellín,COM-3GRA,Three Pack GranOLA,Combos,4,18,12,1428600,3.0,0,6
2025-08,Fithub,Medellín,COM-3SPR,Three Pack Spread,Combos,4,5,4,633600,1.0,0,1
2025-08,Fithub,Medellín,COM-WAF,Mini Wafflera,Combos,4,10,8,984000,2.0,0,2
2025-08,Fithub,Medellín,ESP-BABY,Baby Spreads,Esparcibles,4,90,72,1728000,18.0,5,18
2025-08,Fithub,Medellín,ESP-CIN,Golden Cinnamon Roll,Esparcibles,4,32,24,1434000,6.0,0,8
2025-08,Fithub,Medellín,ESP-CRE,Creamy Cocoa Hazelnut,Esparcibles,4,23,22,1314500,5.5,6,1
2025-08,Fithub,Medellín,ESP-CRU,Crunchy Cocoa Hazelnut,Esparcibles,4,8,7,418250,1.75,10,1
2025-08,Fithub,Medellín,ESP-PB,Peanutty Banana Shake,Esparcibles,4,37,29,1732750,7.25,2,8
2025-08,Fithub,Medellín,ESP-PIS,Buttery Pistachio Cookie,Esparcibles,4,17,13,1015300,3.25,0,4
2025-08,Fithub,Medellín,GRA-CHI,Chip Cookie,GranOLAS,4,21,20,934000,5.0,1,1
2025-08,Fithub,Medellín,GRA-FUD,Fudge Cake,GranOLAS,4,52,50,2335000,12.5,4,2
2025-08,Fithub,Medellín,GRA-PIS,Pistachio Cookie,GranOLAS,4,17,15,829500,3.75,4,2
2025-08,Fithub,Medellín,GRA-VAN,Vanilla Shortbread,GranOLAS,4,47,45,2101500,11.25,0,2
2025-08,Fithub,Medellín,HAR-ALM,Harina de Almendra,Avena & Harinas,4,17,12,511200,3.0,4,5
2025-08,Fithub,Medellín,HAR-AVE,Harina de Avena,Avena & Harinas,4,40,36,1387800,9.0,0,4
2025-08,Fithub,Medellín,PAN-ALM-CHO,Almendra Choco Chips,Pancakes & Waffles,4,57,44,2257200,11.0,4,13
2025-08,Fithub,Medellín,PAN-ALM-CHU,Almendra Churro,Pancakes & Waffles,4,22,21,1077300,5.25,5,1
2025-08,Fithub,Medellín,PAN-ALM-VAN,Almendra Vainilla,Pancakes & Waffles,4,24,18,923400,4.5,0,6
2025-08,Fithub,Medellín,PAN-AVE-BAN,Avena Banano,Pancakes & Waffles,4,33,25,1011250,6.25,7,8
2025-08,Fithub,Medellín,PAN-AVE-BRO,Avena Brownie,Pancakes & Waffles,4,35,35,1415750,8.75,0,0
2025-08,Fithub,Medellín,PAN-AVE-VAN,Avena Vainilla,Pancakes & Waffles,4,6,4,161800,1.0,3,2
2025-08,Fithub,Pereira,AVE-HOJ,Avena en Hojuelas,Avena & Harinas,1,4,3,115650,3.0,0,1
2025-08,Fithub,Pereira,COM-3SPR,Three Pack Spread,Combos,1,4,3,475200,3.0,1,1
2025-08,Fithub,Pereira,COM-WAF,Mini Wafflera,Combos,1,1,0,0,0.0,0,1
2025-08,Fithub,Pereira,ESP-BABY,Baby Spreads,Esparcibles,1,24,24,576000,24.0,4,0
2025-08,Fithub,Pereira,ESP-PB,Peanutty Banana Shake,Esparcibles,1,1,0,0,0.0,1,1
2025-08,Fithub,Pereira,GRA-FUD,Fudge Cake,GranOLAS,1,9,7,326900,7.0,2,2
2025-08,Fithub,Pereira,HAR-AVE,Harina de Avena,Avena & Harinas,1,18,15,578250,15.0,0,3
2025-08,Fithub,Pereira,PAN-ALM-CHO,Almendra Choco Chips,Pancakes & Waffles,1,12,9,461700,9.0,0,3
2025-08,Fithub,Pereira,PAN-ALM-CHU,Almendra Churro,Pancakes & Waffles,1,5,4,205200,4.0,1,1
2025-08,Fithub,Pereira,PAN-AVE-BAN,Avena Banano,Pancakes & Waffles,1,5,4,161800,4.0,0,1
2025-08,Tiendas naturistas,Barranquilla,AVE-HOJ,Avena en Hojuelas,Avena & Harinas,2,70,63,2331000,31.5,8,7
2025-08,Tiendas naturistas,Barranquilla,COM-3GRA,Three Pack GranOLA,Combos,2,20,15,1713000,7.5,2,5
2025-08,Tiendas naturistas,Barranquilla,COM-3SPR,Three Pack Spread,Combos,2,7,5,759750,2.5,1,2
2025-08,Tiendas naturistas,Barranquilla,ESP-CIN,Golden Cinnamon Roll,Esparcibles,2,48,40,2294000,20.0,3,8
2025-08,Tiendas naturistas,Barranquilla,ESP-CRU,Crunchy Cocoa Hazelnut,Esparcibles,2,16,13,745550,6.5,5,3
2025-08,Tiendas naturistas,Barranquilla,ESP-PB,Peanutty Banana Shake,Esparcibles,2,4,3,172050,1.5,0,1
2025-08,Tiendas naturistas,Barranquilla,ESP-PIS,Buttery Pistachio Cookie,Esparcibles,2,26,26,1948700,13.0,2,0
2025-08,Tiendas naturistas,Barranquilla,GRA-CHI,Chip Cookie,GranOLAS,2,12,9,403200,4.5,6,3
2025-08,Tiendas naturistas,Barranquilla,GRA-FUD,Fudge Cake,GranOLAS,2,22,17,761600,8.5,0,5
2025-08,Tiendas naturistas,Barranquilla,GRA-PIS,Pistachio Cookie,GranOLAS,2,11,11,583550,5.5,0,0
2025-08,Tiendas naturistas,Barranquilla,GRA-VAN,Vanilla Shortbread,GranOLAS,2,41,32,1433600,16.0,6,9
2025-08,Tiendas naturistas,Barranquilla,HAR-AVE,Harina de Avena,Avena & Harinas,2,63,62,2294000,31.0,4,1
2025-08,Tiendas naturistas,Barranquilla,PAN-ALM-CHU,Almendra Churro,Pancakes & Waffles,2,32,30,1476000,15.0,3,2
2025-08,Tiendas naturistas,Barranquilla,PAN-ALM-VAN,Almendra Vainilla,Pancakes & Waffles,2,1,0,0,0.0,2,1
2025-08,Tiendas naturistas,Barranquilla,PAN-AVE-BRO,Avena Brownie,Pancakes & Waffles,2,103,104,4035200,52.0,2,0
2025-08,Tiendas naturistas,Barranquilla,PAN-AVE-VAN,Avena Vainilla,Pancakes & Waffles,2,15,12,465600,6.0,0,3
2025-08,Tiendas naturistas,Bogotá,AVE-HOJ,Avena en Hojuelas,Avena & Harinas,31,65,48,1776000,1.55,1,17
2025-08,Tiendas naturistas,Bogotá,COM-3GRA,Three Pack GranOLA,Combos,31,58,58,6623600,1.87,3,0
2025-08,Tiendas naturistas,Bogotá,COM-3SPR,Three Pack Spread,Combos,31,21,19,2887050,0.61,2,2
2025-08,Tiendas naturistas,Bogotá,COM-WAF,Mini Wafflera,Combos,31,39,29,3422000,0.94,1,10
2025-08,Tiendas naturistas,Bogotá,ESP-BABY,Baby Spreads,Esparcibles,31,128,123,2829000,3.97,8,5
2025-08,Tiendas naturistas,Bogotá,ESP-CIN,Golden Cinnamon Roll,Esparcibles,31,61,47,2695450,1.52,8,14
2025-08,Tiendas naturistas,Bogotá,ESP-CRE,Creamy Cocoa Hazelnut,Esparcibles,31,41,41,2351350,1.32,4,0
2025-08,Tiendas naturistas,Bogotá,ESP-CRU,Crunchy Cocoa Hazelnut,Esparcibles,31,67,59,3383650,1.9,1,8
2025-08,Tiendas naturistas,Bogotá,ESP-PB,Peanutty Banana Shake,Esparcibles,31,71,56,3211600,1.81,6,15
2025-08,Tiendas naturistas,Bogotá,ESP-PIS,Buttery Pistachio Cookie,Esparcibles,31,37,34,2548300,1.1,7,3
2025-08,Tiendas naturistas,Bogotá,GRA-CHI,Chip Cookie,GranOLAS,31,68,55,2464000,1.77,2,13
2025-08,Tiendas naturistas,Bogotá,GRA-FUD,Fudge Cake,GranOLAS,31,54,50,2240000,1.61,2,4
2025-08,Tiendas naturistas,Bogotá,GRA-PIS,Pistachio Cookie,GranOLAS,31,92,68,3607400,2.19,0,24
2025-08,Tiendas naturistas,Bogotá,GRA-VAN,Vanilla Shortbread,GranOLAS,31,157,145,6496000,4.68,3,12
2025-08,Tiendas naturistas,Bogotá,HAR-ALM,Harina de Almendra,Avena & Harinas,31,93,89,3640100,2.87,3,4
2025-08,Tiendas naturistas,Bogotá,HAR-AVE,Harina de Avena,Avena & Harinas,31,128,106,3922000,3.42,4,22
2025-08,Tiendas naturistas,Bogotá,PAN-ALM-CHO,Almendra Choco Chips,Pancakes & Waffles,31,108,87,4280400,2.81,3,21
2025-08,Tiendas naturistas,Bogotá,PAN-ALM-CHU,Almendra Churro,Pancakes & Waffles,31,96,69,3394800,2.23,0,27
2025-08,Tiendas naturistas,Bogotá,PAN-ALM-VAN,Almendra Vainilla,Pancakes & Waffles,31,72,64,3148800,2.06,2,8
2025-08,Tiendas naturistas,Bogotá,PAN-AVE-BAN,Avena Banano,Pancakes & Waffles,31,71,63,2444400,2.03,2,8
2025-08,Tiendas naturistas,Bogotá,PAN-AVE-BRO,Avena Brownie,Pancakes & Waffles,31,162,131,5082800,4.23,1,31
2025-08,Tiendas naturistas,Bogotá,PAN-AVE-VAN,Avena Vainilla,Pancakes & Waffles,31,28,26,1008800,0.84,6,2
2025-08,Tiendas naturistas,Bucaramanga,COM-3GRA,Three Pack GranOLA,Combos,2,3,2,228400,1.0,3,1
2025-08,Tiendas naturistas,Bucaramanga,COM-3SPR,Three Pack Spread,Combos,2,3,2,303900,1.0,6,1
2025-08,Tiendas naturistas,Bucaramanga,ESP-CIN,Golden Cinnamon Roll,Esparcibles,2,11,9,516150,4.5,0,2
2025-08,Tiendas naturistas,Bucaramanga,ESP-CRE,Creamy Cocoa Hazelnut,Esparcibles,2,6,5,286750,2.5,2,1
2025-08,Tiendas naturistas,Bucaramanga,GRA-CHI,Chip Cookie,GranOLAS,2,7,7,313600,3.5,0,0
2025-08,Tiendas naturistas,Bucaramanga,GRA-VAN,Vanilla Shortbread,GranOLAS,2,4,3,134400,1.5,1,1
2025-08,Tiendas naturistas,Bucaramanga,HAR-ALM,Harina de Almendra,Avena & Harinas,2,46,45,1840500,22.5,2,1
2025-08,Tiendas naturistas,Bucaramanga,HAR-AVE,Harina de Avena,Avena & Harinas,2,15,11,407000,5.5,2,4
2025-08,Tiendas naturistas,Bucaramanga,PAN-ALM-CHO,Almendra Choco Chips,Pancakes & Waffles,2,7,6,295200,3.0,6,1
2025-08,Tiendas naturistas,Bucaramanga,PAN-ALM-CHU,Almendra Churro,Pancakes & Waffles,2,5,4,196800,2.0,4,1
2025-08,Tiendas naturistas,Bucaramanga,PAN-ALM-VAN,Almendra Vainilla,Pancakes & Waffles,2,21,19,934800,9.5,3,2
2025-08,Tiendas naturistas,Bucaramanga,PAN-AVE-BAN,Avena Banano,Pancakes & Waffles,2,25,20,776000,10.0,8,5
2025-08,Tiendas naturistas,Bucaramanga,PAN-AVE-BRO,Avena Brownie,Pancakes & Waffles,2,4,3,116400,1.5,2,1
2025-08,Tiendas naturistas,Bucaramanga,PAN-AVE-VAN,Avena Vainilla,Pancakes & Waffles,2,3,2,77600,1.0,0,1
2025-08,Tiendas naturistas,Cali,AVE-HOJ,Avena en Hojuelas,Avena & Harinas,5,11,9,333000,1.8,2,2
2025-08,Tiendas naturistas,Cali,COM-3GRA,Three Pack GranOLA,Combos,5,2,1,114200,0.2,3,1
2025-08,Tiendas naturistas,Cali,COM-3SPR,Three Pack Spread,Combos,5,6,4,607800,0.8,6,2
2025-08,Tiendas naturistas,Cali,COM-WAF,Mini Wafflera,Combos,5,18,17,2006000,3.4,0,1
2025-08,Tiendas naturistas,Cali,ESP-BABY,Baby Spreads,Esparcibles,5,30,22,506000,4.4,0,8
2025-08,Tiendas naturistas,Cali,ESP-CIN,Golden Cinnamon Roll,Esparcibles,5,12,9,516150,1.8,1,3
2025-08,Tiendas naturistas,Cali,ESP-CRE,Creamy Cocoa Hazelnut,Esparcibles,5,30,26,1491100,5.2,0,4
2025-08,Tiendas naturistas,Cali,ESP-CRU,Crunchy Cocoa Hazelnut,Esparcibles,5,20,16,917600,3.2,1,4
2025-08,Tiendas naturistas,Cali,ESP-PB,Peanutty Banana Shake,Esparcibles,5,2,1,57350,0.2,1,1
2025-08,Tiendas naturistas,Cali,ESP-PIS,Buttery Pistachio Cookie,Esparcibles,5,17,12,899400,2.4,3,5
2025-08,Tiendas naturistas,Cali,GRA-CHI,Chip Cookie,GranOLAS,5,46,44,1971200,8.8,1,2
2025-08,Tiendas naturistas,Cali,GRA-FUD,Fudge Cake,GranOLAS,5,29,24,1075200,4.8,3,5
2025-08,Tiendas naturistas,Cali,GRA-PIS,Pistachio Cookie,GranOLAS,5,37,27,1432350,5.4,4,10
2025-08,Tiendas naturistas,Cali,GRA-VAN,Vanilla Shortbread,GranOLAS,5,11,8,358400,1.6,3,3
2025-08,Tiendas naturistas,Cali,HAR-ALM,Harina de Almendra,Avena & Harinas,5,10,7,286300,1.4,0,3
2025-08,Tiendas naturistas,Cali,HAR-AVE,Harina de Avena,Avena & Harinas,5,23,21,777000,4.2,2,2
2025-08,Tiendas naturistas,Cali,PAN-ALM-CHO,Almendra Choco Chips,Pancakes & Waffles,5,60,60,2952000,12.0,0,0
2025-08,Tiendas naturistas,Cali,PAN-ALM-CHU,Almendra Churro,Pancakes & Waffles,5,5,5,246000,1.0,2,0
2025-08,Tiendas naturistas,Cali,PAN-ALM-VAN,Almendra Vainilla,Pancakes & Waffles,5,14,13,639600,2.6,3,1
2025-08,Tiendas naturistas,Cali,PAN-AVE-BAN,Avena Banano,Pancakes & Waffles,5,12,9,349200,1.8,2,3
2025-08,Tiendas naturistas,Cali,PAN-AVE-BRO,Avena Brownie,Pancakes & Waffles,5,13,11,426800,2.2,0,2
2025-08,Tiendas naturistas,Cali,PAN-AVE-VAN,Avena Vainilla,Pancakes & Waffles,5,41,38,1474400,7.6,0,3
2025-08,Tiendas naturistas,Manizales,COM-3SPR,Three Pack Spread,Combos,1,3,2,303900,2.0,0,1
2025-08,Tiendas naturistas,Manizales,ESP-CRU,Crunchy Cocoa Hazelnut,Esparcibles,1,6,4,229400,4.0,0,2
2025-08,Tiendas naturistas,Manizales,ESP-PB,Peanutty Banana Shake,Esparcibles,1,3,2,114700,2.0,2,1
2025-08,Tiendas naturistas,Manizales,GRA-CHI,Chip Cookie,GranOLAS,1,11,8,358400,8.0,0,3
2025-08,Tiendas naturistas,Manizales,GRA-VAN,Vanilla Shortbread,GranOLAS,1,22,21,940800,21.0,0,1
2025-08,Tiendas naturistas,Manizales,HAR-AVE,Harina de Avena,Avena & Harinas,1,7,5,185000,5.0,4,2
2025-08,Tiendas naturistas,Manizales,PAN-ALM-CHU,Almendra Churro,Pancakes & Waffles,1,7,5,246000,5.0,4,2
2025-08,Tiendas naturistas,Manizales,PAN-AVE-BAN,Avena Banano,Pancakes & Waffles,1,5,4,155200,4.0,0,1
2025-08,Tiendas naturistas,Manizales,PAN-AVE-BRO,Avena Brownie,Pancakes & Waffles,1,13,12,465600,12.0,4,1
2025-08,Tiendas naturistas,Medellín,AVE-HOJ,Avena en Hojuelas,Avena & Harinas,13,31,22,814000,1.69,3,9
2025-08,Tiendas naturistas,Medellín,COM-3GRA,Three Pack GranOLA,Combos,13,24,22,2512400,1.69,0,2
2025-08,Tiendas naturistas,Medellín,COM-3SPR,Three Pack Spread,Combos,13,14,12,1823400,0.92,4,2
2025-08,Tiendas naturistas,Medellín,COM-WAF,Mini Wafflera,Combos,13,9,8,944000,0.62,4,1
2025-08,Tiendas naturistas,Medellín,ESP-BABY,Baby Spreads,Esparcibles,13,109,95,2185000,7.31,5,14
2025-08,Tiendas naturistas,Medellín,ESP-CIN,Golden Cinnamon Roll,Esparcibles,13,13,12,688200,0.92,0,1
2025-08,Tiendas naturistas,Medellín,ESP-CRE,Creamy Cocoa Hazelnut,Esparcibles,13,9,8,458800,0.62,0,1
2025-08,Tiendas naturistas,Medellín,ESP-CRU,Crunchy Cocoa Hazelnut,Esparcibles,13,22,17,974950,1.31,1,5
2025-08,Tiendas naturistas,Medellín,ESP-PB,Peanutty Banana Shake,Esparcibles,13,9,7,401450,0.54,1,2
2025-08,Tiendas naturistas,Medellín,ESP-PIS,Buttery Pistachio Cookie,Esparcibles,13,11,10,749500,0.77,0,1
2025-08,Tiendas naturistas,Medellín,GRA-CHI,Chip Cookie,GranOLAS,13,42,40,1792000,3.08,2,2
2025-08,Tiendas naturistas,Medellín,GRA-FUD,Fudge Cake,GranOLAS,13,27,22,985600,1.69,4,5
2025-08,Tiendas naturistas,Medellín,GRA-PIS,Pistachio Cookie,GranOLAS,13,17,13,689650,1.0,1,4
2025-08,Tiendas naturistas,Medellín,GRA-VAN,Vanilla Shortbread,GranOLAS,13,35,30,1344000,2.31,0,5
2025-08,Tiendas naturistas,Medellín,HAR-ALM,Harina de Almendra,Avena & Harinas,13,83,77,3149300,5.92,0,6
2025-08,Tiendas naturistas,Medellín,HAR-AVE,Harina de Avena,Avena & Harinas,13,43,37,1369000,2.85,1,6
2025-08,Tiendas naturistas,Medellín,PAN-ALM-CHO,Almendra Choco Chips,Pancakes & Waffles,13,11,9,442800,0.69,2,2
2025-08,Tiendas naturistas,Medellín,PAN-ALM-CHU,Almendra Churro,Pancakes & Waffles,13,29,25,1230000,1.92,0,4
2025-08,Tiendas naturistas,Medellín,PAN-ALM-VAN,Almendra Vainilla,Pancakes & Waffles,13,15,12,590400,0.92,5,3
2025-08,Tiendas naturistas,Medellín,PAN-AVE-BAN,Avena Banano,Pancakes & Waffles,13,54,40,1552000,3.08,2,14
2025-08,Tiendas naturistas,Medellín,PAN-AVE-BRO,Avena Brownie,Pancakes & Waffles,13,71,60,2328000,4.62,2,11
2025-08,Tiendas naturistas,Medellín,PAN-AVE-VAN,Avena Vainilla,Pancakes & Waffles,13,58,50,1940000,3.85,3,8
2025-08,Tiendas naturistas,Pereira,AVE-HOJ,Avena en Hojuelas,Avena & Harinas,4,30,24,888000,6.0,4,6
2025-08,Tiendas naturistas,Pereira,COM-3GRA,Three Pack GranOLA,Combos,4,10,7,799400,1.75,1,3
2025-08,Tiendas naturistas,Pereira,COM-3SPR,Three Pack Spread,Combos,4,4,3,455850,0.75,5,1
2025-08,Tiendas naturistas,Pereira,COM-WAF,Mini Wafflera,Combos,4,11,11,1298000,2.75,0,0
2025-08,Tiendas naturistas,Pereira,ESP-CIN,Golden Cinnamon Roll,Esparcibles,4,46,37,2121950,9.25,0,9
2025-08,Tiendas naturistas,Pereira,ESP-CRE,Creamy Cocoa Hazelnut,Esparcibles,4,2,1,57350,0.25,1,1
2025-08,Tiendas naturistas,Pereira,ESP-CRU,Crunchy Cocoa Hazelnut,Esparcibles,4,35,26,1491100,6.5,0,9
2025-08,Tiendas naturistas,Pereira,ESP-PB,Peanutty Banana Shake,Esparcibles,4,64,57,3268950,14.25,1,7
2025-08,Tiendas naturistas,Pereira,ESP-PIS,Buttery Pistachio Cookie,Esparcibles,4,18,15,1124250,3.75,0,3
2025-08,Tiendas naturistas,Pereira,GRA-FUD,Fudge Cake,GranOLAS,4,14,10,448000,2.5,3,4
2025-08,Tiendas naturistas,Pereira,GRA-PIS,Pistachio Cookie,GranOLAS,4,37,36,1909800,9.0,0,1
2025-08,Tiendas naturistas,Pereira,GRA-VAN,Vanilla Shortbread,GranOLAS,4,6,5,224000,1.25,2,1
2025-08,Tiendas naturistas,Pereira,HAR-ALM,Harina de Almendra,Avena & Harinas,4,41,30,1227000,7.5,10,11
2025-08,Tiendas naturistas,Pereira,HAR-AVE,Harina de Avena,Avena & Harinas,4,6,5,185000,1.25,1,1
2025-08,Tiendas naturistas,Pereira,PAN-ALM-CHO,Almendra Choco Chips,Pancakes & Waffles,4,11,9,442800,2.25,6,2
2025-08,Tiendas naturistas,Pereira,PAN-ALM-VAN,Almendra Vainilla,Pancakes & Waffles,4,6,6,295200,1.5,0,0
2025-08,Tiendas naturistas,Pereira,PAN-AVE-BRO,Avena Brownie,Pancakes & Waffles,4,43,34,1319200,8.5,0,9
2025-08,Tiendas naturistas,Pereira,PAN-AVE-VAN,Avena Vainilla,Pancakes & Waffles,4,47,34,1319200,8.5,2,13
2025-08,Éxito,Barranquilla,AVE-HOJ,Avena en Hojuelas,Avena & Harinas,5,111,106,3688800,21.2,2,5
2025-08,Éxito,Barranquilla,COM-3GRA,Three Pack GranOLA,Combos,5,6,5,537000,1.0,0,1
2025-08,Éxito,Barranquilla,COM-3SPR,Three Pack Spread,Combos,5,8,6,857700,1.2,1,2
2025-08,Éxito,Barranquilla,COM-WAF,Mini Wafflera,Combos,5,12,8,888000,1.6,1,4
2025-08,Éxito,Barranquilla,ESP-BABY,Baby Spreads,Esparcibles,5,155,126,2727900,25.2,2,29
2025-08,Éxito,Barranquilla,ESP-CIN,Golden Cinnamon Roll,Esparcibles,5,59,57,3075150,11.4,0,2
2025-08,Éxito,Barranquilla,ESP-CRE,Creamy Cocoa Hazelnut,Esparcibles,5,11,8,431600,1.6,0,3
2025-08,Éxito,Barranquilla,ESP-CRU,Crunchy Cocoa Hazelnut,Esparcibles,5,3,2,107900,0.4,6,1
2025-08,Éxito,Barranquilla,ESP-PB,Peanutty Banana Shake,Esparcibles,5,203,192,10358400,38.4,1,11
2025-08,Éxito,Barranquilla,ESP-PIS,Buttery Pistachio Cookie,Esparcibles,5,25,21,1480500,4.2,14,4
2025-08,Éxito,Barranquilla,GRA-CHI,Chip Cookie,GranOLAS,5,29,23,968300,4.6,1,6
2025-08,Éxito,Barranquilla,GRA-FUD,Fudge Cake,GranOLAS,5,125,94,3957400,18.8,2,31
2025-08,Éxito,Barranquilla,GRA-PIS,Pistachio Cookie,GranOLAS,5,100,84,4191600,16.8,2,16
2025-08,Éxito,Barranquilla,GRA-VAN,Vanilla Shortbread,GranOLAS,5,45,43,1810300,8.6,2,2
2025-08,Éxito,Barranquilla,HAR-ALM,Harina de Almendra,Avena & Harinas,5,139,105,4037250,21.0,0,34
2025-08,Éxito,Barranquilla,PAN-ALM-CHO,Almendra Choco Chips,Pancakes & Waffles,5,115,112,5185600,22.4,0,3
2025-08,Éxito,Barranquilla,PAN-ALM-CHU,Almendra Churro,Pancakes & Waffles,5,172,147,6806100,29.4,0,25
2025-08,Éxito,Barranquilla,PAN-ALM-VAN,Almendra Vainilla,Pancakes & Waffles,5,60,54,2500200,10.8,1,6
2025-08,Éxito,Barranquilla,PAN-AVE-BAN,Avena Banano,Pancakes & Waffles,5,36,28,1022000,5.6,8,8
2025-08,Éxito,Barranquilla,PAN-AVE-BRO,Avena Brownie,Pancakes & Waffles,5,115,83,3029500,16.6,0,32
2025-08,Éxito,Barranquilla,PAN-AVE-VAN,Avena Vainilla,Pancakes & Waffles,5,77,77,2810500,15.4,0,0
2025-08,Éxito,Bogotá,AVE-HOJ,Avena en Hojuelas,Avena & Harinas,22,370,319,11101200,14.5,3,51
2025-08,Éxito,Bogotá,COM-3GRA,Three Pack GranOLA,Combos,22,73,65,6981000,2.95,7,8
2025-08,Éxito,Bogotá,COM-3SPR,Three Pack Spread,Combos,22,53,48,6861600,2.18,7,5
2025-08,Éxito,Bogotá,COM-WAF,Mini Wafflera,Combos,22,117,109,12099000,4.95,1,8
2025-08,Éxito,Bogotá,ESP-BABY,Baby Spreads,Esparcibles,22,816,796,17233400,36.18,0,20
2025-08,Éxito,Bogotá,ESP-CIN,Golden Cinnamon Roll,Esparcibles,22,283,275,14836250,12.5,7,8
2025-08,Éxito,Bogotá,ESP-CRE,Creamy Cocoa Hazelnut,Esparcibles,22,324,246,13271700,11.18,0,78
2025-08,Éxito,Bogotá,ESP-CRU,Crunchy Cocoa Hazelnut,Esparcibles,22,222,161,8685950,7.32,3,61
2025-08,Éxito,Bogotá,ESP-PB,Peanutty Banana Shake,Esparcibles,22,210,187,10088650,8.5,3,23
2025-08,Éxito,Bogotá,ESP-PIS,Buttery Pistachio Cookie,Esparcibles,22,119,100,7050000,4.55,2,19
2025-08,Éxito,Bogotá,GRA-CHI,Chip Cookie,GranOLAS,22,328,299,12587900,13.59,2,29
2025-08,Éxito,Bogotá,GRA-FUD,Fudge Cake,GranOLAS,22,380,275,11577500,12.5,2,105
2025-08,Éxito,Bogotá,GRA-PIS,Pistachio Cookie,GranOLAS,22,249,203,10129700,9.23,1,46
2025-08,Éxito,Bogotá,GRA-VAN,Vanilla Shortbread,GranOLAS,22,434,363,15282300,16.5,0,71
2025-08,Éxito,Bogotá,HAR-ALM,Harina de Almendra,Avena & Harinas,22,402,296,11381200,13.45,5,106
2025-08,Éxito,Bogotá,HAR-AVE,Harina de Avena,Avena & Harinas,22,186,162,5637600,7.36,1,24
2025-08,Éxito,Bogotá,PAN-ALM-CHO,Almendra Choco Chips,Pancakes & Waffles,22,307,280,12964000,12.73,0,27
2025-08,Éxito,Bogotá,PAN-ALM-CHU,Almendra Churro,Pancakes & Waffles,22,471,462,21390600,21.0,0,9
2025-08,Éxito,Bogotá,PAN-ALM-VAN,Almendra Vainilla,Pancakes & Waffles,22,205,207,9584100,9.41,4,0
2025-08,Éxito,Bogotá,PAN-AVE-BAN,Avena Banano,Pancakes & Waffles,22,295,214,7811000,9.73,1,81
2025-08,Éxito,Bogotá,PAN-AVE-BRO,Avena Brownie,Pancakes & Waffles,22,408,353,12884500,16.05,4,55
2025-08,Éxito,Bogotá,PAN-AVE-VAN,Avena Vainilla,Pancakes & Waffles,22,472,473,17264500,21.5,3,0
2025-08,Éxito,Bucaramanga,AVE-HOJ,Avena en Hojuelas,Avena & Harinas,3,65,54,1879200,18.0,2,11
2025-08,Éxito,Bucaramanga,COM-3GRA,Three Pack GranOLA,Combos,3,5,5,537000,1.67,0,0
2025-08,Éxito,Bucaramanga,COM-3SPR,Three Pack Spread,Combos,3,7,5,714750,1.67,3,2
2025-08,Éxito,Bucaramanga,COM-WAF,Mini Wafflera,Combos,3,50,44,4884000,14.67,3,6
2025-08,Éxito,Bucaramanga,ESP-BABY,Baby Spreads,Esparcibles,3,27,24,519600,8.0,0,3
2025-08,Éxito,Bucaramanga,ESP-CRE,Creamy Cocoa Hazelnut,Esparcibles,3,87,68,3668600,22.67,4,19
2025-08,Éxito,Bucaramanga,ESP-CRU,Crunchy Cocoa Hazelnut,Esparcibles,3,97,97,5233150,32.33,5,0
2025-08,Éxito,Bucaramanga,ESP-PB,Peanutty Banana Shake,Esparcibles,3,129,94,5071300,31.33,3,35
2025-08,Éxito,Bucaramanga,ESP-PIS,Buttery Pistachio Cookie,Esparcibles,3,18,17,1198500,5.67,4,1
2025-08,Éxito,Bucaramanga,GRA-CHI,Chip Cookie,GranOLAS,3,65,57,2399700,19.0,0,8
2025-08,Éxito,Bucaramanga,GRA-FUD,Fudge Cake,GranOLAS,3,13,12,505200,4.0,2,1
2025-08,Éxito,Bucaramanga,GRA-PIS,Pistachio Cookie,GranOLAS,3,22,16,798400,5.33,0,6
2025-08,Éxito,Bucaramanga,GRA-VAN,Vanilla Shortbread,GranOLAS,3,47,37,1557700,12.33,4,10
2025-08,Éxito,Bucaramanga,HAR-ALM,Harina de Almendra,Avena & Harinas,3,97,90,3460500,30.0,3,7
2025-08,Éxito,Bucaramanga,HAR-AVE,Harina de Avena,Avena & Harinas,3,120,109,3793200,36.33,8,11
2025-08,Éxito,Bucaramanga,PAN-ALM-CHO,Almendra Choco Chips,Pancakes & Waffles,3,33,32,1481600,10.67,4,1
2025-08,Éxito,Bucaramanga,PAN-ALM-CHU,Almendra Churro,Pancakes & Waffles,3,120,105,4861500,35.0,1,15
2025-08,Éxito,Bucaramanga,PAN-ALM-VAN,Almendra Vainilla,Pancakes & Waffles,3,61,56,2592800,18.67,4,5
2025-08,Éxito,Bucaramanga,PAN-AVE-BAN,Avena Banano,Pancakes & Waffles,3,36,27,985500,9.0,2,9
2025-08,Éxito,Bucaramanga,PAN-AVE-BRO,Avena Brownie,Pancakes & Waffles,3,49,41,1496500,13.67,0,8
2025-08,Éxito,Bucaramanga,PAN-AVE-VAN,Avena Vainilla,Pancakes & Waffles,3,47,35,1277500,11.67,2,12
2025-08,Éxito,Cali,AVE-HOJ,Avena en Hojuelas,Avena & Harinas,2,143,138,4802400,69.0,3,5
2025-08,Éxito,Cali,COM-3GRA,Three Pack GranOLA,Combos,2,34,31,3329400,15.5,1,3
2025-08,Éxito,Cali,COM-3SPR,Three Pack Spread,Combos,2,18,13,1858350,6.5,6,5
2025-08,Éxito,Cali,COM-WAF,Mini Wafflera,Combos,2,49,44,4884000,22.0,3,5
2025-08,Éxito,Cali,ESP-BABY,Baby Spreads,Esparcibles,2,250,188,4070200,94.0,0,62
2025-08,Éxito,Cali,ESP-CIN,Golden Cinnamon Roll,Esparcibles,2,66,49,2643550,24.5,6,17
2025-08,Éxito,Cali,ESP-CRE,Creamy Cocoa Hazelnut,Esparcibles,2,74,61,3290950,30.5,3,13
2025-08,Éxito,Cali,ESP-CRU,Crunchy Cocoa Hazelnut,Esparcibles,2,98,81,4369950,40.5,4,17
2025-08,Éxito,Cali,ESP-PB,Peanutty Banana Shake,Esparcibles,2,67,62,3344900,31.0,0,5
2025-08,Éxito,Cali,ESP-PIS,Buttery Pistachio Cookie,Esparcibles,2,33,31,2185500,15.5,8,2
2025-08,Éxito,Cali,GRA-CHI,Chip Cookie,GranOLAS,2,36,32,1347200,16.0,3,4
2025-08,Éxito,Cali,GRA-FUD,Fudge Cake,GranOLAS,2,78,71,2989100,35.5,5,7
2025-08,Éxito,Cali,GRA-PIS,Pistachio Cookie,GranOLAS,2,161,143,7135700,71.5,5,18
2025-08,Éxito,Cali,GRA-VAN,Vanilla Shortbread,GranOLAS,2,71,61,2568100,30.5,7,10
2025-08,Éxito,Cali,HAR-ALM,Harina de Almendra,Avena & Harinas,2,79,72,2768400,36.0,0,7
2025-08,Éxito,Cali,HAR-AVE,Harina de Avena,Avena & Harinas,2,244,201,6994800,100.5,5,43
2025-08,Éxito,Cali,PAN-ALM-CHU,Almendra Churro,Pancakes & Waffles,2,42,37,1713100,18.5,0,5
2025-08,Éxito,Cali,PAN-ALM-VAN,Almendra Vainilla,Pancakes & Waffles,2,3,2,92600,1.0,3,1
2025-08,Éxito,Cali,PAN-AVE-BAN,Avena Banano,Pancakes & Waffles,2,149,121,4416500,60.5,3,28
2025-08,Éxito,Cali,PAN-AVE-BRO,Avena Brownie,Pancakes & Waffles,2,232,231,8431500,115.5,2,1
2025-08,Éxito,Cali,PAN-AVE-VAN,Avena Vainilla,Pancakes & Waffles,2,159,123,4489500,61.5,1,36
2025-08,Éxito,Cartagena,COM-WAF,Mini Wafflera,Combos,3,16,14,1554000,4.67,1,2
2025-08,Éxito,Cartagena,ESP-CIN,Golden Cinnamon Roll,Esparcibles,3,2,1,53950,0.33,0,1
2025-08,Éxito,Cartagena,ESP-CRU,Crunchy Cocoa Hazelnut,Esparcibles,3,59,46,2481700,15.33,0,13
2025-08,Éxito,Cartagena,GRA-PIS,Pistachio Cookie,GranOLAS,3,74,60,2994000,20.0,2,14
2025-08,Éxito,Cartagena,HAR-ALM,Harina de Almendra,Avena & Harinas,3,109,96,3691200,32.0,5,13
2025-08,Éxito,Cartagena,HAR-AVE,Harina de Avena,Avena & Harinas,3,177,134,4663200,44.67,6,43
2025-08,Éxito,Cartagena,PAN-ALM-CHU,Almendra Churro,Pancakes & Waffles,3,111,96,4444800,32.0,0,15
2025-08,Éxito,Cartagena,PAN-ALM-VAN,Almendra Vainilla,Pancakes & Waffles,3,55,46,2129800,15.33,0,9
2025-08,Éxito,Cartagena,PAN-AVE-BAN,Avena Banano,Pancakes & Waffles,3,40,29,1058500,9.67,0,11
2025-08,Éxito,Cartagena,PAN-AVE-BRO,Avena Brownie,Pancakes & Waffles,3,35,33,1204500,11.0,0,2
2025-08,Éxito,Cartagena,PAN-AVE-VAN,Avena Vainilla,Pancakes & Waffles,3,114,87,3175500,29.0,0,27
2025-08,Éxito,Medellín,AVE-HOJ,Avena en Hojuelas,Avena & Harinas,6,76,57,1983600,9.5,2,19
2025-08,Éxito,Medellín,COM-3GRA,Three Pack GranOLA,Combos,6,30,27,2899800,4.5,6,3
2025-08,Éxito,Medellín,COM-3SPR,Three Pack Spread,Combos,6,40,29,4145550,4.83,8,11
2025-08,Éxito,Medellín,COM-WAF,Mini Wafflera,Combos,6,39,36,3996000,6.0,4,3
2025-08,Éxito,Medellín,ESP-BABY,Baby Spreads,Esparcibles,6,216,202,4373300,33.67,2,14
2025-08,Éxito,Medellín,ESP-CRE,Creamy Cocoa Hazelnut,Esparcibles,6,76,73,3938350,12.17,5,3
2025-08,Éxito,Medellín,ESP-CRU,Crunchy Cocoa Hazelnut,Esparcibles,6,121,112,6042400,18.67,5,9
2025-08,Éxito,Medellín,ESP-PB,Peanutty Banana Shake,Esparcibles,6,84,69,3722550,11.5,0,15
2025-08,Éxito,Medellín,ESP-PIS,Buttery Pistachio Cookie,Esparcibles,6,7,5,352500,0.83,0,2
2025-08,Éxito,Medellín,GRA-CHI,Chip Cookie,GranOLAS,6,126,94,3957400,15.67,1,32
2025-08,Éxito,Medellín,GRA-FUD,Fudge Cake,GranOLAS,6,76,62,2610200,10.33,6,14
2025-08,Éxito,Medellín,GRA-PIS,Pistachio Cookie,GranOLAS,6,23,17,848300,2.83,5,6
2025-08,Éxito,Medellín,GRA-VAN,Vanilla Shortbread,GranOLAS,6,83,76,3199600,12.67,2,7
2025-08,Éxito,Medellín,HAR-ALM,Harina de Almendra,Avena & Harinas,6,305,303,11650350,50.5,5,2
2025-08,Éxito,Medellín,HAR-AVE,Harina de Avena,Avena & Harinas,6,98,85,2958000,14.17,0,13
2025-08,Éxito,Medellín,PAN-ALM-CHO,Almendra Choco Chips,Pancakes & Waffles,6,43,34,1574200,5.67,0,9
2025-08,Éxito,Medellín,PAN-ALM-CHU,Almendra Churro,Pancakes & Waffles,6,32,27,1250100,4.5,0,5
2025-08,Éxito,Medellín,PAN-ALM-VAN,Almendra Vainilla,Pancakes & Waffles,6,52,48,2222400,8.0,0,4
2025-08,Éxito,Medellín,PAN-AVE-BAN,Avena Banano,Pancakes & Waffles,6,123,115,4197500,19.17,4,8
2025-08,Éxito,Medellín,PAN-AVE-BRO,Avena Brownie,Pancakes & Waffles,6,227,224,8176000,37.33,0,3
2025-08,Éxito,Medellín,PAN-AVE-VAN,Avena Vainilla,Pancakes & Waffles,6,21,15,547500,2.5,0,6
2025-08,Éxito,Pereira,ESP-BABY,Baby Spreads,Esparcibles,2,99,80,1732000,40.0,2,19
2025-08,Éxito,Pereira,ESP-CIN,Golden Cinnamon Roll,Esparcibles,2,31,28,1510600,14.0,0,3
2025-08,Éxito,Pereira,ESP-CRE,Creamy Cocoa Hazelnut,Esparcibles,2,2,2,107900,1.0,2,0
2025-08,Éxito,Pereira,ESP-PB,Peanutty Banana Shake,Esparcibles,2,92,76,4100200,38.0,6,16
2025-08,Éxito,Pereira,ESP-PIS,Buttery Pistachio Cookie,Esparcibles,2,9,8,564000,4.0,0,1
2025-08,Éxito,Pereira,GRA-FUD,Fudge Cake,GranOLAS,2,23,17,715700,8.5,0,6
2025-08,Éxito,Pereira,PAN-ALM-CHU,Almendra Churro,Pancakes & Waffles,2,13,10,463000,5.0,3,3
2025-08,Éxito,Pereira,PAN-ALM-VAN,Almendra Vainilla,Pancakes & Waffles,2,13,11,509300,5.5,0,2
2025-08,Éxito,Pereira,PAN-AVE-BAN,Avena Banano,Pancakes & Waffles,2,12,10,365000,5.0,4,2
2025-09,Carulla,Barranquilla,AVE-HOJ,Avena en Hojuelas,Avena & Harinas,5,46,40,1418000,8.0,4,6
2025-09,Carulla,Barranquilla,COM-3GRA,Three Pack GranOLA,Combos,5,19,15,1640250,3.0,2,4
2025-09,Carulla,Barranquilla,COM-WAF,Mini Wafflera,Combos,5,12,10,1130000,2.0,2,2
2025-09,Carulla,Barranquilla,ESP-BABY,Baby Spreads,Esparcibles,5,33,30,661500,6.0,0,3
2025-09,Carulla,Barranquilla,ESP-CIN,Golden Cinnamon Roll,Esparcibles,5,3,2,109800,0.4,2,1
2025-09,Carulla,Barranquilla,ESP-CRU,Crunchy Cocoa Hazelnut,Esparcibles,5,4,3,164700,0.6,6,1
2025-09,Carulla,Barranquilla,ESP-PB,Peanutty Banana Shake,Esparcibles,5,16,16,878400,3.2,2,0
2025-09,Carulla,Barranquilla,ESP-PIS,Buttery Pistachio Cookie,Esparcibles,5,4,3,215250,0.6,2,1
2025-09,Carulla,Barranquilla,GRA-FUD,Fudge Cake,GranOLAS,5,34,26,1115400,5.2,6,8
2025-09,Carulla,Barranquilla,GRA-PIS,Pistachio Cookie,GranOLAS,5,27,26,1320800,5.2,1,1
2025-09,Carulla,Barranquilla,GRA-VAN,Vanilla Shortbread,GranOLAS,5,35,34,1458600,6.8,5,1
2025-09,Carulla,Barranquilla,HAR-ALM,Harina de Almendra,Avena & Harinas,5,34,29,1135350,5.8,7,5
2025-09,Carulla,Barranquilla,HAR-AVE,Harina de Avena,Avena & Harinas,5,150,150,5317500,30.0,5,0
2025-09,Carulla,Barranquilla,PAN-ALM-CHO,Almendra Choco Chips,Pancakes & Waffles,5,90,77,3626700,15.4,1,13
2025-09,Carulla,Barranquilla,PAN-ALM-CHU,Almendra Churro,Pancakes & Waffles,5,69,63,2967300,12.6,0,6
2025-09,Carulla,Barranquilla,PAN-ALM-VAN,Almendra Vainilla,Pancakes & Waffles,5,56,55,2590500,11.0,0,1
2025-09,Carulla,Barranquilla,PAN-AVE-BAN,Avena Banano,Pancakes & Waffles,5,36,35,1300250,7.0,3,1
2025-09,Carulla,Barranquilla,PAN-AVE-VAN,Avena Vainilla,Pancakes & Waffles,5,20,18,668700,3.6,3,2
2025-09,Carulla,Bogotá,AVE-HOJ,Avena en Hojuelas,Avena & Harinas,11,189,173,6132850,15.73,3,16
2025-09,Carulla,Bogotá,COM-3GRA,Three Pack GranOLA,Combos,11,117,86,9404100,7.82,3,31
2025-09,Carulla,Bogotá,COM-3SPR,Three Pack Spread,Combos,11,50,40,5820000,3.64,0,10
2025-09,Carulla,Bogotá,COM-WAF,Mini Wafflera,Combos,11,41,38,4294000,3.45,2,3
2025-09,Carulla,Bogotá,ESP-BABY,Baby Spreads,Esparcibles,11,732,691,15236550,62.82,1,41
2025-09,Carulla,Bogotá,ESP-CIN,Golden Cinnamon Roll,Esparcibles,11,163,157,8619300,14.27,5,6
2025-09,Carulla,Bogotá,ESP-CRE,Creamy Cocoa Hazelnut,Esparcibles,11,120,111,6093900,10.09,2,9
2025-09,Carulla,Bogotá,ESP-CRU,Crunchy Cocoa Hazelnut,Esparcibles,11,99,77,4227300,7.0,3,22
2025-09,Carulla,Bogotá,ESP-PB,Peanutty Banana Shake,Esparcibles,11,53,42,2305800,3.82,5,11
2025-09,Carulla,Bogotá,ESP-PIS,Buttery Pistachio Cookie,Esparcibles,11,157,142,10188500,12.91,4,15
2025-09,Carulla,Bogotá,GRA-CHI,Chip Cookie,GranOLAS,11,106,103,4418700,9.36,4,3
2025-09,Carulla,Bogotá,GRA-FUD,Fudge Cake,GranOLAS,11,334,306,13127400,27.82,5,28
2025-09,Carulla,Bogotá,GRA-PIS,Pistachio Cookie,GranOLAS,11,69,65,3302000,5.91,0,4
2025-09,Carulla,Bogotá,GRA-VAN,Vanilla Shortbread,GranOLAS,11,37,33,1415700,3.0,5,4
2025-09,Carulla,Bogotá,HAR-ALM,Harina de Almendra,Avena & Harinas,11,19,16,626400,1.45,0,3
2025-09,Carulla,Bogotá,HAR-AVE,Harina de Avena,Avena & Harinas,11,62,57,2020650,5.18,7,5
2025-09,Carulla,Bogotá,PAN-ALM-CHO,Almendra Choco Chips,Pancakes & Waffles,11,66,62,2920200,5.64,4,4
2025-09,Carulla,Bogotá,PAN-ALM-CHU,Almendra Churro,Pancakes & Waffles,11,128,113,5322300,10.27,0,15
2025-09,Carulla,Bogotá,PAN-ALM-VAN,Almendra Vainilla,Pancakes & Waffles,11,162,143,6735300,13.0,1,19
2025-09,Carulla,Bogotá,PAN-AVE-BAN,Avena Banano,Pancakes & Waffles,11,184,151,5609650,13.73,1,33
2025-09,Carulla,Bogotá,PAN-AVE-BRO,Avena Brownie,Pancakes & Waffles,11,141,119,4420850,10.82,0,22
2025-09,Carulla,Bogotá,PAN-AVE-VAN,Avena Vainilla,Pancakes & Waffles,11,235,238,8841700,21.64,3,0
2025-09,Carulla,Bucaramanga,COM-3GRA,Three Pack GranOLA,Combos,1,14,11,1202850,11.0,1,3
2025-09,Carulla,Bucaramanga,COM-3SPR,Three Pack Spread,Combos,1,25,22,3201000,22.0,1,3
2025-09,Carulla,Bucaramanga,COM-WAF,Mini Wafflera,Combos,1,18,17,1921000,17.0,0,1
2025-09,Carulla,Bucaramanga,ESP-CIN,Golden Cinnamon Roll,Esparcibles,1,21,16,878400,16.0,3,5
2025-09,Carulla,Bucaramanga,ESP-CRE,Creamy Cocoa Hazelnut,Esparcibles,1,4,3,164700,3.0,0,1
2025-09,Carulla,Bucaramanga,ESP-CRU,Crunchy Cocoa Hazelnut,Esparcibles,1,27,26,1427400,26.0,3,1
2025-09,Carulla,Bucaramanga,ESP-PB,Peanutty Banana Shake,Esparcibles,1,13,10,549000,10.0,0,3
2025-09,Carulla,Bucaramanga,ESP-PIS,Buttery Pistachio Cookie,Esparcibles,1,4,3,215250,3.0,0,1
2025-09,Carulla,Bucaramanga,GRA-CHI,Chip Cookie,GranOLAS,1,12,10,429000,10.0,2,2
2025-09,Carulla,Bucaramanga,GRA-PIS,Pistachio Cookie,GranOLAS,1,38,33,1676400,33.0,0,5
2025-09,Carulla,Bucaramanga,GRA-VAN,Vanilla Shortbread,GranOLAS,1,52,49,2102100,49.0,3,3
2025-09,Carulla,Bucaramanga,HAR-ALM,Harina de Almendra,Avena & Harinas,1,136,128,5011200,128.0,7,8
2025-09,Carulla,Bucaramanga,HAR-AVE,Harina de Avena,Avena & Harinas,1,49,41,1453450,41.0,2,8
2025-09,Carulla,Bucaramanga,PAN-ALM-CHO,Almendra Choco Chips,Pancakes & Waffles,1,11,9,423900,9.0,1,2
2025-09,Carulla,Bucaramanga,PAN-ALM-VAN,Almendra Vainilla,Pancakes & Waffles,1,23,19,894900,19.0,0,4
2025-09,Carulla,Bucaramanga,PAN-AVE-BRO,Avena Brownie,Pancakes & Waffles,1,29,22,817300,22.0,0,7
2025-09,Carulla,Bucaramanga,PAN-AVE-VAN,Avena Vainilla,Pancakes & Waffles,1,2,1,37150,1.0,2,1
2025-09,Carulla,Cali,AVE-HOJ,Avena en Hojuelas,Avena & Harinas,4,50,48,1701600,12.0,0,2
2025-09,Carulla,Cali,COM-3GRA,Three Pack GranOLA,Combos,4,14,12,1312200,3.0,0,2
2025-09,Carulla,Cali,COM-3SPR,Three Pack Spread,Combos,4,9,8,1164000,2.0,2,1
2025-09,Carulla,Cali,COM-WAF,Mini Wafflera,Combos,4,47,35,3955000,8.75,7,12
2025-09,Carulla,Cali,ESP-BABY,Baby Spreads,Esparcibles,4,350,281,6196050,70.25,4,69
2025-09,Carulla,Cali,ESP-CIN,Golden Cinnamon Roll,Esparcibles,4,110,111,6093900,27.75,0,0
2025-09,Carulla,Cali,ESP-CRE,Creamy Cocoa Hazelnut,Esparcibles,4,62,47,2580300,11.75,6,15
2025-09,Carulla,Cali,ESP-CRU,Crunchy Cocoa Hazelnut,Esparcibles,4,54,39,2141100,9.75,1,15
2025-09,Carulla,Cali,ESP-PB,Peanutty Banana Shake,Esparcibles,4,29,26,1427400,6.5,0,3
2025-09,Carulla,Cali,ESP-PIS,Buttery Pistachio Cookie,Esparcibles,4,34,34,2439500,8.5,6,0
2025-09,Carulla,Cali,GRA-CHI,Chip Cookie,GranOLAS,4,103,104,4461600,26.0,6,0
2025-09,Carulla,Cali,GRA-FUD,Fudge Cake,GranOLAS,4,42,38,1630200,9.5,1,4
2025-09,Carulla,Cali,GRA-PIS,Pistachio Cookie,GranOLAS,4,66,50,2540000,12.5,7,16
2025-09,Carulla,Cali,GRA-VAN,Vanilla Shortbread,GranOLAS,4,7,5,214500,1.25,4,2
2025-09,Carulla,Cali,HAR-ALM,Harina de Almendra,Avena & Harinas,4,61,44,1722600,11.0,3,17
2025-09,Carulla,Cali,HAR-AVE,Harina de Avena,Avena & Harinas,4,39,29,1028050,7.25,0,10
2025-09,Carulla,Cali,PAN-ALM-CHO,Almendra Choco Chips,Pancakes & Waffles,4,56,49,2307900,12.25,6,7
2025-09,Carulla,Cali,PAN-ALM-CHU,Almendra Churro,Pancakes & Waffles,4,26,21,989100,5.25,2,5
2025-09,Carulla,Cali,PAN-ALM-VAN,Almendra Vainilla,Pancakes & Waffles,4,26,18,847800,4.5,4,8
2025-09,Carulla,Cali,PAN-AVE-BAN,Avena Banano,Pancakes & Waffles,4,79,77,2860550,19.25,6,2
2025-09,Carulla,Cali,PAN-AVE-BRO,Avena Brownie,Pancakes & Waffles,4,77,61,2266150,15.25,4,16
2025-09,Carulla,Cali,PAN-AVE-VAN,Avena Vainilla,Pancakes & Waffles,4,210,201,7467150,50.25,0,9
2025-09,Carulla,Cartagena,AVE-HOJ,Avena en Hojuelas,Avena & Harinas,2,19,17,602650,8.5,0,2
2025-09,Carulla,Cartagena,COM-3GRA,Three Pack GranOLA,Combos,2,2,1,109350,0.5,8,1
2025-09,Carulla,Cartagena,COM-3SPR,Three Pack Spread,Combos,2,10,9,1309500,4.5,0,1
2025-09,Carulla,Cartagena,ESP-CRE,Creamy Cocoa Hazelnut,Esparcibles,2,14,11,603900,5.5,4,3
2025-09,Carulla,Cartagena,ESP-CRU,Crunchy Cocoa Hazelnut,Esparcibles,2,14,13,713700,6.5,1,1
2025-09,Carulla,Cartagena,ESP-PB,Peanutty Banana Shake,Esparcibles,2,13,12,658800,6.0,0,1
2025-09,Carulla,Cartagena,ESP-PIS,Buttery Pistachio Cookie,Esparcibles,2,12,12,861000,6.0,0,0
2025-09,Carulla,Cartagena,GRA-CHI,Chip Cookie,GranOLAS,2,34,25,1072500,12.5,2,9
2025-09,Carulla,Cartagena,GRA-PIS,Pistachio Cookie,GranOLAS,2,4,3,152400,1.5,4,1
2025-09,Carulla,Cartagena,GRA-VAN,Vanilla Shortbread,GranOLAS,2,17,17,729300,8.5,0,0
2025-09,Carulla,Cartagena,HAR-ALM,Harina de Almendra,Avena & Harinas,2,51,46,1800900,23.0,0,5
2025-09,Carulla,Cartagena,HAR-AVE,Harina de Avena,Avena & Harinas,2,64,64,2268800,32.0,4,0
2025-09,Carulla,Cartagena,PAN-ALM-CHO,Almendra Choco Chips,Pancakes & Waffles,2,25,18,847800,9.0,5,7
2025-09,Carulla,Cartagena,PAN-ALM-CHU,Almendra Churro,Pancakes & Waffles,2,34,34,1601400,17.0,9,0
2025-09,Carulla,Cartagena,PAN-AVE-BAN,Avena Banano,Pancakes & Waffles,2,42,30,1114500,15.0,7,12
2025-09,Carulla,Manizales,AVE-HOJ,Avena en Hojuelas,Avena & Harinas,1,4,3,106350,3.0,3,1
2025-09,Carulla,Manizales,COM-3SPR,Three Pack Spread,Combos,1,10,7,1018500,7.0,0,3
2025-09,Carulla,Manizales,ESP-BABY,Baby Spreads,Esparcibles,1,23,17,374850,17.0,3,6
2025-09,Carulla,Manizales,ESP-CRE,Creamy Cocoa Hazelnut,Esparcibles,1,41,36,1976400,36.0,0,5
2025-09,Carulla,Manizales,ESP-PB,Peanutty Banana Shake,Esparcibles,1,32,29,1592100,29.0,4,3
2025-09,Carulla,Manizales,ESP-PIS,Buttery Pistachio Cookie,Esparcibles,1,17,14,1004500,14.0,4,3
2025-09,Carulla,Manizales,GRA-CHI,Chip Cookie,GranOLAS,1,4,3,128700,3.0,3,1
2025-09,Carulla,Manizales,GRA-FUD,Fudge Cake,GranOLAS,1,64,53,2273700,53.0,2,11
2025-09,Carulla,Manizales,GRA-VAN,Vanilla Shortbread,GranOLAS,1,33,31,1329900,31.0,5,2
2025-09,Carulla,Manizales,HAR-ALM,Harina de Almendra,Avena & Harinas,1,7,5,195750,5.0,0,2
2025-09,Carulla,Manizales,PAN-ALM-CHO,Almendra Choco Chips,Pancakes & Waffles,1,20,15,706500,15.0,8,5
2025-09,Carulla,Manizales,PAN-ALM-VAN,Almendra Vainilla,Pancakes & Waffles,1,8,6,282600,6.0,9,2
2025-09,Carulla,Manizales,PAN-AVE-BAN,Avena Banano,Pancakes & Waffles,1,82,67,2489050,67.0,2,15
2025-09,Carulla,Manizales,PAN-AVE-VAN,Avena Vainilla,Pancakes & Waffles,1,60,43,1597450,43.0,1,17
2025-09,Carulla,Medellín,AVE-HOJ,Avena en Hojuelas,Avena & Harinas,5,177,131,4643950,26.2,6,46
2025-09,Carulla,Medellín,COM-3GRA,Three Pack GranOLA,Combos,5,8,6,656100,1.2,2,2
2025-09,Carulla,Medellín,COM-3SPR,Three Pack Spread,Combos,5,46,45,6547500,9.0,5,1
2025-09,Carulla,Medellín,COM-WAF,Mini Wafflera,Combos,5,28,28,3164000,5.6,1,0
2025-09,Carulla,Medellín,ESP-BABY,Baby Spreads,Esparcibles,5,79,63,1389150,12.6,5,16
2025-09,Carulla,Medellín,ESP-CIN,Golden Cinnamon Roll,Esparcibles,5,39,32,1756800,6.4,2,7
2025-09,Carulla,Medellín,ESP-CRE,Creamy Cocoa Hazelnut,Esparcibles,5,13,10,549000,2.0,0,3
2025-09,Carulla,Medellín,ESP-CRU,Crunchy Cocoa Hazelnut,Esparcibles,5,60,44,2415600,8.8,3,16
2025-09,Carulla,Medellín,ESP-PB,Peanutty Banana Shake,Esparcibles,5,71,59,3239100,11.8,0,12
2025-09,Carulla,Medellín,ESP-PIS,Buttery Pistachio Cookie,Esparcibles,5,92,72,5166000,14.4,0,20
2025-09,Carulla,Medellín,GRA-CHI,Chip Cookie,GranOLAS,5,59,48,2059200,9.6,3,11
2025-09,Carulla,Medellín,GRA-FUD,Fudge Cake,GranOLAS,5,25,18,772200,3.6,2,7
2025-09,Carulla,Medellín,GRA-PIS,Pistachio Cookie,GranOLAS,5,132,106,5384800,21.2,6,26
2025-09,Carulla,Medellín,GRA-VAN,Vanilla Shortbread,GranOLAS,5,76,77,3303300,15.4,3,0
2025-09,Carulla,Medellín,HAR-ALM,Harina de Almendra,Avena & Harinas,5,138,121,4737150,24.2,3,17
2025-09,Carulla,Medellín,HAR-AVE,Harina de Avena,Avena & Harinas,5,33,31,1098950,6.2,2,2
2025-09,Carulla,Medellín,PAN-ALM-CHO,Almendra Choco Chips,Pancakes & Waffles,5,113,82,3862200,16.4,5,31
2025-09,Carulla,Medellín,PAN-ALM-CHU,Almendra Churro,Pancakes & Waffles,5,147,142,6688200,28.4,1,5
2025-09,Carulla,Medellín,PAN-ALM-VAN,Almendra Vainilla,Pancakes & Waffles,5,137,134,6311400,26.8,0,3
2025-09,Carulla,Medellín,PAN-AVE-BAN,Avena Banano,Pancakes & Waffles,5,153,127,4718050,25.4,3,26
2025-09,Carulla,Medellín,PAN-AVE-BRO,Avena Brownie,Pancakes & Waffles,5,306,271,10067650,54.2,4,35
2025-09,Carulla,Medellín,PAN-AVE-VAN,Avena Vainilla,Pancakes & Waffles,5,48,45,1671750,9.0,3,3
2025-09,Carulla,Pereira,COM-3GRA,Three Pack GranOLA,Combos,1,7,5,546750,5.0,2,2
2025-09,Carulla,Pereira,GRA-VAN,Vanilla Shortbread,GranOLAS,1,60,60,2574000,60.0,0,0
2025-09,Carulla,Pereira,HAR-AVE,Harina de Avena,Avena & Harinas,1,45,38,1347100,38.0,0,7
2025-09,Fithub,Barranquilla,AVE-HOJ,Avena en Hojuelas,Avena & Harinas,2,5,4,154200,2.0,2,1
2025-09,Fithub,Barranquilla,COM-3GRA,Three Pack GranOLA,Combos,2,1,0,0,0.0,3,1
2025-09,Fithub,Barranquilla,COM-WAF,Mini Wafflera,Combos,2,5,4,492000,2.0,5,1
2025-09,Fithub,Barranquilla,ESP-PIS,Buttery Pistachio Cookie,Esparcibles,2,4,3,234300,1.5,7,1
2025-09,Fithub,Barranquilla,GRA-CHI,Chip Cookie,GranOLAS,2,8,6,280200,3.0,0,2
2025-09,Fithub,Barranquilla,GRA-PIS,Pistachio Cookie,GranOLAS,2,1,0,0,0.0,0,1
2025-09,Fithub,Barranquilla,GRA-VAN,Vanilla Shortbread,GranOLAS,2,1,0,0,0.0,0,1
2025-09,Fithub,Barranquilla,HAR-ALM,Harina de Almendra,Avena & Harinas,2,9,8,340800,4.0,4,1
2025-09,Fithub,Barranquilla,HAR-AVE,Harina de Avena,Avena & Harinas,2,8,7,269850,3.5,1,1
2025-09,Fithub,Barranquilla,PAN-ALM-CHU,Almendra Churro,Pancakes & Waffles,2,2,1,51300,0.5,2,1
2025-09,Fithub,Barranquilla,PAN-ALM-VAN,Almendra Vainilla,Pancakes & Waffles,2,5,4,205200,2.0,0,1
2025-09,Fithub,Barranquilla,PAN-AVE-BRO,Avena Brownie,Pancakes & Waffles,2,3,2,80900,1.0,5,1
2025-09,Fithub,Barranquilla,PAN-AVE-VAN,Avena Vainilla,Pancakes & Waffles,2,11,9,364050,4.5,0,2
2025-09,Fithub,Bogotá,AVE-HOJ,Avena en Hojuelas,Avena & Harinas,3,107,83,3199650,27.67,0,24
2025-09,Fithub,Bogotá,COM-3GRA,Three Pack GranOLA,Combos,3,20,20,2381000,6.67,1,0
2025-09,Fithub,Bogotá,COM-3SPR,Three Pack Spread,Combos,3,17,14,2217600,4.67,2,3
2025-09,Fithub,Bogotá,COM-WAF,Mini Wafflera,Combos,3,35,30,3690000,10.0,2,5
2025-09,Fithub,Bogotá,ESP-BABY,Baby Spreads,Esparcibles,3,213,200,4800000,66.67,5,13
2025-09,Fithub,Bogotá,ESP-CIN,Golden Cinnamon Roll,Esparcibles,3,41,41,2449750,13.67,2,0
2025-09,Fithub,Bogotá,ESP-CRE,Creamy Cocoa Hazelnut,Esparcibles,3,45,38,2270500,12.67,3,7
2025-09,Fithub,Bogotá,ESP-CRU,Crunchy Cocoa Hazelnut,Esparcibles,3,36,27,1613250,9.0,0,9
2025-09,Fithub,Bogotá,ESP-PB,Peanutty Banana Shake,Esparcibles,3,43,31,1852250,10.33,3,12
2025-09,Fithub,Bogotá,ESP-PIS,Buttery Pistachio Cookie,Esparcibles,3,29,23,1796300,7.67,3,6
2025-09,Fithub,Bogotá,GRA-CHI,Chip Cookie,GranOLAS,3,88,65,3035500,21.67,4,23
2025-09,Fithub,Bogotá,GRA-FUD,Fudge Cake,GranOLAS,3,63,46,2148200,15.33,2,17
2025-09,Fithub,Bogotá,GRA-PIS,Pistachio Cookie,GranOLAS,3,39,38,2101400,12.67,3,1
2025-09,Fithub,Bogotá,GRA-VAN,Vanilla Shortbread,GranOLAS,3,72,53,2475100,17.67,1,19
2025-09,Fithub,Bogotá,HAR-ALM,Harina de Almendra,Avena & Harinas,3,77,71,3024600,23.67,0,6
2025-09,Fithub,Bogotá,HAR-AVE,Harina de Avena,Avena & Harinas,3,130,102,3932100,34.0,1,28
2025-09,Fithub,Bogotá,PAN-ALM-CHO,Almendra Choco Chips,Pancakes & Waffles,3,51,50,2565000,16.67,2,1
2025-09,Fithub,Bogotá,PAN-ALM-CHU,Almendra Churro,Pancakes & Waffles,3,62,51,2616300,17.0,4,11
2025-09,Fithub,Bogotá,PAN-ALM-VAN,Almendra Vainilla,Pancakes & Waffles,3,65,51,2616300,17.0,1,14
2025-09,Fithub,Bogotá,PAN-AVE-BAN,Avena Banano,Pancakes & Waffles,3,155,153,6188850,51.0,0,2
2025-09,Fithub,Bogotá,PAN-AVE-BRO,Avena Brownie,Pancakes & Waffles,3,75,67,2710150,22.33,0,8
2025-09,Fithub,Bogotá,PAN-AVE-VAN,Avena Vainilla,Pancakes & Waffles,3,73,67,2710150,22.33,0,6
2025-09,Fithub,Bucaramanga,COM-3GRA,Three Pack GranOLA,Combos,3,4,3,357150,1.0,2,1
2025-09,Fithub,Bucaramanga,COM-3SPR,Three Pack Spread,Combos,3,3,2,316800,0.67,0,1
2025-09,Fithub,Bucaramanga,COM-WAF,Mini Wafflera,Combos,3,1,0,0,0.0,4,1
2025-09,Fithub,Bucaramanga,ESP-BABY,Baby Spreads,Esparcibles,3,18,13,312000,4.33,2,5
2025-09,Fithub,Bucaramanga,ESP-CIN,Golden Cinnamon Roll,Esparcibles,3,3,2,119500,0.67,4,1
2025-09,Fithub,Bucaramanga,ESP-CRU,Crunchy Cocoa Hazelnut,Esparcibles,3,1,0,0,0.0,4,1
2025-09,Fithub,Bucaramanga,ESP-PIS,Buttery Pistachio Cookie,Esparcibles,3,6,5,390500,1.67,0,1
2025-09,Fithub,Bucaramanga,GRA-CHI,Chip Cookie,GranOLAS,3,4,3,140100,1.0,0,1
2025-09,Fithub,Bucaramanga,GRA-PIS,Pistachio Cookie,GranOLAS,3,4,3,165900,1.0,1,1
2025-09,Fithub,Bucaramanga,GRA-VAN,Vanilla Shortbread,GranOLAS,3,15,10,467000,3.33,5,5
2025-09,Fithub,Bucaramanga,HAR-AVE,Harina de Avena,Avena & Harinas,3,9,8,308400,2.67,8,1
2025-09,Fithub,Bucaramanga,PAN-ALM-CHO,Almendra Choco Chips,Pancakes & Waffles,3,4,2,102600,0.67,4,2
2025-09,Fithub,Bucaramanga,PAN-AVE-BAN,Avena Banano,Pancakes & Waffles,3,18,12,485400,4.0,2,6
2025-09,Fithub,Bucaramanga,PAN-AVE-BRO,Avena Brownie,Pancakes & Waffles,3,4,3,121350,1.0,2,1
2025-09,Fithub,Bucaramanga,PAN-AVE-VAN,Avena Vainilla,Pancakes & Waffles,3,2,1,40450,0.33,6,1
2025-09,Fithub,Cali,AVE-HOJ,Avena en Hojuelas,Avena & Harinas,2,20,15,578250,7.5,0,5
2025-09,Fithub,Cali,COM-3GRA,Three Pack GranOLA,Combos,2,3,2,238100,1.0,0,1
2025-09,Fithub,Cali,COM-3SPR,Three Pack Spread,Combos,2,6,5,792000,2.5,1,1
2025-09,Fithub,Cali,COM-WAF,Mini Wafflera,Combos,2,15,13,1599000,6.5,2,2
2025-09,Fithub,Cali,ESP-BABY,Baby Spreads,Esparcibles,2,67,63,1512000,31.5,1,4
2025-09,Fithub,Cali,ESP-CIN,Golden Cinnamon Roll,Esparcibles,2,15,14,836500,7.0,0,1
2025-09,Fithub,Cali,ESP-CRE,Creamy Cocoa Hazelnut,Esparcibles,2,3,2,119500,1.0,0,1
2025-09,Fithub,Cali,ESP-CRU,Crunchy Cocoa Hazelnut,Esparcibles,2,4,3,179250,1.5,2,1
2025-09,Fithub,Cali,ESP-PIS,Buttery Pistachio Cookie,Esparcibles,2,7,5,390500,2.5,1,2
2025-09,Fithub,Cali,GRA-CHI,Chip Cookie,GranOLAS,2,14,11,513700,5.5,4,3
2025-09,Fithub,Cali,GRA-FUD,Fudge Cake,GranOLAS,2,9,8,373600,4.0,3,1
2025-09,Fithub,Cali,GRA-PIS,Pistachio Cookie,GranOLAS,2,30,21,1161300,10.5,6,9
2025-09,Fithub,Cali,GRA-VAN,Vanilla Shortbread,GranOLAS,2,4,3,140100,1.5,0,1
2025-09,Fithub,Cali,HAR-ALM,Harina de Almendra,Avena & Harinas,2,40,35,1491000,17.5,2,5
2025-09,Fithub,Cali,HAR-AVE,Harina de Avena,Avena & Harinas,2,15,14,539700,7.0,0,1
2025-09,Fithub,Cali,PAN-ALM-CHO,Almendra Choco Chips,Pancakes & Waffles,2,64,60,3078000,30.0,4,4
2025-09,Fithub,Cali,PAN-ALM-CHU,Almendra Churro,Pancakes & Waffles,2,19,17,872100,8.5,3,2
2025-09,Fithub,Cali,PAN-ALM-VAN,Almendra Vainilla,Pancakes & Waffles,2,59,58,2975400,29.0,4,1
2025-09,Fithub,Cali,PAN-AVE-BAN,Avena Banano,Pancakes & Waffles,2,22,21,849450,10.5,0,1
2025-09,Fithub,Cali,PAN-AVE-VAN,Avena Vainilla,Pancakes & Waffles,2,25,20,809000,10.0,3,5
2025-09,Fithub,Cartagena,AVE-HOJ,Avena en Hojuelas,Avena & Harinas,1,19,18,693900,18.0,0,1
2025-09,Fithub,Cartagena,COM-3GRA,Three Pack GranOLA,Combos,1,6,5,595250,5.0,8,1
2025-09,Fithub,Cartagena,COM-3SPR,Three Pack Spread,Combos,1,2,1,158400,1.0,0,1
2025-09,Fithub,Cartagena,COM-WAF,Mini Wafflera,Combos,1,4,3,369000,3.0,4,1
2025-09,Fithub,Cartagena,ESP-CIN,Golden Cinnamon Roll,Esparcibles,1,10,8,478000,8.0,2,2
2025-09,Fithub,Cartagena,ESP-CRE,Creamy Cocoa Hazelnut,Esparcibles,1,2,1,59750,1.0,6,1
2025-09,Fithub,Cartagena,ESP-CRU,Crunchy Cocoa Hazelnut,Esparcibles,1,35,30,1792500,30.0,0,5
2025-09,Fithub,Cartagena,ESP-PB,Peanutty Banana Shake,Esparcibles,1,22,19,1135250,19.0,3,3
2025-09,Fithub,Cartagena,ESP-PIS,Buttery Pistachio Cookie,Esparcibles,1,12,9,702900,9.0,6,3
2025-09,Fithub,Cartagena,GRA-CHI,Chip Cookie,GranOLAS,1,22,16,747200,16.0,1,6
2025-09,Fithub,Cartagena,GRA-FUD,Fudge Cake,GranOLAS,1,10,9,420300,9.0,4,1
2025-09,Fithub,Cartagena,GRA-PIS,Pistachio Cookie,GranOLAS,1,26,21,1161300,21.0,6,5
2025-09,Fithub,Cartagena,GRA-VAN,Vanilla Shortbread,GranOLAS,1,27,24,1120800,24.0,1,3
2025-09,Fithub,Cartagena,HAR-ALM,Harina de Almendra,Avena & Harinas,1,16,12,511200,12.0,5,4
2025-09,Fithub,Cartagena,HAR-AVE,Harina de Avena,Avena & Harinas,1,12,11,424050,11.0,1,1
2025-09,Fithub,Cartagena,PAN-ALM-CHO,Almendra Choco Chips,Pancakes & Waffles,1,17,12,615600,12.0,5,5
2025-09,Fithub,Cartagena,PAN-ALM-CHU,Almendra Churro,Pancakes & Waffles,1,7,6,307800,6.0,0,1
2025-09,Fithub,Cartagena,PAN-ALM-VAN,Almendra Vainilla,Pancakes & Waffles,1,28,20,1026000,20.0,3,8
2025-09,Fithub,Cartagena,PAN-AVE-BAN,Avena Banano,Pancakes & Waffles,1,46,45,1820250,45.0,1,1
2025-09,Fithub,Cartagena,PAN-AVE-BRO,Avena Brownie,Pancakes & Waffles,1,31,23,930350,23.0,0,8
2025-09,Fithub,Cartagena,PAN-AVE-VAN,Avena Vainilla,Pancakes & Waffles,1,35,31,1253950,31.0,0,4
2025-09,Fithub,Medellín,AVE-HOJ,Avena en Hojuelas,Avena & Harinas,4,5,3,115650,0.75,4,2
2025-09,Fithub,Medellín,COM-3GRA,Three Pack GranOLA,Combos,4,9,8,952400,2.0,3,1
2025-09,Fithub,Medellín,COM-3SPR,Three Pack Spread,Combos,4,8,6,950400,1.5,5,2
2025-09,Fithub,Medellín,COM-WAF,Mini Wafflera,Combos,4,2,1,123000,0.25,0,1
2025-09,Fithub,Medellín,ESP-BABY,Baby Spreads,Esparcibles,4,42,40,960000,10.0,8,2
2025-09,Fithub,Medellín,ESP-CIN,Golden Cinnamon Roll,Esparcibles,4,2,1,59750,0.25,3,1
2025-09,Fithub,Medellín,ESP-CRE,Creamy Cocoa Hazelnut,Esparcibles,4,9,7,418250,1.75,0,2
2025-09,Fithub,Medellín,ESP-CRU,Crunchy Cocoa Hazelnut,Esparcibles,4,22,18,1075500,4.5,3,4
2025-09,Fithub,Medellín,ESP-PB,Peanutty Banana Shake,Esparcibles,4,2,1,59750,0.25,1,1
2025-09,Fithub,Medellín,ESP-PIS,Buttery Pistachio Cookie,Esparcibles,4,18,16,1249600,4.0,0,2
2025-09,Fithub,Medellín,GRA-FUD,Fudge Cake,GranOLAS,4,12,10,467000,2.5,1,2
2025-09,Fithub,Medellín,GRA-PIS,Pistachio Cookie,GranOLAS,4,11,10,553000,2.5,4,1
2025-09,Fithub,Medellín,GRA-VAN,Vanilla Shortbread,GranOLAS,4,33,31,1447700,7.75,1,2
2025-09,Fithub,Medellín,HAR-ALM,Harina de Almendra,Avena & Harinas,4,27,19,809400,4.75,0,8
2025-09,Fithub,Medellín,HAR-AVE,Harina de Avena,Avena & Harinas,4,66,57,2197350,14.25,7,9
2025-09,Fithub,Medellín,PAN-ALM-CHO,Almendra Choco Chips,Pancakes & Waffles,4,34,31,1590300,7.75,3,3
2025-09,Fithub,Medellín,PAN-ALM-CHU,Almendra Churro,Pancakes & Waffles,4,5,4,205200,1.0,0,1
2025-09,Fithub,Medellín,PAN-ALM-VAN,Almendra Vainilla,Pancakes & Waffles,4,4,3,153900,0.75,0,1
2025-09,Fithub,Medellín,PAN-AVE-BAN,Avena Banano,Pancakes & Waffles,4,125,119,4813550,29.75,5,6
2025-09,Fithub,Medellín,PAN-AVE-BRO,Avena Brownie,Pancakes & Waffles,4,12,10,404500,2.5,3,2
2025-09,Fithub,Medellín,PAN-AVE-VAN,Avena Vainilla,Pancakes & Waffles,4,29,23,930350,5.75,0,6
2025-09,Fithub,Pereira,COM-3GRA,Three Pack GranOLA,Combos,1,1,0,0,0.0,0,1
2025-09,Fithub,Pereira,COM-WAF,Mini Wafflera,Combos,1,1,1,123000,1.0,5,0
2025-09,Fithub,Pereira,ESP-BABY,Baby Spreads,Esparcibles,1,5,4,96000,4.0,4,1
2025-09,Fithub,Pereira,ESP-CIN,Golden Cinnamon Roll,Esparcibles,1,2,1,59750,1.0,4,1
2025-09,Fithub,Pereira,ESP-CRE,Creamy Cocoa Hazelnut,Esparcibles,1,1,0,0,0.0,5,1
2025-09,Fithub,Pereira,ESP-PB,Peanutty Banana Shake,Esparcibles,1,1,0,0,0.0,0,1
2025-09,Fithub,Pereira,ESP-PIS,Buttery Pistachio Cookie,Esparcibles,1,1,0,0,0.0,0,1
2025-09,Fithub,Pereira,GRA-VAN,Vanilla Shortbread,GranOLAS,1,18,17,793900,17.0,0,1
2025-09,Fithub,Pereira,HAR-ALM,Harina de Almendra,Avena & Harinas,1,16,12,511200,12.0,2,4
2025-09,Fithub,Pereira,HAR-AVE,Harina de Avena,Avena & Harinas,1,9,7,269850,7.0,1,2
2025-09,Fithub,Pereira,PAN-ALM-CHO,Almendra Choco Chips,Pancakes & Waffles,1,2,1,51300,1.0,5,1
2025-09,Fithub,Pereira,PAN-ALM-CHU,Almendra Churro,Pancakes & Waffles,1,15,14,718200,14.0,0,1
2025-09,Fithub,Pereira,PAN-ALM-VAN,Almendra Vainilla,Pancakes & Waffles,1,7,5,256500,5.0,1,2
2025-09,Fithub,Pereira,PAN-AVE-BRO,Avena Brownie,Pancakes & Waffles,1,1,1,40450,1.0,1,0
2025-09,Fithub,Pereira,PAN-AVE-VAN,Avena Vainilla,Pancakes & Waffles,1,3,2,80900,2.0,3,1
2025-09,Tiendas naturistas,Barranquilla,AVE-HOJ,Avena en Hojuelas,Avena & Harinas,2,5,3,111000,1.5,4,2
2025-09,Tiendas naturistas,Barranquilla,COM-3GRA,Three Pack GranOLA,Combos,2,4,3,342600,1.5,4,1
2025-09,Tiendas naturistas,Barranquilla,COM-3SPR,Three Pack Spread,Combos,2,7,5,759750,2.5,0,2
2025-09,Tiendas naturistas,Barranquilla,COM-WAF,Mini Wafflera,Combos,2,6,5,590000,2.5,0,1
2025-09,Tiendas naturistas,Barranquilla,ESP-BABY,Baby Spreads,Esparcibles,2,20,16,368000,8.0,5,4
2025-09,Tiendas naturistas,Barranquilla,ESP-CIN,Golden Cinnamon Roll,Esparcibles,2,23,22,1261700,11.0,5,1
2025-09,Tiendas naturistas,Barranquilla,ESP-CRE,Creamy Cocoa Hazelnut,Esparcibles,2,23,18,1032300,9.0,4,5
2025-09,Tiendas naturistas,Barranquilla,ESP-CRU,Crunchy Cocoa Hazelnut,Esparcibles,2,26,22,1261700,11.0,5,4
2025-09,Tiendas naturistas,Barranquilla,ESP-PB,Peanutty Banana Shake,Esparcibles,2,28,25,1433750,12.5,3,3
2025-09,Tiendas naturistas,Barranquilla,ESP-PIS,Buttery Pistachio Cookie,Esparcibles,2,13,12,899400,6.0,1,1
2025-09,Tiendas naturistas,Barranquilla,GRA-CHI,Chip Cookie,GranOLAS,2,41,30,1344000,15.0,3,11
2025-09,Tiendas naturistas,Barranquilla,GRA-FUD,Fudge Cake,GranOLAS,2,27,20,896000,10.0,3,7
2025-09,Tiendas naturistas,Barranquilla,GRA-PIS,Pistachio Cookie,GranOLAS,2,9,7,371350,3.5,3,2
2025-09,Tiendas naturistas,Barranquilla,GRA-VAN,Vanilla Shortbread,GranOLAS,2,19,15,672000,7.5,2,4
2025-09,Tiendas naturistas,Barranquilla,HAR-ALM,Harina de Almendra,Avena & Harinas,2,70,66,2699400,33.0,4,4
2025-09,Tiendas naturistas,Barranquilla,HAR-AVE,Harina de Avena,Avena & Harinas,2,50,49,1813000,24.5,2,1
2025-09,Tiendas naturistas,Barranquilla,PAN-ALM-CHO,Almendra Choco Chips,Pancakes & Waffles,2,19,19,934800,9.5,4,0
2025-09,Tiendas naturistas,Barranquilla,PAN-ALM-CHU,Almendra Churro,Pancakes & Waffles,2,19,19,934800,9.5,4,0
2025-09,Tiendas naturistas,Barranquilla,PAN-ALM-VAN,Almendra Vainilla,Pancakes & Waffles,2,33,31,1525200,15.5,5,2
2025-09,Tiendas naturistas,Barranquilla,PAN-AVE-BAN,Avena Banano,Pancakes & Waffles,2,29,22,853600,11.0,4,7
2025-09,Tiendas naturistas,Barranquilla,PAN-AVE-BRO,Avena Brownie,Pancakes & Waffles,2,28,27,1047600,13.5,2,1
2025-09,Tiendas naturistas,Bogotá,AVE-HOJ,Avena en Hojuelas,Avena & Harinas,31,100,85,3145000,2.74,3,15
2025-09,Tiendas naturistas,Bogotá,COM-3GRA,Three Pack GranOLA,Combos,31,40,39,4453800,1.26,0,1
2025-09,Tiendas naturistas,Bogotá,COM-3SPR,Three Pack Spread,Combos,31,41,30,4558500,0.97,4,11
2025-09,Tiendas naturistas,Bogotá,COM-WAF,Mini Wafflera,Combos,31,14,11,1298000,0.35,0,3
2025-09,Tiendas naturistas,Bogotá,ESP-BABY,Baby Spreads,Esparcibles,31,75,74,1702000,2.39,8,1
2025-09,Tiendas naturistas,Bogotá,ESP-CIN,Golden Cinnamon Roll,Esparcibles,31,51,47,2695450,1.52,6,4
2025-09,Tiendas naturistas,Bogotá,ESP-CRE,Creamy Cocoa Hazelnut,Esparcibles,31,105,78,4473300,2.52,4,27
2025-09,Tiendas naturistas,Bogotá,ESP-CRU,Crunchy Cocoa Hazelnut,Esparcibles,31,64,48,2752800,1.55,1,16
2025-09,Tiendas naturistas,Bogotá,ESP-PB,Peanutty Banana Shake,Esparcibles,31,69,57,3268950,1.84,1,12
2025-09,Tiendas naturistas,Bogotá,ESP-PIS,Buttery Pistachio Cookie,Esparcibles,31,31,27,2023650,0.87,6,4
2025-09,Tiendas naturistas,Bogotá,GRA-CHI,Chip Cookie,GranOLAS,31,134,113,5062400,3.65,0,21
2025-09,Tiendas naturistas,Bogotá,GRA-FUD,Fudge Cake,GranOLAS,31,64,56,2508800,1.81,0,8
2025-09,Tiendas naturistas,Bogotá,GRA-PIS,Pistachio Cookie,GranOLAS,31,41,33,1750650,1.06,2,8
2025-09,Tiendas naturistas,Bogotá,GRA-VAN,Vanilla Shortbread,GranOLAS,31,79,66,2956800,2.13,0,13
2025-09,Tiendas naturistas,Bogotá,HAR-ALM,Harina de Almendra,Avena & Harinas,31,86,70,2863000,2.26,1,16
2025-09,Tiendas naturistas,Bogotá,HAR-AVE,Harina de Avena,Avena & Harinas,31,73,58,2146000,1.87,3,15
2025-09,Tiendas naturistas,Bogotá,PAN-ALM-CHO,Almendra Choco Chips,Pancakes & Waffles,31,118,92,4526400,2.97,3,26
2025-09,Tiendas naturistas,Bogotá,PAN-ALM-CHU,Almendra Churro,Pancakes & Waffles,31,167,125,6150000,4.03,0,42
2025-09,Tiendas naturistas,Bogotá,PAN-ALM-VAN,Almendra Vainilla,Pancakes & Waffles,31,66,61,3001200,1.97,0,5
2025-09,Tiendas naturistas,Bogotá,PAN-AVE-BAN,Avena Banano,Pancakes & Waffles,31,158,121,4694800,3.9,0,37
2025-09,Tiendas naturistas,Bogotá,PAN-AVE-BRO,Avena Brownie,Pancakes & Waffles,31,212,205,7954000,6.61,3,7
2025-09,Tiendas naturistas,Bogotá,PAN-AVE-VAN,Avena Vainilla,Pancakes & Waffles,31,67,58,2250400,1.87,1,9
2025-09,Tiendas naturistas,Bucaramanga,AVE-HOJ,Avena en Hojuelas,Avena & Harinas,2,20,14,518000,7.0,8,6
2025-09,Tiendas naturistas,Bucaramanga,COM-3SPR,Three Pack Spread,Combos,2,2,1,151950,0.5,3,1
2025-09,Tiendas naturistas,Bucaramanga,COM-WAF,Mini Wafflera,Combos,2,5,4,472000,2.0,0,1
2025-09,Tiendas naturistas,Bucaramanga,ESP-BABY,Baby Spreads,Esparcibles,2,90,86,1978000,43.0,6,4
2025-09,Tiendas naturistas,Bucaramanga,ESP-CRE,Creamy Cocoa Hazelnut,Esparcibles,2,6,5,286750,2.5,7,1
2025-09,Tiendas naturistas,Bucaramanga,ESP-PB,Peanutty Banana Shake,Esparcibles,2,8,6,344100,3.0,1,2
2025-09,Tiendas naturistas,Bucaramanga,ESP-PIS,Buttery Pistachio Cookie,Esparcibles,2,10,9,674550,4.5,0,1
2025-09,Tiendas naturistas,Bucaramanga,GRA-CHI,Chip Cookie,GranOLAS,2,5,4,179200,2.0,2,1
2025-09,Tiendas naturistas,Bucaramanga,GRA-FUD,Fudge Cake,GranOLAS,2,12,11,492800,5.5,1,1
2025-09,Tiendas naturistas,Bucaramanga,GRA-PIS,Pistachio Cookie,GranOLAS,2,15,11,583550,5.5,0,4
2025-09,Tiendas naturistas,Bucaramanga,HAR-AVE,Harina de Avena,Avena & Harinas,2,37,27,999000,13.5,4,10
2025-09,Tiendas naturistas,Bucaramanga,PAN-ALM-CHO,Almendra Choco Chips,Pancakes & Waffles,2,17,16,787200,8.0,5,1
2025-09,Tiendas naturistas,Bucaramanga,PAN-ALM-CHU,Almendra Churro,Pancakes & Waffles,2,20,16,787200,8.0,0,4
2025-09,Tiendas naturistas,Bucaramanga,PAN-AVE-BRO,Avena Brownie,Pancakes & Waffles,2,9,8,310400,4.0,0,1
2025-09,Tiendas naturistas,Bucaramanga,PAN-AVE-VAN,Avena Vainilla,Pancakes & Waffles,2,3,2,77600,1.0,0,1
2025-09,Tiendas naturistas,Cali,AVE-HOJ,Avena en Hojuelas,Avena & Harinas,5,30,29,1073000,5.8,2,1
2025-09,Tiendas naturistas,Cali,COM-3GRA,Three Pack GranOLA,Combos,5,23,21,2398200,4.2,4,2
2025-09,Tiendas naturistas,Cali,COM-3SPR,Three Pack Spread,Combos,5,22,19,2887050,3.8,6,3
2025-09,Tiendas naturistas,Cali,COM-WAF,Mini Wafflera,Combos,5,22,17,2006000,3.4,1,5
2025-09,Tiendas naturistas,Cali,ESP-BABY,Baby Spreads,Esparcibles,5,76,73,1679000,14.6,1,3
2025-09,Tiendas naturistas,Cali,ESP-CIN,Golden Cinnamon Roll,Esparcibles,5,22,20,1147000,4.0,10,2
2025-09,Tiendas naturistas,Cali,ESP-CRE,Creamy Cocoa Hazelnut,Esparcibles,5,27,23,1319050,4.6,0,4
2025-09,Tiendas naturistas,Cali,ESP-CRU,Crunchy Cocoa Hazelnut,Esparcibles,5,52,45,2580750,9.0,5,7
2025-09,Tiendas naturistas,Cali,ESP-PB,Peanutty Banana Shake,Esparcibles,5,80,81,4645350,16.2,7,0
2025-09,Tiendas naturistas,Cali,ESP-PIS,Buttery Pistachio Cookie,Esparcibles,5,4,3,224850,0.6,0,1
2025-09,Tiendas naturistas,Cali,GRA-CHI,Chip Cookie,GranOLAS,5,62,47,2105600,9.4,2,15
2025-09,Tiendas naturistas,Cali,GRA-FUD,Fudge Cake,GranOLAS,5,84,80,3584000,16.0,5,4
2025-09,Tiendas naturistas,Cali,GRA-PIS,Pistachio Cookie,GranOLAS,5,33,30,1591500,6.0,3,3
2025-09,Tiendas naturistas,Cali,GRA-VAN,Vanilla Shortbread,GranOLAS,5,7,6,268800,1.2,3,1
2025-09,Tiendas naturistas,Cali,HAR-ALM,Harina de Almendra,Avena & Harinas,5,16,15,613500,3.0,4,1
2025-09,Tiendas naturistas,Cali,HAR-AVE,Harina de Avena,Avena & Harinas,5,62,57,2109000,11.4,5,5
2025-09,Tiendas naturistas,Cali,PAN-ALM-CHO,Almendra Choco Chips,Pancakes & Waffles,5,29,28,1377600,5.6,4,1
2025-09,Tiendas naturistas,Cali,PAN-ALM-CHU,Almendra Churro,Pancakes & Waffles,5,26,24,1180800,4.8,3,2
2025-09,Tiendas naturistas,Cali,PAN-ALM-VAN,Almendra Vainilla,Pancakes & Waffles,5,22,22,1082400,4.4,0,0
2025-09,Tiendas naturistas,Cali,PAN-AVE-BAN,Avena Banano,Pancakes & Waffles,5,99,73,2832400,14.6,2,26
2025-09,Tiendas naturistas,Cali,PAN-AVE-BRO,Avena Brownie,Pancakes & Waffles,5,96,91,3530800,18.2,1,5
2025-09,Tiendas naturistas,Cali,PAN-AVE-VAN,Avena Vainilla,Pancakes & Waffles,5,34,33,1280400,6.6,1,1
2025-09,Tiendas naturistas,Cartagena,AVE-HOJ,Avena en Hojuelas,Avena & Harinas,4,7,5,185000,1.25,6,2
2025-09,Tiendas naturistas,Cartagena,ESP-BABY,Baby Spreads,Esparcibles,4,1,0,0,0.0,4,1
2025-09,Tiendas naturistas,Cartagena,ESP-CRU,Crunchy Cocoa Hazelnut,Esparcibles,4,7,6,344100,1.5,2,1
2025-09,Tiendas naturistas,Cartagena,ESP-PB,Peanutty Banana Shake,Esparcibles,4,12,9,516150,2.25,1,3
2025-09,Tiendas naturistas,Cartagena,GRA-CHI,Chip Cookie,GranOLAS,4,23,23,1030400,5.75,2,0
2025-09,Tiendas naturistas,Cartagena,GRA-FUD,Fudge Cake,GranOLAS,4,13,10,448000,2.5,6,3
2025-09,Tiendas naturistas,Cartagena,GRA-PIS,Pistachio Cookie,GranOLAS,4,21,16,848800,4.0,2,5
2025-09,Tiendas naturistas,Cartagena,GRA-VAN,Vanilla Shortbread,GranOLAS,4,1,0,0,0.0,3,1
2025-09,Tiendas naturistas,Cartagena,HAR-ALM,Harina de Almendra,Avena & Harinas,4,11,8,327200,2.0,0,3
2025-09,Tiendas naturistas,Cartagena,PAN-ALM-CHO,Almendra Choco Chips,Pancakes & Waffles,4,2,1,49200,0.25,1,1
2025-09,Tiendas naturistas,Cartagena,PAN-ALM-CHU,Almendra Churro,Pancakes & Waffles,4,7,6,295200,1.5,0,1
2025-09,Tiendas naturistas,Cartagena,PAN-ALM-VAN,Almendra Vainilla,Pancakes & Waffles,4,25,24,1180800,6.0,0,1
2025-09,Tiendas naturistas,Cartagena,PAN-AVE-BRO,Avena Brownie,Pancakes & Waffles,4,3,2,77600,0.5,3,1
2025-09,Tiendas naturistas,Manizales,COM-3GRA,Three Pack GranOLA,Combos,1,2,1,114200,1.0,2,1
2025-09,Tiendas naturistas,Manizales,ESP-CRU,Crunchy Cocoa Hazelnut,Esparcibles,1,23,21,1204350,21.0,4,2
2025-09,Tiendas naturistas,Manizales,ESP-PIS,Buttery Pistachio Cookie,Esparcibles,1,6,6,449700,6.0,4,0
2025-09,Tiendas naturistas,Manizales,GRA-CHI,Chip Cookie,GranOLAS,1,4,3,134400,3.0,0,1
2025-09,Tiendas naturistas,Manizales,GRA-FUD,Fudge Cake,GranOLAS,1,5,4,179200,4.0,0,1
2025-09,Tiendas naturistas,Manizales,PAN-AVE-VAN,Avena Vainilla,Pancakes & Waffles,1,27,25,970000,25.0,1,2
2025-09,Tiendas naturistas,Medellín,AVE-HOJ,Avena en Hojuelas,Avena & Harinas,13,99,90,3330000,6.92,4,9
2025-09,Tiendas naturistas,Medellín,COM-3GRA,Three Pack GranOLA,Combos,13,30,23,2626600,1.77,3,7
2025-09,Tiendas naturistas,Medellín,COM-3SPR,Three Pack Spread,Combos,13,1,0,0,0.0,0,1
2025-09,Tiendas naturistas,Medellín,COM-WAF,Mini Wafflera,Combos,13,2,1,118000,0.08,3,1
2025-09,Tiendas naturistas,Medellín,ESP-BABY,Baby Spreads,Esparcibles,13,30,28,644000,2.15,0,2
2025-09,Tiendas naturistas,Medellín,ESP-CIN,Golden Cinnamon Roll,Esparcibles,13,38,38,2179300,2.92,3,0
2025-09,Tiendas naturistas,Medellín,ESP-CRE,Creamy Cocoa Hazelnut,Esparcibles,13,54,39,2236650,3.0,1,15
2025-09,Tiendas naturistas,Medellín,ESP-CRU,Crunchy Cocoa Hazelnut,Esparcibles,13,20,17,974950,1.31,0,3
2025-09,Tiendas naturistas,Medellín,ESP-PB,Peanutty Banana Shake,Esparcibles,13,20,18,1032300,1.38,5,2
2025-09,Tiendas naturistas,Medellín,ESP-PIS,Buttery Pistachio Cookie,Esparcibles,13,2,1,74950,0.08,4,1
2025-09,Tiendas naturistas,Medellín,GRA-CHI,Chip Cookie,GranOLAS,13,38,29,1299200,2.23,5,9
2025-09,Tiendas naturistas,Medellín,GRA-FUD,Fudge Cake,GranOLAS,13,16,15,672000,1.15,5,1
2025-09,Tiendas naturistas,Medellín,GRA-PIS,Pistachio Cookie,GranOLAS,13,23,23,1220150,1.77,4,0
2025-09,Tiendas naturistas,Medellín,GRA-VAN,Vanilla Shortbread,GranOLAS,13,110,106,4748800,8.15,1,4
2025-09,Tiendas naturistas,Medellín,HAR-ALM,Harina de Almendra,Avena & Harinas,13,26,26,1063400,2.0,1,0
2025-09,Tiendas naturistas,Medellín,HAR-AVE,Harina de Avena,Avena & Harinas,13,21,15,555000,1.15,1,6
2025-09,Tiendas naturistas,Medellín,PAN-ALM-CHU,Almendra Churro,Pancakes & Waffles,13,65,65,3198000,5.0,3,0
2025-09,Tiendas naturistas,Medellín,PAN-ALM-VAN,Almendra Vainilla,Pancakes & Waffles,13,26,22,1082400,1.69,2,4
2025-09,Tiendas naturistas,Medellín,PAN-AVE-BRO,Avena Brownie,Pancakes & Waffles,13,11,10,388000,0.77,3,1
2025-09,Tiendas naturistas,Medellín,PAN-AVE-VAN,Avena Vainilla,Pancakes & Waffles,13,72,66,2560800,5.08,0,6
2025-09,Tiendas naturistas,Pereira,COM-3GRA,Three Pack GranOLA,Combos,4,2,2,228400,0.5,1,0
2025-09,Tiendas naturistas,Pereira,ESP-CIN,Golden Cinnamon Roll,Esparcibles,4,4,2,114700,0.5,3,2
2025-09,Tiendas naturistas,Pereira,ESP-CRE,Creamy Cocoa Hazelnut,Esparcibles,4,1,0,0,0.0,0,1
2025-09,Tiendas naturistas,Pereira,ESP-CRU,Crunchy Cocoa Hazelnut,Esparcibles,4,6,5,286750,1.25,0,1
2025-09,Tiendas naturistas,Pereira,ESP-PB,Peanutty Banana Shake,Esparcibles,4,5,4,229400,1.0,1,1
2025-09,Tiendas naturistas,Pereira,ESP-PIS,Buttery Pistachio Cookie,Esparcibles,4,6,4,299800,1.0,4,2
2025-09,Tiendas naturistas,Pereira,GRA-CHI,Chip Cookie,GranOLAS,4,3,2,89600,0.5,2,1
2025-09,Tiendas naturistas,Pereira,HAR-AVE,Harina de Avena,Avena & Harinas,4,2,1,37000,0.25,0,1
2025-09,Tiendas naturistas,Pereira,PAN-AVE-BAN,Avena Banano,Pancakes & Waffles,4,2,1,38800,0.25,6,1
2025-09,Éxito,Barranquilla,AVE-HOJ,Avena en Hojuelas,Avena & Harinas,5,41,33,1148400,6.6,0,8
2025-09,Éxito,Barranquilla,COM-3GRA,Three Pack GranOLA,Combos,5,79,59,6336600,11.8,5,20
2025-09,Éxito,Barranquilla,COM-3SPR,Three Pack Spread,Combos,5,14,11,1572450,2.2,0,3
2025-09,Éxito,Barranquilla,COM-WAF,Mini Wafflera,Combos,5,61,53,5883000,10.6,0,8
2025-09,Éxito,Barranquilla,ESP-BABY,Baby Spreads,Esparcibles,5,277,246,5325900,49.2,1,31
2025-09,Éxito,Barranquilla,ESP-CIN,Golden Cinnamon Roll,Esparcibles,5,103,92,4963400,18.4,3,11
2025-09,Éxito,Barranquilla,ESP-CRU,Crunchy Cocoa Hazelnut,Esparcibles,5,286,284,15321800,56.8,2,2
2025-09,Éxito,Barranquilla,ESP-PB,Peanutty Banana Shake,Esparcibles,5,22,18,971100,3.6,5,4
2025-09,Éxito,Barranquilla,ESP-PIS,Buttery Pistachio Cookie,Esparcibles,5,239,176,12408000,35.2,5,63
2025-09,Éxito,Barranquilla,GRA-CHI,Chip Cookie,GranOLAS,5,75,58,2441800,11.6,6,17
2025-09,Éxito,Barranquilla,GRA-FUD,Fudge Cake,GranOLAS,5,102,89,3746900,17.8,7,13
2025-09,Éxito,Barranquilla,GRA-PIS,Pistachio Cookie,GranOLAS,5,172,167,8333300,33.4,3,5
2025-09,Éxito,Barranquilla,GRA-VAN,Vanilla Shortbread,GranOLAS,5,47,46,1936600,9.2,1,1
2025-09,Éxito,Barranquilla,HAR-ALM,Harina de Almendra,Avena & Harinas,5,82,72,2768400,14.4,0,10
2025-09,Éxito,Barranquilla,HAR-AVE,Harina de Avena,Avena & Harinas,5,108,108,3758400,21.6,5,0
2025-09,Éxito,Barranquilla,PAN-ALM-CHO,Almendra Choco Chips,Pancakes & Waffles,5,119,88,4074400,17.6,6,31
2025-09,Éxito,Barranquilla,PAN-ALM-CHU,Almendra Churro,Pancakes & Waffles,5,215,213,9861900,42.6,4,2
2025-09,Éxito,Barranquilla,PAN-ALM-VAN,Almendra Vainilla,Pancakes & Waffles,5,52,45,2083500,9.0,5,7
2025-09,Éxito,Barranquilla,PAN-AVE-BAN,Avena Banano,Pancakes & Waffles,5,61,48,1752000,9.6,2,13
2025-09,Éxito,Barranquilla,PAN-AVE-BRO,Avena Brownie,Pancakes & Waffles,5,153,118,4307000,23.6,3,35
2025-09,Éxito,Barranquilla,PAN-AVE-VAN,Avena Vainilla,Pancakes & Waffles,5,79,58,2117000,11.6,3,21
2025-09,Éxito,Bogotá,AVE-HOJ,Avena en Hojuelas,Avena & Harinas,22,419,419,14581200,19.05,0,0
2025-09,Éxito,Bogotá,COM-3GRA,Three Pack GranOLA,Combos,22,85,84,9021600,3.82,1,1
2025-09,Éxito,Bogotá,COM-3SPR,Three Pack Spread,Combos,22,235,178,25445100,8.09,2,57
2025-09,Éxito,Bogotá,COM-WAF,Mini Wafflera,Combos,22,138,136,15096000,6.18,3,2
2025-09,Éxito,Bogotá,ESP-BABY,Baby Spreads,Esparcibles,22,536,436,9439400,19.82,0,100
2025-09,Éxito,Bogotá,ESP-CIN,Golden Cinnamon Roll,Esparcibles,22,116,85,4585750,3.86,2,31
2025-09,Éxito,Bogotá,ESP-CRE,Creamy Cocoa Hazelnut,Esparcibles,22,348,302,16292900,13.73,0,46
2025-09,Éxito,Bogotá,ESP-CRU,Crunchy Cocoa Hazelnut,Esparcibles,22,139,120,6474000,5.45,3,19
2025-09,Éxito,Bogotá,ESP-PB,Peanutty Banana Shake,Esparcibles,22,245,205,11059750,9.32,3,40
2025-09,Éxito,Bogotá,ESP-PIS,Buttery Pistachio Cookie,Esparcibles,22,100,90,6345000,4.09,2,10
2025-09,Éxito,Bogotá,GRA-CHI,Chip Cookie,GranOLAS,22,241,208,8756800,9.45,4,33
2025-09,Éxito,Bogotá,GRA-FUD,Fudge Cake,GranOLAS,22,198,182,7662200,8.27,5,16
2025-09,Éxito,Bogotá,GRA-PIS,Pistachio Cookie,GranOLAS,22,215,192,9580800,8.73,2,23
2025-09,Éxito,Bogotá,GRA-VAN,Vanilla Shortbread,GranOLAS,22,304,281,11830100,12.77,3,23
2025-09,Éxito,Bogotá,HAR-ALM,Harina de Almendra,Avena & Harinas,22,273,268,10304600,12.18,2,5
2025-09,Éxito,Bogotá,HAR-AVE,Harina de Avena,Avena & Harinas,22,319,265,9222000,12.05,1,54
2025-09,Éxito,Bogotá,PAN-ALM-CHO,Almendra Choco Chips,Pancakes & Waffles,22,247,209,9676700,9.5,5,38
2025-09,Éxito,Bogotá,PAN-ALM-CHU,Almendra Churro,Pancakes & Waffles,22,234,217,10047100,9.86,0,17
2025-09,Éxito,Bogotá,PAN-ALM-VAN,Almendra Vainilla,Pancakes & Waffles,22,196,177,8195100,8.05,5,19
2025-09,Éxito,Bogotá,PAN-AVE-BAN,Avena Banano,Pancakes & Waffles,22,168,151,5511500,6.86,2,17
2025-09,Éxito,Bogotá,PAN-AVE-BRO,Avena Brownie,Pancakes & Waffles,22,151,152,5548000,6.91,0,0
2025-09,Éxito,Bogotá,PAN-AVE-VAN,Avena Vainilla,Pancakes & Waffles,22,543,534,19491000,24.27,4,9
2025-09,Éxito,Bucaramanga,AVE-HOJ,Avena en Hojuelas,Avena & Harinas,3,7,5,174000,1.67,8,2
2025-09,Éxito,Bucaramanga,COM-3GRA,Three Pack GranOLA,Combos,3,5,4,429600,1.33,0,1
2025-09,Éxito,Bucaramanga,COM-3SPR,Three Pack Spread,Combos,3,11,8,1143600,2.67,2,3
2025-09,Éxito,Bucaramanga,ESP-BABY,Baby Spreads,Esparcibles,3,58,54,1169100,18.0,6,4
2025-09,Éxito,Bucaramanga,ESP-CIN,Golden Cinnamon Roll,Esparcibles,3,7,5,269750,1.67,3,2
2025-09,Éxito,Bucaramanga,ESP-CRU,Crunchy Cocoa Hazelnut,Esparcibles,3,39,29,1564550,9.67,8,10
2025-09,Éxito,Bucaramanga,ESP-PB,Peanutty Banana Shake,Esparcibles,3,80,58,3129100,19.33,5,22
2025-09,Éxito,Bucaramanga,ESP-PIS,Buttery Pistachio Cookie,Esparcibles,3,18,14,987000,4.67,5,4
2025-09,Éxito,Bucaramanga,GRA-CHI,Chip Cookie,GranOLAS,3,104,78,3283800,26.0,0,26
2025-09,Éxito,Bucaramanga,GRA-VAN,Vanilla Shortbread,GranOLAS,3,13,12,505200,4.0,1,1
2025-09,Éxito,Bucaramanga,HAR-ALM,Harina de Almendra,Avena & Harinas,3,24,20,769000,6.67,1,4
2025-09,Éxito,Bucaramanga,HAR-AVE,Harina de Avena,Avena & Harinas,3,37,31,1078800,10.33,0,6
2025-09,Éxito,Bucaramanga,PAN-ALM-CHO,Almendra Choco Chips,Pancakes & Waffles,3,19,16,740800,5.33,5,3
2025-09,Éxito,Bucaramanga,PAN-AVE-VAN,Avena Vainilla,Pancakes & Waffles,3,49,36,1314000,12.0,4,13
2025-09,Éxito,Cali,AVE-HOJ,Avena en Hojuelas,Avena & Harinas,2,92,72,2505600,36.0,1,20
2025-09,Éxito,Cali,COM-3GRA,Three Pack GranOLA,Combos,2,13,9,966600,4.5,0,4
2025-09,Éxito,Cali,COM-3SPR,Three Pack Spread,Combos,2,9,7,1000650,3.5,3,2
2025-09,Éxito,Cali,COM-WAF,Mini Wafflera,Combos,2,24,22,2442000,11.0,3,2
2025-09,Éxito,Cali,ESP-CIN,Golden Cinnamon Roll,Esparcibles,2,7,5,269750,2.5,0,2
2025-09,Éxito,Cali,ESP-CRE,Creamy Cocoa Hazelnut,Esparcibles,2,162,150,8092500,75.0,0,12
2025-09,Éxito,Cali,ESP-CRU,Crunchy Cocoa Hazelnut,Esparcibles,2,22,19,1025050,9.5,0,3
2025-09,Éxito,Cali,ESP-PB,Peanutty Banana Shake,Esparcibles,2,275,220,11869000,110.0,4,55
2025-09,Éxito,Cali,ESP-PIS,Buttery Pistachio Cookie,Esparcibles,2,72,71,5005500,35.5,5,1
2025-09,Éxito,Cali,GRA-CHI,Chip Cookie,GranOLAS,2,183,159,6693900,79.5,4,24
2025-09,Éxito,Cali,GRA-PIS,Pistachio Cookie,GranOLAS,2,68,62,3093800,31.0,1,6
2025-09,Éxito,Cali,GRA-VAN,Vanilla Shortbread,GranOLAS,2,23,23,968300,11.5,3,0
2025-09,Éxito,Cali,HAR-ALM,Harina de Almendra,Avena & Harinas,2,115,93,3575850,46.5,1,22
2025-09,Éxito,Cali,HAR-AVE,Harina de Avena,Avena & Harinas,2,82,82,2853600,41.0,9,0
2025-09,Éxito,Cali,PAN-ALM-CHO,Almendra Choco Chips,Pancakes & Waffles,2,107,104,4815200,52.0,0,3
2025-09,Éxito,Cali,PAN-ALM-CHU,Almendra Churro,Pancakes & Waffles,2,87,71,3287300,35.5,7,16
2025-09,Éxito,Cali,PAN-ALM-VAN,Almendra Vainilla,Pancakes & Waffles,2,132,111,5139300,55.5,3,21
2025-09,Éxito,Cali,PAN-AVE-BAN,Avena Banano,Pancakes & Waffles,2,40,34,1241000,17.0,0,6
2025-09,Éxito,Cali,PAN-AVE-BRO,Avena Brownie,Pancakes & Waffles,2,78,74,2701000,37.0,3,4
2025-09,Éxito,Cali,PAN-AVE-VAN,Avena Vainilla,Pancakes & Waffles,2,11,10,365000,5.0,1,1
2025-09,Éxito,Cartagena,COM-WAF,Mini Wafflera,Combos,3,16,15,1665000,5.0,4,1
2025-09,Éxito,Cartagena,ESP-BABY,Baby Spreads,Esparcibles,3,45,41,887650,13.67,0,4
2025-09,Éxito,Cartagena,ESP-CIN,Golden Cinnamon Roll,Esparcibles,3,18,16,863200,5.33,0,2
2025-09,Éxito,Cartagena,ESP-CRE,Creamy Cocoa Hazelnut,Esparcibles,3,5,4,215800,1.33,0,1
2025-09,Éxito,Cartagena,ESP-PIS,Buttery Pistachio Cookie,Esparcibles,3,52,41,2890500,13.67,5,11
2025-09,Éxito,Cartagena,GRA-CHI,Chip Cookie,GranOLAS,3,38,31,1305100,10.33,7,7
2025-09,Éxito,Cartagena,GRA-PIS,Pistachio Cookie,GranOLAS,3,5,4,199600,1.33,2,1
2025-09,Éxito,Cartagena,GRA-VAN,Vanilla Shortbread,GranOLAS,3,18,13,547300,4.33,4,5
2025-09,Éxito,Cartagena,HAR-ALM,Harina de Almendra,Avena & Harinas,3,42,41,1576450,13.67,2,1
2025-09,Éxito,Cartagena,PAN-ALM-CHO,Almendra Choco Chips,Pancakes & Waffles,3,44,37,1713100,12.33,0,7
2025-09,Éxito,Cartagena,PAN-ALM-CHU,Almendra Churro,Pancakes & Waffles,3,23,18,833400,6.0,3,5
2025-09,Éxito,Cartagena,PAN-AVE-BRO,Avena Brownie,Pancakes & Waffles,3,3,2,73000,0.67,4,1
2025-09,Éxito,Manizales,COM-3GRA,Three Pack GranOLA,Combos,3,1,0,0,0.0,0,1
2025-09,Éxito,Manizales,COM-3SPR,Three Pack Spread,Combos,3,39,29,4145550,9.67,0,10
2025-09,Éxito,Manizales,ESP-CIN,Golden Cinnamon Roll,Esparcibles,3,111,95,5125250,31.67,1,16
2025-09,Éxito,Manizales,ESP-CRE,Creamy Cocoa Hazelnut,Esparcibles,3,224,197,10628150,65.67,8,27
2025-09,Éxito,Manizales,ESP-CRU,Crunchy Cocoa Hazelnut,Esparcibles,3,11,8,431600,2.67,4,3
2025-09,Éxito,Manizales,ESP-PIS,Buttery Pistachio Cookie,Esparcibles,3,6,5,352500,1.67,1,1
2025-09,Éxito,Manizales,GRA-FUD,Fudge Cake,GranOLAS,3,44,34,1431400,11.33,6,10
2025-09,Éxito,Manizales,GRA-PIS,Pistachio Cookie,GranOLAS,3,33,31,1546900,10.33,4,2
2025-09,Éxito,Manizales,GRA-VAN,Vanilla Shortbread,GranOLAS,3,39,39,1641900,13.0,6,0
2025-09,Éxito,Manizales,HAR-ALM,Harina de Almendra,Avena & Harinas,3,135,111,4267950,37.0,5,24
2025-09,Éxito,Manizales,HAR-AVE,Harina de Avena,Avena & Harinas,3,14,11,382800,3.67,3,3
2025-09,Éxito,Manizales,PAN-ALM-CHO,Almendra Choco Chips,Pancakes & Waffles,3,8,6,277800,2.0,0,2
2025-09,Éxito,Manizales,PAN-ALM-CHU,Almendra Churro,Pancakes & Waffles,3,6,4,185200,1.33,0,2
2025-09,Éxito,Manizales,PAN-ALM-VAN,Almendra Vainilla,Pancakes & Waffles,3,15,11,509300,3.67,3,4
2025-09,Éxito,Manizales,PAN-AVE-BRO,Avena Brownie,Pancakes & Waffles,3,28,27,985500,9.0,3,1
2025-09,Éxito,Medellín,AVE-HOJ,Avena en Hojuelas,Avena & Harinas,6,789,577,20079600,96.17,0,212
2025-09,Éxito,Medellín,COM-3GRA,Three Pack GranOLA,Combos,6,78,71,7625400,11.83,0,7
2025-09,Éxito,Medellín,COM-3SPR,Three Pack Spread,Combos,6,28,22,3144900,3.67,3,6
2025-09,Éxito,Medellín,COM-WAF,Mini Wafflera,Combos,6,115,85,9435000,14.17,1,30
2025-09,Éxito,Medellín,ESP-BABY,Baby Spreads,Esparcibles,6,576,549,11885850,91.5,0,27
2025-09,Éxito,Medellín,ESP-CIN,Golden Cinnamon Roll,Esparcibles,6,25,18,971100,3.0,0,7
2025-09,Éxito,Medellín,ESP-CRE,Creamy Cocoa Hazelnut,Esparcibles,6,139,111,5988450,18.5,1,28
2025-09,Éxito,Medellín,ESP-CRU,Crunchy Cocoa Hazelnut,Esparcibles,6,104,94,5071300,15.67,3,10
2025-09,Éxito,Medellín,ESP-PB,Peanutty Banana Shake,Esparcibles,6,6,5,269750,0.83,3,1
2025-09,Éxito,Medellín,ESP-PIS,Buttery Pistachio Cookie,Esparcibles,6,92,88,6204000,14.67,3,4
2025-09,Éxito,Medellín,GRA-CHI,Chip Cookie,GranOLAS,6,124,101,4252100,16.83,0,23
2025-09,Éxito,Medellín,GRA-FUD,Fudge Cake,GranOLAS,6,369,339,14271900,56.5,2,30
2025-09,Éxito,Medellín,GRA-PIS,Pistachio Cookie,GranOLAS,6,201,196,9780400,32.67,0,5
2025-09,Éxito,Medellín,GRA-VAN,Vanilla Shortbread,GranOLAS,6,205,156,6567600,26.0,3,49
2025-09,Éxito,Medellín,HAR-ALM,Harina de Almendra,Avena & Harinas,6,69,60,2307000,10.0,4,9
2025-09,Éxito,Medellín,HAR-AVE,Harina de Avena,Avena & Harinas,6,97,72,2505600,12.0,2,25
2025-09,Éxito,Medellín,PAN-ALM-CHO,Almendra Choco Chips,Pancakes & Waffles,6,48,39,1805700,6.5,2,9
2025-09,Éxito,Medellín,PAN-ALM-CHU,Almendra Churro,Pancakes & Waffles,6,93,75,3472500,12.5,1,18
2025-09,Éxito,Medellín,PAN-ALM-VAN,Almendra Vainilla,Pancakes & Waffles,6,188,159,7361700,26.5,0,29
2025-09,Éxito,Medellín,PAN-AVE-BAN,Avena Banano,Pancakes & Waffles,6,241,220,8030000,36.67,0,21
2025-09,Éxito,Medellín,PAN-AVE-BRO,Avena Brownie,Pancakes & Waffles,6,425,365,13322500,60.83,11,60
2025-09,Éxito,Medellín,PAN-AVE-VAN,Avena Vainilla,Pancakes & Waffles,6,150,121,4416500,20.17,0,29
2025-09,Éxito,Pereira,AVE-HOJ,Avena en Hojuelas,Avena & Harinas,2,124,105,3654000,52.5,2,19
2025-09,Éxito,Pereira,COM-3SPR,Three Pack Spread,Combos,2,40,39,5575050,19.5,1,1
2025-09,Éxito,Pereira,COM-WAF,Mini Wafflera,Combos,2,11,8,888000,4.0,5,3
2025-09,Éxito,Pereira,ESP-CRE,Creamy Cocoa Hazelnut,Esparcibles,2,22,15,809250,7.5,9,7
2025-09,Éxito,Pereira,ESP-CRU,Crunchy Cocoa Hazelnut,Esparcibles,2,13,12,647400,6.0,0,1
2025-09,Éxito,Pereira,GRA-VAN,Vanilla Shortbread,GranOLAS,2,165,151,6357100,75.5,2,14
2025-09,Éxito,Pereira,HAR-ALM,Harina de Almendra,Avena & Harinas,2,14,13,499850,6.5,1,1
2025-09,Éxito,Pereira,HAR-AVE,Harina de Avena,Avena & Harinas,2,30,28,974400,14.0,4,2
2025-09,Éxito,Pereira,PAN-ALM-CHU,Almendra Churro,Pancakes & Waffles,2,17,13,601900,6.5,0,4
2025-09,Éxito,Pereira,PAN-AVE-BRO,Avena Brownie,Pancakes & Waffles,2,24,23,839500,11.5,4,1
2025-09,Éxito,Pereira,PAN-AVE-VAN,Avena Vainilla,Pancakes & Waffles,2,223,217,7920500,108.5,5,6
2025-10,Carulla,Barranquilla,AVE-HOJ,Avena en Hojuelas,Avena & Harinas,5,173,153,5423850,30.6,0,20
2025-10,Carulla,Barranquilla,COM-3GRA,Three Pack GranOLA,Combos,5,6,4,437400,0.8,7,2
2025-10,Carulla,Barranquilla,COM-3SPR,Three Pack Spread,Combos,5,11,9,1309500,1.8,0,2
2025-10,Carulla,Barranquilla,COM-WAF,Mini Wafflera,Combos,5,9,8,904000,1.6,0,1
2025-10,Carulla,Barranquilla,ESP-BABY,Baby Spreads,Esparcibles,5,83,61,1345050,12.2,8,22
2025-10,Carulla,Barranquilla,ESP-CIN,Golden Cinnamon Roll,Esparcibles,5,32,27,1482300,5.4,2,5
2025-10,Carulla,Barranquilla,ESP-CRE,Creamy Cocoa Hazelnut,Esparcibles,5,32,31,1701900,6.2,5,1
2025-10,Carulla,Barranquilla,ESP-CRU,Crunchy Cocoa Hazelnut,Esparcibles,5,104,104,5709600,20.8,2,0
2025-10,Carulla,Barranquilla,ESP-PB,Peanutty Banana Shake,Esparcibles,5,90,80,4392000,16.0,6,10
2025-10,Carulla,Barranquilla,ESP-PIS,Buttery Pistachio Cookie,Esparcibles,5,44,41,2941750,8.2,0,3
2025-10,Carulla,Barranquilla,GRA-CHI,Chip Cookie,GranOLAS,5,15,11,471900,2.2,5,4
2025-10,Carulla,Barranquilla,GRA-FUD,Fudge Cake,GranOLAS,5,46,42,1801800,8.4,3,4
2025-10,Carulla,Barranquilla,GRA-PIS,Pistachio Cookie,GranOLAS,5,43,40,2032000,8.0,0,3
2025-10,Carulla,Barranquilla,GRA-VAN,Vanilla Shortbread,GranOLAS,5,91,87,3732300,17.4,0,4
2025-10,Carulla,Barranquilla,HAR-ALM,Harina de Almendra,Avena & Harinas,5,15,11,430650,2.2,9,4
2025-10,Carulla,Barranquilla,HAR-AVE,Harina de Avena,Avena & Harinas,5,131,108,3828600,21.6,3,23
2025-10,Carulla,Barranquilla,PAN-ALM-CHO,Almendra Choco Chips,Pancakes & Waffles,5,44,42,1978200,8.4,0,2
2025-10,Carulla,Barranquilla,PAN-ALM-CHU,Almendra Churro,Pancakes & Waffles,5,59,59,2778900,11.8,2,0
2025-10,Carulla,Barranquilla,PAN-ALM-VAN,Almendra Vainilla,Pancakes & Waffles,5,24,18,847800,3.6,7,6
2025-10,Carulla,Barranquilla,PAN-AVE-BAN,Avena Banano,Pancakes & Waffles,5,95,82,3046300,16.4,0,13
2025-10,Carulla,Barranquilla,PAN-AVE-BRO,Avena Brownie,Pancakes & Waffles,5,102,91,3380650,18.2,0,11
2025-10,Carulla,Barranquilla,PAN-AVE-VAN,Avena Vainilla,Pancakes & Waffles,5,212,178,6612700,35.6,4,34
2025-10,Carulla,Bogotá,AVE-HOJ,Avena en Hojuelas,Avena & Harinas,11,138,102,3615900,9.27,0,36
2025-10,Carulla,Bogotá,COM-3GRA,Three Pack GranOLA,Combos,11,150,111,12137850,10.09,5,39
2025-10,Carulla,Bogotá,COM-3SPR,Three Pack Spread,Combos,11,59,48,6984000,4.36,3,11
2025-10,Carulla,Bogotá,COM-WAF,Mini Wafflera,Combos,11,87,71,8023000,6.45,8,16
2025-10,Carulla,Bogotá,ESP-BABY,Baby Spreads,Esparcibles,11,676,608,13406400,55.27,3,68
2025-10,Carulla,Bogotá,ESP-CIN,Golden Cinnamon Roll,Esparcibles,11,321,264,14493600,24.0,4,57
2025-10,Carulla,Bogotá,ESP-CRE,Creamy Cocoa Hazelnut,Esparcibles,11,220,190,10431000,17.27,4,30
2025-10,Carulla,Bogotá,ESP-CRU,Crunchy Cocoa Hazelnut,Esparcibles,11,146,146,8015400,13.27,4,0
2025-10,Carulla,Bogotá,ESP-PB,Peanutty Banana Shake,Esparcibles,11,215,187,10266300,17.0,1,28
2025-10,Carulla,Bogotá,ESP-PIS,Buttery Pistachio Cookie,Esparcibles,11,277,210,15067500,19.09,0,67
2025-10,Carulla,Bogotá,GRA-CHI,Chip Cookie,GranOLAS,11,223,184,7893600,16.73,0,39
2025-10,Carulla,Bogotá,GRA-FUD,Fudge Cake,GranOLAS,11,64,56,2402400,5.09,7,8
2025-10,Carulla,Bogotá,GRA-PIS,Pistachio Cookie,GranOLAS,11,116,92,4673600,8.36,1,24
2025-10,Carulla,Bogotá,GRA-VAN,Vanilla Shortbread,GranOLAS,11,145,110,4719000,10.0,0,35
2025-10,Carulla,Bogotá,HAR-ALM,Harina de Almendra,Avena & Harinas,11,102,82,3210300,7.45,0,20
2025-10,Carulla,Bogotá,HAR-AVE,Harina de Avena,Avena & Harinas,11,510,513,18185850,46.64,4,0
2025-10,Carulla,Bogotá,PAN-ALM-CHO,Almendra Choco Chips,Pancakes & Waffles,11,194,152,7159200,13.82,0,42
2025-10,Carulla,Bogotá,PAN-ALM-CHU,Almendra Churro,Pancakes & Waffles,11,100,81,3815100,7.36,0,19
2025-10,Carulla,Bogotá,PAN-ALM-VAN,Almendra Vainilla,Pancakes & Waffles,11,164,142,6688200,12.91,7,22
2025-10,Carulla,Bogotá,PAN-AVE-BAN,Avena Banano,Pancakes & Waffles,11,517,464,17237600,42.18,3,53
2025-10,Carulla,Bogotá,PAN-AVE-BRO,Avena Brownie,Pancakes & Waffles,11,309,263,9770450,23.91,1,46
2025-10,Carulla,Bogotá,PAN-AVE-VAN,Avena Vainilla,Pancakes & Waffles,11,301,296,10996400,26.91,3,5
2025-10,Carulla,Bucaramanga,AVE-HOJ,Avena en Hojuelas,Avena & Harinas,1,13,12,425400,12.0,4,1
2025-10,Carulla,Bucaramanga,COM-3GRA,Three Pack GranOLA,Combos,1,8,7,765450,7.0,1,1
2025-10,Carulla,Bucaramanga,COM-WAF,Mini Wafflera,Combos,1,15,11,1243000,11.0,0,4
2025-10,Carulla,Bucaramanga,ESP-BABY,Baby Spreads,Esparcibles,1,138,137,3020850,137.0,4,1
2025-10,Carulla,Bucaramanga,ESP-CRE,Creamy Cocoa Hazelnut,Esparcibles,1,16,15,823500,15.0,0,1
2025-10,Carulla,Bucaramanga,ESP-CRU,Crunchy Cocoa Hazelnut,Esparcibles,1,72,64,3513600,64.0,0,8
2025-10,Carulla,Bucaramanga,ESP-PIS,Buttery Pistachio Cookie,Esparcibles,1,24,17,1219750,17.0,7,7
2025-10,Carulla,Bucaramanga,GRA-PIS,Pistachio Cookie,GranOLAS,1,25,21,1066800,21.0,0,4
2025-10,Carulla,Bucaramanga,GRA-VAN,Vanilla Shortbread,GranOLAS,1,13,10,429000,10.0,0,3
2025-10,Carulla,Bucaramanga,HAR-AVE,Harina de Avena,Avena & Harinas,1,88,87,3084150,87.0,0,1
2025-10,Carulla,Bucaramanga,PAN-ALM-CHO,Almendra Choco Chips,Pancakes & Waffles,1,33,28,1318800,28.0,8,5
2025-10,Carulla,Bucaramanga,PAN-ALM-CHU,Almendra Churro,Pancakes & Waffles,1,1,0,0,0.0,8,1
2025-10,Carulla,Bucaramanga,PAN-ALM-VAN,Almendra Vainilla,Pancakes & Waffles,1,13,9,423900,9.0,0,4
2025-10,Carulla,Bucaramanga,PAN-AVE-BAN,Avena Banano,Pancakes & Waffles,1,45,44,1634600,44.0,1,1
2025-10,Carulla,Bucaramanga,PAN-AVE-VAN,Avena Vainilla,Pancakes & Waffles,1,18,17,631550,17.0,0,1
2025-10,Carulla,Cali,AVE-HOJ,Avena en Hojuelas,Avena & Harinas,4,34,26,921700,6.5,1,8
2025-10,Carulla,Cali,COM-3GRA,Three Pack GranOLA,Combos,4,14,10,1093500,2.5,1,4
2025-10,Carulla,Cali,COM-WAF,Mini Wafflera,Combos,4,13,10,1130000,2.5,4,3
2025-10,Carulla,Cali,ESP-CIN,Golden Cinnamon Roll,Esparcibles,4,42,35,1921500,8.75,3,7
2025-10,Carulla,Cali,ESP-CRE,Creamy Cocoa Hazelnut,Esparcibles,4,36,36,1976400,9.0,2,0
2025-10,Carulla,Cali,ESP-CRU,Crunchy Cocoa Hazelnut,Esparcibles,4,25,18,988200,4.5,5,7
2025-10,Carulla,Cali,ESP-PIS,Buttery Pistachio Cookie,Esparcibles,4,23,17,1219750,4.25,2,6
2025-10,Carulla,Cali,GRA-CHI,Chip Cookie,GranOLAS,4,20,19,815100,4.75,0,1
2025-10,Carulla,Cali,GRA-FUD,Fudge Cake,GranOLAS,4,55,50,2145000,12.5,4,5
2025-10,Carulla,Cali,GRA-PIS,Pistachio Cookie,GranOLAS,4,46,45,2286000,11.25,0,1
2025-10,Carulla,Cali,GRA-VAN,Vanilla Shortbread,GranOLAS,4,68,54,2316600,13.5,3,14
2025-10,Carulla,Cali,HAR-ALM,Harina de Almendra,Avena & Harinas,4,57,46,1800900,11.5,3,11
2025-10,Carulla,Cali,HAR-AVE,Harina de Avena,Avena & Harinas,4,38,31,1098950,7.75,4,7
2025-10,Carulla,Cali,PAN-ALM-CHU,Almendra Churro,Pancakes & Waffles,4,29,29,1365900,7.25,1,0
2025-10,Carulla,Cali,PAN-ALM-VAN,Almendra Vainilla,Pancakes & Waffles,4,31,27,1271700,6.75,0,4
2025-10,Carulla,Cali,PAN-AVE-BAN,Avena Banano,Pancakes & Waffles,4,39,38,1411700,9.5,0,1
2025-10,Carulla,Cali,PAN-AVE-BRO,Avena Brownie,Pancakes & Waffles,4,45,37,1374550,9.25,0,8
2025-10,Carulla,Cali,PAN-AVE-VAN,Avena Vainilla,Pancakes & Waffles,4,26,24,891600,6.0,1,2
2025-10,Carulla,Cartagena,AVE-HOJ,Avena en Hojuelas,Avena & Harinas,2,49,43,1524350,21.5,5,6
2025-10,Carulla,Cartagena,COM-3SPR,Three Pack Spread,Combos,2,2,1,145500,0.5,0,1
2025-10,Carulla,Cartagena,ESP-BABY,Baby Spreads,Esparcibles,2,38,34,749700,17.0,2,4
2025-10,Carulla,Cartagena,ESP-CIN,Golden Cinnamon Roll,Esparcibles,2,19,14,768600,7.0,4,5
2025-10,Carulla,Cartagena,ESP-CRE,Creamy Cocoa Hazelnut,Esparcibles,2,4,2,109800,1.0,0,2
2025-10,Carulla,Cartagena,ESP-CRU,Crunchy Cocoa Hazelnut,Esparcibles,2,32,23,1262700,11.5,0,9
2025-10,Carulla,Cartagena,ESP-PIS,Buttery Pistachio Cookie,Esparcibles,2,33,24,1722000,12.0,0,9
2025-10,Carulla,Cartagena,GRA-FUD,Fudge Cake,GranOLAS,2,25,22,943800,11.0,0,3
2025-10,Carulla,Cartagena,GRA-PIS,Pistachio Cookie,GranOLAS,2,1,0,0,0.0,2,1
2025-10,Carulla,Cartagena,GRA-VAN,Vanilla Shortbread,GranOLAS,2,2,1,42900,0.5,3,1
2025-10,Carulla,Cartagena,HAR-ALM,Harina de Almendra,Avena & Harinas,2,45,38,1487700,19.0,2,7
2025-10,Carulla,Cartagena,PAN-ALM-CHU,Almendra Churro,Pancakes & Waffles,2,10,7,329700,3.5,2,3
2025-10,Carulla,Cartagena,PAN-ALM-VAN,Almendra Vainilla,Pancakes & Waffles,2,38,31,1460100,15.5,2,7
2025-10,Carulla,Cartagena,PAN-AVE-BAN,Avena Banano,Pancakes & Waffles,2,18,13,482950,6.5,2,5
2025-10,Carulla,Cartagena,PAN-AVE-VAN,Avena Vainilla,Pancakes & Waffles,2,31,30,1114500,15.0,0,1
2025-10,Carulla,Medellín,AVE-HOJ,Avena en Hojuelas,Avena & Harinas,5,138,122,4324900,24.4,0,16
2025-10,Carulla,Medellín,COM-3GRA,Three Pack GranOLA,Combos,5,49,38,4155300,7.6,0,11
2025-10,Carulla,Medellín,COM-3SPR,Three Pack Spread,Combos,5,15,11,1600500,2.2,0,4
2025-10,Carulla,Medellín,COM-WAF,Mini Wafflera,Combos,5,29,29,3277000,5.8,0,0
2025-10,Carulla,Medellín,ESP-BABY,Baby Spreads,Esparcibles,5,252,230,5071500,46.0,8,22
2025-10,Carulla,Medellín,ESP-CIN,Golden Cinnamon Roll,Esparcibles,5,109,91,4995900,18.2,1,18
2025-10,Carulla,Medellín,ESP-CRE,Creamy Cocoa Hazelnut,Esparcibles,5,49,49,2690100,9.8,1,0
2025-10,Carulla,Medellín,ESP-CRU,Crunchy Cocoa Hazelnut,Esparcibles,5,203,184,10101600,36.8,3,19
2025-10,Carulla,Medellín,ESP-PB,Peanutty Banana Shake,Esparcibles,5,29,27,1482300,5.4,3,2
2025-10,Carulla,Medellín,ESP-PIS,Buttery Pistachio Cookie,Esparcibles,5,50,41,2941750,8.2,0,9
2025-10,Carulla,Medellín,GRA-CHI,Chip Cookie,GranOLAS,5,79,77,3303300,15.4,0,2
2025-10,Carulla,Medellín,GRA-FUD,Fudge Cake,GranOLAS,5,136,135,5791500,27.0,0,1
2025-10,Carulla,Medellín,GRA-PIS,Pistachio Cookie,GranOLAS,5,33,26,1320800,5.2,4,7
2025-10,Carulla,Medellín,GRA-VAN,Vanilla Shortbread,GranOLAS,5,60,54,2316600,10.8,4,6
2025-10,Carulla,Medellín,HAR-ALM,Harina de Almendra,Avena & Harinas,5,227,200,7830000,40.0,1,27
2025-10,Carulla,Medellín,HAR-AVE,Harina de Avena,Avena & Harinas,5,84,73,2587850,14.6,7,11
2025-10,Carulla,Medellín,PAN-ALM-CHO,Almendra Choco Chips,Pancakes & Waffles,5,138,113,5322300,22.6,4,25
2025-10,Carulla,Medellín,PAN-ALM-CHU,Almendra Churro,Pancakes & Waffles,5,138,134,6311400,26.8,5,4
2025-10,Carulla,Medellín,PAN-ALM-VAN,Almendra Vainilla,Pancakes & Waffles,5,106,106,4992600,21.2,2,0
2025-10,Carulla,Medellín,PAN-AVE-BAN,Avena Banano,Pancakes & Waffles,5,82,66,2451900,13.2,0,16
2025-10,Carulla,Medellín,PAN-AVE-BRO,Avena Brownie,Pancakes & Waffles,5,107,100,3715000,20.0,0,7
2025-10,Carulla,Medellín,PAN-AVE-VAN,Avena Vainilla,Pancakes & Waffles,5,249,198,7355700,39.6,1,51
2025-10,Carulla,Pereira,AVE-HOJ,Avena en Hojuelas,Avena & Harinas,1,52,45,1595250,45.0,5,7
2025-10,Carulla,Pereira,COM-3SPR,Three Pack Spread,Combos,1,10,7,1018500,7.0,2,3
2025-10,Carulla,Pereira,ESP-BABY,Baby Spreads,Esparcibles,1,117,85,1874250,85.0,2,32
2025-10,Carulla,Pereira,ESP-CRE,Creamy Cocoa Hazelnut,Esparcibles,1,22,19,1043100,19.0,0,3
2025-10,Carulla,Pereira,ESP-PB,Peanutty Banana Shake,Esparcibles,1,10,8,439200,8.0,0,2
2025-10,Carulla,Pereira,ESP-PIS,Buttery Pistachio Cookie,Esparcibles,1,3,2,143500,2.0,6,1
2025-10,Carulla,Pereira,GRA-VAN,Vanilla Shortbread,GranOLAS,1,19,16,686400,16.0,4,3
2025-10,Carulla,Pereira,HAR-ALM,Harina de Almendra,Avena & Harinas,1,33,25,978750,25.0,3,8
2025-10,Carulla,Pereira,HAR-AVE,Harina de Avena,Avena & Harinas,1,12,8,283600,8.0,6,4
2025-10,Carulla,Pereira,PAN-ALM-CHO,Almendra Choco Chips,Pancakes & Waffles,1,15,14,659400,14.0,3,1
2025-10,Carulla,Pereira,PAN-ALM-CHU,Almendra Churro,Pancakes & Waffles,1,10,9,423900,9.0,5,1
2025-10,Carulla,Pereira,PAN-ALM-VAN,Almendra Vainilla,Pancakes & Waffles,1,32,27,1271700,27.0,1,5
2025-10,Carulla,Pereira,PAN-AVE-VAN,Avena Vainilla,Pancakes & Waffles,1,56,56,2080400,56.0,1,0
2025-10,Fithub,Barranquilla,AVE-HOJ,Avena en Hojuelas,Avena & Harinas,2,5,4,154200,2.0,0,1
2025-10,Fithub,Barranquilla,COM-WAF,Mini Wafflera,Combos,2,7,5,615000,2.5,4,2
2025-10,Fithub,Barranquilla,ESP-BABY,Baby Spreads,Esparcibles,2,27,25,600000,12.5,3,2
2025-10,Fithub,Barranquilla,ESP-CIN,Golden Cinnamon Roll,Esparcibles,2,31,23,1374250,11.5,0,8
2025-10,Fithub,Barranquilla,ESP-PB,Peanutty Banana Shake,Esparcibles,2,41,40,2390000,20.0,4,1
2025-10,Fithub,Barranquilla,ESP-PIS,Buttery Pistachio Cookie,Esparcibles,2,2,1,78100,0.5,4,1
2025-10,Fithub,Barranquilla,GRA-CHI,Chip Cookie,GranOLAS,2,2,1,46700,0.5,0,1
2025-10,Fithub,Barranquilla,GRA-FUD,Fudge Cake,GranOLAS,2,7,6,280200,3.0,6,1
2025-10,Fithub,Barranquilla,GRA-VAN,Vanilla Shortbread,GranOLAS,2,8,7,326900,3.5,3,1
2025-10,Fithub,Barranquilla,HAR-AVE,Harina de Avena,Avena & Harinas,2,16,14,539700,7.0,6,2
2025-10,Fithub,Barranquilla,PAN-ALM-CHO,Almendra Choco Chips,Pancakes & Waffles,2,20,19,974700,9.5,1,1
2025-10,Fithub,Barranquilla,PAN-ALM-VAN,Almendra Vainilla,Pancakes & Waffles,2,1,0,0,0.0,1,1
2025-10,Fithub,Barranquilla,PAN-AVE-BAN,Avena Banano,Pancakes & Waffles,2,13,11,444950,5.5,2,2
2025-10,Fithub,Barranquilla,PAN-AVE-BRO,Avena Brownie,Pancakes & Waffles,2,9,8,323600,4.0,0,1
2025-10,Fithub,Barranquilla,PAN-AVE-VAN,Avena Vainilla,Pancakes & Waffles,2,6,5,202250,2.5,0,1
2025-10,Fithub,Bogotá,AVE-HOJ,Avena en Hojuelas,Avena & Harinas,3,114,99,3816450,33.0,2,15
2025-10,Fithub,Bogotá,COM-3GRA,Three Pack GranOLA,Combos,3,18,15,1785750,5.0,3,3
2025-10,Fithub,Bogotá,COM-3SPR,Three Pack Spread,Combos,3,40,40,6336000,13.33,0,0
2025-10,Fithub,Bogotá,COM-WAF,Mini Wafflera,Combos,3,19,14,1722000,4.67,7,5
2025-10,Fithub,Bogotá,ESP-BABY,Baby Spreads,Esparcibles,3,227,202,4848000,67.33,3,25
2025-10,Fithub,Bogotá,ESP-CIN,Golden Cinnamon Roll,Esparcibles,3,128,95,5676250,31.67,1,33
2025-10,Fithub,Bogotá,ESP-CRE,Creamy Cocoa Hazelnut,Esparcibles,3,63,64,3824000,21.33,0,0
2025-10,Fithub,Bogotá,ESP-CRU,Crunchy Cocoa Hazelnut,Esparcibles,3,39,30,1792500,10.0,0,9
2025-10,Fithub,Bogotá,ESP-PB,Peanutty Banana Shake,Esparcibles,3,79,74,4421500,24.67,6,5
2025-10,Fithub,Bogotá,ESP-PIS,Buttery Pistachio Cookie,Esparcibles,3,67,61,4764100,20.33,7,6
2025-10,Fithub,Bogotá,GRA-CHI,Chip Cookie,GranOLAS,3,88,71,3315700,23.67,1,17
2025-10,Fithub,Bogotá,GRA-FUD,Fudge Cake,GranOLAS,3,75,63,2942100,21.0,0,12
2025-10,Fithub,Bogotá,GRA-PIS,Pistachio Cookie,GranOLAS,3,29,23,1271900,7.67,0,6
2025-10,Fithub,Bogotá,GRA-VAN,Vanilla Shortbread,GranOLAS,3,31,25,1167500,8.33,0,6
2025-10,Fithub,Bogotá,HAR-ALM,Harina de Almendra,Avena & Harinas,3,66,63,2683800,21.0,2,3
2025-10,Fithub,Bogotá,HAR-AVE,Harina de Avena,Avena & Harinas,3,196,147,5666850,49.0,10,49
2025-10,Fithub,Bogotá,PAN-ALM-CHO,Almendra Choco Chips,Pancakes & Waffles,3,32,24,1231200,8.0,0,8
2025-10,Fithub,Bogotá,PAN-ALM-CHU,Almendra Churro,Pancakes & Waffles,3,166,123,6309900,41.0,5,43
2025-10,Fithub,Bogotá,PAN-ALM-VAN,Almendra Vainilla,Pancakes & Waffles,3,67,55,2821500,18.33,5,12
2025-10,Fithub,Bogotá,PAN-AVE-BAN,Avena Banano,Pancakes & Waffles,3,62,47,1901150,15.67,4,15
2025-10,Fithub,Bogotá,PAN-AVE-BRO,Avena Brownie,Pancakes & Waffles,3,177,147,5946150,49.0,1,30
2025-10,Fithub,Bogotá,PAN-AVE-VAN,Avena Vainilla,Pancakes & Waffles,3,90,71,2871950,23.67,1,19
2025-10,Fithub,Bucaramanga,AVE-HOJ,Avena en Hojuelas,Avena & Harinas,3,6,5,192750,1.67,2,1
2025-10,Fithub,Bucaramanga,COM-3GRA,Three Pack GranOLA,Combos,3,4,3,357150,1.0,2,1
2025-10,Fithub,Bucaramanga,COM-3SPR,Three Pack Spread,Combos,3,2,2,316800,0.67,0,0
2025-10,Fithub,Bucaramanga,COM-WAF,Mini Wafflera,Combos,3,3,2,246000,0.67,3,1
2025-10,Fithub,Bucaramanga,ESP-BABY,Baby Spreads,Esparcibles,3,15,12,288000,4.0,3,3
2025-10,Fithub,Bucaramanga,ESP-CIN,Golden Cinnamon Roll,Esparcibles,3,8,8,478000,2.67,1,0
2025-10,Fithub,Bucaramanga,ESP-CRE,Creamy Cocoa Hazelnut,Esparcibles,3,1,0,0,0.0,0,1
2025-10,Fithub,Bucaramanga,ESP-CRU,Crunchy Cocoa Hazelnut,Esparcibles,3,8,6,358500,2.0,2,2
2025-10,Fithub,Bucaramanga,ESP-PB,Peanutty Banana Shake,Esparcibles,3,11,10,597500,3.33,0,1
2025-10,Fithub,Bucaramanga,ESP-PIS,Buttery Pistachio Cookie,Esparcibles,3,4,3,234300,1.0,2,1
2025-10,Fithub,Bucaramanga,GRA-CHI,Chip Cookie,GranOLAS,3,12,9,420300,3.0,0,3
2025-10,Fithub,Bucaramanga,GRA-FUD,Fudge Cake,GranOLAS,3,3,2,93400,0.67,4,1
2025-10,Fithub,Bucaramanga,GRA-PIS,Pistachio Cookie,GranOLAS,3,3,2,110600,0.67,5,1
2025-10,Fithub,Bucaramanga,HAR-ALM,Harina de Almendra,Avena & Harinas,3,14,10,426000,3.33,1,4
2025-10,Fithub,Bucaramanga,HAR-AVE,Harina de Avena,Avena & Harinas,3,13,11,424050,3.67,1,2
2025-10,Fithub,Bucaramanga,PAN-ALM-CHO,Almendra Choco Chips,Pancakes & Waffles,3,20,16,820800,5.33,3,4
2025-10,Fithub,Bucaramanga,PAN-ALM-CHU,Almendra Churro,Pancakes & Waffles,3,8,6,307800,2.0,0,2
2025-10,Fithub,Bucaramanga,PAN-ALM-VAN,Almendra Vainilla,Pancakes & Waffles,3,17,15,769500,5.0,5,2
2025-10,Fithub,Bucaramanga,PAN-AVE-BRO,Avena Brownie,Pancakes & Waffles,3,13,12,485400,4.0,4,1
2025-10,Fithub,Cali,AVE-HOJ,Avena en Hojuelas,Avena & Harinas,2,28,26,1002300,13.0,4,2
2025-10,Fithub,Cali,COM-3GRA,Three Pack GranOLA,Combos,2,4,3,357150,1.5,0,1
2025-10,Fithub,Cali,COM-3SPR,Three Pack Spread,Combos,2,5,4,633600,2.0,5,1
2025-10,Fithub,Cali,COM-WAF,Mini Wafflera,Combos,2,1,0,0,0.0,4,1
2025-10,Fithub,Cali,ESP-BABY,Baby Spreads,Esparcibles,2,8,7,168000,3.5,0,1
2025-10,Fithub,Cali,ESP-CIN,Golden Cinnamon Roll,Esparcibles,2,9,7,418250,3.5,2,2
2025-10,Fithub,Cali,ESP-CRE,Creamy Cocoa Hazelnut,Esparcibles,2,14,12,717000,6.0,3,2
2025-10,Fithub,Cali,ESP-CRU,Crunchy Cocoa Hazelnut,Esparcibles,2,1,0,0,0.0,7,1
2025-10,Fithub,Cali,ESP-PB,Peanutty Banana Shake,Esparcibles,2,6,4,239000,2.0,8,2
2025-10,Fithub,Cali,ESP-PIS,Buttery Pistachio Cookie,Esparcibles,2,1,0,0,0.0,0,1
2025-10,Fithub,Cali,GRA-CHI,Chip Cookie,GranOLAS,2,43,33,1541100,16.5,4,10
2025-10,Fithub,Cali,GRA-FUD,Fudge Cake,GranOLAS,2,11,9,420300,4.5,0,2
2025-10,Fithub,Cali,GRA-PIS,Pistachio Cookie,GranOLAS,2,22,21,1161300,10.5,1,1
2025-10,Fithub,Cali,GRA-VAN,Vanilla Shortbread,GranOLAS,2,3,2,93400,1.0,0,1
2025-10,Fithub,Cali,HAR-ALM,Harina de Almendra,Avena & Harinas,2,9,8,340800,4.0,1,1
2025-10,Fithub,Cali,HAR-AVE,Harina de Avena,Avena & Harinas,2,3,2,77100,1.0,0,1
2025-10,Fithub,Cali,PAN-ALM-VAN,Almendra Vainilla,Pancakes & Waffles,2,3,2,102600,1.0,4,1
2025-10,Fithub,Cali,PAN-AVE-BAN,Avena Banano,Pancakes & Waffles,2,8,7,283150,3.5,6,1
2025-10,Fithub,Cali,PAN-AVE-BRO,Avena Brownie,Pancakes & Waffles,2,34,26,1051700,13.0,1,8
2025-10,Fithub,Cali,PAN-AVE-VAN,Avena Vainilla,Pancakes & Waffles,2,5,4,161800,2.0,4,1
2025-10,Fithub,Cartagena,AVE-HOJ,Avena en Hojuelas,Avena & Harinas,1,29,26,1002300,26.0,0,3
2025-10,Fithub,Cartagena,COM-3GRA,Three Pack GranOLA,Combos,1,6,5,595250,5.0,0,1
2025-10,Fithub,Cartagena,COM-3SPR,Three Pack Spread,Combos,1,11,8,1267200,8.0,5,3
2025-10,Fithub,Cartagena,COM-WAF,Mini Wafflera,Combos,1,7,6,738000,6.0,5,1
2025-10,Fithub,Cartagena,ESP-BABY,Baby Spreads,Esparcibles,1,33,25,600000,25.0,2,8
2025-10,Fithub,Cartagena,ESP-CIN,Golden Cinnamon Roll,Esparcibles,1,9,7,418250,7.0,6,2
2025-10,Fithub,Cartagena,ESP-CRE,Creamy Cocoa Hazelnut,Esparcibles,1,37,34,2031500,34.0,5,3
2025-10,Fithub,Cartagena,ESP-CRU,Crunchy Cocoa Hazelnut,Esparcibles,1,5,3,179250,3.0,2,2
2025-10,Fithub,Cartagena,ESP-PB,Peanutty Banana Shake,Esparcibles,1,5,4,239000,4.0,0,1
2025-10,Fithub,Cartagena,ESP-PIS,Buttery Pistachio Cookie,Esparcibles,1,5,4,312400,4.0,6,1
2025-10,Fithub,Cartagena,GRA-CHI,Chip Cookie,GranOLAS,1,2,1,46700,1.0,0,1
2025-10,Fithub,Cartagena,GRA-FUD,Fudge Cake,GranOLAS,1,9,8,373600,8.0,8,1
2025-10,Fithub,Cartagena,GRA-PIS,Pistachio Cookie,GranOLAS,1,19,19,1050700,19.0,5,0
2025-10,Fithub,Cartagena,HAR-ALM,Harina de Almendra,Avena & Harinas,1,28,22,937200,22.0,10,6
2025-10,Fithub,Cartagena,HAR-AVE,Harina de Avena,Avena & Harinas,1,9,7,269850,7.0,4,2
2025-10,Fithub,Cartagena,PAN-ALM-CHU,Almendra Churro,Pancakes & Waffles,1,5,4,205200,4.0,3,1
2025-10,Fithub,Cartagena,PAN-ALM-VAN,Almendra Vainilla,Pancakes & Waffles,1,9,7,359100,7.0,3,2
2025-10,Fithub,Cartagena,PAN-AVE-BAN,Avena Banano,Pancakes & Waffles,1,9,6,242700,6.0,7,3
2025-10,Fithub,Cartagena,PAN-AVE-BRO,Avena Brownie,Pancakes & Waffles,1,26,23,930350,23.0,5,3
2025-10,Fithub,Cartagena,PAN-AVE-VAN,Avena Vainilla,Pancakes & Waffles,1,4,3,121350,3.0,1,1
2025-10,Fithub,Manizales,AVE-HOJ,Avena en Hojuelas,Avena & Harinas,1,12,10,385500,10.0,0,2
2025-10,Fithub,Manizales,COM-3SPR,Three Pack Spread,Combos,1,7,6,950400,6.0,8,1
2025-10,Fithub,Manizales,COM-WAF,Mini Wafflera,Combos,1,5,4,492000,4.0,0,1
2025-10,Fithub,Manizales,ESP-CRE,Creamy Cocoa Hazelnut,Esparcibles,1,1,0,0,0.0,1,1
2025-10,Fithub,Manizales,ESP-PIS,Buttery Pistachio Cookie,Esparcibles,1,7,6,468600,6.0,4,1
2025-10,Fithub,Manizales,GRA-CHI,Chip Cookie,GranOLAS,1,9,9,420300,9.0,3,0
2025-10,Fithub,Manizales,GRA-FUD,Fudge Cake,GranOLAS,1,21,19,887300,19.0,1,2
2025-10,Fithub,Manizales,GRA-PIS,Pistachio Cookie,GranOLAS,1,17,17,940100,17.0,5,0
2025-10,Fithub,Manizales,GRA-VAN,Vanilla Shortbread,GranOLAS,1,17,17,793900,17.0,6,0
2025-10,Fithub,Manizales,HAR-ALM,Harina de Almendra,Avena & Harinas,1,16,13,553800,13.0,4,3
2025-10,Fithub,Manizales,HAR-AVE,Harina de Avena,Avena & Harinas,1,9,8,308400,8.0,6,1
2025-10,Fithub,Manizales,PAN-ALM-VAN,Almendra Vainilla,Pancakes & Waffles,1,12,10,513000,10.0,6,2
2025-10,Fithub,Manizales,PAN-AVE-BRO,Avena Brownie,Pancakes & Waffles,1,13,12,485400,12.0,0,1
2025-10,Fithub,Manizales,PAN-AVE-VAN,Avena Vainilla,Pancakes & Waffles,1,26,19,768550,19.0,7,7
2025-10,Fithub,Medellín,AVE-HOJ,Avena en Hojuelas,Avena & Harinas,4,34,27,1040850,6.75,7,7
2025-10,Fithub,Medellín,COM-3GRA,Three Pack GranOLA,Combos,4,18,13,1547650,3.25,2,5
2025-10,Fithub,Medellín,COM-3SPR,Three Pack Spread,Combos,4,13,10,1584000,2.5,4,3
2025-10,Fithub,Medellín,COM-WAF,Mini Wafflera,Combos,4,7,5,615000,1.25,5,2
2025-10,Fithub,Medellín,ESP-BABY,Baby Spreads,Esparcibles,4,27,26,624000,6.5,2,1
2025-10,Fithub,Medellín,ESP-CIN,Golden Cinnamon Roll,Esparcibles,4,12,9,537750,2.25,6,3
2025-10,Fithub,Medellín,ESP-CRE,Creamy Cocoa Hazelnut,Esparcibles,4,8,7,418250,1.75,2,1
2025-10,Fithub,Medellín,ESP-CRU,Crunchy Cocoa Hazelnut,Esparcibles,4,16,13,776750,3.25,0,3
2025-10,Fithub,Medellín,ESP-PB,Peanutty Banana Shake,Esparcibles,4,31,29,1732750,7.25,8,2
2025-10,Fithub,Medellín,ESP-PIS,Buttery Pistachio Cookie,Esparcibles,4,6,4,312400,1.0,0,2
2025-10,Fithub,Medellín,GRA-CHI,Chip Cookie,GranOLAS,4,22,15,700500,3.75,2,7
2025-10,Fithub,Medellín,GRA-FUD,Fudge Cake,GranOLAS,4,38,35,1634500,8.75,2,3
2025-10,Fithub,Medellín,GRA-PIS,Pistachio Cookie,GranOLAS,4,36,27,1493100,6.75,0,9
2025-10,Fithub,Medellín,GRA-VAN,Vanilla Shortbread,GranOLAS,4,43,40,1868000,10.0,5,3
2025-10,Fithub,Medellín,HAR-ALM,Harina de Almendra,Avena & Harinas,4,7,5,213000,1.25,2,2
2025-10,Fithub,Medellín,HAR-AVE,Harina de Avena,Avena & Harinas,4,20,20,771000,5.0,4,0
2025-10,Fithub,Medellín,PAN-ALM-CHO,Almendra Choco Chips,Pancakes & Waffles,4,50,40,2052000,10.0,4,10
2025-10,Fithub,Medellín,PAN-ALM-CHU,Almendra Churro,Pancakes & Waffles,4,30,25,1282500,6.25,7,5
2025-10,Fithub,Medellín,PAN-ALM-VAN,Almendra Vainilla,Pancakes & Waffles,4,47,39,2000700,9.75,4,8
2025-10,Fithub,Medellín,PAN-AVE-BAN,Avena Banano,Pancakes & Waffles,4,94,92,3721400,23.0,4,2
2025-10,Fithub,Medellín,PAN-AVE-BRO,Avena Brownie,Pancakes & Waffles,4,4,3,121350,0.75,0,1
2025-10,Fithub,Medellín,PAN-AVE-VAN,Avena Vainilla,Pancakes & Waffles,4,29,29,1173050,7.25,4,0
2025-10,Fithub,Pereira,AVE-HOJ,Avena en Hojuelas,Avena & Harinas,1,14,13,501150,13.0,0,1
2025-10,Fithub,Pereira,COM-3SPR,Three Pack Spread,Combos,1,1,0,0,0.0,3,1
2025-10,Fithub,Pereira,COM-WAF,Mini Wafflera,Combos,1,3,2,246000,2.0,3,1
2025-10,Fithub,Pereira,ESP-BABY,Baby Spreads,Esparcibles,1,24,22,528000,22.0,1,2
2025-10,Fithub,Pereira,ESP-CIN,Golden Cinnamon Roll,Esparcibles,1,2,1,59750,1.0,6,1
2025-10,Fithub,Pereira,ESP-CRE,Creamy Cocoa Hazelnut,Esparcibles,1,4,3,179250,3.0,7,1
2025-10,Fithub,Pereira,ESP-CRU,Crunchy Cocoa Hazelnut,Esparcibles,1,9,8,478000,8.0,0,1
2025-10,Fithub,Pereira,ESP-PB,Peanutty Banana Shake,Esparcibles,1,2,2,119500,2.0,1,0
2025-10,Fithub,Pereira,ESP-PIS,Buttery Pistachio Cookie,Esparcibles,1,6,5,390500,5.0,6,1
2025-10,Fithub,Pereira,GRA-CHI,Chip Cookie,GranOLAS,1,5,3,140100,3.0,3,2
2025-10,Fithub,Pereira,GRA-FUD,Fudge Cake,GranOLAS,1,6,5,233500,5.0,3,1
2025-10,Fithub,Pereira,GRA-PIS,Pistachio Cookie,GranOLAS,1,5,3,165900,3.0,7,2
2025-10,Fithub,Pereira,HAR-ALM,Harina de Almendra,Avena & Harinas,1,17,13,553800,13.0,0,4
2025-10,Fithub,Pereira,HAR-AVE,Harina de Avena,Avena & Harinas,1,5,3,115650,3.0,0,2
2025-10,Fithub,Pereira,PAN-ALM-CHO,Almendra Choco Chips,Pancakes & Waffles,1,15,14,718200,14.0,3,1
2025-10,Fithub,Pereira,PAN-ALM-VAN,Almendra Vainilla,Pancakes & Waffles,1,3,2,102600,2.0,0,1
2025-10,Fithub,Pereira,PAN-AVE-BRO,Avena Brownie,Pancakes & Waffles,1,4,3,121350,3.0,2,1
2025-10,Fithub,Pereira,PAN-AVE-VAN,Avena Vainilla,Pancakes & Waffles,1,5,4,161800,4.0,0,1
2025-10,Tiendas naturistas,Barranquilla,AVE-HOJ,Avena en Hojuelas,Avena & Harinas,2,14,13,481000,6.5,3,1
2025-10,Tiendas naturistas,Barranquilla,COM-3GRA,Three Pack GranOLA,Combos,2,3,2,228400,1.0,4,1
2025-10,Tiendas naturistas,Barranquilla,COM-WAF,Mini Wafflera,Combos,2,9,8,944000,4.0,3,1
2025-10,Tiendas naturistas,Barranquilla,ESP-BABY,Baby Spreads,Esparcibles,2,65,64,1472000,32.0,4,1
2025-10,Tiendas naturistas,Barranquilla,ESP-CIN,Golden Cinnamon Roll,Esparcibles,2,16,15,860250,7.5,2,1
2025-10,Tiendas naturistas,Barranquilla,ESP-CRE,Creamy Cocoa Hazelnut,Esparcibles,2,18,16,917600,8.0,0,2
2025-10,Tiendas naturistas,Barranquilla,ESP-CRU,Crunchy Cocoa Hazelnut,Esparcibles,2,3,2,114700,1.0,1,1
2025-10,Tiendas naturistas,Barranquilla,ESP-PIS,Buttery Pistachio Cookie,Esparcibles,2,11,8,599600,4.0,2,3
2025-10,Tiendas naturistas,Barranquilla,GRA-CHI,Chip Cookie,GranOLAS,2,45,38,1702400,19.0,1,7
2025-10,Tiendas naturistas,Barranquilla,GRA-PIS,Pistachio Cookie,GranOLAS,2,15,13,689650,6.5,7,2
2025-10,Tiendas naturistas,Barranquilla,GRA-VAN,Vanilla Shortbread,GranOLAS,2,88,70,3136000,35.0,5,18
2025-10,Tiendas naturistas,Barranquilla,HAR-ALM,Harina de Almendra,Avena & Harinas,2,10,9,368100,4.5,0,1
2025-10,Tiendas naturistas,Barranquilla,PAN-ALM-CHO,Almendra Choco Chips,Pancakes & Waffles,2,15,13,639600,6.5,4,2
2025-10,Tiendas naturistas,Barranquilla,PAN-ALM-CHU,Almendra Churro,Pancakes & Waffles,2,14,10,492000,5.0,3,4
2025-10,Tiendas naturistas,Barranquilla,PAN-ALM-VAN,Almendra Vainilla,Pancakes & Waffles,2,24,17,836400,8.5,0,7
2025-10,Tiendas naturistas,Barranquilla,PAN-AVE-BAN,Avena Banano,Pancakes & Waffles,2,49,42,1629600,21.0,7,7
2025-10,Tiendas naturistas,Barranquilla,PAN-AVE-BRO,Avena Brownie,Pancakes & Waffles,2,43,32,1241600,16.0,1,11
2025-10,Tiendas naturistas,Barranquilla,PAN-AVE-VAN,Avena Vainilla,Pancakes & Waffles,2,26,19,737200,9.5,1,7
2025-10,Tiendas naturistas,Bogotá,AVE-HOJ,Avena en Hojuelas,Avena & Harinas,31,112,95,3515000,3.06,0,17
2025-10,Tiendas naturistas,Bogotá,COM-3GRA,Three Pack GranOLA,Combos,31,25,21,2398200,0.68,3,4
2025-10,Tiendas naturistas,Bogotá,COM-3SPR,Three Pack Spread,Combos,31,29,21,3190950,0.68,0,8
2025-10,Tiendas naturistas,Bogotá,COM-WAF,Mini Wafflera,Combos,31,24,23,2714000,0.74,0,1
2025-10,Tiendas naturistas,Bogotá,ESP-BABY,Baby Spreads,Esparcibles,31,137,136,3128000,4.39,4,1
2025-10,Tiendas naturistas,Bogotá,ESP-CIN,Golden Cinnamon Roll,Esparcibles,31,58,44,2523400,1.42,3,14
2025-10,Tiendas naturistas,Bogotá,ESP-CRE,Creamy Cocoa Hazelnut,Esparcibles,31,40,32,1835200,1.03,7,8
2025-10,Tiendas naturistas,Bogotá,ESP-CRU,Crunchy Cocoa Hazelnut,Esparcibles,31,38,31,1777850,1.0,0,7
2025-10,Tiendas naturistas,Bogotá,ESP-PB,Peanutty Banana Shake,Esparcibles,31,104,76,4358600,2.45,0,28
2025-10,Tiendas naturistas,Bogotá,ESP-PIS,Buttery Pistachio Cookie,Esparcibles,31,65,58,4347100,1.87,3,7
2025-10,Tiendas naturistas,Bogotá,GRA-CHI,Chip Cookie,GranOLAS,31,163,160,7168000,5.16,0,3
2025-10,Tiendas naturistas,Bogotá,GRA-FUD,Fudge Cake,GranOLAS,31,41,35,1568000,1.13,0,6
2025-10,Tiendas naturistas,Bogotá,GRA-PIS,Pistachio Cookie,GranOLAS,31,61,55,2917750,1.77,4,6
2025-10,Tiendas naturistas,Bogotá,GRA-VAN,Vanilla Shortbread,GranOLAS,31,52,37,1657600,1.19,0,15
2025-10,Tiendas naturistas,Bogotá,HAR-ALM,Harina de Almendra,Avena & Harinas,31,88,68,2781200,2.19,0,20
2025-10,Tiendas naturistas,Bogotá,HAR-AVE,Harina de Avena,Avena & Harinas,31,178,138,5106000,4.45,4,40
2025-10,Tiendas naturistas,Bogotá,PAN-ALM-CHO,Almendra Choco Chips,Pancakes & Waffles,31,90,67,3296400,2.16,4,23
2025-10,Tiendas naturistas,Bogotá,PAN-ALM-CHU,Almendra Churro,Pancakes & Waffles,31,58,53,2607600,1.71,6,5
2025-10,Tiendas naturistas,Bogotá,PAN-ALM-VAN,Almendra Vainilla,Pancakes & Waffles,31,62,60,2952000,1.94,1,2
2025-10,Tiendas naturistas,Bogotá,PAN-AVE-BAN,Avena Banano,Pancakes & Waffles,31,46,42,1629600,1.35,0,4
2025-10,Tiendas naturistas,Bogotá,PAN-AVE-BRO,Avena Brownie,Pancakes & Waffles,31,117,91,3530800,2.94,0,26
2025-10,Tiendas naturistas,Bogotá,PAN-AVE-VAN,Avena Vainilla,Pancakes & Waffles,31,51,49,1901200,1.58,4,2
2025-10,Tiendas naturistas,Bucaramanga,AVE-HOJ,Avena en Hojuelas,Avena & Harinas,2,40,29,1073000,14.5,6,11
2025-10,Tiendas naturistas,Bucaramanga,COM-3SPR,Three Pack Spread,Combos,2,4,2,303900,1.0,2,2
2025-10,Tiendas naturistas,Bucaramanga,COM-WAF,Mini Wafflera,Combos,2,23,23,2714000,11.5,5,0
2025-10,Tiendas naturistas,Bucaramanga,ESP-BABY,Baby Spreads,Esparcibles,2,49,48,1104000,24.0,0,1
2025-10,Tiendas naturistas,Bucaramanga,ESP-CIN,Golden Cinnamon Roll,Esparcibles,2,82,67,3842450,33.5,5,15
2025-10,Tiendas naturistas,Bucaramanga,ESP-CRE,Creamy Cocoa Hazelnut,Esparcibles,2,28,25,1433750,12.5,7,3
2025-10,Tiendas naturistas,Bucaramanga,ESP-CRU,Crunchy Cocoa Hazelnut,Esparcibles,2,21,15,860250,7.5,4,6
2025-10,Tiendas naturistas,Bucaramanga,ESP-PIS,Buttery Pistachio Cookie,Esparcibles,2,21,18,1349100,9.0,0,3
2025-10,Tiendas naturistas,Bucaramanga,GRA-CHI,Chip Cookie,GranOLAS,2,71,65,2912000,32.5,1,6
2025-10,Tiendas naturistas,Bucaramanga,GRA-FUD,Fudge Cake,GranOLAS,2,52,45,2016000,22.5,0,7
2025-10,Tiendas naturistas,Bucaramanga,GRA-PIS,Pistachio Cookie,GranOLAS,2,45,42,2228100,21.0,2,3
2025-10,Tiendas naturistas,Bucaramanga,GRA-VAN,Vanilla Shortbread,GranOLAS,2,41,38,1702400,19.0,2,3
2025-10,Tiendas naturistas,Bucaramanga,HAR-ALM,Harina de Almendra,Avena & Harinas,2,80,59,2413100,29.5,0,21
2025-10,Tiendas naturistas,Bucaramanga,HAR-AVE,Harina de Avena,Avena & Harinas,2,35,25,925000,12.5,8,10
2025-10,Tiendas naturistas,Bucaramanga,PAN-ALM-CHO,Almendra Choco Chips,Pancakes & Waffles,2,44,32,1574400,16.0,6,12
2025-10,Tiendas naturistas,Bucaramanga,PAN-ALM-CHU,Almendra Churro,Pancakes & Waffles,2,22,19,934800,9.5,2,3
2025-10,Tiendas naturistas,Bucaramanga,PAN-ALM-VAN,Almendra Vainilla,Pancakes & Waffles,2,8,8,393600,4.0,6,0
2025-10,Tiendas naturistas,Bucaramanga,PAN-AVE-BAN,Avena Banano,Pancakes & Waffles,2,67,55,2134000,27.5,10,12
2025-10,Tiendas naturistas,Bucaramanga,PAN-AVE-BRO,Avena Brownie,Pancakes & Waffles,2,16,13,504400,6.5,0,3
2025-10,Tiendas naturistas,Bucaramanga,PAN-AVE-VAN,Avena Vainilla,Pancakes & Waffles,2,40,33,1280400,16.5,5,7
2025-10,Tiendas naturistas,Cali,AVE-HOJ,Avena en Hojuelas,Avena & Harinas,5,2,1,37000,0.2,2,1
2025-10,Tiendas naturistas,Cali,ESP-BABY,Baby Spreads,Esparcibles,5,12,10,230000,2.0,3,2
2025-10,Tiendas naturistas,Cali,ESP-PB,Peanutty Banana Shake,Esparcibles,5,16,13,745550,2.6,4,3
2025-10,Tiendas naturistas,Cali,GRA-VAN,Vanilla Shortbread,GranOLAS,5,12,11,492800,2.2,0,1
2025-10,Tiendas naturistas,Cartagena,COM-3GRA,Three Pack GranOLA,Combos,4,1,0,0,0.0,1,1
2025-10,Tiendas naturistas,Cartagena,COM-3SPR,Three Pack Spread,Combos,4,1,0,0,0.0,6,1
2025-10,Tiendas naturistas,Cartagena,COM-WAF,Mini Wafflera,Combos,4,6,5,590000,1.25,4,1
2025-10,Tiendas naturistas,Cartagena,ESP-BABY,Baby Spreads,Esparcibles,4,88,87,2001000,21.75,1,1
2025-10,Tiendas naturistas,Cartagena,ESP-CIN,Golden Cinnamon Roll,Esparcibles,4,29,21,1204350,5.25,4,8
2025-10,Tiendas naturistas,Cartagena,ESP-CRE,Creamy Cocoa Hazelnut,Esparcibles,4,22,16,917600,4.0,0,6
2025-10,Tiendas naturistas,Cartagena,ESP-PB,Peanutty Banana Shake,Esparcibles,4,14,11,630850,2.75,2,3
2025-10,Tiendas naturistas,Cartagena,ESP-PIS,Buttery Pistachio Cookie,Esparcibles,4,4,3,224850,0.75,4,1
2025-10,Tiendas naturistas,Cartagena,GRA-CHI,Chip Cookie,GranOLAS,4,58,53,2374400,13.25,0,5
2025-10,Tiendas naturistas,Cartagena,GRA-FUD,Fudge Cake,GranOLAS,4,13,12,537600,3.0,3,1
2025-10,Tiendas naturistas,Cartagena,GRA-PIS,Pistachio Cookie,GranOLAS,4,13,12,636600,3.0,1,1
2025-10,Tiendas naturistas,Cartagena,GRA-VAN,Vanilla Shortbread,GranOLAS,4,40,35,1568000,8.75,5,5
2025-10,Tiendas naturistas,Cartagena,HAR-ALM,Harina de Almendra,Avena & Harinas,4,81,81,3312900,20.25,3,0
2025-10,Tiendas naturistas,Cartagena,HAR-AVE,Harina de Avena,Avena & Harinas,4,73,55,2035000,13.75,3,18
2025-10,Tiendas naturistas,Cartagena,PAN-ALM-CHO,Almendra Choco Chips,Pancakes & Waffles,4,134,120,5904000,30.0,2,14
2025-10,Tiendas naturistas,Cartagena,PAN-ALM-CHU,Almendra Churro,Pancakes & Waffles,4,12,10,492000,2.5,2,2
2025-10,Tiendas naturistas,Cartagena,PAN-ALM-VAN,Almendra Vainilla,Pancakes & Waffles,4,5,4,196800,1.0,0,1
2025-10,Tiendas naturistas,Cartagena,PAN-AVE-BRO,Avena Brownie,Pancakes & Waffles,4,79,63,2444400,15.75,5,16
2025-10,Tiendas naturistas,Cartagena,PAN-AVE-VAN,Avena Vainilla,Pancakes & Waffles,4,41,34,1319200,8.5,0,7
2025-10,Tiendas naturistas,Manizales,AVE-HOJ,Avena en Hojuelas,Avena & Harinas,1,12,9,333000,9.0,2,3
2025-10,Tiendas naturistas,Manizales,COM-3SPR,Three Pack Spread,Combos,1,1,0,0,0.0,2,1
2025-10,Tiendas naturistas,Manizales,ESP-BABY,Baby Spreads,Esparcibles,1,2,1,23000,1.0,2,1
2025-10,Tiendas naturistas,Manizales,ESP-PB,Peanutty Banana Shake,Esparcibles,1,2,1,57350,1.0,2,1
2025-10,Tiendas naturistas,Manizales,ESP-PIS,Buttery Pistachio Cookie,Esparcibles,1,2,1,74950,1.0,0,1
2025-10,Tiendas naturistas,Manizales,GRA-VAN,Vanilla Shortbread,GranOLAS,1,7,5,224000,5.0,6,2
2025-10,Tiendas naturistas,Manizales,HAR-AVE,Harina de Avena,Avena & Harinas,1,9,7,259000,7.0,7,2
2025-10,Tiendas naturistas,Manizales,PAN-ALM-CHO,Almendra Choco Chips,Pancakes & Waffles,1,1,0,0,0.0,2,1
2025-10,Tiendas naturistas,Manizales,PAN-AVE-BRO,Avena Brownie,Pancakes & Waffles,1,6,5,194000,5.0,4,1
2025-10,Tiendas naturistas,Medellín,AVE-HOJ,Avena en Hojuelas,Avena & Harinas,13,110,97,3589000,7.46,8,13
2025-10,Tiendas naturistas,Medellín,COM-3GRA,Three Pack GranOLA,Combos,13,9,7,799400,0.54,4,2
2025-10,Tiendas naturistas,Medellín,COM-3SPR,Three Pack Spread,Combos,13,20,19,2887050,1.46,2,1
2025-10,Tiendas naturistas,Medellín,COM-WAF,Mini Wafflera,Combos,13,27,26,3068000,2.0,7,1
2025-10,Tiendas naturistas,Medellín,ESP-BABY,Baby Spreads,Esparcibles,13,119,113,2599000,8.69,3,6
2025-10,Tiendas naturistas,Medellín,ESP-CIN,Golden Cinnamon Roll,Esparcibles,13,98,78,4473300,6.0,0,20
2025-10,Tiendas naturistas,Medellín,ESP-CRE,Creamy Cocoa Hazelnut,Esparcibles,13,51,45,2580750,3.46,0,6
2025-10,Tiendas naturistas,Medellín,ESP-CRU,Crunchy Cocoa Hazelnut,Esparcibles,13,82,62,3555700,4.77,3,20
2025-10,Tiendas naturistas,Medellín,ESP-PB,Peanutty Banana Shake,Esparcibles,13,32,30,1720500,2.31,2,2
2025-10,Tiendas naturistas,Medellín,ESP-PIS,Buttery Pistachio Cookie,Esparcibles,13,29,21,1573950,1.62,6,8
2025-10,Tiendas naturistas,Medellín,GRA-CHI,Chip Cookie,GranOLAS,13,33,32,1433600,2.46,5,1
2025-10,Tiendas naturistas,Medellín,GRA-FUD,Fudge Cake,GranOLAS,13,51,38,1702400,2.92,1,13
2025-10,Tiendas naturistas,Medellín,GRA-PIS,Pistachio Cookie,GranOLAS,13,22,21,1114050,1.62,4,1
2025-10,Tiendas naturistas,Medellín,GRA-VAN,Vanilla Shortbread,GranOLAS,13,68,61,2732800,4.69,3,7
2025-10,Tiendas naturistas,Medellín,HAR-ALM,Harina de Almendra,Avena & Harinas,13,50,38,1554200,2.92,3,12
2025-10,Tiendas naturistas,Medellín,HAR-AVE,Harina de Avena,Avena & Harinas,13,32,26,962000,2.0,1,6
2025-10,Tiendas naturistas,Medellín,PAN-ALM-CHO,Almendra Choco Chips,Pancakes & Waffles,13,19,16,787200,1.23,6,3
2025-10,Tiendas naturistas,Medellín,PAN-ALM-CHU,Almendra Churro,Pancakes & Waffles,13,39,32,1574400,2.46,0,7
2025-10,Tiendas naturistas,Medellín,PAN-ALM-VAN,Almendra Vainilla,Pancakes & Waffles,13,141,139,6838800,10.69,7,2
2025-10,Tiendas naturistas,Medellín,PAN-AVE-BAN,Avena Banano,Pancakes & Waffles,13,70,50,1940000,3.85,0,20
2025-10,Tiendas naturistas,Medellín,PAN-AVE-BRO,Avena Brownie,Pancakes & Waffles,13,51,41,1590800,3.15,4,10
2025-10,Tiendas naturistas,Medellín,PAN-AVE-VAN,Avena Vainilla,Pancakes & Waffles,13,110,107,4151600,8.23,0,3
2025-10,Tiendas naturistas,Pereira,COM-3GRA,Three Pack GranOLA,Combos,4,15,10,1142000,2.5,4,5
2025-10,Tiendas naturistas,Pereira,COM-3SPR,Three Pack Spread,Combos,4,2,1,151950,0.25,0,1
2025-10,Tiendas naturistas,Pereira,COM-WAF,Mini Wafflera,Combos,4,3,3,354000,0.75,1,0
2025-10,Tiendas naturistas,Pereira,ESP-BABY,Baby Spreads,Esparcibles,4,60,57,1311000,14.25,4,3
2025-10,Tiendas naturistas,Pereira,ESP-CIN,Golden Cinnamon Roll,Esparcibles,4,39,28,1605800,7.0,4,11
2025-10,Tiendas naturistas,Pereira,ESP-CRU,Crunchy Cocoa Hazelnut,Esparcibles,4,12,9,516150,2.25,6,3
2025-10,Tiendas naturistas,Pereira,ESP-PB,Peanutty Banana Shake,Esparcibles,4,9,7,401450,1.75,2,2
2025-10,Tiendas naturistas,Pereira,GRA-CHI,Chip Cookie,GranOLAS,4,21,19,851200,4.75,4,2
2025-10,Tiendas naturistas,Pereira,GRA-FUD,Fudge Cake,GranOLAS,4,9,6,268800,1.5,3,3
2025-10,Tiendas naturistas,Pereira,GRA-PIS,Pistachio Cookie,GranOLAS,4,27,27,1432350,6.75,1,0
2025-10,Tiendas naturistas,Pereira,GRA-VAN,Vanilla Shortbread,GranOLAS,4,13,12,537600,3.0,0,1
2025-10,Tiendas naturistas,Pereira,HAR-AVE,Harina de Avena,Avena & Harinas,4,13,10,370000,2.5,7,3
2025-10,Tiendas naturistas,Pereira,PAN-ALM-CHU,Almendra Churro,Pancakes & Waffles,4,9,7,344400,1.75,1,2
2025-10,Tiendas naturistas,Pereira,PAN-AVE-BRO,Avena Brownie,Pancakes & Waffles,4,15,13,504400,3.25,3,2
2025-10,Tiendas naturistas,Pereira,PAN-AVE-VAN,Avena Vainilla,Pancakes & Waffles,4,7,5,194000,1.25,1,2
2025-10,Éxito,Barranquilla,ESP-CIN,Golden Cinnamon Roll,Esparcibles,5,52,51,2751450,10.2,0,1
2025-10,Éxito,Barranquilla,ESP-PB,Peanutty Banana Shake,Esparcibles,5,43,33,1780350,6.6,3,10
2025-10,Éxito,Barranquilla,ESP-PIS,Buttery Pistachio Cookie,Esparcibles,5,22,17,1198500,3.4,2,5
2025-10,Éxito,Barranquilla,GRA-PIS,Pistachio Cookie,GranOLAS,5,32,23,1147700,4.6,0,9
2025-10,Éxito,Barranquilla,PAN-ALM-CHO,Almendra Choco Chips,Pancakes & Waffles,5,82,63,2916900,12.6,0,19
2025-10,Éxito,Barranquilla,PAN-AVE-BAN,Avena Banano,Pancakes & Waffles,5,228,171,6241500,34.2,0,57
2025-10,Éxito,Barranquilla,PAN-AVE-BRO,Avena Brownie,Pancakes & Waffles,5,25,25,912500,5.0,0,0
2025-10,Éxito,Bogotá,AVE-HOJ,Avena en Hojuelas,Avena & Harinas,22,251,201,6994800,9.14,0,50
2025-10,Éxito,Bogotá,COM-3GRA,Three Pack GranOLA,Combos,22,34,27,2899800,1.23,0,7
2025-10,Éxito,Bogotá,COM-3SPR,Three Pack Spread,Combos,22,42,34,4860300,1.55,4,8
2025-10,Éxito,Bogotá,COM-WAF,Mini Wafflera,Combos,22,80,74,8214000,3.36,5,6
2025-10,Éxito,Bogotá,ESP-BABY,Baby Spreads,Esparcibles,22,150,118,2554700,5.36,4,32
2025-10,Éxito,Bogotá,ESP-CIN,Golden Cinnamon Roll,Esparcibles,22,219,217,11707150,9.86,4,2
2025-10,Éxito,Bogotá,ESP-CRE,Creamy Cocoa Hazelnut,Esparcibles,22,244,206,11113700,9.36,0,38
2025-10,Éxito,Bogotá,ESP-CRU,Crunchy Cocoa Hazelnut,Esparcibles,22,100,80,4316000,3.64,8,20
2025-10,Éxito,Bogotá,ESP-PB,Peanutty Banana Shake,Esparcibles,22,381,284,15321800,12.91,3,97
2025-10,Éxito,Bogotá,ESP-PIS,Buttery Pistachio Cookie,Esparcibles,22,69,63,4441500,2.86,4,6
2025-10,Éxito,Bogotá,GRA-CHI,Chip Cookie,GranOLAS,22,271,223,9388300,10.14,0,48
2025-10,Éxito,Bogotá,GRA-FUD,Fudge Cake,GranOLAS,22,199,179,7535900,8.14,0,20
2025-10,Éxito,Bogotá,GRA-PIS,Pistachio Cookie,GranOLAS,22,521,529,26397100,24.05,2,0
2025-10,Éxito,Bogotá,GRA-VAN,Vanilla Shortbread,GranOLAS,22,576,493,20755300,22.41,3,83
2025-10,Éxito,Bogotá,HAR-ALM,Harina de Almendra,Avena & Harinas,22,25,19,730550,0.86,10,6
2025-10,Éxito,Bogotá,HAR-AVE,Harina de Avena,Avena & Harinas,22,459,432,15033600,19.64,5,27
2025-10,Éxito,Bogotá,PAN-ALM-CHO,Almendra Choco Chips,Pancakes & Waffles,22,255,202,9352600,9.18,3,53
2025-10,Éxito,Bogotá,PAN-ALM-CHU,Almendra Churro,Pancakes & Waffles,22,458,343,15880900,15.59,4,115
2025-10,Éxito,Bogotá,PAN-ALM-VAN,Almendra Vainilla,Pancakes & Waffles,22,118,118,5463400,5.36,1,0
2025-10,Éxito,Bogotá,PAN-AVE-BAN,Avena Banano,Pancakes & Waffles,22,329,251,9161500,11.41,3,78
2025-10,Éxito,Bogotá,PAN-AVE-BRO,Avena Brownie,Pancakes & Waffles,22,424,318,11607000,14.45,2,106
2025-10,Éxito,Bogotá,PAN-AVE-VAN,Avena Vainilla,Pancakes & Waffles,22,273,270,9855000,12.27,1,3
2025-10,Éxito,Bucaramanga,AVE-HOJ,Avena en Hojuelas,Avena & Harinas,3,27,22,765600,7.33,5,5
2025-10,Éxito,Bucaramanga,COM-3GRA,Three Pack GranOLA,Combos,3,16,11,1181400,3.67,7,5
2025-10,Éxito,Bucaramanga,COM-3SPR,Three Pack Spread,Combos,3,16,12,1715400,4.0,3,4
2025-10,Éxito,Bucaramanga,COM-WAF,Mini Wafflera,Combos,3,35,34,3774000,11.33,0,1
2025-10,Éxito,Bucaramanga,ESP-BABY,Baby Spreads,Esparcibles,3,186,152,3290800,50.67,0,34
2025-10,Éxito,Bucaramanga,ESP-CIN,Golden Cinnamon Roll,Esparcibles,3,25,24,1294800,8.0,0,1
2025-10,Éxito,Bucaramanga,GRA-CHI,Chip Cookie,GranOLAS,3,116,85,3578500,28.33,1,31
2025-10,Éxito,Bucaramanga,GRA-FUD,Fudge Cake,GranOLAS,3,73,55,2315500,18.33,0,18
2025-10,Éxito,Bucaramanga,GRA-VAN,Vanilla Shortbread,GranOLAS,3,29,22,926200,7.33,2,7
2025-10,Éxito,Bucaramanga,HAR-ALM,Harina de Almendra,Avena & Harinas,3,83,60,2307000,20.0,4,23
2025-10,Éxito,Bucaramanga,HAR-AVE,Harina de Avena,Avena & Harinas,3,31,23,800400,7.67,1,8
2025-10,Éxito,Bucaramanga,PAN-ALM-CHO,Almendra Choco Chips,Pancakes & Waffles,3,29,23,1064900,7.67,0,6
2025-10,Éxito,Bucaramanga,PAN-ALM-CHU,Almendra Churro,Pancakes & Waffles,3,2,1,46300,0.33,1,1
2025-10,Éxito,Bucaramanga,PAN-AVE-BAN,Avena Banano,Pancakes & Waffles,3,47,39,1423500,13.0,2,8
2025-10,Éxito,Cali,AVE-HOJ,Avena en Hojuelas,Avena & Harinas,2,47,42,1461600,21.0,1,5
2025-10,Éxito,Cali,COM-3SPR,Three Pack Spread,Combos,2,24,18,2573100,9.0,0,6
2025-10,Éxito,Cali,COM-WAF,Mini Wafflera,Combos,2,91,69,7659000,34.5,0,22
2025-10,Éxito,Cali,ESP-BABY,Baby Spreads,Esparcibles,2,129,103,2229950,51.5,4,26
2025-10,Éxito,Cali,ESP-CIN,Golden Cinnamon Roll,Esparcibles,2,88,69,3722550,34.5,1,19
2025-10,Éxito,Cali,ESP-CRE,Creamy Cocoa Hazelnut,Esparcibles,2,225,180,9711000,90.0,0,45
2025-10,Éxito,Cali,ESP-CRU,Crunchy Cocoa Hazelnut,Esparcibles,2,50,46,2481700,23.0,0,4
2025-10,Éxito,Cali,ESP-PB,Peanutty Banana Shake,Esparcibles,2,159,151,8146450,75.5,5,8
2025-10,Éxito,Cali,ESP-PIS,Buttery Pistachio Cookie,Esparcibles,2,220,200,14100000,100.0,0,20
2025-10,Éxito,Cali,GRA-CHI,Chip Cookie,GranOLAS,2,15,11,463100,5.5,5,4
2025-10,Éxito,Cali,GRA-FUD,Fudge Cake,GranOLAS,2,308,266,11198600,133.0,6,42
2025-10,Éxito,Cali,GRA-PIS,Pistachio Cookie,GranOLAS,2,144,137,6836300,68.5,2,7
2025-10,Éxito,Cali,GRA-VAN,Vanilla Shortbread,GranOLAS,2,150,118,4967800,59.0,0,32
2025-10,Éxito,Cali,HAR-ALM,Harina de Almendra,Avena & Harinas,2,241,214,8228300,107.0,2,27
2025-10,Éxito,Cali,HAR-AVE,Harina de Avena,Avena & Harinas,2,556,409,14233200,204.5,6,147
2025-10,Éxito,Cali,PAN-ALM-CHO,Almendra Choco Chips,Pancakes & Waffles,2,153,140,6482000,70.0,3,13
2025-10,Éxito,Cali,PAN-ALM-CHU,Almendra Churro,Pancakes & Waffles,2,234,217,10047100,108.5,5,17
2025-10,Éxito,Cali,PAN-ALM-VAN,Almendra Vainilla,Pancakes & Waffles,2,229,182,8426600,91.0,7,47
2025-10,Éxito,Cali,PAN-AVE-BAN,Avena Banano,Pancakes & Waffles,2,119,117,4270500,58.5,1,2
2025-10,Éxito,Cali,PAN-AVE-BRO,Avena Brownie,Pancakes & Waffles,2,154,146,5329000,73.0,2,8
2025-10,Éxito,Cali,PAN-AVE-VAN,Avena Vainilla,Pancakes & Waffles,2,476,345,12592500,172.5,1,131
2025-10,Éxito,Cartagena,AVE-HOJ,Avena en Hojuelas,Avena & Harinas,3,195,154,5359200,51.33,5,41
2025-10,Éxito,Cartagena,COM-3GRA,Three Pack GranOLA,Combos,3,8,7,751800,2.33,5,1
2025-10,Éxito,Cartagena,COM-WAF,Mini Wafflera,Combos,3,66,51,5661000,17.0,0,15
2025-10,Éxito,Cartagena,ESP-BABY,Baby Spreads,Esparcibles,3,44,33,714450,11.0,5,11
2025-10,Éxito,Cartagena,ESP-CRE,Creamy Cocoa Hazelnut,Esparcibles,3,123,122,6581900,40.67,0,1
2025-10,Éxito,Cartagena,ESP-CRU,Crunchy Cocoa Hazelnut,Esparcibles,3,88,79,4262050,26.33,5,9
2025-10,Éxito,Cartagena,ESP-PB,Peanutty Banana Shake,Esparcibles,3,35,32,1726400,10.67,9,3
2025-10,Éxito,Cartagena,ESP-PIS,Buttery Pistachio Cookie,Esparcibles,3,11,10,705000,3.33,0,1
2025-10,Éxito,Cartagena,GRA-CHI,Chip Cookie,GranOLAS,3,68,67,2820700,22.33,4,1
2025-10,Éxito,Cartagena,GRA-FUD,Fudge Cake,GranOLAS,3,83,65,2736500,21.67,4,18
2025-10,Éxito,Cartagena,GRA-PIS,Pistachio Cookie,GranOLAS,3,249,221,11027900,73.67,3,28
2025-10,Éxito,Cartagena,HAR-ALM,Harina de Almendra,Avena & Harinas,3,141,118,4537100,39.33,0,23
2025-10,Éxito,Cartagena,PAN-ALM-CHO,Almendra Choco Chips,Pancakes & Waffles,3,14,12,555600,4.0,0,2
2025-10,Éxito,Cartagena,PAN-ALM-CHU,Almendra Churro,Pancakes & Waffles,3,20,16,740800,5.33,4,4
2025-10,Éxito,Cartagena,PAN-ALM-VAN,Almendra Vainilla,Pancakes & Waffles,3,70,55,2546500,18.33,4,15
2025-10,Éxito,Cartagena,PAN-AVE-BAN,Avena Banano,Pancakes & Waffles,3,54,44,1606000,14.67,5,10
2025-10,Éxito,Cartagena,PAN-AVE-BRO,Avena Brownie,Pancakes & Waffles,3,4,3,109500,1.0,7,1
2025-10,Éxito,Cartagena,PAN-AVE-VAN,Avena Vainilla,Pancakes & Waffles,3,17,15,547500,5.0,2,2
2025-10,Éxito,Medellín,AVE-HOJ,Avena en Hojuelas,Avena & Harinas,6,273,263,9152400,43.83,0,10
2025-10,Éxito,Medellín,COM-3GRA,Three Pack GranOLA,Combos,6,91,68,7303200,11.33,1,23
2025-10,Éxito,Medellín,COM-3SPR,Three Pack Spread,Combos,6,76,76,10864200,12.67,1,0
2025-10,Éxito,Medellín,COM-WAF,Mini Wafflera,Combos,6,24,24,2664000,4.0,3,0
2025-10,Éxito,Medellín,ESP-BABY,Baby Spreads,Esparcibles,6,464,376,8140400,62.67,1,88
2025-10,Éxito,Medellín,ESP-CIN,Golden Cinnamon Roll,Esparcibles,6,195,175,9441250,29.17,0,20
2025-10,Éxito,Medellín,ESP-CRE,Creamy Cocoa Hazelnut,Esparcibles,6,143,137,7391150,22.83,0,6
2025-10,Éxito,Medellín,ESP-CRU,Crunchy Cocoa Hazelnut,Esparcibles,6,69,59,3183050,9.83,2,10
2025-10,Éxito,Medellín,ESP-PB,Peanutty Banana Shake,Esparcibles,6,123,103,5556850,17.17,2,20
2025-10,Éxito,Medellín,ESP-PIS,Buttery Pistachio Cookie,Esparcibles,6,198,145,10222500,24.17,0,53
2025-10,Éxito,Medellín,GRA-CHI,Chip Cookie,GranOLAS,6,196,189,7956900,31.5,6,7
2025-10,Éxito,Medellín,GRA-FUD,Fudge Cake,GranOLAS,6,308,298,12545800,49.67,1,10
2025-10,Éxito,Medellín,GRA-PIS,Pistachio Cookie,GranOLAS,6,175,131,6536900,21.83,6,44
2025-10,Éxito,Medellín,GRA-VAN,Vanilla Shortbread,GranOLAS,6,232,232,9767200,38.67,0,0
2025-10,Éxito,Medellín,HAR-ALM,Harina de Almendra,Avena & Harinas,6,402,317,12188650,52.83,1,85
2025-10,Éxito,Medellín,HAR-AVE,Harina de Avena,Avena & Harinas,6,121,110,3828000,18.33,2,11
2025-10,Éxito,Medellín,PAN-ALM-CHU,Almendra Churro,Pancakes & Waffles,6,74,55,2546500,9.17,1,19
2025-10,Éxito,Medellín,PAN-ALM-VAN,Almendra Vainilla,Pancakes & Waffles,6,68,55,2546500,9.17,3,13
2025-10,Éxito,Medellín,PAN-AVE-BAN,Avena Banano,Pancakes & Waffles,6,547,445,16242500,74.17,1,102
2025-10,Éxito,Medellín,PAN-AVE-BRO,Avena Brownie,Pancakes & Waffles,6,62,45,1642500,7.5,4,17
2025-10,Éxito,Medellín,PAN-AVE-VAN,Avena Vainilla,Pancakes & Waffles,6,371,374,13651000,62.33,0,0
2025-10,Éxito,Pereira,AVE-HOJ,Avena en Hojuelas,Avena & Harinas,2,79,63,2192400,31.5,0,16
2025-10,Éxito,Pereira,COM-3GRA,Three Pack GranOLA,Combos,2,51,46,4940400,23.0,3,5
2025-10,Éxito,Pereira,COM-WAF,Mini Wafflera,Combos,2,65,63,6993000,31.5,2,2
2025-10,Éxito,Pereira,ESP-CRE,Creamy Cocoa Hazelnut,Esparcibles,2,132,129,6959550,64.5,1,3
2025-10,Éxito,Pereira,ESP-CRU,Crunchy Cocoa Hazelnut,Esparcibles,2,17,16,863200,8.0,4,1
2025-10,Éxito,Pereira,ESP-PB,Peanutty Banana Shake,Esparcibles,2,79,79,4262050,39.5,1,0
2025-10,Éxito,Pereira,ESP-PIS,Buttery Pistachio Cookie,Esparcibles,2,13,11,775500,5.5,0,2
2025-10,Éxito,Pereira,GRA-CHI,Chip Cookie,GranOLAS,2,44,41,1726100,20.5,3,3
2025-10,Éxito,Pereira,GRA-PIS,Pistachio Cookie,GranOLAS,2,6,6,299400,3.0,0,0
2025-10,Éxito,Pereira,GRA-VAN,Vanilla Shortbread,GranOLAS,2,104,84,3536400,42.0,1,20
2025-10,Éxito,Pereira,HAR-AVE,Harina de Avena,Avena & Harinas,2,359,274,9535200,137.0,2,85
2025-10,Éxito,Pereira,PAN-ALM-CHO,Almendra Choco Chips,Pancakes & Waffles,2,137,118,5463400,59.0,0,19
2025-10,Éxito,Pereira,PAN-ALM-CHU,Almendra Churro,Pancakes & Waffles,2,165,158,7315400,79.0,3,7
2025-10,Éxito,Pereira,PAN-ALM-VAN,Almendra Vainilla,Pancakes & Waffles,2,12,11,509300,5.5,2,1
2025-10,Éxito,Pereira,PAN-AVE-BRO,Avena Brownie,Pancakes & Waffles,2,179,145,5292500,72.5,0,34
2025-10,Éxito,Pereira,PAN-AVE-VAN,Avena Vainilla,Pancakes & Waffles,2,47,46,1679000,23.0,9,1
2025-11,Carulla,Barranquilla,AVE-HOJ,Avena en Hojuelas,Avena & Harinas,5,108,103,3651350,20.6,2,5
2025-11,Carulla,Barranquilla,COM-3GRA,Three Pack GranOLA,Combos,5,25,23,2515050,4.6,1,2
2025-11,Carulla,Barranquilla,COM-3MEZ,Three Pack Mezclas,Combos,5,63,61,6548350,12.2,7,2
2025-11,Carulla,Barranquilla,COM-MIX,Perfect Mix & Match,Combos,5,34,30,2347500,6.0,2,4
2025-11,Carulla,Barranquilla,COM-WAF,Mini Wafflera,Combos,5,17,14,1582000,2.8,3,3
2025-11,Carulla,Barranquilla,ESP-BABY,Baby Spreads,Esparcibles,5,92,80,1764000,16.0,6,12
2025-11,Carulla,Barranquilla,ESP-CIN,Golden Cinnamon Roll,Esparcibles,5,35,31,1701900,6.2,0,4
2025-11,Carulla,Barranquilla,ESP-CRE,Creamy Cocoa Hazelnut,Esparcibles,5,11,9,494100,1.8,0,2
2025-11,Carulla,Barranquilla,ESP-CRU,Crunchy Cocoa Hazelnut,Esparcibles,5,47,43,2360700,8.6,0,4
2025-11,Carulla,Barranquilla,ESP-PB,Peanutty Banana Shake,Esparcibles,5,23,20,1098000,4.0,5,3
2025-11,Carulla,Barranquilla,ESP-PIS,Buttery Pistachio Cookie,Esparcibles,5,15,12,861000,2.4,3,3
2025-11,Carulla,Barranquilla,GRA-CHI,Chip Cookie,GranOLAS,5,40,38,1630200,7.6,2,2
2025-11,Carulla,Barranquilla,GRA-FUD,Fudge Cake,GranOLAS,5,169,125,5362500,25.0,7,44
2025-11,Carulla,Barranquilla,GRA-PIS,Pistachio Cookie,GranOLAS,5,102,76,3860800,15.2,4,26
2025-11,Carulla,Barranquilla,GRA-VAN,Vanilla Shortbread,GranOLAS,5,88,76,3260400,15.2,8,12
2025-11,Carulla,Barranquilla,HAR-ALM,Harina de Almendra,Avena & Harinas,5,37,26,1017900,5.2,5,11
2025-11,Carulla,Barranquilla,HAR-AVE,Harina de Avena,Avena & Harinas,5,79,75,2658750,15.0,2,4
2025-11,Carulla,Barranquilla,PAN-ALM-CHO,Almendra Choco Chips,Pancakes & Waffles,5,40,30,1413000,6.0,0,10
2025-11,Carulla,Barranquilla,PAN-ALM-VAN,Almendra Vainilla,Pancakes & Waffles,5,7,5,235500,1.0,4,2
2025-11,Carulla,Barranquilla,PAN-AVE-BAN,Avena Banano,Pancakes & Waffles,5,50,43,1597450,8.6,0,7
2025-11,Carulla,Barranquilla,PAN-AVE-BRO,Avena Brownie,Pancakes & Waffles,5,17,12,445800,2.4,5,5
2025-11,Carulla,Barranquilla,PAN-AVE-VAN,Avena Vainilla,Pancakes & Waffles,5,50,36,1337400,7.2,4,14
2025-11,Carulla,Bogotá,AVE-HOJ,Avena en Hojuelas,Avena & Harinas,11,195,183,6487350,16.64,2,12
2025-11,Carulla,Bogotá,COM-3GRA,Three Pack GranOLA,Combos,11,121,98,10716300,8.91,10,23
2025-11,Carulla,Bogotá,COM-3MEZ,Three Pack Mezclas,Combos,11,127,127,13633450,11.55,5,0
2025-11,Carulla,Bogotá,COM-3SPR,Three Pack Spread,Combos,11,90,78,11349000,7.09,4,12
2025-11,Carulla,Bogotá,COM-MIX,Perfect Mix & Match,Combos,11,109,94,7355500,8.55,3,15
2025-11,Carulla,Bogotá,COM-WAF,Mini Wafflera,Combos,11,62,46,5198000,4.18,1,16
2025-11,Carulla,Bogotá,ESP-BABY,Baby Spreads,Esparcibles,11,874,782,17243100,71.09,2,92
2025-11,Carulla,Bogotá,ESP-CIN,Golden Cinnamon Roll,Esparcibles,11,59,56,3074400,5.09,1,3
2025-11,Carulla,Bogotá,ESP-CRE,Creamy Cocoa Hazelnut,Esparcibles,11,420,306,16799400,27.82,3,114
2025-11,Carulla,Bogotá,ESP-CRU,Crunchy Cocoa Hazelnut,Esparcibles,11,170,163,8948700,14.82,7,7
2025-11,Carulla,Bogotá,ESP-PB,Peanutty Banana Shake,Esparcibles,11,240,240,13176000,21.82,2,0
2025-11,Carulla,Bogotá,ESP-PIS,Buttery Pistachio Cookie,Esparcibles,11,128,127,9112250,11.55,7,1
2025-11,Carulla,Bogotá,GRA-CHI,Chip Cookie,GranOLAS,11,174,169,7250100,15.36,7,5
2025-11,Carulla,Bogotá,GRA-FUD,Fudge Cake,GranOLAS,11,249,230,9867000,20.91,6,19
2025-11,Carulla,Bogotá,GRA-PIS,Pistachio Cookie,GranOLAS,11,356,303,15392400,27.55,0,53
2025-11,Carulla,Bogotá,GRA-VAN,Vanilla Shortbread,GranOLAS,11,354,338,14500200,30.73,2,16
2025-11,Carulla,Bogotá,HAR-ALM,Harina de Almendra,Avena & Harinas,11,282,265,10374750,24.09,3,17
2025-11,Carulla,Bogotá,HAR-AVE,Harina de Avena,Avena & Harinas,11,115,99,3509550,9.0,7,16
2025-11,Carulla,Bogotá,PAN-ALM-CHO,Almendra Choco Chips,Pancakes & Waffles,11,187,155,7300500,14.09,0,32
2025-11,Carulla,Bogotá,PAN-ALM-CHU,Almendra Churro,Pancakes & Waffles,11,248,184,8666400,16.73,2,64
2025-11,Carulla,Bogotá,PAN-ALM-VAN,Almendra Vainilla,Pancakes & Waffles,11,299,298,14035800,27.09,1,1
2025-11,Carulla,Bogotá,PAN-AVE-BAN,Avena Banano,Pancakes & Waffles,11,197,197,7318550,17.91,1,0
2025-11,Carulla,Bogotá,PAN-AVE-BRO,Avena Brownie,Pancakes & Waffles,11,244,192,7132800,17.45,5,52
2025-11,Carulla,Bogotá,PAN-AVE-VAN,Avena Vainilla,Pancakes & Waffles,11,41,37,1374550,3.36,0,4
2025-11,Carulla,Bucaramanga,AVE-HOJ,Avena en Hojuelas,Avena & Harinas,1,133,124,4395800,124.0,3,9
2025-11,Carulla,Bucaramanga,COM-3GRA,Three Pack GranOLA,Combos,1,13,9,984150,9.0,4,4
2025-11,Carulla,Bucaramanga,COM-3MEZ,Three Pack Mezclas,Combos,1,56,53,5689550,53.0,1,3
2025-11,Carulla,Bucaramanga,COM-3SPR,Three Pack Spread,Combos,1,9,7,1018500,7.0,4,2
2025-11,Carulla,Bucaramanga,COM-MIX,Perfect Mix & Match,Combos,1,11,11,860750,11.0,3,0
2025-11,Carulla,Bucaramanga,COM-WAF,Mini Wafflera,Combos,1,2,1,113000,1.0,2,1
2025-11,Carulla,Bucaramanga,ESP-BABY,Baby Spreads,Esparcibles,1,123,104,2293200,104.0,4,19
2025-11,Carulla,Bucaramanga,ESP-CIN,Golden Cinnamon Roll,Esparcibles,1,18,13,713700,13.0,4,5
2025-11,Carulla,Bucaramanga,ESP-CRE,Creamy Cocoa Hazelnut,Esparcibles,1,22,16,878400,16.0,2,6
2025-11,Carulla,Bucaramanga,ESP-CRU,Crunchy Cocoa Hazelnut,Esparcibles,1,145,121,6642900,121.0,7,24
2025-11,Carulla,Bucaramanga,ESP-PB,Peanutty Banana Shake,Esparcibles,1,24,21,1152900,21.0,6,3
2025-11,Carulla,Bucaramanga,ESP-PIS,Buttery Pistachio Cookie,Esparcibles,1,91,68,4879000,68.0,2,23
2025-11,Carulla,Bucaramanga,GRA-CHI,Chip Cookie,GranOLAS,1,105,102,4375800,102.0,3,3
2025-11,Carulla,Bucaramanga,GRA-FUD,Fudge Cake,GranOLAS,1,130,94,4032600,94.0,0,36
2025-11,Carulla,Bucaramanga,GRA-PIS,Pistachio Cookie,GranOLAS,1,58,42,2133600,42.0,5,16
2025-11,Carulla,Bucaramanga,GRA-VAN,Vanilla Shortbread,GranOLAS,1,76,70,3003000,70.0,0,6
2025-11,Carulla,Bucaramanga,HAR-ALM,Harina de Almendra,Avena & Harinas,1,119,87,3406050,87.0,0,32
2025-11,Carulla,Bucaramanga,HAR-AVE,Harina de Avena,Avena & Harinas,1,377,287,10174150,287.0,3,90
2025-11,Carulla,Bucaramanga,PAN-ALM-CHO,Almendra Choco Chips,Pancakes & Waffles,1,138,103,4851300,103.0,8,35
2025-11,Carulla,Bucaramanga,PAN-ALM-CHU,Almendra Churro,Pancakes & Waffles,1,36,26,1224600,26.0,1,10
2025-11,Carulla,Bucaramanga,PAN-ALM-VAN,Almendra Vainilla,Pancakes & Waffles,1,110,95,4474500,95.0,4,15
2025-11,Carulla,Bucaramanga,PAN-AVE-BRO,Avena Brownie,Pancakes & Waffles,1,14,12,445800,12.0,4,2
2025-11,Carulla,Bucaramanga,PAN-AVE-VAN,Avena Vainilla,Pancakes & Waffles,1,18,16,594400,16.0,0,2
2025-11,Carulla,Cali,AVE-HOJ,Avena en Hojuelas,Avena & Harinas,4,64,57,2020650,14.25,3,7
2025-11,Carulla,Cali,COM-3GRA,Three Pack GranOLA,Combos,4,3,3,328050,0.75,0,0
2025-11,Carulla,Cali,COM-3MEZ,Three Pack Mezclas,Combos,4,8,6,644100,1.5,3,2
2025-11,Carulla,Cali,COM-3SPR,Three Pack Spread,Combos,4,44,40,5820000,10.0,5,4
2025-11,Carulla,Cali,COM-MIX,Perfect Mix & Match,Combos,4,159,147,11502750,36.75,3,12
2025-11,Carulla,Cali,COM-WAF,Mini Wafflera,Combos,4,77,63,7119000,15.75,5,14
2025-11,Carulla,Cali,ESP-BABY,Baby Spreads,Esparcibles,4,7,6,132300,1.5,2,1
2025-11,Carulla,Cali,ESP-CIN,Golden Cinnamon Roll,Esparcibles,4,108,99,5435100,24.75,2,9
2025-11,Carulla,Cali,ESP-CRE,Creamy Cocoa Hazelnut,Esparcibles,4,48,41,2250900,10.25,3,7
2025-11,Carulla,Cali,ESP-CRU,Crunchy Cocoa Hazelnut,Esparcibles,4,205,155,8509500,38.75,0,50
2025-11,Carulla,Cali,ESP-PB,Peanutty Banana Shake,Esparcibles,4,203,151,8289900,37.75,3,52
2025-11,Carulla,Cali,ESP-PIS,Buttery Pistachio Cookie,Esparcibles,4,47,34,2439500,8.5,7,13
2025-11,Carulla,Cali,GRA-CHI,Chip Cookie,GranOLAS,4,172,158,6778200,39.5,0,14
2025-11,Carulla,Cali,GRA-FUD,Fudge Cake,GranOLAS,4,26,20,858000,5.0,7,6
2025-11,Carulla,Cali,GRA-PIS,Pistachio Cookie,GranOLAS,4,88,77,3911600,19.25,5,11
2025-11,Carulla,Cali,GRA-VAN,Vanilla Shortbread,GranOLAS,4,70,71,3045900,17.75,3,0
2025-11,Carulla,Cali,HAR-ALM,Harina de Almendra,Avena & Harinas,4,295,263,10296450,65.75,3,32
2025-11,Carulla,Cali,HAR-AVE,Harina de Avena,Avena & Harinas,4,124,126,4466700,31.5,4,0
2025-11,Carulla,Cali,PAN-ALM-CHO,Almendra Choco Chips,Pancakes & Waffles,4,29,24,1130400,6.0,1,5
2025-11,Carulla,Cali,PAN-ALM-CHU,Almendra Churro,Pancakes & Waffles,4,23,16,753600,4.0,2,7
2025-11,Carulla,Cali,PAN-ALM-VAN,Almendra Vainilla,Pancakes & Waffles,4,57,57,2684700,14.25,0,0
2025-11,Carulla,Cali,PAN-AVE-BAN,Avena Banano,Pancakes & Waffles,4,63,51,1894650,12.75,2,12
2025-11,Carulla,Cali,PAN-AVE-BRO,Avena Brownie,Pancakes & Waffles,4,198,190,7058500,47.5,1,8
2025-11,Carulla,Cali,PAN-AVE-VAN,Avena Vainilla,Pancakes & Waffles,4,21,20,743000,5.0,3,1
2025-11,Carulla,Cartagena,AVE-HOJ,Avena en Hojuelas,Avena & Harinas,2,8,7,248150,3.5,5,1
2025-11,Carulla,Cartagena,COM-3GRA,Three Pack GranOLA,Combos,2,18,16,1749600,8.0,0,2
2025-11,Carulla,Cartagena,COM-3SPR,Three Pack Spread,Combos,2,2,1,145500,0.5,2,1
2025-11,Carulla,Cartagena,COM-MIX,Perfect Mix & Match,Combos,2,29,27,2112750,13.5,7,2
2025-11,Carulla,Cartagena,COM-WAF,Mini Wafflera,Combos,2,4,4,452000,2.0,1,0
2025-11,Carulla,Cartagena,ESP-BABY,Baby Spreads,Esparcibles,2,63,56,1234800,28.0,2,7
2025-11,Carulla,Cartagena,ESP-CIN,Golden Cinnamon Roll,Esparcibles,2,10,8,439200,4.0,2,2
2025-11,Carulla,Cartagena,ESP-PB,Peanutty Banana Shake,Esparcibles,2,6,4,219600,2.0,2,2
2025-11,Carulla,Cartagena,ESP-PIS,Buttery Pistachio Cookie,Esparcibles,2,5,4,287000,2.0,6,1
2025-11,Carulla,Cartagena,GRA-FUD,Fudge Cake,GranOLAS,2,12,10,429000,5.0,0,2
2025-11,Carulla,Cartagena,GRA-PIS,Pistachio Cookie,GranOLAS,2,110,89,4521200,44.5,0,21
2025-11,Carulla,Cartagena,GRA-VAN,Vanilla Shortbread,GranOLAS,2,204,170,7293000,85.0,8,34
2025-11,Carulla,Cartagena,HAR-ALM,Harina de Almendra,Avena & Harinas,2,19,18,704700,9.0,3,1
2025-11,Carulla,Cartagena,HAR-AVE,Harina de Avena,Avena & Harinas,2,100,82,2906900,41.0,0,18
2025-11,Carulla,Cartagena,PAN-ALM-VAN,Almendra Vainilla,Pancakes & Waffles,2,38,38,1789800,19.0,0,0
2025-11,Carulla,Cartagena,PAN-AVE-BAN,Avena Banano,Pancakes & Waffles,2,6,4,148600,2.0,3,2
2025-11,Carulla,Cartagena,PAN-AVE-BRO,Avena Brownie,Pancakes & Waffles,2,20,20,743000,10.0,3,0
2025-11,Carulla,Cartagena,PAN-AVE-VAN,Avena Vainilla,Pancakes & Waffles,2,218,191,7095650,95.5,4,27
2025-11,Carulla,Manizales,AVE-HOJ,Avena en Hojuelas,Avena & Harinas,1,8,6,212700,6.0,6,2
2025-11,Carulla,Manizales,COM-3GRA,Three Pack GranOLA,Combos,1,7,7,765450,7.0,1,0
2025-11,Carulla,Manizales,COM-3SPR,Three Pack Spread,Combos,1,2,1,145500,1.0,0,1
2025-11,Carulla,Manizales,COM-MIX,Perfect Mix & Match,Combos,1,14,13,1017250,13.0,5,1
2025-11,Carulla,Manizales,ESP-CRE,Creamy Cocoa Hazelnut,Esparcibles,1,5,3,164700,3.0,0,2
2025-11,Carulla,Manizales,ESP-CRU,Crunchy Cocoa Hazelnut,Esparcibles,1,20,15,823500,15.0,5,5
2025-11,Carulla,Manizales,GRA-CHI,Chip Cookie,GranOLAS,1,12,12,514800,12.0,3,0
2025-11,Carulla,Manizales,GRA-FUD,Fudge Cake,GranOLAS,1,18,13,557700,13.0,6,5
2025-11,Carulla,Manizales,GRA-PIS,Pistachio Cookie,GranOLAS,1,2,1,50800,1.0,6,1
2025-11,Carulla,Manizales,HAR-ALM,Harina de Almendra,Avena & Harinas,1,7,6,234900,6.0,7,1
2025-11,Carulla,Manizales,PAN-ALM-VAN,Almendra Vainilla,Pancakes & Waffles,1,32,30,1413000,30.0,1,2
2025-11,Carulla,Manizales,PAN-AVE-BAN,Avena Banano,Pancakes & Waffles,1,62,59,2191850,59.0,3,3
2025-11,Carulla,Manizales,PAN-AVE-BRO,Avena Brownie,Pancakes & Waffles,1,31,27,1003050,27.0,4,4
2025-11,Carulla,Medellín,AVE-HOJ,Avena en Hojuelas,Avena & Harinas,5,41,31,1098950,6.2,2,10
2025-11,Carulla,Medellín,COM-3GRA,Three Pack GranOLA,Combos,5,10,9,984150,1.8,0,1
2025-11,Carulla,Medellín,COM-3MEZ,Three Pack Mezclas,Combos,5,18,13,1395550,2.6,0,5
2025-11,Carulla,Medellín,COM-3SPR,Three Pack Spread,Combos,5,14,12,1746000,2.4,0,2
2025-11,Carulla,Medellín,COM-MIX,Perfect Mix & Match,Combos,5,107,99,7746750,19.8,0,8
2025-11,Carulla,Medellín,COM-WAF,Mini Wafflera,Combos,5,6,5,565000,1.0,2,1
2025-11,Carulla,Medellín,ESP-BABY,Baby Spreads,Esparcibles,5,28,25,551250,5.0,3,3
2025-11,Carulla,Medellín,ESP-CIN,Golden Cinnamon Roll,Esparcibles,5,45,44,2415600,8.8,0,1
2025-11,Carulla,Medellín,ESP-CRE,Creamy Cocoa Hazelnut,Esparcibles,5,74,67,3678300,13.4,1,7
2025-11,Carulla,Medellín,ESP-CRU,Crunchy Cocoa Hazelnut,Esparcibles,5,27,24,1317600,4.8,7,3
2025-11,Carulla,Medellín,ESP-PB,Peanutty Banana Shake,Esparcibles,5,158,153,8399700,30.6,1,5
2025-11,Carulla,Medellín,ESP-PIS,Buttery Pistachio Cookie,Esparcibles,5,8,6,430500,1.2,2,2
2025-11,Carulla,Medellín,GRA-CHI,Chip Cookie,GranOLAS,5,29,23,986700,4.6,1,6
2025-11,Carulla,Medellín,GRA-PIS,Pistachio Cookie,GranOLAS,5,51,45,2286000,9.0,5,6
2025-11,Carulla,Medellín,GRA-VAN,Vanilla Shortbread,GranOLAS,5,21,16,686400,3.2,0,5
2025-11,Carulla,Medellín,HAR-ALM,Harina de Almendra,Avena & Harinas,5,116,106,4149900,21.2,2,10
2025-11,Carulla,Medellín,HAR-AVE,Harina de Avena,Avena & Harinas,5,44,43,1524350,8.6,4,1
2025-11,Carulla,Medellín,PAN-ALM-CHO,Almendra Choco Chips,Pancakes & Waffles,5,123,109,5133900,21.8,5,14
2025-11,Carulla,Medellín,PAN-ALM-CHU,Almendra Churro,Pancakes & Waffles,5,77,69,3249900,13.8,0,8
2025-11,Carulla,Medellín,PAN-ALM-VAN,Almendra Vainilla,Pancakes & Waffles,5,140,120,5652000,24.0,3,20
2025-11,Carulla,Medellín,PAN-AVE-BAN,Avena Banano,Pancakes & Waffles,5,39,34,1263100,6.8,3,5
2025-11,Carulla,Medellín,PAN-AVE-BRO,Avena Brownie,Pancakes & Waffles,5,84,60,2229000,12.0,5,24
2025-11,Carulla,Medellín,PAN-AVE-VAN,Avena Vainilla,Pancakes & Waffles,5,275,249,9250350,49.8,3,26
2025-11,Carulla,Pereira,COM-3GRA,Three Pack GranOLA,Combos,1,4,3,328050,3.0,4,1
2025-11,Carulla,Pereira,COM-3MEZ,Three Pack Mezclas,Combos,1,9,7,751450,7.0,3,2
2025-11,Carulla,Pereira,COM-WAF,Mini Wafflera,Combos,1,2,1,113000,1.0,2,1
2025-11,Carulla,Pereira,ESP-CRE,Creamy Cocoa Hazelnut,Esparcibles,1,4,2,109800,2.0,1,2
2025-11,Carulla,Pereira,ESP-PB,Peanutty Banana Shake,Esparcibles,1,5,3,164700,3.0,5,2
2025-11,Carulla,Pereira,GRA-CHI,Chip Cookie,GranOLAS,1,30,24,1029600,24.0,3,6
2025-11,Carulla,Pereira,GRA-VAN,Vanilla Shortbread,GranOLAS,1,41,40,1716000,40.0,7,1
2025-11,Carulla,Pereira,HAR-ALM,Harina de Almendra,Avena & Harinas,1,18,16,626400,16.0,5,2
2025-11,Carulla,Pereira,HAR-AVE,Harina de Avena,Avena & Harinas,1,11,9,319050,9.0,0,2
2025-11,Carulla,Pereira,PAN-ALM-CHO,Almendra Choco Chips,Pancakes & Waffles,1,7,5,235500,5.0,10,2
2025-11,Carulla,Pereira,PAN-ALM-VAN,Almendra Vainilla,Pancakes & Waffles,1,11,8,376800,8.0,1,3
2025-11,Carulla,Pereira,PAN-AVE-BAN,Avena Banano,Pancakes & Waffles,1,6,4,148600,4.0,4,2
2025-11,Carulla,Pereira,PAN-AVE-BRO,Avena Brownie,Pancakes & Waffles,1,21,19,705850,19.0,5,2
2025-11,Carulla,Pereira,PAN-AVE-VAN,Avena Vainilla,Pancakes & Waffles,1,18,18,668700,18.0,4,0
2025-11,Fithub,Barranquilla,AVE-HOJ,Avena en Hojuelas,Avena & Harinas,2,25,24,925200,12.0,5,1
2025-11,Fithub,Barranquilla,COM-3GRA,Three Pack GranOLA,Combos,2,9,7,833350,3.5,2,2
2025-11,Fithub,Barranquilla,COM-3SPR,Three Pack Spread,Combos,2,1,0,0,0.0,5,1
2025-11,Fithub,Barranquilla,COM-MIX,Perfect Mix & Match,Combos,2,19,16,1363200,8.0,0,3
2025-11,Fithub,Barranquilla,COM-WAF,Mini Wafflera,Combos,2,1,0,0,0.0,6,1
2025-11,Fithub,Barranquilla,ESP-BABY,Baby Spreads,Esparcibles,2,32,23,552000,11.5,3,9
2025-11,Fithub,Barranquilla,ESP-CIN,Golden Cinnamon Roll,Esparcibles,2,2,1,59750,0.5,2,1
2025-11,Fithub,Barranquilla,ESP-CRE,Creamy Cocoa Hazelnut,Esparcibles,2,33,28,1673000,14.0,1,5
2025-11,Fithub,Barranquilla,ESP-CRU,Crunchy Cocoa Hazelnut,Esparcibles,2,9,8,478000,4.0,1,1
2025-11,Fithub,Barranquilla,ESP-PB,Peanutty Banana Shake,Esparcibles,2,9,8,478000,4.0,3,1
2025-11,Fithub,Barranquilla,ESP-PIS,Buttery Pistachio Cookie,Esparcibles,2,20,19,1483900,9.5,3,1
2025-11,Fithub,Barranquilla,GRA-CHI,Chip Cookie,GranOLAS,2,11,9,420300,4.5,0,2
2025-11,Fithub,Barranquilla,GRA-FUD,Fudge Cake,GranOLAS,2,5,4,186800,2.0,0,1
2025-11,Fithub,Barranquilla,GRA-PIS,Pistachio Cookie,GranOLAS,2,2,1,55300,0.5,1,1
2025-11,Fithub,Barranquilla,GRA-VAN,Vanilla Shortbread,GranOLAS,2,42,37,1727900,18.5,1,5
2025-11,Fithub,Barranquilla,HAR-AVE,Harina de Avena,Avena & Harinas,2,18,18,693900,9.0,0,0
2025-11,Fithub,Barranquilla,PAN-ALM-CHO,Almendra Choco Chips,Pancakes & Waffles,2,14,11,564300,5.5,5,3
2025-11,Fithub,Barranquilla,PAN-ALM-CHU,Almendra Churro,Pancakes & Waffles,2,36,27,1385100,13.5,0,9
2025-11,Fithub,Barranquilla,PAN-ALM-VAN,Almendra Vainilla,Pancakes & Waffles,2,32,31,1590300,15.5,0,1
2025-11,Fithub,Barranquilla,PAN-AVE-BAN,Avena Banano,Pancakes & Waffles,2,58,48,1941600,24.0,2,10
2025-11,Fithub,Barranquilla,PAN-AVE-BRO,Avena Brownie,Pancakes & Waffles,2,10,7,283150,3.5,0,3
2025-11,Fithub,Barranquilla,PAN-AVE-VAN,Avena Vainilla,Pancakes & Waffles,2,13,11,444950,5.5,0,2
2025-11,Fithub,Bogotá,AVE-HOJ,Avena en Hojuelas,Avena & Harinas,3,64,65,2505750,21.67,0,0
2025-11,Fithub,Bogotá,COM-3GRA,Three Pack GranOLA,Combos,3,30,26,3095300,8.67,0,4
2025-11,Fithub,Bogotá,COM-3MEZ,Three Pack Mezclas,Combos,3,33,23,2687550,7.67,0,10
2025-11,Fithub,Bogotá,COM-3SPR,Three Pack Spread,Combos,3,26,23,3643200,7.67,7,3
2025-11,Fithub,Bogotá,COM-MIX,Perfect Mix & Match,Combos,3,19,15,1278000,5.0,7,4
2025-11,Fithub,Bogotá,COM-WAF,Mini Wafflera,Combos,3,45,37,4551000,12.33,0,8
2025-11,Fithub,Bogotá,ESP-BABY,Baby Spreads,Esparcibles,3,146,145,3480000,48.33,8,1
2025-11,Fithub,Bogotá,ESP-CIN,Golden Cinnamon Roll,Esparcibles,3,168,135,8066250,45.0,0,33
2025-11,Fithub,Bogotá,ESP-CRE,Creamy Cocoa Hazelnut,Esparcibles,3,96,76,4541000,25.33,0,20
2025-11,Fithub,Bogotá,ESP-CRU,Crunchy Cocoa Hazelnut,Esparcibles,3,97,88,5258000,29.33,6,9
2025-11,Fithub,Bogotá,ESP-PB,Peanutty Banana Shake,Esparcibles,3,87,75,4481250,25.0,3,12
2025-11,Fithub,Bogotá,ESP-PIS,Buttery Pistachio Cookie,Esparcibles,3,53,49,3826900,16.33,0,4
2025-11,Fithub,Bogotá,GRA-CHI,Chip Cookie,GranOLAS,3,53,44,2054800,14.67,2,9
2025-11,Fithub,Bogotá,GRA-FUD,Fudge Cake,GranOLAS,3,62,49,2288300,16.33,0,13
2025-11,Fithub,Bogotá,GRA-PIS,Pistachio Cookie,GranOLAS,3,75,71,3926300,23.67,3,4
2025-11,Fithub,Bogotá,GRA-VAN,Vanilla Shortbread,GranOLAS,3,128,129,6024300,43.0,4,0
2025-11,Fithub,Bogotá,HAR-ALM,Harina de Almendra,Avena & Harinas,3,73,66,2811600,22.0,1,7
2025-11,Fithub,Bogotá,HAR-AVE,Harina de Avena,Avena & Harinas,3,88,73,2814150,24.33,4,15
2025-11,Fithub,Bogotá,PAN-ALM-CHO,Almendra Choco Chips,Pancakes & Waffles,3,64,64,3283200,21.33,0,0
2025-11,Fithub,Bogotá,PAN-ALM-CHU,Almendra Churro,Pancakes & Waffles,3,191,180,9234000,60.0,3,11
2025-11,Fithub,Bogotá,PAN-ALM-VAN,Almendra Vainilla,Pancakes & Waffles,3,127,126,6463800,42.0,6,1
2025-11,Fithub,Bogotá,PAN-AVE-BAN,Avena Banano,Pancakes & Waffles,3,102,91,3680950,30.33,6,11
2025-11,Fithub,Bogotá,PAN-AVE-BRO,Avena Brownie,Pancakes & Waffles,3,109,83,3357350,27.67,1,26
2025-11,Fithub,Bogotá,PAN-AVE-VAN,Avena Vainilla,Pancakes & Waffles,3,60,59,2386550,19.67,2,1
2025-11,Fithub,Bucaramanga,COM-MIX,Perfect Mix & Match,Combos,3,9,8,681600,2.67,0,1
2025-11,Fithub,Bucaramanga,COM-WAF,Mini Wafflera,Combos,3,9,6,738000,2.0,0,3
2025-11,Fithub,Bucaramanga,ESP-CIN,Golden Cinnamon Roll,Esparcibles,3,19,19,1135250,6.33,3,0
2025-11,Fithub,Bucaramanga,ESP-CRE,Creamy Cocoa Hazelnut,Esparcibles,3,2,1,59750,0.33,7,1
2025-11,Fithub,Bucaramanga,ESP-CRU,Crunchy Cocoa Hazelnut,Esparcibles,3,40,39,2330250,13.0,5,1
2025-11,Fithub,Bucaramanga,ESP-PB,Peanutty Banana Shake,Esparcibles,3,41,35,2091250,11.67,1,6
2025-11,Fithub,Bucaramanga,ESP-PIS,Buttery Pistachio Cookie,Esparcibles,3,13,10,781000,3.33,0,3
2025-11,Fithub,Bucaramanga,GRA-CHI,Chip Cookie,GranOLAS,3,18,13,607100,4.33,5,5
2025-11,Fithub,Bucaramanga,GRA-FUD,Fudge Cake,GranOLAS,3,41,37,1727900,12.33,1,4
2025-11,Fithub,Bucaramanga,GRA-VAN,Vanilla Shortbread,GranOLAS,3,11,8,373600,2.67,4,3
2025-11,Fithub,Bucaramanga,HAR-ALM,Harina de Almendra,Avena & Harinas,3,46,35,1491000,11.67,5,11
2025-11,Fithub,Bucaramanga,HAR-AVE,Harina de Avena,Avena & Harinas,3,47,36,1387800,12.0,3,11
2025-11,Fithub,Bucaramanga,PAN-ALM-CHO,Almendra Choco Chips,Pancakes & Waffles,3,42,39,2000700,13.0,3,3
2025-11,Fithub,Bucaramanga,PAN-ALM-CHU,Almendra Churro,Pancakes & Waffles,3,56,54,2770200,18.0,2,2
2025-11,Fithub,Bucaramanga,PAN-ALM-VAN,Almendra Vainilla,Pancakes & Waffles,3,47,46,2359800,15.33,5,1
2025-11,Fithub,Bucaramanga,PAN-AVE-BAN,Avena Banano,Pancakes & Waffles,3,11,8,323600,2.67,5,3
2025-11,Fithub,Bucaramanga,PAN-AVE-VAN,Avena Vainilla,Pancakes & Waffles,3,3,2,80900,0.67,5,1
2025-11,Fithub,Cali,AVE-HOJ,Avena en Hojuelas,Avena & Harinas,2,11,11,424050,5.5,5,0
2025-11,Fithub,Cali,COM-3GRA,Three Pack GranOLA,Combos,2,8,8,952400,4.0,2,0
2025-11,Fithub,Cali,COM-3MEZ,Three Pack Mezclas,Combos,2,5,4,467400,2.0,4,1
2025-11,Fithub,Cali,COM-3SPR,Three Pack Spread,Combos,2,2,1,158400,0.5,2,1
2025-11,Fithub,Cali,COM-MIX,Perfect Mix & Match,Combos,2,16,12,1022400,6.0,5,4
2025-11,Fithub,Cali,COM-WAF,Mini Wafflera,Combos,2,17,16,1968000,8.0,0,1
2025-11,Fithub,Cali,ESP-BABY,Baby Spreads,Esparcibles,2,92,70,1680000,35.0,3,22
2025-11,Fithub,Cali,ESP-CIN,Golden Cinnamon Roll,Esparcibles,2,16,16,956000,8.0,0,0
2025-11,Fithub,Cali,ESP-CRE,Creamy Cocoa Hazelnut,Esparcibles,2,16,15,896250,7.5,5,1
2025-11,Fithub,Cali,ESP-CRU,Crunchy Cocoa Hazelnut,Esparcibles,2,8,8,478000,4.0,9,0
2025-11,Fithub,Cali,ESP-PB,Peanutty Banana Shake,Esparcibles,2,21,20,1195000,10.0,4,1
2025-11,Fithub,Cali,ESP-PIS,Buttery Pistachio Cookie,Esparcibles,2,21,17,1327700,8.5,5,4
2025-11,Fithub,Cali,GRA-CHI,Chip Cookie,GranOLAS,2,16,13,607100,6.5,7,3
2025-11,Fithub,Cali,GRA-FUD,Fudge Cake,GranOLAS,2,24,22,1027400,11.0,0,2
2025-11,Fithub,Cali,GRA-PIS,Pistachio Cookie,GranOLAS,2,2,1,55300,0.5,0,1
2025-11,Fithub,Cali,GRA-VAN,Vanilla Shortbread,GranOLAS,2,17,13,607100,6.5,4,4
2025-11,Fithub,Cali,HAR-ALM,Harina de Almendra,Avena & Harinas,2,33,26,1107600,13.0,0,7
2025-11,Fithub,Cali,HAR-AVE,Harina de Avena,Avena & Harinas,2,24,17,655350,8.5,2,7
2025-11,Fithub,Cali,PAN-ALM-CHO,Almendra Choco Chips,Pancakes & Waffles,2,37,32,1641600,16.0,2,5
2025-11,Fithub,Cali,PAN-ALM-CHU,Almendra Churro,Pancakes & Waffles,2,6,5,256500,2.5,0,1
2025-11,Fithub,Cali,PAN-ALM-VAN,Almendra Vainilla,Pancakes & Waffles,2,25,22,1128600,11.0,4,3
2025-11,Fithub,Cali,PAN-AVE-BAN,Avena Banano,Pancakes & Waffles,2,6,5,202250,2.5,1,1
2025-11,Fithub,Cali,PAN-AVE-BRO,Avena Brownie,Pancakes & Waffles,2,4,3,121350,1.5,0,1
2025-11,Fithub,Cali,PAN-AVE-VAN,Avena Vainilla,Pancakes & Waffles,2,6,4,161800,2.0,8,2
2025-11,Fithub,Cartagena,COM-3MEZ,Three Pack Mezclas,Combos,1,3,2,233700,2.0,3,1
2025-11,Fithub,Cartagena,ESP-PIS,Buttery Pistachio Cookie,Esparcibles,1,62,58,4529800,58.0,1,4
2025-11,Fithub,Cartagena,GRA-VAN,Vanilla Shortbread,GranOLAS,1,56,48,2241600,48.0,0,8
2025-11,Fithub,Cartagena,PAN-AVE-VAN,Avena Vainilla,Pancakes & Waffles,1,17,16,647200,16.0,0,1
2025-11,Fithub,Manizales,COM-3MEZ,Three Pack Mezclas,Combos,1,1,0,0,0.0,2,1
2025-11,Fithub,Manizales,COM-MIX,Perfect Mix & Match,Combos,1,5,5,426000,5.0,2,0
2025-11,Fithub,Manizales,ESP-BABY,Baby Spreads,Esparcibles,1,7,5,120000,5.0,7,2
2025-11,Fithub,Manizales,ESP-CIN,Golden Cinnamon Roll,Esparcibles,1,10,7,418250,7.0,8,3
2025-11,Fithub,Manizales,ESP-CRU,Crunchy Cocoa Hazelnut,Esparcibles,1,7,7,418250,7.0,4,0
2025-11,Fithub,Manizales,ESP-PIS,Buttery Pistachio Cookie,Esparcibles,1,14,10,781000,10.0,0,4
2025-11,Fithub,Manizales,GRA-FUD,Fudge Cake,GranOLAS,1,12,9,420300,9.0,3,3
2025-11,Fithub,Manizales,PAN-ALM-VAN,Almendra Vainilla,Pancakes & Waffles,1,27,27,1385100,27.0,5,0
2025-11,Fithub,Manizales,PAN-AVE-BRO,Avena Brownie,Pancakes & Waffles,1,9,7,283150,7.0,1,2
2025-11,Fithub,Medellín,AVE-HOJ,Avena en Hojuelas,Avena & Harinas,4,24,23,886650,5.75,1,1
2025-11,Fithub,Medellín,COM-3GRA,Three Pack GranOLA,Combos,4,25,19,2261950,4.75,0,6
2025-11,Fithub,Medellín,COM-3MEZ,Three Pack Mezclas,Combos,4,10,9,1051650,2.25,0,1
2025-11,Fithub,Medellín,COM-3SPR,Three Pack Spread,Combos,4,9,9,1425600,2.25,9,0
2025-11,Fithub,Medellín,COM-MIX,Perfect Mix & Match,Combos,4,16,13,1107600,3.25,4,3
2025-11,Fithub,Medellín,COM-WAF,Mini Wafflera,Combos,4,12,8,984000,2.0,0,4
2025-11,Fithub,Medellín,ESP-BABY,Baby Spreads,Esparcibles,4,133,101,2424000,25.25,4,32
2025-11,Fithub,Medellín,ESP-CIN,Golden Cinnamon Roll,Esparcibles,4,41,35,2091250,8.75,2,6
2025-11,Fithub,Medellín,ESP-CRE,Creamy Cocoa Hazelnut,Esparcibles,4,30,25,1493750,6.25,4,5
2025-11,Fithub,Medellín,ESP-CRU,Crunchy Cocoa Hazelnut,Esparcibles,4,21,17,1015750,4.25,1,4
2025-11,Fithub,Medellín,ESP-PB,Peanutty Banana Shake,Esparcibles,4,42,36,2151000,9.0,1,6
2025-11,Fithub,Medellín,ESP-PIS,Buttery Pistachio Cookie,Esparcibles,4,31,31,2421100,7.75,7,0
2025-11,Fithub,Medellín,GRA-CHI,Chip Cookie,GranOLAS,4,42,40,1868000,10.0,9,2
2025-11,Fithub,Medellín,GRA-FUD,Fudge Cake,GranOLAS,4,27,19,887300,4.75,3,8
2025-11,Fithub,Medellín,GRA-PIS,Pistachio Cookie,GranOLAS,4,20,19,1050700,4.75,4,1
2025-11,Fithub,Medellín,GRA-VAN,Vanilla Shortbread,GranOLAS,4,16,13,607100,3.25,1,3
2025-11,Fithub,Medellín,HAR-ALM,Harina de Almendra,Avena & Harinas,4,24,18,766800,4.5,3,6
2025-11,Fithub,Medellín,HAR-AVE,Harina de Avena,Avena & Harinas,4,153,149,5743950,37.25,4,4
2025-11,Fithub,Medellín,PAN-ALM-CHO,Almendra Choco Chips,Pancakes & Waffles,4,5,4,205200,1.0,0,1
2025-11,Fithub,Medellín,PAN-ALM-CHU,Almendra Churro,Pancakes & Waffles,4,64,59,3026700,14.75,1,5
2025-11,Fithub,Medellín,PAN-ALM-VAN,Almendra Vainilla,Pancakes & Waffles,4,18,17,872100,4.25,1,1
2025-11,Fithub,Medellín,PAN-AVE-BAN,Avena Banano,Pancakes & Waffles,4,20,18,728100,4.5,1,2
2025-11,Fithub,Medellín,PAN-AVE-BRO,Avena Brownie,Pancakes & Waffles,4,221,220,8899000,55.0,3,1
2025-11,Fithub,Medellín,PAN-AVE-VAN,Avena Vainilla,Pancakes & Waffles,4,31,26,1051700,6.5,2,5
2025-11,Fithub,Pereira,AVE-HOJ,Avena en Hojuelas,Avena & Harinas,1,7,5,192750,5.0,0,2
2025-11,Fithub,Pereira,COM-3GRA,Three Pack GranOLA,Combos,1,1,0,0,0.0,2,1
2025-11,Fithub,Pereira,COM-3MEZ,Three Pack Mezclas,Combos,1,4,3,350550,3.0,5,1
2025-11,Fithub,Pereira,COM-3SPR,Three Pack Spread,Combos,1,2,1,158400,1.0,0,1
2025-11,Fithub,Pereira,COM-WAF,Mini Wafflera,Combos,1,12,11,1353000,11.0,0,1
2025-11,Fithub,Pereira,ESP-BABY,Baby Spreads,Esparcibles,1,18,13,312000,13.0,3,5
2025-11,Fithub,Pereira,ESP-CIN,Golden Cinnamon Roll,Esparcibles,1,13,11,657250,11.0,3,2
2025-11,Fithub,Pereira,ESP-CRE,Creamy Cocoa Hazelnut,Esparcibles,1,7,5,298750,5.0,2,2
2025-11,Fithub,Pereira,ESP-CRU,Crunchy Cocoa Hazelnut,Esparcibles,1,7,5,298750,5.0,5,2
2025-11,Fithub,Pereira,ESP-PB,Peanutty Banana Shake,Esparcibles,1,10,7,418250,7.0,0,3
2025-11,Fithub,Pereira,ESP-PIS,Buttery Pistachio Cookie,Esparcibles,1,22,17,1327700,17.0,0,5
2025-11,Fithub,Pereira,GRA-FUD,Fudge Cake,GranOLAS,1,8,6,280200,6.0,0,2
2025-11,Fithub,Pereira,GRA-PIS,Pistachio Cookie,GranOLAS,1,57,44,2433200,44.0,7,13
2025-11,Fithub,Pereira,HAR-ALM,Harina de Almendra,Avena & Harinas,1,17,13,553800,13.0,0,4
2025-11,Fithub,Pereira,HAR-AVE,Harina de Avena,Avena & Harinas,1,16,14,539700,14.0,5,2
2025-11,Fithub,Pereira,PAN-ALM-CHO,Almendra Choco Chips,Pancakes & Waffles,1,2,1,51300,1.0,0,1
2025-11,Fithub,Pereira,PAN-ALM-CHU,Almendra Churro,Pancakes & Waffles,1,14,12,615600,12.0,2,2
2025-11,Fithub,Pereira,PAN-ALM-VAN,Almendra Vainilla,Pancakes & Waffles,1,8,7,359100,7.0,0,1
2025-11,Fithub,Pereira,PAN-AVE-BAN,Avena Banano,Pancakes & Waffles,1,6,5,202250,5.0,1,1
2025-11,Fithub,Pereira,PAN-AVE-BRO,Avena Brownie,Pancakes & Waffles,1,24,21,849450,21.0,6,3
2025-11,Fithub,Pereira,PAN-AVE-VAN,Avena Vainilla,Pancakes & Waffles,1,4,3,121350,3.0,3,1
2025-11,Tiendas naturistas,Barranquilla,AVE-HOJ,Avena en Hojuelas,Avena & Harinas,2,80,79,2923000,39.5,4,1
2025-11,Tiendas naturistas,Barranquilla,COM-3GRA,Three Pack GranOLA,Combos,2,3,3,342600,1.5,1,0
2025-11,Tiendas naturistas,Barranquilla,COM-3MEZ,Three Pack Mezclas,Combos,2,16,12,1345200,6.0,0,4
2025-11,Tiendas naturistas,Barranquilla,COM-3SPR,Three Pack Spread,Combos,2,6,6,911700,3.0,3,0
2025-11,Tiendas naturistas,Barranquilla,COM-MIX,Perfect Mix & Match,Combos,2,34,34,2777800,17.0,0,0
2025-11,Tiendas naturistas,Barranquilla,COM-WAF,Mini Wafflera,Combos,2,6,5,590000,2.5,1,1
2025-11,Tiendas naturistas,Barranquilla,ESP-CIN,Golden Cinnamon Roll,Esparcibles,2,72,67,3842450,33.5,2,5
2025-11,Tiendas naturistas,Barranquilla,ESP-CRU,Crunchy Cocoa Hazelnut,Esparcibles,2,13,13,745550,6.5,3,0
2025-11,Tiendas naturistas,Barranquilla,ESP-PB,Peanutty Banana Shake,Esparcibles,2,27,26,1491100,13.0,3,1
2025-11,Tiendas naturistas,Barranquilla,ESP-PIS,Buttery Pistachio Cookie,Esparcibles,2,29,21,1573950,10.5,0,8
2025-11,Tiendas naturistas,Barranquilla,GRA-CHI,Chip Cookie,GranOLAS,2,40,29,1299200,14.5,5,11
2025-11,Tiendas naturistas,Barranquilla,GRA-FUD,Fudge Cake,GranOLAS,2,43,31,1388800,15.5,6,12
2025-11,Tiendas naturistas,Barranquilla,GRA-PIS,Pistachio Cookie,GranOLAS,2,139,138,7320900,69.0,0,1
2025-11,Tiendas naturistas,Barranquilla,GRA-VAN,Vanilla Shortbread,GranOLAS,2,3,2,89600,1.0,8,1
2025-11,Tiendas naturistas,Barranquilla,PAN-AVE-BAN,Avena Banano,Pancakes & Waffles,2,124,106,4112800,53.0,6,18
2025-11,Tiendas naturistas,Bogotá,AVE-HOJ,Avena en Hojuelas,Avena & Harinas,31,220,178,6586000,5.74,0,42
2025-11,Tiendas naturistas,Bogotá,COM-3GRA,Three Pack GranOLA,Combos,31,24,22,2512400,0.71,8,2
2025-11,Tiendas naturistas,Bogotá,COM-3MEZ,Three Pack Mezclas,Combos,31,9,8,896800,0.26,2,1
2025-11,Tiendas naturistas,Bogotá,COM-3SPR,Three Pack Spread,Combos,31,63,54,8205300,1.74,2,9
2025-11,Tiendas naturistas,Bogotá,COM-MIX,Perfect Mix & Match,Combos,31,43,31,2532700,1.0,1,12
2025-11,Tiendas naturistas,Bogotá,COM-WAF,Mini Wafflera,Combos,31,58,55,6490000,1.77,0,3
2025-11,Tiendas naturistas,Bogotá,ESP-BABY,Baby Spreads,Esparcibles,31,202,200,4600000,6.45,0,2
2025-11,Tiendas naturistas,Bogotá,ESP-CIN,Golden Cinnamon Roll,Esparcibles,31,134,98,5620300,3.16,0,36
2025-11,Tiendas naturistas,Bogotá,ESP-CRE,Creamy Cocoa Hazelnut,Esparcibles,31,124,101,5792350,3.26,0,23
2025-11,Tiendas naturistas,Bogotá,ESP-CRU,Crunchy Cocoa Hazelnut,Esparcibles,31,47,37,2121950,1.19,7,10
2025-11,Tiendas naturistas,Bogotá,ESP-PB,Peanutty Banana Shake,Esparcibles,31,65,61,3498350,1.97,4,4
2025-11,Tiendas naturistas,Bogotá,ESP-PIS,Buttery Pistachio Cookie,Esparcibles,31,39,37,2773150,1.19,2,2
2025-11,Tiendas naturistas,Bogotá,GRA-CHI,Chip Cookie,GranOLAS,31,127,93,4166400,3.0,0,34
2025-11,Tiendas naturistas,Bogotá,GRA-PIS,Pistachio Cookie,GranOLAS,31,227,183,9708150,5.9,5,44
2025-11,Tiendas naturistas,Bogotá,GRA-VAN,Vanilla Shortbread,GranOLAS,31,280,215,9632000,6.94,5,65
2025-11,Tiendas naturistas,Bogotá,HAR-ALM,Harina de Almendra,Avena & Harinas,31,162,127,5194300,4.1,4,35
2025-11,Tiendas naturistas,Bogotá,HAR-AVE,Harina de Avena,Avena & Harinas,31,164,135,4995000,4.35,7,29
2025-11,Tiendas naturistas,Bogotá,PAN-ALM-CHO,Almendra Choco Chips,Pancakes & Waffles,31,166,128,6297600,4.13,0,38
2025-11,Tiendas naturistas,Bogotá,PAN-ALM-CHU,Almendra Churro,Pancakes & Waffles,31,252,198,9741600,6.39,3,54
2025-11,Tiendas naturistas,Bogotá,PAN-ALM-VAN,Almendra Vainilla,Pancakes & Waffles,31,39,38,1869600,1.23,1,1
2025-11,Tiendas naturistas,Bogotá,PAN-AVE-BAN,Avena Banano,Pancakes & Waffles,31,113,97,3763600,3.13,1,16
2025-11,Tiendas naturistas,Bogotá,PAN-AVE-BRO,Avena Brownie,Pancakes & Waffles,31,144,103,3996400,3.32,7,41
2025-11,Tiendas naturistas,Bogotá,PAN-AVE-VAN,Avena Vainilla,Pancakes & Waffles,31,243,209,8109200,6.74,2,34
2025-11,Tiendas naturistas,Bucaramanga,COM-3SPR,Three Pack Spread,Combos,2,19,14,2127300,7.0,4,5
2025-11,Tiendas naturistas,Bucaramanga,COM-WAF,Mini Wafflera,Combos,2,1,0,0,0.0,0,1
2025-11,Tiendas naturistas,Bucaramanga,ESP-BABY,Baby Spreads,Esparcibles,2,64,49,1127000,24.5,0,15
2025-11,Tiendas naturistas,Bucaramanga,ESP-CIN,Golden Cinnamon Roll,Esparcibles,2,6,4,229400,2.0,3,2
2025-11,Tiendas naturistas,Bucaramanga,ESP-CRE,Creamy Cocoa Hazelnut,Esparcibles,2,3,2,114700,1.0,4,1
2025-11,Tiendas naturistas,Bucaramanga,ESP-PB,Peanutty Banana Shake,Esparcibles,2,7,6,344100,3.0,0,1
2025-11,Tiendas naturistas,Bucaramanga,ESP-PIS,Buttery Pistachio Cookie,Esparcibles,2,15,12,899400,6.0,7,3
2025-11,Tiendas naturistas,Bucaramanga,GRA-PIS,Pistachio Cookie,GranOLAS,2,27,22,1167100,11.0,4,5
2025-11,Tiendas naturistas,Bucaramanga,PAN-ALM-CHO,Almendra Choco Chips,Pancakes & Waffles,2,7,5,246000,2.5,8,2
2025-11,Tiendas naturistas,Bucaramanga,PAN-ALM-CHU,Almendra Churro,Pancakes & Waffles,2,22,19,934800,9.5,8,3
2025-11,Tiendas naturistas,Bucaramanga,PAN-AVE-BAN,Avena Banano,Pancakes & Waffles,2,28,22,853600,11.0,5,6
2025-11,Tiendas naturistas,Bucaramanga,PAN-AVE-VAN,Avena Vainilla,Pancakes & Waffles,2,9,7,271600,3.5,1,2
2025-11,Tiendas naturistas,Cali,COM-3GRA,Three Pack GranOLA,Combos,5,5,4,456800,0.8,0,1
2025-11,Tiendas naturistas,Cali,COM-3MEZ,Three Pack Mezclas,Combos,5,24,20,2242000,4.0,4,4
2025-11,Tiendas naturistas,Cali,COM-3SPR,Three Pack Spread,Combos,5,6,5,759750,1.0,3,1
2025-11,Tiendas naturistas,Cali,COM-WAF,Mini Wafflera,Combos,5,1,0,0,0.0,0,1
2025-11,Tiendas naturistas,Cali,ESP-BABY,Baby Spreads,Esparcibles,5,121,100,2300000,20.0,4,21
2025-11,Tiendas naturistas,Cali,ESP-CIN,Golden Cinnamon Roll,Esparcibles,5,7,6,344100,1.2,5,1
2025-11,Tiendas naturistas,Cali,ESP-CRE,Creamy Cocoa Hazelnut,Esparcibles,5,4,3,172050,0.6,2,1
2025-11,Tiendas naturistas,Cali,ESP-CRU,Crunchy Cocoa Hazelnut,Esparcibles,5,41,35,2007250,7.0,4,6
2025-11,Tiendas naturistas,Cali,ESP-PB,Peanutty Banana Shake,Esparcibles,5,2,1,57350,0.2,1,1
2025-11,Tiendas naturistas,Cali,ESP-PIS,Buttery Pistachio Cookie,Esparcibles,5,6,4,299800,0.8,0,2
2025-11,Tiendas naturistas,Cali,GRA-CHI,Chip Cookie,GranOLAS,5,25,20,896000,4.0,0,5
2025-11,Tiendas naturistas,Cali,GRA-FUD,Fudge Cake,GranOLAS,5,19,17,761600,3.4,5,2
2025-11,Tiendas naturistas,Cali,GRA-PIS,Pistachio Cookie,GranOLAS,5,15,11,583550,2.2,3,4
2025-11,Tiendas naturistas,Cali,GRA-VAN,Vanilla Shortbread,GranOLAS,5,121,102,4569600,20.4,0,19
2025-11,Tiendas naturistas,Cali,HAR-AVE,Harina de Avena,Avena & Harinas,5,37,34,1258000,6.8,2,3
2025-11,Tiendas naturistas,Cali,PAN-ALM-CHO,Almendra Choco Chips,Pancakes & Waffles,5,16,14,688800,2.8,0,2
2025-11,Tiendas naturistas,Cali,PAN-ALM-CHU,Almendra Churro,Pancakes & Waffles,5,19,15,738000,3.0,4,4
2025-11,Tiendas naturistas,Cali,PAN-ALM-VAN,Almendra Vainilla,Pancakes & Waffles,5,57,45,2214000,9.0,0,12
2025-11,Tiendas naturistas,Cali,PAN-AVE-BAN,Avena Banano,Pancakes & Waffles,5,6,5,194000,1.0,2,1
2025-11,Tiendas naturistas,Cali,PAN-AVE-BRO,Avena Brownie,Pancakes & Waffles,5,12,10,388000,2.0,3,2
2025-11,Tiendas naturistas,Cali,PAN-AVE-VAN,Avena Vainilla,Pancakes & Waffles,5,18,17,659600,3.4,0,1
2025-11,Tiendas naturistas,Cartagena,COM-3SPR,Three Pack Spread,Combos,4,2,1,151950,0.25,0,1
2025-11,Tiendas naturistas,Cartagena,COM-WAF,Mini Wafflera,Combos,4,13,12,1416000,3.0,3,1
2025-11,Tiendas naturistas,Cartagena,ESP-CIN,Golden Cinnamon Roll,Esparcibles,4,2,1,57350,0.25,1,1
2025-11,Tiendas naturistas,Cartagena,ESP-CRE,Creamy Cocoa Hazelnut,Esparcibles,4,5,4,229400,1.0,5,1
2025-11,Tiendas naturistas,Cartagena,ESP-PB,Peanutty Banana Shake,Esparcibles,4,59,50,2867500,12.5,0,9
2025-11,Tiendas naturistas,Cartagena,GRA-CHI,Chip Cookie,GranOLAS,4,14,11,492800,2.75,4,3
2025-11,Tiendas naturistas,Cartagena,GRA-PIS,Pistachio Cookie,GranOLAS,4,3,2,106100,0.5,0,1
2025-11,Tiendas naturistas,Cartagena,PAN-ALM-VAN,Almendra Vainilla,Pancakes & Waffles,4,6,5,246000,1.25,2,1
2025-11,Tiendas naturistas,Cartagena,PAN-AVE-BAN,Avena Banano,Pancakes & Waffles,4,153,132,5121600,33.0,0,21
2025-11,Tiendas naturistas,Cartagena,PAN-AVE-BRO,Avena Brownie,Pancakes & Waffles,4,8,7,271600,1.75,0,1
2025-11,Tiendas naturistas,Cartagena,PAN-AVE-VAN,Avena Vainilla,Pancakes & Waffles,4,7,5,194000,1.25,3,2
2025-11,Tiendas naturistas,Manizales,AVE-HOJ,Avena en Hojuelas,Avena & Harinas,1,1,0,0,0.0,2,1
2025-11,Tiendas naturistas,Manizales,COM-3GRA,Three Pack GranOLA,Combos,1,19,18,2055600,18.0,3,1
2025-11,Tiendas naturistas,Manizales,COM-3MEZ,Three Pack Mezclas,Combos,1,4,3,336300,3.0,6,1
2025-11,Tiendas naturistas,Manizales,COM-3SPR,Three Pack Spread,Combos,1,6,5,759750,5.0,2,1
2025-11,Tiendas naturistas,Manizales,COM-MIX,Perfect Mix & Match,Combos,1,10,8,653600,8.0,1,2
2025-11,Tiendas naturistas,Manizales,COM-WAF,Mini Wafflera,Combos,1,1,0,0,0.0,0,1
2025-11,Tiendas naturistas,Manizales,ESP-CIN,Golden Cinnamon Roll,Esparcibles,1,12,10,573500,10.0,5,2
2025-11,Tiendas naturistas,Manizales,ESP-CRE,Creamy Cocoa Hazelnut,Esparcibles,1,9,7,401450,7.0,3,2
2025-11,Tiendas naturistas,Manizales,ESP-PB,Peanutty Banana Shake,Esparcibles,1,16,14,802900,14.0,6,2
2025-11,Tiendas naturistas,Manizales,ESP-PIS,Buttery Pistachio Cookie,Esparcibles,1,5,3,224850,3.0,4,2
2025-11,Tiendas naturistas,Manizales,GRA-CHI,Chip Cookie,GranOLAS,1,39,36,1612800,36.0,5,3
2025-11,Tiendas naturistas,Manizales,GRA-FUD,Fudge Cake,GranOLAS,1,36,30,1344000,30.0,5,6
2025-11,Tiendas naturistas,Manizales,GRA-VAN,Vanilla Shortbread,GranOLAS,1,38,32,1433600,32.0,3,6
2025-11,Tiendas naturistas,Manizales,HAR-ALM,Harina de Almendra,Avena & Harinas,1,15,14,572600,14.0,2,1
2025-11,Tiendas naturistas,Manizales,HAR-AVE,Harina de Avena,Avena & Harinas,1,26,25,925000,25.0,0,1
2025-11,Tiendas naturistas,Manizales,PAN-ALM-CHO,Almendra Choco Chips,Pancakes & Waffles,1,14,12,590400,12.0,3,2
2025-11,Tiendas naturistas,Manizales,PAN-ALM-VAN,Almendra Vainilla,Pancakes & Waffles,1,17,15,738000,15.0,4,2
2025-11,Tiendas naturistas,Manizales,PAN-AVE-BAN,Avena Banano,Pancakes & Waffles,1,18,15,582000,15.0,9,3
2025-11,Tiendas naturistas,Manizales,PAN-AVE-VAN,Avena Vainilla,Pancakes & Waffles,1,16,14,543200,14.0,0,2
2025-11,Tiendas naturistas,Medellín,AVE-HOJ,Avena en Hojuelas,Avena & Harinas,13,39,29,1073000,2.23,5,10
2025-11,Tiendas naturistas,Medellín,COM-3GRA,Three Pack GranOLA,Combos,13,11,8,913600,0.62,2,3
2025-11,Tiendas naturistas,Medellín,COM-3MEZ,Three Pack Mezclas,Combos,13,27,23,2578300,1.77,6,4
2025-11,Tiendas naturistas,Medellín,COM-3SPR,Three Pack Spread,Combos,13,5,4,607800,0.31,3,1
2025-11,Tiendas naturistas,Medellín,COM-MIX,Perfect Mix & Match,Combos,13,32,31,2532700,2.38,1,1
2025-11,Tiendas naturistas,Medellín,COM-WAF,Mini Wafflera,Combos,13,15,13,1534000,1.0,4,2
2025-11,Tiendas naturistas,Medellín,ESP-BABY,Baby Spreads,Esparcibles,13,63,54,1242000,4.15,4,9
2025-11,Tiendas naturistas,Medellín,ESP-CIN,Golden Cinnamon Roll,Esparcibles,13,23,16,917600,1.23,2,7
2025-11,Tiendas naturistas,Medellín,ESP-CRE,Creamy Cocoa Hazelnut,Esparcibles,13,80,65,3727750,5.0,4,15
2025-11,Tiendas naturistas,Medellín,ESP-CRU,Crunchy Cocoa Hazelnut,Esparcibles,13,21,18,1032300,1.38,3,3
2025-11,Tiendas naturistas,Medellín,ESP-PB,Peanutty Banana Shake,Esparcibles,13,17,13,745550,1.0,6,4
2025-11,Tiendas naturistas,Medellín,ESP-PIS,Buttery Pistachio Cookie,Esparcibles,13,15,13,974350,1.0,0,2
2025-11,Tiendas naturistas,Medellín,GRA-CHI,Chip Cookie,GranOLAS,13,34,33,1478400,2.54,7,1
2025-11,Tiendas naturistas,Medellín,GRA-FUD,Fudge Cake,GranOLAS,13,1,1,44800,0.08,4,0
2025-11,Tiendas naturistas,Medellín,GRA-PIS,Pistachio Cookie,GranOLAS,13,57,50,2652500,3.85,3,7
2025-11,Tiendas naturistas,Medellín,GRA-VAN,Vanilla Shortbread,GranOLAS,13,106,107,4793600,8.23,1,0
2025-11,Tiendas naturistas,Medellín,HAR-ALM,Harina de Almendra,Avena & Harinas,13,101,91,3721900,7.0,4,10
2025-11,Tiendas naturistas,Medellín,HAR-AVE,Harina de Avena,Avena & Harinas,13,31,28,1036000,2.15,0,3
2025-11,Tiendas naturistas,Medellín,PAN-ALM-CHO,Almendra Choco Chips,Pancakes & Waffles,13,26,21,1033200,1.62,3,5
2025-11,Tiendas naturistas,Medellín,PAN-ALM-CHU,Almendra Churro,Pancakes & Waffles,13,17,14,688800,1.08,3,3
2025-11,Tiendas naturistas,Medellín,PAN-ALM-VAN,Almendra Vainilla,Pancakes & Waffles,13,25,25,1230000,1.92,0,0
2025-11,Tiendas naturistas,Medellín,PAN-AVE-BAN,Avena Banano,Pancakes & Waffles,13,76,60,2328000,4.62,2,16
2025-11,Tiendas naturistas,Medellín,PAN-AVE-BRO,Avena Brownie,Pancakes & Waffles,13,75,70,2716000,5.38,2,5
2025-11,Tiendas naturistas,Medellín,PAN-AVE-VAN,Avena Vainilla,Pancakes & Waffles,13,32,26,1008800,2.0,0,6
2025-11,Tiendas naturistas,Pereira,AVE-HOJ,Avena en Hojuelas,Avena & Harinas,4,38,36,1332000,9.0,8,2
2025-11,Tiendas naturistas,Pereira,COM-3GRA,Three Pack GranOLA,Combos,4,20,15,1713000,3.75,3,5
2025-11,Tiendas naturistas,Pereira,COM-3MEZ,Three Pack Mezclas,Combos,4,56,43,4820300,10.75,2,13
2025-11,Tiendas naturistas,Pereira,COM-MIX,Perfect Mix & Match,Combos,4,3,2,163400,0.5,8,1
2025-11,Tiendas naturistas,Pereira,ESP-BABY,Baby Spreads,Esparcibles,4,11,10,230000,2.5,4,1
2025-11,Tiendas naturistas,Pereira,ESP-CRU,Crunchy Cocoa Hazelnut,Esparcibles,4,126,98,5620300,24.5,3,28
2025-11,Tiendas naturistas,Pereira,ESP-PB,Peanutty Banana Shake,Esparcibles,4,30,23,1319050,5.75,3,7
2025-11,Tiendas naturistas,Pereira,GRA-FUD,Fudge Cake,GranOLAS,4,15,11,492800,2.75,0,4
2025-11,Tiendas naturistas,Pereira,GRA-PIS,Pistachio Cookie,GranOLAS,4,17,14,742700,3.5,3,3
2025-11,Tiendas naturistas,Pereira,PAN-ALM-CHO,Almendra Choco Chips,Pancakes & Waffles,4,36,27,1328400,6.75,3,9
2025-11,Tiendas naturistas,Pereira,PAN-ALM-CHU,Almendra Churro,Pancakes & Waffles,4,161,143,7035600,35.75,0,18
2025-11,Tiendas naturistas,Pereira,PAN-AVE-BAN,Avena Banano,Pancakes & Waffles,4,10,10,388000,2.5,5,0
2025-11,Tiendas naturistas,Pereira,PAN-AVE-BRO,Avena Brownie,Pancakes & Waffles,4,39,39,1513200,9.75,4,0
2025-11,Éxito,Barranquilla,COM-3SPR,Three Pack Spread,Combos,5,45,38,5432100,7.6,0,7
2025-11,Éxito,Barranquilla,COM-MIX,Perfect Mix & Match,Combos,5,52,40,3076000,8.0,4,12
2025-11,Éxito,Barranquilla,COM-WAF,Mini Wafflera,Combos,5,15,13,1443000,2.6,0,2
2025-11,Éxito,Barranquilla,ESP-CIN,Golden Cinnamon Roll,Esparcibles,5,10,9,485550,1.8,2,1
2025-11,Éxito,Barranquilla,ESP-CRE,Creamy Cocoa Hazelnut,Esparcibles,5,48,40,2158000,8.0,1,8
2025-11,Éxito,Barranquilla,ESP-CRU,Crunchy Cocoa Hazelnut,Esparcibles,5,29,27,1456650,5.4,8,2
2025-11,Éxito,Barranquilla,ESP-PB,Peanutty Banana Shake,Esparcibles,5,33,24,1294800,4.8,2,9
2025-11,Éxito,Barranquilla,GRA-CHI,Chip Cookie,GranOLAS,5,169,131,5515100,26.2,9,38
2025-11,Éxito,Barranquilla,GRA-PIS,Pistachio Cookie,GranOLAS,5,49,49,2445100,9.8,1,0
2025-11,Éxito,Barranquilla,GRA-VAN,Vanilla Shortbread,GranOLAS,5,22,19,799900,3.8,8,3
2025-11,Éxito,Barranquilla,HAR-ALM,Harina de Almendra,Avena & Harinas,5,31,27,1038150,5.4,0,4
2025-11,Éxito,Barranquilla,HAR-AVE,Harina de Avena,Avena & Harinas,5,9,7,243600,1.4,0,2
2025-11,Éxito,Barranquilla,PAN-ALM-CHO,Almendra Choco Chips,Pancakes & Waffles,5,5,4,185200,0.8,5,1
2025-11,Éxito,Barranquilla,PAN-ALM-VAN,Almendra Vainilla,Pancakes & Waffles,5,13,12,555600,2.4,2,1
2025-11,Éxito,Barranquilla,PAN-AVE-BAN,Avena Banano,Pancakes & Waffles,5,110,99,3613500,19.8,0,11
2025-11,Éxito,Bogotá,AVE-HOJ,Avena en Hojuelas,Avena & Harinas,22,635,595,20706000,27.05,9,40
2025-11,Éxito,Bogotá,COM-3GRA,Three Pack GranOLA,Combos,22,383,367,39415800,16.68,6,16
2025-11,Éxito,Bogotá,COM-3MEZ,Three Pack Mezclas,Combos,22,158,136,14341200,6.18,2,22
2025-11,Éxito,Bogotá,COM-3SPR,Three Pack Spread,Combos,22,65,51,7290450,2.32,6,14
2025-11,Éxito,Bogotá,COM-MIX,Perfect Mix & Match,Combos,22,205,172,13226800,7.82,1,33
2025-11,Éxito,Bogotá,COM-WAF,Mini Wafflera,Combos,22,182,157,17427000,7.14,4,25
2025-11,Éxito,Bogotá,ESP-BABY,Baby Spreads,Esparcibles,22,1362,996,21563400,45.27,3,366
2025-11,Éxito,Bogotá,ESP-CIN,Golden Cinnamon Roll,Esparcibles,22,581,562,30319900,25.55,0,19
2025-11,Éxito,Bogotá,ESP-CRE,Creamy Cocoa Hazelnut,Esparcibles,22,360,321,17317950,14.59,7,39
2025-11,Éxito,Bogotá,ESP-CRU,Crunchy Cocoa Hazelnut,Esparcibles,22,419,414,22335300,18.82,5,5
2025-11,Éxito,Bogotá,ESP-PB,Peanutty Banana Shake,Esparcibles,22,326,292,15753400,13.27,0,34
2025-11,Éxito,Bogotá,ESP-PIS,Buttery Pistachio Cookie,Esparcibles,22,435,321,22630500,14.59,4,114
2025-11,Éxito,Bogotá,GRA-CHI,Chip Cookie,GranOLAS,22,333,248,10440800,11.27,0,85
2025-11,Éxito,Bogotá,GRA-FUD,Fudge Cake,GranOLAS,22,887,891,37511100,40.5,2,0
2025-11,Éxito,Bogotá,GRA-PIS,Pistachio Cookie,GranOLAS,22,211,173,8632700,7.86,4,38
2025-11,Éxito,Bogotá,GRA-VAN,Vanilla Shortbread,GranOLAS,22,322,265,11156500,12.05,3,57
2025-11,Éxito,Bogotá,HAR-ALM,Harina de Almendra,Avena & Harinas,22,339,317,12188650,14.41,6,22
2025-11,Éxito,Bogotá,HAR-AVE,Harina de Avena,Avena & Harinas,22,806,608,21158400,27.64,3,198
2025-11,Éxito,Bogotá,PAN-ALM-CHO,Almendra Choco Chips,Pancakes & Waffles,22,495,401,18566300,18.23,0,94
2025-11,Éxito,Bogotá,PAN-ALM-CHU,Almendra Churro,Pancakes & Waffles,22,240,186,8611800,8.45,0,54
2025-11,Éxito,Bogotá,PAN-ALM-VAN,Almendra Vainilla,Pancakes & Waffles,22,462,456,21112800,20.73,0,6
2025-11,Éxito,Bogotá,PAN-AVE-BAN,Avena Banano,Pancakes & Waffles,22,831,728,26572000,33.09,1,103
2025-11,Éxito,Bogotá,PAN-AVE-BRO,Avena Brownie,Pancakes & Waffles,22,562,423,15439500,19.23,0,139
2025-11,Éxito,Bogotá,PAN-AVE-VAN,Avena Vainilla,Pancakes & Waffles,22,107,108,3942000,4.91,9,0
2025-11,Éxito,Bucaramanga,AVE-HOJ,Avena en Hojuelas,Avena & Harinas,3,15,13,452400,4.33,2,2
2025-11,Éxito,Bucaramanga,COM-3MEZ,Three Pack Mezclas,Combos,3,44,36,3796200,12.0,0,8
2025-11,Éxito,Bucaramanga,COM-MIX,Perfect Mix & Match,Combos,3,38,34,2614600,11.33,4,4
2025-11,Éxito,Bucaramanga,ESP-BABY,Baby Spreads,Esparcibles,3,96,75,1623750,25.0,2,21
2025-11,Éxito,Bucaramanga,ESP-CIN,Golden Cinnamon Roll,Esparcibles,3,37,31,1672450,10.33,3,6
2025-11,Éxito,Bucaramanga,ESP-CRE,Creamy Cocoa Hazelnut,Esparcibles,3,48,40,2158000,13.33,0,8
2025-11,Éxito,Bucaramanga,ESP-CRU,Crunchy Cocoa Hazelnut,Esparcibles,3,55,43,2319850,14.33,0,12
2025-11,Éxito,Bucaramanga,ESP-PIS,Buttery Pistachio Cookie,Esparcibles,3,112,85,5992500,28.33,2,27
2025-11,Éxito,Bucaramanga,GRA-CHI,Chip Cookie,GranOLAS,3,196,150,6315000,50.0,2,46
2025-11,Éxito,Bucaramanga,GRA-FUD,Fudge Cake,GranOLAS,3,45,38,1599800,12.67,0,7
2025-11,Éxito,Bucaramanga,GRA-PIS,Pistachio Cookie,GranOLAS,3,203,168,8383200,56.0,6,35
2025-11,Éxito,Bucaramanga,GRA-VAN,Vanilla Shortbread,GranOLAS,3,83,72,3031200,24.0,3,11
2025-11,Éxito,Bucaramanga,HAR-ALM,Harina de Almendra,Avena & Harinas,3,164,120,4614000,40.0,1,44
2025-11,Éxito,Bucaramanga,HAR-AVE,Harina de Avena,Avena & Harinas,3,112,112,3897600,37.33,5,0
2025-11,Éxito,Bucaramanga,PAN-ALM-CHU,Almendra Churro,Pancakes & Waffles,3,63,62,2870600,20.67,0,1
2025-11,Éxito,Bucaramanga,PAN-ALM-VAN,Almendra Vainilla,Pancakes & Waffles,3,292,265,12269500,88.33,0,27
2025-11,Éxito,Bucaramanga,PAN-AVE-BAN,Avena Banano,Pancakes & Waffles,3,60,48,1752000,16.0,0,12
2025-11,Éxito,Bucaramanga,PAN-AVE-BRO,Avena Brownie,Pancakes & Waffles,3,91,76,2774000,25.33,5,15
2025-11,Éxito,Cali,AVE-HOJ,Avena en Hojuelas,Avena & Harinas,2,159,114,3967200,57.0,5,45
2025-11,Éxito,Cali,COM-3GRA,Three Pack GranOLA,Combos,2,25,22,2362800,11.0,6,3
2025-11,Éxito,Cali,COM-3MEZ,Three Pack Mezclas,Combos,2,39,29,3058050,14.5,12,10
2025-11,Éxito,Cali,COM-3SPR,Three Pack Spread,Combos,2,27,24,3430800,12.0,6,3
2025-11,Éxito,Cali,COM-MIX,Perfect Mix & Match,Combos,2,75,56,4306400,28.0,5,19
2025-11,Éxito,Cali,COM-WAF,Mini Wafflera,Combos,2,61,44,4884000,22.0,1,17
2025-11,Éxito,Cali,ESP-BABY,Baby Spreads,Esparcibles,2,363,337,7296050,168.5,4,26
2025-11,Éxito,Cali,ESP-CIN,Golden Cinnamon Roll,Esparcibles,2,284,258,13919100,129.0,3,26
2025-11,Éxito,Cali,ESP-CRE,Creamy Cocoa Hazelnut,Esparcibles,2,43,42,2265900,21.0,5,1
2025-11,Éxito,Cali,ESP-CRU,Crunchy Cocoa Hazelnut,Esparcibles,2,58,44,2373800,22.0,0,14
2025-11,Éxito,Cali,ESP-PB,Peanutty Banana Shake,Esparcibles,2,102,97,5233150,48.5,2,5
2025-11,Éxito,Cali,ESP-PIS,Buttery Pistachio Cookie,Esparcibles,2,57,46,3243000,23.0,7,11
2025-11,Éxito,Cali,GRA-CHI,Chip Cookie,GranOLAS,2,175,132,5557200,66.0,3,43
2025-11,Éxito,Cali,GRA-FUD,Fudge Cake,GranOLAS,2,298,270,11367000,135.0,3,28
2025-11,Éxito,Cali,GRA-VAN,Vanilla Shortbread,GranOLAS,2,102,77,3241700,38.5,6,25
2025-11,Éxito,Cali,HAR-ALM,Harina de Almendra,Avena & Harinas,2,247,193,7420850,96.5,1,54
2025-11,Éxito,Cali,HAR-AVE,Harina de Avena,Avena & Harinas,2,25,19,661200,9.5,5,6
2025-11,Éxito,Cali,PAN-ALM-CHO,Almendra Choco Chips,Pancakes & Waffles,2,221,208,9630400,104.0,4,13
2025-11,Éxito,Cali,PAN-ALM-CHU,Almendra Churro,Pancakes & Waffles,2,215,183,8472900,91.5,1,32
2025-11,Éxito,Cali,PAN-ALM-VAN,Almendra Vainilla,Pancakes & Waffles,2,18,15,694500,7.5,3,3
2025-11,Éxito,Cali,PAN-AVE-BAN,Avena Banano,Pancakes & Waffles,2,375,288,10512000,144.0,0,87
2025-11,Éxito,Cali,PAN-AVE-BRO,Avena Brownie,Pancakes & Waffles,2,6,4,146000,2.0,5,2
2025-11,Éxito,Cali,PAN-AVE-VAN,Avena Vainilla,Pancakes & Waffles,2,142,132,4818000,66.0,1,10
2025-11,Éxito,Cartagena,AVE-HOJ,Avena en Hojuelas,Avena & Harinas,3,206,194,6751200,64.67,0,12
2025-11,Éxito,Cartagena,COM-3GRA,Three Pack GranOLA,Combos,3,44,41,4403400,13.67,0,3
2025-11,Éxito,Cartagena,COM-3MEZ,Three Pack Mezclas,Combos,3,25,21,2214450,7.0,1,4
2025-11,Éxito,Cartagena,COM-3SPR,Three Pack Spread,Combos,3,35,31,4431450,10.33,3,4
2025-11,Éxito,Cartagena,COM-MIX,Perfect Mix & Match,Combos,3,41,36,2768400,12.0,4,5
2025-11,Éxito,Cartagena,COM-WAF,Mini Wafflera,Combos,3,36,28,3108000,9.33,0,8
2025-11,Éxito,Cartagena,ESP-BABY,Baby Spreads,Esparcibles,3,36,34,736100,11.33,0,2
2025-11,Éxito,Cartagena,ESP-CIN,Golden Cinnamon Roll,Esparcibles,3,128,110,5934500,36.67,7,18
2025-11,Éxito,Cartagena,ESP-CRE,Creamy Cocoa Hazelnut,Esparcibles,3,17,12,647400,4.0,4,5
2025-11,Éxito,Cartagena,ESP-CRU,Crunchy Cocoa Hazelnut,Esparcibles,3,183,183,9872850,61.0,1,0
2025-11,Éxito,Cartagena,ESP-PB,Peanutty Banana Shake,Esparcibles,3,127,120,6474000,40.0,0,7
2025-11,Éxito,Cartagena,GRA-CHI,Chip Cookie,GranOLAS,3,58,54,2273400,18.0,4,4
2025-11,Éxito,Cartagena,GRA-FUD,Fudge Cake,GranOLAS,3,14,10,421000,3.33,8,4
2025-11,Éxito,Cartagena,GRA-PIS,Pistachio Cookie,GranOLAS,3,151,140,6986000,46.67,0,11
2025-11,Éxito,Cartagena,HAR-ALM,Harina de Almendra,Avena & Harinas,3,51,48,1845600,16.0,6,3
2025-11,Éxito,Cartagena,HAR-AVE,Harina de Avena,Avena & Harinas,3,107,106,3688800,35.33,9,1
2025-11,Éxito,Cartagena,PAN-ALM-CHO,Almendra Choco Chips,Pancakes & Waffles,3,89,76,3518800,25.33,3,13
2025-11,Éxito,Cartagena,PAN-ALM-CHU,Almendra Churro,Pancakes & Waffles,3,71,52,2407600,17.33,4,19
2025-11,Éxito,Cartagena,PAN-AVE-BRO,Avena Brownie,Pancakes & Waffles,3,54,41,1496500,13.67,0,13
2025-11,Éxito,Cartagena,PAN-AVE-VAN,Avena Vainilla,Pancakes & Waffles,3,272,247,9015500,82.33,4,25
2025-11,Éxito,Medellín,AVE-HOJ,Avena en Hojuelas,Avena & Harinas,6,161,128,4454400,21.33,2,33
2025-11,Éxito,Medellín,COM-3GRA,Three Pack GranOLA,Combos,6,171,138,14821200,23.0,3,33
2025-11,Éxito,Medellín,COM-3MEZ,Three Pack Mezclas,Combos,6,15,13,1370850,2.17,5,2
2025-11,Éxito,Medellín,COM-3SPR,Three Pack Spread,Combos,6,1,0,0,0.0,0,1
2025-11,Éxito,Medellín,COM-MIX,Perfect Mix & Match,Combos,6,130,114,8766600,19.0,2,16
2025-11,Éxito,Medellín,ESP-BABY,Baby Spreads,Esparcibles,6,892,817,17688050,136.17,2,75
2025-11,Éxito,Medellín,ESP-CIN,Golden Cinnamon Roll,Esparcibles,6,137,98,5287100,16.33,0,39
2025-11,Éxito,Medellín,ESP-CRE,Creamy Cocoa Hazelnut,Esparcibles,6,129,100,5395000,16.67,1,29
2025-11,Éxito,Medellín,ESP-CRU,Crunchy Cocoa Hazelnut,Esparcibles,6,124,118,6366100,19.67,0,6
2025-11,Éxito,Medellín,ESP-PB,Peanutty Banana Shake,Esparcibles,6,360,294,15861300,49.0,3,66
2025-11,Éxito,Medellín,GRA-CHI,Chip Cookie,GranOLAS,6,323,299,12587900,49.83,0,24
2025-11,Éxito,Medellín,GRA-FUD,Fudge Cake,GranOLAS,6,652,525,22102500,87.5,2,127
2025-11,Éxito,Medellín,GRA-PIS,Pistachio Cookie,GranOLAS,6,397,306,15269400,51.0,10,91
2025-11,Éxito,Medellín,GRA-VAN,Vanilla Shortbread,GranOLAS,6,215,192,8083200,32.0,5,23
2025-11,Éxito,Medellín,HAR-ALM,Harina de Almendra,Avena & Harinas,6,99,95,3652750,15.83,1,4
2025-11,Éxito,Medellín,HAR-AVE,Harina de Avena,Avena & Harinas,6,136,126,4384800,21.0,0,10
2025-11,Éxito,Medellín,PAN-ALM-CHO,Almendra Choco Chips,Pancakes & Waffles,6,590,436,20186800,72.67,3,154
2025-11,Éxito,Medellín,PAN-ALM-CHU,Almendra Churro,Pancakes & Waffles,6,303,258,11945400,43.0,1,45
2025-11,Éxito,Medellín,PAN-ALM-VAN,Almendra Vainilla,Pancakes & Waffles,6,54,49,2268700,8.17,1,5
2025-11,Éxito,Medellín,PAN-AVE-BAN,Avena Banano,Pancakes & Waffles,6,212,179,6533500,29.83,1,33
2025-11,Éxito,Medellín,PAN-AVE-BRO,Avena Brownie,Pancakes & Waffles,6,262,207,7555500,34.5,6,55
2025-12,Carulla,Barranquilla,COM-DECK,Deck de Cartas,Combos,5,8,7,791000,1.4,3,1
2025-12,Carulla,Barranquilla,COM-MIX,Perfect Mix & Match,Combos,5,10,8,626000,1.6,4,2
2025-12,Carulla,Barranquilla,COM-ROMP,Rompecabezas,Combos,5,17,12,1356000,2.4,2,5
2025-12,Carulla,Barranquilla,GRA-FUD,Fudge Cake,GranOLAS,5,44,33,1415700,6.6,5,11
2025-12,Carulla,Barranquilla,GRA-VAN,Vanilla Shortbread,GranOLAS,5,9,7,300300,1.4,0,2
2025-12,Carulla,Barranquilla,PAN-ALM-CHO,Almendra Choco Chips,Pancakes & Waffles,5,45,43,2025300,8.6,1,2
2025-12,Carulla,Barranquilla,PAN-ALM-VAN,Almendra Vainilla,Pancakes & Waffles,5,23,22,1036200,4.4,3,1
2025-12,Carulla,Bogotá,AVE-HOJ,Avena en Hojuelas,Avena & Harinas,11,421,407,14428150,37.0,1,14
2025-12,Carulla,Bogotá,COM-3GRA,Three Pack GranOLA,Combos,11,54,39,4264650,3.55,6,15
2025-12,Carulla,Bogotá,COM-3MEZ,Three Pack Mezclas,Combos,11,147,115,12345250,10.45,0,32
2025-12,Carulla,Bogotá,COM-3SPR,Three Pack Spread,Combos,11,52,40,5820000,3.64,1,12
2025-12,Carulla,Bogotá,COM-DECK,Deck de Cartas,Combos,11,83,62,7006000,5.64,0,21
2025-12,Carulla,Bogotá,COM-MIX,Perfect Mix & Match,Combos,11,62,54,4225500,4.91,0,8
2025-12,Carulla,Bogotá,COM-ROMP,Rompecabezas,Combos,11,67,50,5650000,4.55,4,17
2025-12,Carulla,Bogotá,COM-WAF,Mini Wafflera,Combos,11,142,126,14238000,11.45,0,16
2025-12,Carulla,Bogotá,ESP-BABY,Baby Spreads,Esparcibles,11,111,98,2160900,8.91,2,13
2025-12,Carulla,Bogotá,ESP-CIN,Golden Cinnamon Roll,Esparcibles,11,104,87,4776300,7.91,0,17
2025-12,Carulla,Bogotá,ESP-CRE,Creamy Cocoa Hazelnut,Esparcibles,11,230,170,9333000,15.45,1,60
2025-12,Carulla,Bogotá,ESP-CRU,Crunchy Cocoa Hazelnut,Esparcibles,11,211,184,10101600,16.73,6,27
2025-12,Carulla,Bogotá,ESP-PB,Peanutty Banana Shake,Esparcibles,11,223,195,10705500,17.73,5,28
2025-12,Carulla,Bogotá,ESP-PIS,Buttery Pistachio Cookie,Esparcibles,11,75,68,4879000,6.18,3,7
2025-12,Carulla,Bogotá,GRA-CHI,Chip Cookie,GranOLAS,11,291,222,9523800,20.18,4,69
2025-12,Carulla,Bogotá,GRA-FUD,Fudge Cake,GranOLAS,11,236,214,9180600,19.45,6,22
2025-12,Carulla,Bogotá,GRA-PIS,Pistachio Cookie,GranOLAS,11,287,262,13309600,23.82,6,25
2025-12,Carulla,Bogotá,GRA-VAN,Vanilla Shortbread,GranOLAS,11,268,208,8923200,18.91,0,60
2025-12,Carulla,Bogotá,HAR-ALM,Harina de Almendra,Avena & Harinas,11,327,292,11431800,26.55,6,35
2025-12,Carulla,Bogotá,HAR-AVE,Harina de Avena,Avena & Harinas,11,266,265,9394250,24.09,1,1
2025-12,Carulla,Bogotá,MER-NYR,New Year Resolution,Merch,11,43,37,4181000,3.36,3,6
2025-12,Carulla,Bogotá,PAN-ALM-CHO,Almendra Choco Chips,Pancakes & Waffles,11,260,193,9090300,17.55,2,67
2025-12,Carulla,Bogotá,PAN-ALM-CHU,Almendra Churro,Pancakes & Waffles,11,158,129,6075900,11.73,2,29
2025-12,Carulla,Bogotá,PAN-ALM-VAN,Almendra Vainilla,Pancakes & Waffles,11,224,225,10597500,20.45,2,0
2025-12,Carulla,Bogotá,PAN-AVE-BAN,Avena Banano,Pancakes & Waffles,11,263,244,9064600,22.18,0,19
2025-12,Carulla,Bogotá,PAN-AVE-BRO,Avena Brownie,Pancakes & Waffles,11,207,208,7727200,18.91,4,0
2025-12,Carulla,Bogotá,PAN-AVE-VAN,Avena Vainilla,Pancakes & Waffles,11,316,307,11405050,27.91,3,9
2025-12,Carulla,Bucaramanga,AVE-HOJ,Avena en Hojuelas,Avena & Harinas,1,35,32,1134400,32.0,6,3
2025-12,Carulla,Bucaramanga,COM-3GRA,Three Pack GranOLA,Combos,1,114,101,11044350,101.0,3,13
2025-12,Carulla,Bucaramanga,COM-3MEZ,Three Pack Mezclas,Combos,1,55,42,4508700,42.0,0,13
2025-12,Carulla,Bucaramanga,COM-3SPR,Three Pack Spread,Combos,1,6,4,582000,4.0,1,2
2025-12,Carulla,Bucaramanga,COM-DECK,Deck de Cartas,Combos,1,24,19,2147000,19.0,3,5
2025-12,Carulla,Bucaramanga,COM-MIX,Perfect Mix & Match,Combos,1,56,46,3599500,46.0,1,10
2025-12,Carulla,Bucaramanga,COM-ROMP,Rompecabezas,Combos,1,75,70,7910000,70.0,1,5
2025-12,Carulla,Bucaramanga,ESP-CIN,Golden Cinnamon Roll,Esparcibles,1,29,28,1537200,28.0,0,1
2025-12,Carulla,Bucaramanga,ESP-CRU,Crunchy Cocoa Hazelnut,Esparcibles,1,123,90,4941000,90.0,3,33
2025-12,Carulla,Bucaramanga,ESP-PB,Peanutty Banana Shake,Esparcibles,1,53,50,2745000,50.0,0,3
2025-12,Carulla,Bucaramanga,ESP-PIS,Buttery Pistachio Cookie,Esparcibles,1,25,22,1578500,22.0,0,3
2025-12,Carulla,Bucaramanga,GRA-CHI,Chip Cookie,GranOLAS,1,89,86,3689400,86.0,1,3
2025-12,Carulla,Bucaramanga,GRA-FUD,Fudge Cake,GranOLAS,1,20,17,729300,17.0,4,3
2025-12,Carulla,Bucaramanga,GRA-PIS,Pistachio Cookie,GranOLAS,1,64,58,2946400,58.0,0,6
2025-12,Carulla,Bucaramanga,GRA-VAN,Vanilla Shortbread,GranOLAS,1,48,35,1501500,35.0,0,13
2025-12,Carulla,Bucaramanga,HAR-ALM,Harina de Almendra,Avena & Harinas,1,144,137,5363550,137.0,1,7
2025-12,Carulla,Bucaramanga,HAR-AVE,Harina de Avena,Avena & Harinas,1,15,13,460850,13.0,4,2
2025-12,Carulla,Bucaramanga,MER-NYR,New Year Resolution,Merch,1,37,36,4068000,36.0,3,1
2025-12,Carulla,Bucaramanga,PAN-ALM-CHO,Almendra Choco Chips,Pancakes & Waffles,1,3,2,94200,2.0,0,1
2025-12,Carulla,Bucaramanga,PAN-ALM-CHU,Almendra Churro,Pancakes & Waffles,1,63,56,2637600,56.0,3,7
2025-12,Carulla,Bucaramanga,PAN-ALM-VAN,Almendra Vainilla,Pancakes & Waffles,1,60,56,2637600,56.0,0,4
2025-12,Carulla,Bucaramanga,PAN-AVE-BAN,Avena Banano,Pancakes & Waffles,1,12,10,371500,10.0,2,2
2025-12,Carulla,Bucaramanga,PAN-AVE-BRO,Avena Brownie,Pancakes & Waffles,1,167,130,4829500,130.0,3,37
2025-12,Carulla,Bucaramanga,PAN-AVE-VAN,Avena Vainilla,Pancakes & Waffles,1,36,27,1003050,27.0,5,9
2025-12,Carulla,Cali,AVE-HOJ,Avena en Hojuelas,Avena & Harinas,4,75,67,2375150,16.75,0,8
2025-12,Carulla,Cali,COM-3GRA,Three Pack GranOLA,Combos,4,62,49,5358150,12.25,0,13
2025-12,Carulla,Cali,COM-3MEZ,Three Pack Mezclas,Combos,4,2,1,107350,0.25,0,1
2025-12,Carulla,Cali,COM-3SPR,Three Pack Spread,Combos,4,9,8,1164000,2.0,1,1
2025-12,Carulla,Cali,COM-DECK,Deck de Cartas,Combos,4,6,4,452000,1.0,7,2
2025-12,Carulla,Cali,COM-MIX,Perfect Mix & Match,Combos,4,19,18,1408500,4.5,0,1
2025-12,Carulla,Cali,COM-ROMP,Rompecabezas,Combos,4,23,19,2147000,4.75,1,4
2025-12,Carulla,Cali,COM-WAF,Mini Wafflera,Combos,4,11,11,1243000,2.75,1,0
2025-12,Carulla,Cali,ESP-BABY,Baby Spreads,Esparcibles,4,95,70,1543500,17.5,3,25
2025-12,Carulla,Cali,ESP-CIN,Golden Cinnamon Roll,Esparcibles,4,111,107,5874300,26.75,5,4
2025-12,Carulla,Cali,ESP-CRE,Creamy Cocoa Hazelnut,Esparcibles,4,84,71,3897900,17.75,1,13
2025-12,Carulla,Cali,ESP-CRU,Crunchy Cocoa Hazelnut,Esparcibles,4,36,32,1756800,8.0,5,4
2025-12,Carulla,Cali,ESP-PB,Peanutty Banana Shake,Esparcibles,4,10,9,494100,2.25,8,1
2025-12,Carulla,Cali,ESP-PIS,Buttery Pistachio Cookie,Esparcibles,4,52,44,3157000,11.0,2,8
2025-12,Carulla,Cali,GRA-CHI,Chip Cookie,GranOLAS,4,41,30,1287000,7.5,0,11
2025-12,Carulla,Cali,GRA-FUD,Fudge Cake,GranOLAS,4,48,43,1844700,10.75,1,5
2025-12,Carulla,Cali,GRA-PIS,Pistachio Cookie,GranOLAS,4,133,132,6705600,33.0,2,1
2025-12,Carulla,Cali,GRA-VAN,Vanilla Shortbread,GranOLAS,4,26,23,986700,5.75,5,3
2025-12,Carulla,Cali,HAR-ALM,Harina de Almendra,Avena & Harinas,4,74,55,2153250,13.75,2,19
2025-12,Carulla,Cali,HAR-AVE,Harina de Avena,Avena & Harinas,4,164,150,5317500,37.5,2,14
2025-12,Carulla,Cali,MER-NYR,New Year Resolution,Merch,4,7,5,565000,1.25,2,2
2025-12,Carulla,Cali,PAN-ALM-CHO,Almendra Choco Chips,Pancakes & Waffles,4,3,2,94200,0.5,4,1
2025-12,Carulla,Cali,PAN-ALM-CHU,Almendra Churro,Pancakes & Waffles,4,40,39,1836900,9.75,5,1
2025-12,Carulla,Cali,PAN-ALM-VAN,Almendra Vainilla,Pancakes & Waffles,4,45,33,1554300,8.25,3,12
2025-12,Carulla,Cali,PAN-AVE-BAN,Avena Banano,Pancakes & Waffles,4,64,61,2266150,15.25,1,3
2025-12,Carulla,Cali,PAN-AVE-BRO,Avena Brownie,Pancakes & Waffles,4,350,314,11665100,78.5,1,36
2025-12,Carulla,Cali,PAN-AVE-VAN,Avena Vainilla,Pancakes & Waffles,4,156,120,4458000,30.0,5,36
2025-12,Carulla,Cartagena,COM-3GRA,Three Pack GranOLA,Combos,2,107,78,8529300,39.0,0,29
2025-12,Carulla,Cartagena,COM-3MEZ,Three Pack Mezclas,Combos,2,6,4,429400,2.0,0,2
2025-12,Carulla,Cartagena,COM-3SPR,Three Pack Spread,Combos,2,7,6,873000,3.0,0,1
2025-12,Carulla,Cartagena,COM-MIX,Perfect Mix & Match,Combos,2,66,48,3756000,24.0,0,18
2025-12,Carulla,Cartagena,COM-WAF,Mini Wafflera,Combos,2,8,6,678000,3.0,4,2
2025-12,Carulla,Cartagena,ESP-BABY,Baby Spreads,Esparcibles,2,89,69,1521450,34.5,1,20
2025-12,Carulla,Cartagena,ESP-CRU,Crunchy Cocoa Hazelnut,Esparcibles,2,6,5,274500,2.5,8,1
2025-12,Carulla,Cartagena,GRA-FUD,Fudge Cake,GranOLAS,2,164,136,5834400,68.0,1,28
2025-12,Carulla,Cartagena,GRA-PIS,Pistachio Cookie,GranOLAS,2,3,2,101600,1.0,1,1
2025-12,Carulla,Cartagena,GRA-VAN,Vanilla Shortbread,GranOLAS,2,41,38,1630200,19.0,5,3
2025-12,Carulla,Cartagena,HAR-AVE,Harina de Avena,Avena & Harinas,2,127,108,3828600,54.0,0,19
2025-12,Carulla,Cartagena,PAN-ALM-CHO,Almendra Choco Chips,Pancakes & Waffles,2,36,33,1554300,16.5,5,3
2025-12,Carulla,Cartagena,PAN-ALM-VAN,Almendra Vainilla,Pancakes & Waffles,2,20,14,659400,7.0,6,6
2025-12,Carulla,Cartagena,PAN-AVE-VAN,Avena Vainilla,Pancakes & Waffles,2,268,219,8135850,109.5,1,49
2025-12,Carulla,Manizales,COM-3MEZ,Three Pack Mezclas,Combos,1,20,17,1824950,17.0,1,3
2025-12,Carulla,Manizales,COM-MIX,Perfect Mix & Match,Combos,1,4,3,234750,3.0,2,1
2025-12,Carulla,Manizales,COM-ROMP,Rompecabezas,Combos,1,2,1,113000,1.0,0,1
2025-12,Carulla,Manizales,COM-WAF,Mini Wafflera,Combos,1,12,12,1356000,12.0,3,0
2025-12,Carulla,Manizales,ESP-BABY,Baby Spreads,Esparcibles,1,35,32,705600,32.0,4,3
2025-12,Carulla,Manizales,ESP-CRE,Creamy Cocoa Hazelnut,Esparcibles,1,15,13,713700,13.0,0,2
2025-12,Carulla,Manizales,ESP-PB,Peanutty Banana Shake,Esparcibles,1,13,9,494100,9.0,2,4
2025-12,Carulla,Manizales,HAR-AVE,Harina de Avena,Avena & Harinas,1,36,34,1205300,34.0,1,2
2025-12,Carulla,Manizales,PAN-AVE-VAN,Avena Vainilla,Pancakes & Waffles,1,28,28,1040200,28.0,1,0
2025-12,Carulla,Medellín,AVE-HOJ,Avena en Hojuelas,Avena & Harinas,5,129,100,3545000,20.0,1,29
2025-12,Carulla,Medellín,COM-3GRA,Three Pack GranOLA,Combos,5,26,23,2515050,4.6,5,3
2025-12,Carulla,Medellín,COM-3MEZ,Three Pack Mezclas,Combos,5,21,20,2147000,4.0,0,1
2025-12,Carulla,Medellín,COM-3SPR,Three Pack Spread,Combos,5,17,13,1891500,2.6,1,4
2025-12,Carulla,Medellín,COM-DECK,Deck de Cartas,Combos,5,21,16,1808000,3.2,5,5
2025-12,Carulla,Medellín,COM-MIX,Perfect Mix & Match,Combos,5,30,26,2034500,5.2,4,4
2025-12,Carulla,Medellín,COM-ROMP,Rompecabezas,Combos,5,13,11,1243000,2.2,3,2
2025-12,Carulla,Medellín,COM-WAF,Mini Wafflera,Combos,5,37,33,3729000,6.6,5,4
2025-12,Carulla,Medellín,ESP-BABY,Baby Spreads,Esparcibles,5,175,126,2778300,25.2,1,49
2025-12,Carulla,Medellín,ESP-CIN,Golden Cinnamon Roll,Esparcibles,5,32,26,1427400,5.2,4,6
2025-12,Carulla,Medellín,ESP-CRE,Creamy Cocoa Hazelnut,Esparcibles,5,45,42,2305800,8.4,0,3
2025-12,Carulla,Medellín,ESP-CRU,Crunchy Cocoa Hazelnut,Esparcibles,5,19,15,823500,3.0,0,4
2025-12,Carulla,Medellín,ESP-PB,Peanutty Banana Shake,Esparcibles,5,43,36,1976400,7.2,2,7
2025-12,Carulla,Medellín,ESP-PIS,Buttery Pistachio Cookie,Esparcibles,5,34,24,1722000,4.8,7,10
2025-12,Carulla,Medellín,GRA-CHI,Chip Cookie,GranOLAS,5,44,37,1587300,7.4,3,7
2025-12,Carulla,Medellín,GRA-FUD,Fudge Cake,GranOLAS,5,54,50,2145000,10.0,2,4
2025-12,Carulla,Medellín,GRA-PIS,Pistachio Cookie,GranOLAS,5,58,52,2641600,10.4,3,6
2025-12,Carulla,Medellín,GRA-VAN,Vanilla Shortbread,GranOLAS,5,28,27,1158300,5.4,0,1
2025-12,Carulla,Medellín,HAR-ALM,Harina de Almendra,Avena & Harinas,5,44,35,1370250,7.0,2,9
2025-12,Carulla,Medellín,HAR-AVE,Harina de Avena,Avena & Harinas,5,28,26,921700,5.2,2,2
2025-12,Carulla,Medellín,MER-NYR,New Year Resolution,Merch,5,18,14,1582000,2.8,4,4
2025-12,Carulla,Medellín,PAN-ALM-CHO,Almendra Choco Chips,Pancakes & Waffles,5,2,1,47100,0.2,2,1
2025-12,Carulla,Medellín,PAN-ALM-CHU,Almendra Churro,Pancakes & Waffles,5,89,74,3485400,14.8,1,15
2025-12,Carulla,Medellín,PAN-ALM-VAN,Almendra Vainilla,Pancakes & Waffles,5,26,22,1036200,4.4,2,4
2025-12,Carulla,Medellín,PAN-AVE-BAN,Avena Banano,Pancakes & Waffles,5,56,50,1857500,10.0,4,6
2025-12,Carulla,Medellín,PAN-AVE-BRO,Avena Brownie,Pancakes & Waffles,5,35,27,1003050,5.4,1,8
2025-12,Carulla,Medellín,PAN-AVE-VAN,Avena Vainilla,Pancakes & Waffles,5,74,61,2266150,12.2,7,13
2025-12,Carulla,Pereira,AVE-HOJ,Avena en Hojuelas,Avena & Harinas,1,22,18,638100,18.0,5,4
2025-12,Carulla,Pereira,COM-3GRA,Three Pack GranOLA,Combos,1,3,2,218700,2.0,5,1
2025-12,Carulla,Pereira,COM-3MEZ,Three Pack Mezclas,Combos,1,10,8,858800,8.0,5,2
2025-12,Carulla,Pereira,COM-3SPR,Three Pack Spread,Combos,1,3,2,291000,2.0,0,1
2025-12,Carulla,Pereira,COM-DECK,Deck de Cartas,Combos,1,26,25,2825000,25.0,5,1
2025-12,Carulla,Pereira,COM-MIX,Perfect Mix & Match,Combos,1,37,27,2112750,27.0,1,10
2025-12,Carulla,Pereira,COM-ROMP,Rompecabezas,Combos,1,16,14,1582000,14.0,3,2
2025-12,Carulla,Pereira,COM-WAF,Mini Wafflera,Combos,1,3,2,226000,2.0,3,1
2025-12,Carulla,Pereira,ESP-BABY,Baby Spreads,Esparcibles,1,40,35,771750,35.0,3,5
2025-12,Carulla,Pereira,ESP-CRE,Creamy Cocoa Hazelnut,Esparcibles,1,49,37,2031300,37.0,2,12
2025-12,Carulla,Pereira,ESP-CRU,Crunchy Cocoa Hazelnut,Esparcibles,1,2,1,54900,1.0,4,1
2025-12,Carulla,Pereira,ESP-PB,Peanutty Banana Shake,Esparcibles,1,16,14,768600,14.0,4,2
2025-12,Carulla,Pereira,ESP-PIS,Buttery Pistachio Cookie,Esparcibles,1,8,6,430500,6.0,6,2
2025-12,Carulla,Pereira,GRA-FUD,Fudge Cake,GranOLAS,1,95,96,4118400,96.0,10,0
2025-12,Carulla,Pereira,GRA-VAN,Vanilla Shortbread,GranOLAS,1,64,54,2316600,54.0,4,10
2025-12,Carulla,Pereira,HAR-ALM,Harina de Almendra,Avena & Harinas,1,78,76,2975400,76.0,2,2
2025-12,Carulla,Pereira,HAR-AVE,Harina de Avena,Avena & Harinas,1,131,126,4466700,126.0,1,5
2025-12,Carulla,Pereira,PAN-ALM-CHO,Almendra Choco Chips,Pancakes & Waffles,1,76,60,2826000,60.0,0,16
2025-12,Carulla,Pereira,PAN-ALM-VAN,Almendra Vainilla,Pancakes & Waffles,1,28,21,989100,21.0,1,7
2025-12,Carulla,Pereira,PAN-AVE-BAN,Avena Banano,Pancakes & Waffles,1,81,59,2191850,59.0,2,22
2025-12,Carulla,Pereira,PAN-AVE-BRO,Avena Brownie,Pancakes & Waffles,1,22,19,705850,19.0,5,3
2025-12,Carulla,Pereira,PAN-AVE-VAN,Avena Vainilla,Pancakes & Waffles,1,36,26,965900,26.0,5,10
2025-12,Fithub,Barranquilla,AVE-HOJ,Avena en Hojuelas,Avena & Harinas,2,22,21,809550,10.5,4,1
2025-12,Fithub,Barranquilla,COM-3GRA,Three Pack GranOLA,Combos,2,8,6,714300,3.0,2,2
2025-12,Fithub,Barranquilla,COM-3MEZ,Three Pack Mezclas,Combos,2,3,2,233700,1.0,2,1
2025-12,Fithub,Barranquilla,COM-3SPR,Three Pack Spread,Combos,2,25,19,3009600,9.5,7,6
2025-12,Fithub,Barranquilla,COM-DECK,Deck de Cartas,Combos,2,4,3,369000,1.5,5,1
2025-12,Fithub,Barranquilla,COM-MIX,Perfect Mix & Match,Combos,2,16,14,1192800,7.0,0,2
2025-12,Fithub,Barranquilla,COM-ROMP,Rompecabezas,Combos,2,10,10,1230000,5.0,1,0
2025-12,Fithub,Barranquilla,COM-WAF,Mini Wafflera,Combos,2,15,12,1476000,6.0,11,3
2025-12,Fithub,Barranquilla,ESP-BABY,Baby Spreads,Esparcibles,2,17,15,360000,7.5,0,2
2025-12,Fithub,Barranquilla,ESP-CIN,Golden Cinnamon Roll,Esparcibles,2,8,6,358500,3.0,0,2
2025-12,Fithub,Barranquilla,ESP-CRE,Creamy Cocoa Hazelnut,Esparcibles,2,30,23,1374250,11.5,0,7
2025-12,Fithub,Barranquilla,ESP-CRU,Crunchy Cocoa Hazelnut,Esparcibles,2,55,54,3226500,27.0,0,1
2025-12,Fithub,Barranquilla,ESP-PB,Peanutty Banana Shake,Esparcibles,2,8,6,358500,3.0,4,2
2025-12,Fithub,Barranquilla,ESP-PIS,Buttery Pistachio Cookie,Esparcibles,2,15,13,1015300,6.5,2,2
2025-12,Fithub,Barranquilla,GRA-CHI,Chip Cookie,GranOLAS,2,22,21,980700,10.5,5,1
2025-12,Fithub,Barranquilla,GRA-VAN,Vanilla Shortbread,GranOLAS,2,90,81,3782700,40.5,0,9
2025-12,Fithub,Barranquilla,HAR-ALM,Harina de Almendra,Avena & Harinas,2,10,9,383400,4.5,5,1
2025-12,Fithub,Barranquilla,HAR-AVE,Harina de Avena,Avena & Harinas,2,21,17,655350,8.5,4,4
2025-12,Fithub,Barranquilla,PAN-ALM-CHU,Almendra Churro,Pancakes & Waffles,2,3,2,102600,1.0,5,1
2025-12,Fithub,Barranquilla,PAN-ALM-VAN,Almendra Vainilla,Pancakes & Waffles,2,23,17,872100,8.5,0,6
2025-12,Fithub,Barranquilla,PAN-AVE-BAN,Avena Banano,Pancakes & Waffles,2,57,42,1698900,21.0,1,15
2025-12,Fithub,Barranquilla,PAN-AVE-BRO,Avena Brownie,Pancakes & Waffles,2,8,8,323600,4.0,2,0
2025-12,Fithub,Bogotá,AVE-HOJ,Avena en Hojuelas,Avena & Harinas,3,156,142,5474100,47.33,2,14
2025-12,Fithub,Bogotá,COM-3GRA,Three Pack GranOLA,Combos,3,48,45,5357250,15.0,0,3
2025-12,Fithub,Bogotá,COM-3MEZ,Three Pack Mezclas,Combos,3,41,41,4790850,13.67,2,0
2025-12,Fithub,Bogotá,COM-3SPR,Three Pack Spread,Combos,3,22,22,3484800,7.33,0,0
2025-12,Fithub,Bogotá,COM-DECK,Deck de Cartas,Combos,3,60,55,6765000,18.33,0,5
2025-12,Fithub,Bogotá,COM-MIX,Perfect Mix & Match,Combos,3,56,41,3493200,13.67,6,15
2025-12,Fithub,Bogotá,COM-ROMP,Rompecabezas,Combos,3,23,17,2091000,5.67,0,6
2025-12,Fithub,Bogotá,COM-WAF,Mini Wafflera,Combos,3,20,19,2337000,6.33,3,1
2025-12,Fithub,Bogotá,ESP-BABY,Baby Spreads,Esparcibles,3,294,288,6912000,96.0,2,6
2025-12,Fithub,Bogotá,ESP-CIN,Golden Cinnamon Roll,Esparcibles,3,59,53,3166750,17.67,0,6
2025-12,Fithub,Bogotá,ESP-CRE,Creamy Cocoa Hazelnut,Esparcibles,3,73,68,4063000,22.67,5,5
2025-12,Fithub,Bogotá,ESP-CRU,Crunchy Cocoa Hazelnut,Esparcibles,3,119,98,5855500,32.67,2,21
2025-12,Fithub,Bogotá,ESP-PB,Peanutty Banana Shake,Esparcibles,3,41,41,2449750,13.67,1,0
2025-12,Fithub,Bogotá,ESP-PIS,Buttery Pistachio Cookie,Esparcibles,3,49,39,3045900,13.0,0,10
2025-12,Fithub,Bogotá,GRA-CHI,Chip Cookie,GranOLAS,3,41,33,1541100,11.0,3,8
2025-12,Fithub,Bogotá,GRA-FUD,Fudge Cake,GranOLAS,3,66,64,2988800,21.33,5,2
2025-12,Fithub,Bogotá,GRA-PIS,Pistachio Cookie,GranOLAS,3,63,47,2599100,15.67,3,16
2025-12,Fithub,Bogotá,GRA-VAN,Vanilla Shortbread,GranOLAS,3,73,58,2708600,19.33,1,15
2025-12,Fithub,Bogotá,HAR-ALM,Harina de Almendra,Avena & Harinas,3,62,52,2215200,17.33,5,10
2025-12,Fithub,Bogotá,HAR-AVE,Harina de Avena,Avena & Harinas,3,96,84,3238200,28.0,1,12
2025-12,Fithub,Bogotá,MER-NYR,New Year Resolution,Merch,3,37,28,3444000,9.33,0,9
2025-12,Fithub,Bogotá,PAN-ALM-CHO,Almendra Choco Chips,Pancakes & Waffles,3,96,79,4052700,26.33,3,17
2025-12,Fithub,Bogotá,PAN-ALM-CHU,Almendra Churro,Pancakes & Waffles,3,32,25,1282500,8.33,2,7
2025-12,Fithub,Bogotá,PAN-ALM-VAN,Almendra Vainilla,Pancakes & Waffles,3,30,27,1385100,9.0,3,3
2025-12,Fithub,Bogotá,PAN-AVE-BAN,Avena Banano,Pancakes & Waffles,3,177,166,6714700,55.33,0,11
2025-12,Fithub,Bogotá,PAN-AVE-BRO,Avena Brownie,Pancakes & Waffles,3,96,79,3195550,26.33,0,17
2025-12,Fithub,Bogotá,PAN-AVE-VAN,Avena Vainilla,Pancakes & Waffles,3,72,67,2710150,22.33,3,5
2025-12,Fithub,Bucaramanga,COM-3MEZ,Three Pack Mezclas,Combos,3,2,1,116850,0.33,3,1
2025-12,Fithub,Bucaramanga,COM-3SPR,Three Pack Spread,Combos,3,6,5,792000,1.67,0,1
2025-12,Fithub,Bucaramanga,COM-MIX,Perfect Mix & Match,Combos,3,9,8,681600,2.67,1,1
2025-12,Fithub,Bucaramanga,COM-ROMP,Rompecabezas,Combos,3,8,7,861000,2.33,3,1
2025-12,Fithub,Bucaramanga,COM-WAF,Mini Wafflera,Combos,3,6,4,492000,1.33,3,2
2025-12,Fithub,Bucaramanga,ESP-CIN,Golden Cinnamon Roll,Esparcibles,3,1,1,59750,0.33,6,0
2025-12,Fithub,Bucaramanga,ESP-CRE,Creamy Cocoa Hazelnut,Esparcibles,3,1,0,0,0.0,2,1
2025-12,Fithub,Bucaramanga,ESP-PIS,Buttery Pistachio Cookie,Esparcibles,3,3,2,156200,0.67,4,1
2025-12,Fithub,Bucaramanga,GRA-CHI,Chip Cookie,GranOLAS,3,22,20,934000,6.67,5,2
2025-12,Fithub,Bucaramanga,GRA-FUD,Fudge Cake,GranOLAS,3,8,6,280200,2.0,0,2
2025-12,Fithub,Bucaramanga,GRA-PIS,Pistachio Cookie,GranOLAS,3,5,3,165900,1.0,1,2
2025-12,Fithub,Bucaramanga,GRA-VAN,Vanilla Shortbread,GranOLAS,3,22,18,840600,6.0,5,4
2025-12,Fithub,Bucaramanga,HAR-AVE,Harina de Avena,Avena & Harinas,3,10,10,385500,3.33,4,0
2025-12,Fithub,Bucaramanga,MER-NYR,New Year Resolution,Merch,3,5,3,369000,1.0,3,2
2025-12,Fithub,Bucaramanga,PAN-ALM-CHO,Almendra Choco Chips,Pancakes & Waffles,3,1,0,0,0.0,2,1
2025-12,Fithub,Bucaramanga,PAN-ALM-CHU,Almendra Churro,Pancakes & Waffles,3,24,23,1179900,7.67,5,1
2025-12,Fithub,Bucaramanga,PAN-ALM-VAN,Almendra Vainilla,Pancakes & Waffles,3,11,10,513000,3.33,3,1
2025-12,Fithub,Bucaramanga,PAN-AVE-BRO,Avena Brownie,Pancakes & Waffles,3,6,5,202250,1.67,1,1
2025-12,Fithub,Cali,COM-3GRA,Three Pack GranOLA,Combos,2,20,14,1666700,7.0,0,6
2025-12,Fithub,Cali,COM-3MEZ,Three Pack Mezclas,Combos,2,21,17,1986450,8.5,4,4
2025-12,Fithub,Cali,COM-DECK,Deck de Cartas,Combos,2,24,23,2829000,11.5,2,1
2025-12,Fithub,Cali,COM-MIX,Perfect Mix & Match,Combos,2,19,16,1363200,8.0,2,3
2025-12,Fithub,Cali,COM-ROMP,Rompecabezas,Combos,2,17,13,1599000,6.5,3,4
2025-12,Fithub,Cali,ESP-BABY,Baby Spreads,Esparcibles,2,117,115,2760000,57.5,1,2
2025-12,Fithub,Cali,ESP-CIN,Golden Cinnamon Roll,Esparcibles,2,30,26,1553500,13.0,3,4
2025-12,Fithub,Cali,ESP-CRE,Creamy Cocoa Hazelnut,Esparcibles,2,9,7,418250,3.5,0,2
2025-12,Fithub,Cali,ESP-CRU,Crunchy Cocoa Hazelnut,Esparcibles,2,33,29,1732750,14.5,1,4
2025-12,Fithub,Cali,ESP-PB,Peanutty Banana Shake,Esparcibles,2,7,7,418250,3.5,4,0
2025-12,Fithub,Cali,ESP-PIS,Buttery Pistachio Cookie,Esparcibles,2,34,32,2499200,16.0,4,2
2025-12,Fithub,Cali,GRA-CHI,Chip Cookie,GranOLAS,2,15,12,560400,6.0,0,3
2025-12,Fithub,Cali,GRA-FUD,Fudge Cake,GranOLAS,2,30,23,1074100,11.5,0,7
2025-12,Fithub,Cali,GRA-PIS,Pistachio Cookie,GranOLAS,2,10,7,387100,3.5,6,3
2025-12,Fithub,Cali,GRA-VAN,Vanilla Shortbread,GranOLAS,2,32,26,1214200,13.0,0,6
2025-12,Fithub,Cali,HAR-ALM,Harina de Almendra,Avena & Harinas,2,30,25,1065000,12.5,2,5
2025-12,Fithub,Cali,PAN-ALM-CHO,Almendra Choco Chips,Pancakes & Waffles,2,24,18,923400,9.0,0,6
2025-12,Fithub,Cali,PAN-ALM-CHU,Almendra Churro,Pancakes & Waffles,2,11,9,461700,4.5,5,2
2025-12,Fithub,Cali,PAN-ALM-VAN,Almendra Vainilla,Pancakes & Waffles,2,13,11,564300,5.5,5,2
2025-12,Fithub,Cali,PAN-AVE-BAN,Avena Banano,Pancakes & Waffles,2,82,60,2427000,30.0,5,22
2025-12,Fithub,Cali,PAN-AVE-BRO,Avena Brownie,Pancakes & Waffles,2,73,60,2427000,30.0,3,13
2025-12,Fithub,Cali,PAN-AVE-VAN,Avena Vainilla,Pancakes & Waffles,2,25,18,728100,9.0,0,7
2025-12,Fithub,Cartagena,AVE-HOJ,Avena en Hojuelas,Avena & Harinas,1,17,16,616800,16.0,0,1
2025-12,Fithub,Cartagena,COM-3MEZ,Three Pack Mezclas,Combos,1,1,0,0,0.0,10,1
2025-12,Fithub,Cartagena,COM-3SPR,Three Pack Spread,Combos,1,16,13,2059200,13.0,0,3
2025-12,Fithub,Cartagena,GRA-CHI,Chip Cookie,GranOLAS,1,12,11,513700,11.0,4,1
2025-12,Fithub,Cartagena,GRA-VAN,Vanilla Shortbread,GranOLAS,1,14,11,513700,11.0,3,3
2025-12,Fithub,Cartagena,HAR-AVE,Harina de Avena,Avena & Harinas,1,66,60,2313000,60.0,3,6
2025-12,Fithub,Cartagena,PAN-ALM-CHO,Almendra Choco Chips,Pancakes & Waffles,1,13,11,564300,11.0,2,2
2025-12,Fithub,Cartagena,PAN-ALM-CHU,Almendra Churro,Pancakes & Waffles,1,11,9,461700,9.0,0,2
2025-12,Fithub,Cartagena,PAN-ALM-VAN,Almendra Vainilla,Pancakes & Waffles,1,71,51,2616300,51.0,0,20
2025-12,Fithub,Manizales,COM-3GRA,Three Pack GranOLA,Combos,1,13,10,1190500,10.0,0,3
2025-12,Fithub,Manizales,COM-3MEZ,Three Pack Mezclas,Combos,1,23,22,2570700,22.0,4,1
2025-12,Fithub,Manizales,COM-3SPR,Three Pack Spread,Combos,1,2,1,158400,1.0,10,1
2025-12,Fithub,Manizales,ESP-PB,Peanutty Banana Shake,Esparcibles,1,16,15,896250,15.0,3,1
2025-12,Fithub,Manizales,ESP-PIS,Buttery Pistachio Cookie,Esparcibles,1,16,14,1093400,14.0,4,2
2025-12,Fithub,Manizales,HAR-AVE,Harina de Avena,Avena & Harinas,1,34,27,1040850,27.0,1,7
2025-12,Fithub,Manizales,MER-NYR,New Year Resolution,Merch,1,8,5,615000,5.0,1,3
2025-12,Fithub,Manizales,PAN-ALM-VAN,Almendra Vainilla,Pancakes & Waffles,1,17,16,820800,16.0,3,1
2025-12,Fithub,Medellín,AVE-HOJ,Avena en Hojuelas,Avena & Harinas,4,5,4,154200,1.0,4,1
2025-12,Fithub,Medellín,COM-3GRA,Three Pack GranOLA,Combos,4,16,13,1547650,3.25,7,3
2025-12,Fithub,Medellín,COM-3MEZ,Three Pack Mezclas,Combos,4,17,13,1519050,3.25,5,4
2025-12,Fithub,Medellín,COM-3SPR,Three Pack Spread,Combos,4,12,11,1742400,2.75,3,1
2025-12,Fithub,Medellín,COM-DECK,Deck de Cartas,Combos,4,16,13,1599000,3.25,0,3
2025-12,Fithub,Medellín,COM-MIX,Perfect Mix & Match,Combos,4,7,6,511200,1.5,3,1
2025-12,Fithub,Medellín,COM-ROMP,Rompecabezas,Combos,4,13,12,1476000,3.0,0,1
2025-12,Fithub,Medellín,COM-WAF,Mini Wafflera,Combos,4,7,5,615000,1.25,0,2
2025-12,Fithub,Medellín,ESP-BABY,Baby Spreads,Esparcibles,4,150,122,2928000,30.5,2,28
2025-12,Fithub,Medellín,ESP-CIN,Golden Cinnamon Roll,Esparcibles,4,30,28,1673000,7.0,1,2
2025-12,Fithub,Medellín,ESP-CRE,Creamy Cocoa Hazelnut,Esparcibles,4,39,28,1673000,7.0,0,11
2025-12,Fithub,Medellín,ESP-CRU,Crunchy Cocoa Hazelnut,Esparcibles,4,32,26,1553500,6.5,0,6
2025-12,Fithub,Medellín,ESP-PB,Peanutty Banana Shake,Esparcibles,4,9,6,358500,1.5,2,3
2025-12,Fithub,Medellín,GRA-CHI,Chip Cookie,GranOLAS,4,14,12,560400,3.0,7,2
2025-12,Fithub,Medellín,GRA-VAN,Vanilla Shortbread,GranOLAS,4,32,28,1307600,7.0,9,4
2025-12,Fithub,Medellín,HAR-ALM,Harina de Almendra,Avena & Harinas,4,3,2,85200,0.5,1,1
2025-12,Fithub,Medellín,HAR-AVE,Harina de Avena,Avena & Harinas,4,25,24,925200,6.0,0,1
2025-12,Fithub,Medellín,MER-NYR,New Year Resolution,Merch,4,3,2,246000,0.5,0,1
2025-12,Fithub,Medellín,PAN-ALM-CHO,Almendra Choco Chips,Pancakes & Waffles,4,33,28,1436400,7.0,0,5
2025-12,Fithub,Medellín,PAN-ALM-CHU,Almendra Churro,Pancakes & Waffles,4,26,19,974700,4.75,1,7
2025-12,Fithub,Medellín,PAN-ALM-VAN,Almendra Vainilla,Pancakes & Waffles,4,19,18,923400,4.5,5,1
2025-12,Fithub,Medellín,PAN-AVE-VAN,Avena Vainilla,Pancakes & Waffles,4,75,73,2952850,18.25,0,2
2025-12,Fithub,Pereira,COM-3MEZ,Three Pack Mezclas,Combos,1,10,8,934800,8.0,3,2
2025-12,Fithub,Pereira,COM-3SPR,Three Pack Spread,Combos,1,3,2,316800,2.0,3,1
2025-12,Fithub,Pereira,COM-MIX,Perfect Mix & Match,Combos,1,7,5,426000,5.0,5,2
2025-12,Fithub,Pereira,COM-ROMP,Rompecabezas,Combos,1,1,0,0,0.0,0,1
2025-12,Fithub,Pereira,ESP-BABY,Baby Spreads,Esparcibles,1,35,28,672000,28.0,2,7
2025-12,Fithub,Pereira,ESP-CIN,Golden Cinnamon Roll,Esparcibles,1,4,3,179250,3.0,5,1
2025-12,Fithub,Pereira,ESP-CRU,Crunchy Cocoa Hazelnut,Esparcibles,1,27,27,1613250,27.0,0,0
2025-12,Fithub,Pereira,ESP-PB,Peanutty Banana Shake,Esparcibles,1,21,15,896250,15.0,0,6
2025-12,Fithub,Pereira,GRA-FUD,Fudge Cake,GranOLAS,1,8,5,233500,5.0,0,3
2025-12,Fithub,Pereira,HAR-ALM,Harina de Almendra,Avena & Harinas,1,26,25,1065000,25.0,3,1
2025-12,Fithub,Pereira,HAR-AVE,Harina de Avena,Avena & Harinas,1,31,30,1156500,30.0,0,1
2025-12,Fithub,Pereira,PAN-AVE-VAN,Avena Vainilla,Pancakes & Waffles,1,33,25,1011250,25.0,0,8
2025-12,Tiendas naturistas,Barranquilla,AVE-HOJ,Avena en Hojuelas,Avena & Harinas,2,39,34,1258000,17.0,5,5
2025-12,Tiendas naturistas,Barranquilla,COM-3GRA,Three Pack GranOLA,Combos,2,24,19,2169800,9.5,0,5
2025-12,Tiendas naturistas,Barranquilla,COM-3MEZ,Three Pack Mezclas,Combos,2,4,3,336300,1.5,5,1
2025-12,Tiendas naturistas,Barranquilla,COM-3SPR,Three Pack Spread,Combos,2,1,0,0,0.0,0,1
2025-12,Tiendas naturistas,Barranquilla,COM-DECK,Deck de Cartas,Combos,2,1,0,0,0.0,0,1
2025-12,Tiendas naturistas,Barranquilla,COM-MIX,Perfect Mix & Match,Combos,2,8,5,408500,2.5,4,3
2025-12,Tiendas naturistas,Barranquilla,COM-ROMP,Rompecabezas,Combos,2,12,10,1180000,5.0,3,2
2025-12,Tiendas naturistas,Barranquilla,COM-WAF,Mini Wafflera,Combos,2,3,2,236000,1.0,6,1
2025-12,Tiendas naturistas,Barranquilla,ESP-BABY,Baby Spreads,Esparcibles,2,52,52,1196000,26.0,3,0
2025-12,Tiendas naturistas,Barranquilla,ESP-CRE,Creamy Cocoa Hazelnut,Esparcibles,2,33,31,1777850,15.5,7,2
2025-12,Tiendas naturistas,Barranquilla,ESP-CRU,Crunchy Cocoa Hazelnut,Esparcibles,2,32,31,1777850,15.5,0,1
2025-12,Tiendas naturistas,Barranquilla,ESP-PB,Peanutty Banana Shake,Esparcibles,2,20,16,917600,8.0,1,4
2025-12,Tiendas naturistas,Barranquilla,ESP-PIS,Buttery Pistachio Cookie,Esparcibles,2,12,9,674550,4.5,5,3
2025-12,Tiendas naturistas,Barranquilla,GRA-CHI,Chip Cookie,GranOLAS,2,16,15,672000,7.5,6,1
2025-12,Tiendas naturistas,Barranquilla,GRA-PIS,Pistachio Cookie,GranOLAS,2,54,48,2546400,24.0,4,6
2025-12,Tiendas naturistas,Barranquilla,GRA-VAN,Vanilla Shortbread,GranOLAS,2,69,66,2956800,33.0,0,3
2025-12,Tiendas naturistas,Barranquilla,HAR-ALM,Harina de Almendra,Avena & Harinas,2,77,77,3149300,38.5,4,0
2025-12,Tiendas naturistas,Barranquilla,MER-NYR,New Year Resolution,Merch,2,2,1,118000,0.5,4,1
2025-12,Tiendas naturistas,Barranquilla,PAN-ALM-CHU,Almendra Churro,Pancakes & Waffles,2,47,36,1771200,18.0,2,11
2025-12,Tiendas naturistas,Barranquilla,PAN-ALM-VAN,Almendra Vainilla,Pancakes & Waffles,2,7,6,295200,3.0,3,1
2025-12,Tiendas naturistas,Barranquilla,PAN-AVE-BAN,Avena Banano,Pancakes & Waffles,2,13,9,349200,4.5,1,4
2025-12,Tiendas naturistas,Barranquilla,PAN-AVE-BRO,Avena Brownie,Pancakes & Waffles,2,52,47,1823600,23.5,2,5
2025-12,Tiendas naturistas,Barranquilla,PAN-AVE-VAN,Avena Vainilla,Pancakes & Waffles,2,2,1,38800,0.5,0,1
2025-12,Tiendas naturistas,Bogotá,AVE-HOJ,Avena en Hojuelas,Avena & Harinas,31,111,112,4144000,3.61,0,0
2025-12,Tiendas naturistas,Bogotá,COM-3GRA,Three Pack GranOLA,Combos,31,17,12,1370400,0.39,3,5
2025-12,Tiendas naturistas,Bogotá,COM-3MEZ,Three Pack Mezclas,Combos,31,14,13,1457300,0.42,4,1
2025-12,Tiendas naturistas,Bogotá,COM-3SPR,Three Pack Spread,Combos,31,48,36,5470200,1.16,0,12
2025-12,Tiendas naturistas,Bogotá,COM-DECK,Deck de Cartas,Combos,31,15,13,1534000,0.42,2,2
2025-12,Tiendas naturistas,Bogotá,COM-MIX,Perfect Mix & Match,Combos,31,28,27,2205900,0.87,1,1
2025-12,Tiendas naturistas,Bogotá,COM-ROMP,Rompecabezas,Combos,31,99,99,11682000,3.19,1,0
2025-12,Tiendas naturistas,Bogotá,COM-WAF,Mini Wafflera,Combos,31,33,25,2950000,0.81,3,8
2025-12,Tiendas naturistas,Bogotá,ESP-BABY,Baby Spreads,Esparcibles,31,57,51,1173000,1.65,4,6
2025-12,Tiendas naturistas,Bogotá,ESP-CIN,Golden Cinnamon Roll,Esparcibles,31,48,48,2752800,1.55,2,0
2025-12,Tiendas naturistas,Bogotá,ESP-CRE,Creamy Cocoa Hazelnut,Esparcibles,31,130,108,6193800,3.48,2,22
2025-12,Tiendas naturistas,Bogotá,ESP-CRU,Crunchy Cocoa Hazelnut,Esparcibles,31,25,24,1376400,0.77,5,1
2025-12,Tiendas naturistas,Bogotá,ESP-PB,Peanutty Banana Shake,Esparcibles,31,15,14,802900,0.45,4,1
2025-12,Tiendas naturistas,Bogotá,ESP-PIS,Buttery Pistachio Cookie,Esparcibles,31,24,22,1648900,0.71,7,2
2025-12,Tiendas naturistas,Bogotá,GRA-CHI,Chip Cookie,GranOLAS,31,45,34,1523200,1.1,3,11
2025-12,Tiendas naturistas,Bogotá,GRA-FUD,Fudge Cake,GranOLAS,31,46,41,1836800,1.32,5,5
2025-12,Tiendas naturistas,Bogotá,GRA-PIS,Pistachio Cookie,GranOLAS,31,215,208,11034400,6.71,0,7
2025-12,Tiendas naturistas,Bogotá,GRA-VAN,Vanilla Shortbread,GranOLAS,31,115,86,3852800,2.77,0,29
2025-12,Tiendas naturistas,Bogotá,HAR-ALM,Harina de Almendra,Avena & Harinas,31,90,78,3190200,2.52,3,12
2025-12,Tiendas naturistas,Bogotá,HAR-AVE,Harina de Avena,Avena & Harinas,31,71,57,2109000,1.84,0,14
2025-12,Tiendas naturistas,Bogotá,MER-NYR,New Year Resolution,Merch,31,26,24,2832000,0.77,0,2
2025-12,Tiendas naturistas,Bogotá,PAN-ALM-CHO,Almendra Choco Chips,Pancakes & Waffles,31,42,42,2066400,1.35,7,0
2025-12,Tiendas naturistas,Bogotá,PAN-ALM-CHU,Almendra Churro,Pancakes & Waffles,31,85,69,3394800,2.23,0,16
2025-12,Tiendas naturistas,Bogotá,PAN-ALM-VAN,Almendra Vainilla,Pancakes & Waffles,31,42,31,1525200,1.0,4,11
2025-12,Tiendas naturistas,Bogotá,PAN-AVE-BAN,Avena Banano,Pancakes & Waffles,31,52,50,1940000,1.61,3,2
2025-12,Tiendas naturistas,Bogotá,PAN-AVE-BRO,Avena Brownie,Pancakes & Waffles,31,89,66,2560800,2.13,0,23
2025-12,Tiendas naturistas,Bogotá,PAN-AVE-VAN,Avena Vainilla,Pancakes & Waffles,31,74,59,2289200,1.9,3,15
2025-12,Tiendas naturistas,Bucaramanga,AVE-HOJ,Avena en Hojuelas,Avena & Harinas,2,77,63,2331000,31.5,0,14
2025-12,Tiendas naturistas,Bucaramanga,COM-3GRA,Three Pack GranOLA,Combos,2,3,2,228400,1.0,2,1
2025-12,Tiendas naturistas,Bucaramanga,COM-DECK,Deck de Cartas,Combos,2,8,6,708000,3.0,0,2
2025-12,Tiendas naturistas,Bucaramanga,COM-MIX,Perfect Mix & Match,Combos,2,10,8,653600,4.0,0,2
2025-12,Tiendas naturistas,Bucaramanga,COM-ROMP,Rompecabezas,Combos,2,10,7,826000,3.5,2,3
2025-12,Tiendas naturistas,Bucaramanga,ESP-BABY,Baby Spreads,Esparcibles,2,54,53,1219000,26.5,3,1
2025-12,Tiendas naturistas,Bucaramanga,ESP-CRE,Creamy Cocoa Hazelnut,Esparcibles,2,13,11,630850,5.5,6,2
2025-12,Tiendas naturistas,Bucaramanga,ESP-PIS,Buttery Pistachio Cookie,Esparcibles,2,23,18,1349100,9.0,2,5
2025-12,Tiendas naturistas,Bucaramanga,GRA-FUD,Fudge Cake,GranOLAS,2,11,10,448000,5.0,4,1
2025-12,Tiendas naturistas,Bucaramanga,GRA-VAN,Vanilla Shortbread,GranOLAS,2,22,18,806400,9.0,0,4
2025-12,Tiendas naturistas,Bucaramanga,HAR-ALM,Harina de Almendra,Avena & Harinas,2,78,62,2535800,31.0,0,16
2025-12,Tiendas naturistas,Bucaramanga,MER-NYR,New Year Resolution,Merch,2,10,8,944000,4.0,0,2
2025-12,Tiendas naturistas,Bucaramanga,PAN-ALM-CHO,Almendra Choco Chips,Pancakes & Waffles,2,28,21,1033200,10.5,0,7
2025-12,Tiendas naturistas,Bucaramanga,PAN-ALM-CHU,Almendra Churro,Pancakes & Waffles,2,53,50,2460000,25.0,0,3
2025-12,Tiendas naturistas,Bucaramanga,PAN-AVE-VAN,Avena Vainilla,Pancakes & Waffles,2,43,35,1358000,17.5,1,8
2025-12,Tiendas naturistas,Cali,AVE-HOJ,Avena en Hojuelas,Avena & Harinas,5,16,12,444000,2.4,2,4
2025-12,Tiendas naturistas,Cali,COM-3GRA,Three Pack GranOLA,Combos,5,17,16,1827200,3.2,4,1
2025-12,Tiendas naturistas,Cali,COM-3MEZ,Three Pack Mezclas,Combos,5,16,15,1681500,3.0,12,1
2025-12,Tiendas naturistas,Cali,COM-3SPR,Three Pack Spread,Combos,5,5,4,607800,0.8,0,1
2025-12,Tiendas naturistas,Cali,COM-DECK,Deck de Cartas,Combos,5,10,8,944000,1.6,0,2
2025-12,Tiendas naturistas,Cali,COM-WAF,Mini Wafflera,Combos,5,4,2,236000,0.4,4,2
2025-12,Tiendas naturistas,Cali,ESP-BABY,Baby Spreads,Esparcibles,5,129,110,2530000,22.0,0,19
2025-12,Tiendas naturistas,Cali,ESP-CIN,Golden Cinnamon Roll,Esparcibles,5,26,25,1433750,5.0,2,1
2025-12,Tiendas naturistas,Cali,ESP-CRE,Creamy Cocoa Hazelnut,Esparcibles,5,10,7,401450,1.4,6,3
2025-12,Tiendas naturistas,Cali,ESP-CRU,Crunchy Cocoa Hazelnut,Esparcibles,5,66,64,3670400,12.8,2,2
2025-12,Tiendas naturistas,Cali,ESP-PB,Peanutty Banana Shake,Esparcibles,5,59,58,3326300,11.6,3,1
2025-12,Tiendas naturistas,Cali,ESP-PIS,Buttery Pistachio Cookie,Esparcibles,5,9,8,599600,1.6,5,1
2025-12,Tiendas naturistas,Cali,GRA-CHI,Chip Cookie,GranOLAS,5,17,13,582400,2.6,7,4
2025-12,Tiendas naturistas,Cali,GRA-FUD,Fudge Cake,GranOLAS,5,54,53,2374400,10.6,1,1
2025-12,Tiendas naturistas,Cali,GRA-PIS,Pistachio Cookie,GranOLAS,5,67,56,2970800,11.2,0,11
2025-12,Tiendas naturistas,Cali,HAR-AVE,Harina de Avena,Avena & Harinas,5,37,32,1184000,6.4,3,5
2025-12,Tiendas naturistas,Cali,MER-NYR,New Year Resolution,Merch,5,32,29,3422000,5.8,5,3
2025-12,Tiendas naturistas,Cali,PAN-ALM-CHU,Almendra Churro,Pancakes & Waffles,5,26,26,1279200,5.2,0,0
2025-12,Tiendas naturistas,Cali,PAN-AVE-BAN,Avena Banano,Pancakes & Waffles,5,42,40,1552000,8.0,0,2
2025-12,Tiendas naturistas,Cali,PAN-AVE-BRO,Avena Brownie,Pancakes & Waffles,5,105,98,3802400,19.6,3,7
2025-12,Tiendas naturistas,Cali,PAN-AVE-VAN,Avena Vainilla,Pancakes & Waffles,5,111,88,3414400,17.6,4,23
2025-12,Tiendas naturistas,Cartagena,AVE-HOJ,Avena en Hojuelas,Avena & Harinas,4,20,19,703000,4.75,5,1
2025-12,Tiendas naturistas,Cartagena,COM-DECK,Deck de Cartas,Combos,4,2,1,118000,0.25,4,1
2025-12,Tiendas naturistas,Cartagena,COM-MIX,Perfect Mix & Match,Combos,4,16,11,898700,2.75,4,5
2025-12,Tiendas naturistas,Cartagena,ESP-CRU,Crunchy Cocoa Hazelnut,Esparcibles,4,31,28,1605800,7.0,8,3
2025-12,Tiendas naturistas,Cartagena,ESP-PIS,Buttery Pistachio Cookie,Esparcibles,4,12,11,824450,2.75,2,1
2025-12,Tiendas naturistas,Cartagena,GRA-CHI,Chip Cookie,GranOLAS,4,31,29,1299200,7.25,0,2
2025-12,Tiendas naturistas,Cartagena,GRA-FUD,Fudge Cake,GranOLAS,4,54,52,2329600,13.0,3,2
2025-12,Tiendas naturistas,Cartagena,GRA-PIS,Pistachio Cookie,GranOLAS,4,5,4,212200,1.0,9,1
2025-12,Tiendas naturistas,Cartagena,GRA-VAN,Vanilla Shortbread,GranOLAS,4,25,21,940800,5.25,0,4
2025-12,Tiendas naturistas,Cartagena,HAR-ALM,Harina de Almendra,Avena & Harinas,4,3,2,81800,0.5,3,1
2025-12,Tiendas naturistas,Cartagena,PAN-AVE-BRO,Avena Brownie,Pancakes & Waffles,4,27,22,853600,5.5,0,5
2025-12,Tiendas naturistas,Cartagena,PAN-AVE-VAN,Avena Vainilla,Pancakes & Waffles,4,41,39,1513200,9.75,4,2
2025-12,Tiendas naturistas,Manizales,AVE-HOJ,Avena en Hojuelas,Avena & Harinas,1,9,8,296000,8.0,4,1
2025-12,Tiendas naturistas,Manizales,COM-3GRA,Three Pack GranOLA,Combos,1,5,4,456800,4.0,5,1
2025-12,Tiendas naturistas,Manizales,COM-3MEZ,Three Pack Mezclas,Combos,1,2,1,112100,1.0,0,1
2025-12,Tiendas naturistas,Manizales,COM-3SPR,Three Pack Spread,Combos,1,2,1,151950,1.0,2,1
2025-12,Tiendas naturistas,Manizales,COM-MIX,Perfect Mix & Match,Combos,1,7,6,490200,6.0,3,1
2025-12,Tiendas naturistas,Manizales,COM-ROMP,Rompecabezas,Combos,1,2,1,118000,1.0,4,1
2025-12,Tiendas naturistas,Manizales,COM-WAF,Mini Wafflera,Combos,1,1,0,0,0.0,4,1
2025-12,Tiendas naturistas,Manizales,ESP-CRE,Creamy Cocoa Hazelnut,Esparcibles,1,4,3,172050,3.0,0,1
2025-12,Tiendas naturistas,Manizales,ESP-CRU,Crunchy Cocoa Hazelnut,Esparcibles,1,4,3,172050,3.0,2,1
2025-12,Tiendas naturistas,Manizales,ESP-PIS,Buttery Pistachio Cookie,Esparcibles,1,9,8,599600,8.0,0,1
2025-12,Tiendas naturistas,Manizales,GRA-CHI,Chip Cookie,GranOLAS,1,4,3,134400,3.0,2,1
2025-12,Tiendas naturistas,Manizales,GRA-PIS,Pistachio Cookie,GranOLAS,1,11,8,424400,8.0,0,3
2025-12,Tiendas naturistas,Manizales,HAR-ALM,Harina de Almendra,Avena & Harinas,1,23,22,899800,22.0,4,1
2025-12,Tiendas naturistas,Manizales,PAN-ALM-CHU,Almendra Churro,Pancakes & Waffles,1,3,2,98400,2.0,6,1
2025-12,Tiendas naturistas,Manizales,PAN-AVE-BAN,Avena Banano,Pancakes & Waffles,1,8,6,232800,6.0,8,2
2025-12,Tiendas naturistas,Medellín,AVE-HOJ,Avena en Hojuelas,Avena & Harinas,13,78,74,2738000,5.69,6,4
2025-12,Tiendas naturistas,Medellín,COM-3GRA,Three Pack GranOLA,Combos,13,8,7,799400,0.54,5,1
2025-12,Tiendas naturistas,Medellín,COM-3MEZ,Three Pack Mezclas,Combos,13,20,15,1681500,1.15,2,5
2025-12,Tiendas naturistas,Medellín,COM-3SPR,Three Pack Spread,Combos,13,4,3,455850,0.23,0,1
2025-12,Tiendas naturistas,Medellín,COM-DECK,Deck de Cartas,Combos,13,5,3,354000,0.23,0,2
2025-12,Tiendas naturistas,Medellín,COM-MIX,Perfect Mix & Match,Combos,13,3,2,163400,0.15,6,1
2025-12,Tiendas naturistas,Medellín,COM-ROMP,Rompecabezas,Combos,13,3,2,236000,0.15,4,1
2025-12,Tiendas naturistas,Medellín,COM-WAF,Mini Wafflera,Combos,13,19,17,2006000,1.31,0,2
2025-12,Tiendas naturistas,Medellín,ESP-BABY,Baby Spreads,Esparcibles,13,134,108,2484000,8.31,0,26
2025-12,Tiendas naturistas,Medellín,ESP-CIN,Golden Cinnamon Roll,Esparcibles,13,84,77,4415950,5.92,3,7
2025-12,Tiendas naturistas,Medellín,ESP-CRE,Creamy Cocoa Hazelnut,Esparcibles,13,21,17,974950,1.31,3,4
2025-12,Tiendas naturistas,Medellín,ESP-CRU,Crunchy Cocoa Hazelnut,Esparcibles,13,41,31,1777850,2.38,6,10
2025-12,Tiendas naturistas,Medellín,ESP-PB,Peanutty Banana Shake,Esparcibles,13,105,106,6079100,8.15,2,0
2025-12,Tiendas naturistas,Medellín,ESP-PIS,Buttery Pistachio Cookie,Esparcibles,13,20,16,1199200,1.23,0,4
2025-12,Tiendas naturistas,Medellín,GRA-CHI,Chip Cookie,GranOLAS,13,44,37,1657600,2.85,0,7
2025-12,Tiendas naturistas,Medellín,GRA-FUD,Fudge Cake,GranOLAS,13,67,57,2553600,4.38,3,10
2025-12,Tiendas naturistas,Medellín,GRA-PIS,Pistachio Cookie,GranOLAS,13,33,23,1220150,1.77,6,10
2025-12,Tiendas naturistas,Medellín,GRA-VAN,Vanilla Shortbread,GranOLAS,13,34,25,1120000,1.92,4,9
2025-12,Tiendas naturistas,Medellín,HAR-ALM,Harina de Almendra,Avena & Harinas,13,112,109,4458100,8.38,5,3
2025-12,Tiendas naturistas,Medellín,HAR-AVE,Harina de Avena,Avena & Harinas,13,141,124,4588000,9.54,2,17
2025-12,Tiendas naturistas,Medellín,MER-NYR,New Year Resolution,Merch,13,8,7,826000,0.54,0,1
2025-12,Tiendas naturistas,Medellín,PAN-ALM-CHO,Almendra Choco Chips,Pancakes & Waffles,13,206,183,9003600,14.08,7,23
2025-12,Tiendas naturistas,Medellín,PAN-ALM-CHU,Almendra Churro,Pancakes & Waffles,13,96,95,4674000,7.31,2,1
2025-12,Tiendas naturistas,Medellín,PAN-ALM-VAN,Almendra Vainilla,Pancakes & Waffles,13,52,38,1869600,2.92,0,14
2025-12,Tiendas naturistas,Medellín,PAN-AVE-BAN,Avena Banano,Pancakes & Waffles,13,3,2,77600,0.15,4,1
2025-12,Tiendas naturistas,Medellín,PAN-AVE-BRO,Avena Brownie,Pancakes & Waffles,13,102,99,3841200,7.62,0,3
2025-12,Tiendas naturistas,Medellín,PAN-AVE-VAN,Avena Vainilla,Pancakes & Waffles,13,50,49,1901200,3.77,0,1
2025-12,Tiendas naturistas,Pereira,AVE-HOJ,Avena en Hojuelas,Avena & Harinas,4,39,34,1258000,8.5,0,5
2025-12,Tiendas naturistas,Pereira,COM-3SPR,Three Pack Spread,Combos,4,2,1,151950,0.25,3,1
2025-12,Tiendas naturistas,Pereira,COM-MIX,Perfect Mix & Match,Combos,4,2,1,81700,0.25,1,1
2025-12,Tiendas naturistas,Pereira,ESP-BABY,Baby Spreads,Esparcibles,4,14,11,253000,2.75,0,3
2025-12,Tiendas naturistas,Pereira,ESP-CIN,Golden Cinnamon Roll,Esparcibles,4,12,11,630850,2.75,3,1
2025-12,Tiendas naturistas,Pereira,ESP-CRU,Crunchy Cocoa Hazelnut,Esparcibles,4,11,9,516150,2.25,0,2
2025-12,Tiendas naturistas,Pereira,GRA-CHI,Chip Cookie,GranOLAS,4,10,9,403200,2.25,0,1
2025-12,Tiendas naturistas,Pereira,GRA-VAN,Vanilla Shortbread,GranOLAS,4,79,57,2553600,14.25,1,22
2025-12,Tiendas naturistas,Pereira,HAR-ALM,Harina de Almendra,Avena & Harinas,4,2,1,40900,0.25,5,1
2025-12,Tiendas naturistas,Pereira,HAR-AVE,Harina de Avena,Avena & Harinas,4,7,6,222000,1.5,1,1
2025-12,Tiendas naturistas,Pereira,MER-NYR,New Year Resolution,Merch,4,1,0,0,0.0,3,1
2025-12,Tiendas naturistas,Pereira,PAN-ALM-CHO,Almendra Choco Chips,Pancakes & Waffles,4,2,1,49200,0.25,3,1
2025-12,Tiendas naturistas,Pereira,PAN-ALM-CHU,Almendra Churro,Pancakes & Waffles,4,7,6,295200,1.5,5,1
2025-12,Tiendas naturistas,Pereira,PAN-ALM-VAN,Almendra Vainilla,Pancakes & Waffles,4,12,11,541200,2.75,2,1
2025-12,Tiendas naturistas,Pereira,PAN-AVE-BRO,Avena Brownie,Pancakes & Waffles,4,18,13,504400,3.25,0,5
2025-12,Tiendas naturistas,Pereira,PAN-AVE-VAN,Avena Vainilla,Pancakes & Waffles,4,40,35,1358000,8.75,2,5
2025-12,Éxito,Barranquilla,AVE-HOJ,Avena en Hojuelas,Avena & Harinas,5,4,3,104400,0.6,1,1
2025-12,Éxito,Barranquilla,COM-3GRA,Three Pack GranOLA,Combos,5,41,35,3759000,7.0,0,6
2025-12,Éxito,Barranquilla,COM-3MEZ,Three Pack Mezclas,Combos,5,67,57,6010650,11.4,9,10
2025-12,Éxito,Barranquilla,COM-3SPR,Three Pack Spread,Combos,5,37,33,4717350,6.6,0,4
2025-12,Éxito,Barranquilla,COM-DECK,Deck de Cartas,Combos,5,5,3,333000,0.6,4,2
2025-12,Éxito,Barranquilla,COM-WAF,Mini Wafflera,Combos,5,69,51,5661000,10.2,0,18
2025-12,Éxito,Barranquilla,ESP-BABY,Baby Spreads,Esparcibles,5,231,197,4265050,39.4,3,34
2025-12,Éxito,Barranquilla,ESP-CIN,Golden Cinnamon Roll,Esparcibles,5,56,50,2697500,10.0,0,6
2025-12,Éxito,Barranquilla,ESP-PB,Peanutty Banana Shake,Esparcibles,5,305,256,13811200,51.2,2,49
2025-12,Éxito,Barranquilla,ESP-PIS,Buttery Pistachio Cookie,Esparcibles,5,26,23,1621500,4.6,0,3
2025-12,Éxito,Barranquilla,GRA-CHI,Chip Cookie,GranOLAS,5,70,68,2862800,13.6,0,2
2025-12,Éxito,Barranquilla,GRA-FUD,Fudge Cake,GranOLAS,5,113,99,4167900,19.8,4,14
2025-12,Éxito,Barranquilla,GRA-PIS,Pistachio Cookie,GranOLAS,5,70,58,2894200,11.6,4,12
2025-12,Éxito,Barranquilla,GRA-VAN,Vanilla Shortbread,GranOLAS,5,79,69,2904900,13.8,0,10
2025-12,Éxito,Barranquilla,HAR-ALM,Harina de Almendra,Avena & Harinas,5,41,32,1230400,6.4,0,9
2025-12,Éxito,Barranquilla,HAR-AVE,Harina de Avena,Avena & Harinas,5,39,35,1218000,7.0,3,4
2025-12,Éxito,Barranquilla,MER-NYR,New Year Resolution,Merch,5,25,18,1998000,3.6,2,7
2025-12,Éxito,Barranquilla,PAN-ALM-CHO,Almendra Choco Chips,Pancakes & Waffles,5,92,76,3518800,15.2,4,16
2025-12,Éxito,Barranquilla,PAN-ALM-VAN,Almendra Vainilla,Pancakes & Waffles,5,27,20,926000,4.0,5,7
2025-12,Éxito,Barranquilla,PAN-AVE-BAN,Avena Banano,Pancakes & Waffles,5,67,66,2409000,13.2,5,1
2025-12,Éxito,Barranquilla,PAN-AVE-BRO,Avena Brownie,Pancakes & Waffles,5,186,188,6862000,37.6,1,0
2025-12,Éxito,Barranquilla,PAN-AVE-VAN,Avena Vainilla,Pancakes & Waffles,5,65,48,1752000,9.6,4,17
2025-12,Éxito,Bogotá,AVE-HOJ,Avena en Hojuelas,Avena & Harinas,22,276,206,7168800,9.36,0,70
2025-12,Éxito,Bogotá,COM-3GRA,Three Pack GranOLA,Combos,22,69,57,6121800,2.59,0,12
2025-12,Éxito,Bogotá,COM-3MEZ,Three Pack Mezclas,Combos,22,160,122,12864900,5.55,2,38
2025-12,Éxito,Bogotá,COM-3SPR,Three Pack Spread,Combos,22,86,65,9291750,2.95,8,21
2025-12,Éxito,Bogotá,COM-DECK,Deck de Cartas,Combos,22,408,295,32745000,13.41,0,113
2025-12,Éxito,Bogotá,COM-MIX,Perfect Mix & Match,Combos,22,160,121,9304900,5.5,6,39
2025-12,Éxito,Bogotá,COM-ROMP,Rompecabezas,Combos,22,212,190,21090000,8.64,2,22
2025-12,Éxito,Bogotá,COM-WAF,Mini Wafflera,Combos,22,200,188,20868000,8.55,4,12
2025-12,Éxito,Bogotá,ESP-BABY,Baby Spreads,Esparcibles,22,922,924,20004600,42.0,5,0
2025-12,Éxito,Bogotá,ESP-CIN,Golden Cinnamon Roll,Esparcibles,22,270,242,13055900,11.0,0,28
2025-12,Éxito,Bogotá,ESP-CRE,Creamy Cocoa Hazelnut,Esparcibles,22,298,250,13487500,11.36,2,48
2025-12,Éxito,Bogotá,ESP-CRU,Crunchy Cocoa Hazelnut,Esparcibles,22,181,170,9171500,7.73,1,11
2025-12,Éxito,Bogotá,ESP-PB,Peanutty Banana Shake,Esparcibles,22,262,259,13973050,11.77,6,3
2025-12,Éxito,Bogotá,ESP-PIS,Buttery Pistachio Cookie,Esparcibles,22,167,132,9306000,6.0,0,35
2025-12,Éxito,Bogotá,GRA-CHI,Chip Cookie,GranOLAS,22,460,354,14903400,16.09,7,106
2025-12,Éxito,Bogotá,GRA-FUD,Fudge Cake,GranOLAS,22,223,198,8335800,9.0,1,25
2025-12,Éxito,Bogotá,GRA-PIS,Pistachio Cookie,GranOLAS,22,179,129,6437100,5.86,0,50
2025-12,Éxito,Bogotá,GRA-VAN,Vanilla Shortbread,GranOLAS,22,351,288,12124800,13.09,0,63
2025-12,Éxito,Bogotá,HAR-ALM,Harina de Almendra,Avena & Harinas,22,548,528,20301600,24.0,0,20
2025-12,Éxito,Bogotá,HAR-AVE,Harina de Avena,Avena & Harinas,22,401,345,12006000,15.68,1,56
2025-12,Éxito,Bogotá,MER-NYR,New Year Resolution,Merch,22,57,56,6216000,2.55,1,1
2025-12,Éxito,Bogotá,PAN-ALM-CHO,Almendra Choco Chips,Pancakes & Waffles,22,37,27,1250100,1.23,0,10
2025-12,Éxito,Bogotá,PAN-ALM-CHU,Almendra Churro,Pancakes & Waffles,22,355,321,14862300,14.59,4,34
2025-12,Éxito,Bogotá,PAN-ALM-VAN,Almendra Vainilla,Pancakes & Waffles,22,287,213,9861900,9.68,0,74
2025-12,Éxito,Bogotá,PAN-AVE-BAN,Avena Banano,Pancakes & Waffles,22,381,276,10074000,12.55,0,105
2025-12,Éxito,Bogotá,PAN-AVE-BRO,Avena Brownie,Pancakes & Waffles,22,250,214,7811000,9.73,1,36
2025-12,Éxito,Bogotá,PAN-AVE-VAN,Avena Vainilla,Pancakes & Waffles,22,268,229,8358500,10.41,1,39
2025-12,Éxito,Bucaramanga,AVE-HOJ,Avena en Hojuelas,Avena & Harinas,3,25,19,661200,6.33,0,6
2025-12,Éxito,Bucaramanga,COM-3GRA,Three Pack GranOLA,Combos,3,19,15,1611000,5.0,5,4
2025-12,Éxito,Bucaramanga,COM-3MEZ,Three Pack Mezclas,Combos,3,40,37,3901650,12.33,3,3
2025-12,Éxito,Bucaramanga,COM-3SPR,Three Pack Spread,Combos,3,21,15,2144250,5.0,5,6
2025-12,Éxito,Bucaramanga,COM-DECK,Deck de Cartas,Combos,3,9,8,888000,2.67,4,1
2025-12,Éxito,Bucaramanga,ESP-CIN,Golden Cinnamon Roll,Esparcibles,3,86,81,4369950,27.0,5,5
2025-12,Éxito,Bucaramanga,ESP-CRE,Creamy Cocoa Hazelnut,Esparcibles,3,14,13,701350,4.33,2,1
2025-12,Éxito,Bucaramanga,ESP-PB,Peanutty Banana Shake,Esparcibles,3,11,9,485550,3.0,3,2
2025-12,Éxito,Bucaramanga,ESP-PIS,Buttery Pistachio Cookie,Esparcibles,3,28,22,1551000,7.33,1,6
2025-12,Éxito,Bucaramanga,GRA-CHI,Chip Cookie,GranOLAS,3,14,12,505200,4.0,0,2
2025-12,Éxito,Bucaramanga,GRA-PIS,Pistachio Cookie,GranOLAS,3,24,18,898200,6.0,3,6
2025-12,Éxito,Bucaramanga,GRA-VAN,Vanilla Shortbread,GranOLAS,3,62,60,2526000,20.0,6,2
2025-12,Éxito,Bucaramanga,HAR-ALM,Harina de Almendra,Avena & Harinas,3,136,133,5113850,44.33,1,3
2025-12,Éxito,Bucaramanga,HAR-AVE,Harina de Avena,Avena & Harinas,3,86,76,2644800,25.33,4,10
2025-12,Éxito,Bucaramanga,PAN-ALM-CHO,Almendra Choco Chips,Pancakes & Waffles,3,47,36,1666800,12.0,7,11
2025-12,Éxito,Bucaramanga,PAN-ALM-VAN,Almendra Vainilla,Pancakes & Waffles,3,51,50,2315000,16.67,0,1
2025-12,Éxito,Bucaramanga,PAN-AVE-BAN,Avena Banano,Pancakes & Waffles,3,94,89,3248500,29.67,0,5
2025-12,Éxito,Bucaramanga,PAN-AVE-VAN,Avena Vainilla,Pancakes & Waffles,3,92,81,2956500,27.0,0,11
2025-12,Éxito,Cali,AVE-HOJ,Avena en Hojuelas,Avena & Harinas,2,168,123,4280400,61.5,6,45
2025-12,Éxito,Cali,COM-3GRA,Three Pack GranOLA,Combos,2,37,34,3651600,17.0,5,3
2025-12,Éxito,Cali,COM-3MEZ,Three Pack Mezclas,Combos,2,33,26,2741700,13.0,2,7
2025-12,Éxito,Cali,COM-DECK,Deck de Cartas,Combos,2,1,0,0,0.0,1,1
2025-12,Éxito,Cali,COM-MIX,Perfect Mix & Match,Combos,2,148,118,9074200,59.0,5,30
2025-12,Éxito,Cali,COM-ROMP,Rompecabezas,Combos,2,41,33,3663000,16.5,0,8
2025-12,Éxito,Cali,COM-WAF,Mini Wafflera,Combos,2,6,5,555000,2.5,2,1
2025-12,Éxito,Cali,ESP-CIN,Golden Cinnamon Roll,Esparcibles,2,181,171,9225450,85.5,0,10
2025-12,Éxito,Cali,ESP-CRE,Creamy Cocoa Hazelnut,Esparcibles,2,49,38,2050100,19.0,4,11
2025-12,Éxito,Cali,ESP-CRU,Crunchy Cocoa Hazelnut,Esparcibles,2,72,70,3776500,35.0,0,2
2025-12,Éxito,Cali,ESP-PB,Peanutty Banana Shake,Esparcibles,2,42,33,1780350,16.5,2,9
2025-12,Éxito,Cali,ESP-PIS,Buttery Pistachio Cookie,Esparcibles,2,8,7,493500,3.5,2,1
2025-12,Éxito,Cali,GRA-CHI,Chip Cookie,GranOLAS,2,1,0,0,0.0,10,1
2025-12,Éxito,Cali,GRA-PIS,Pistachio Cookie,GranOLAS,2,17,12,598800,6.0,0,5
2025-12,Éxito,Cali,GRA-VAN,Vanilla Shortbread,GranOLAS,2,271,267,11240700,133.5,1,4
2025-12,Éxito,Cali,HAR-ALM,Harina de Almendra,Avena & Harinas,2,52,49,1884050,24.5,6,3
2025-12,Éxito,Cali,HAR-AVE,Harina de Avena,Avena & Harinas,2,184,136,4732800,68.0,2,48
2025-12,Éxito,Cali,PAN-ALM-CHO,Almendra Choco Chips,Pancakes & Waffles,2,28,26,1203800,13.0,7,2
2025-12,Éxito,Cali,PAN-ALM-CHU,Almendra Churro,Pancakes & Waffles,2,21,18,833400,9.0,0,3
2025-12,Éxito,Cali,PAN-ALM-VAN,Almendra Vainilla,Pancakes & Waffles,2,3,2,92600,1.0,6,1
2025-12,Éxito,Cali,PAN-AVE-BAN,Avena Banano,Pancakes & Waffles,2,258,186,6789000,93.0,2,72
2025-12,Éxito,Cali,PAN-AVE-VAN,Avena Vainilla,Pancakes & Waffles,2,64,52,1898000,26.0,3,12
2025-12,Éxito,Cartagena,AVE-HOJ,Avena en Hojuelas,Avena & Harinas,3,48,40,1392000,13.33,0,8
2025-12,Éxito,Cartagena,COM-3GRA,Three Pack GranOLA,Combos,3,1,0,0,0.0,0,1
2025-12,Éxito,Cartagena,COM-3SPR,Three Pack Spread,Combos,3,4,2,285900,0.67,1,2
2025-12,Éxito,Cartagena,COM-DECK,Deck de Cartas,Combos,3,69,60,6660000,20.0,1,9
2025-12,Éxito,Cartagena,COM-ROMP,Rompecabezas,Combos,3,8,6,666000,2.0,3,2
2025-12,Éxito,Cartagena,COM-WAF,Mini Wafflera,Combos,3,17,15,1665000,5.0,0,2
2025-12,Éxito,Cartagena,ESP-CRU,Crunchy Cocoa Hazelnut,Esparcibles,3,169,169,9117550,56.33,4,0
2025-12,Éxito,Cartagena,ESP-PB,Peanutty Banana Shake,Esparcibles,3,7,5,269750,1.67,0,2
2025-12,Éxito,Cartagena,GRA-FUD,Fudge Cake,GranOLAS,3,150,125,5262500,41.67,2,25
2025-12,Éxito,Cartagena,GRA-PIS,Pistachio Cookie,GranOLAS,3,54,54,2694600,18.0,4,0
2025-12,Éxito,Cartagena,GRA-VAN,Vanilla Shortbread,GranOLAS,3,226,164,6904400,54.67,5,62
2025-12,Éxito,Cartagena,HAR-AVE,Harina de Avena,Avena & Harinas,3,225,214,7447200,71.33,0,11
2025-12,Éxito,Cartagena,PAN-ALM-CHU,Almendra Churro,Pancakes & Waffles,3,109,78,3611400,26.0,4,31
2025-12,Éxito,Cartagena,PAN-ALM-VAN,Almendra Vainilla,Pancakes & Waffles,3,186,144,6667200,48.0,0,42
2025-12,Éxito,Cartagena,PAN-AVE-BRO,Avena Brownie,Pancakes & Waffles,3,799,741,27046500,247.0,4,58
2025-12,Éxito,Cartagena,PAN-AVE-VAN,Avena Vainilla,Pancakes & Waffles,3,237,239,8723500,79.67,0,0
2025-12,Éxito,Manizales,COM-DECK,Deck de Cartas,Combos,3,49,43,4773000,14.33,2,6
2025-12,Éxito,Manizales,COM-MIX,Perfect Mix & Match,Combos,3,24,17,1307300,5.67,0,7
2025-12,Éxito,Manizales,ESP-BABY,Baby Spreads,Esparcibles,3,18,14,303100,4.67,7,4
2025-12,Éxito,Manizales,ESP-CRE,Creamy Cocoa Hazelnut,Esparcibles,3,50,41,2211950,13.67,0,9
2025-12,Éxito,Manizales,ESP-PB,Peanutty Banana Shake,Esparcibles,3,75,54,2913300,18.0,0,21
2025-12,Éxito,Manizales,GRA-FUD,Fudge Cake,GranOLAS,3,15,11,463100,3.67,7,4
2025-12,Éxito,Manizales,GRA-VAN,Vanilla Shortbread,GranOLAS,3,6,5,210500,1.67,6,1
2025-12,Éxito,Manizales,MER-NYR,New Year Resolution,Merch,3,7,7,777000,2.33,3,0
2025-12,Éxito,Manizales,PAN-ALM-CHU,Almendra Churro,Pancakes & Waffles,3,7,7,324100,2.33,0,0
2025-12,Éxito,Medellín,AVE-HOJ,Avena en Hojuelas,Avena & Harinas,6,432,407,14163600,67.83,1,25
2025-12,Éxito,Medellín,COM-3GRA,Three Pack GranOLA,Combos,6,153,151,16217400,25.17,2,2
2025-12,Éxito,Medellín,COM-3MEZ,Three Pack Mezclas,Combos,6,112,81,8541450,13.5,1,31
2025-12,Éxito,Medellín,COM-DECK,Deck de Cartas,Combos,6,7,5,555000,0.83,4,2
2025-12,Éxito,Medellín,COM-MIX,Perfect Mix & Match,Combos,6,28,23,1768700,3.83,2,5
2025-12,Éxito,Medellín,COM-ROMP,Rompecabezas,Combos,6,18,13,1443000,2.17,0,5
2025-12,Éxito,Medellín,COM-WAF,Mini Wafflera,Combos,6,33,31,3441000,5.17,2,2
2025-12,Éxito,Medellín,ESP-BABY,Baby Spreads,Esparcibles,6,125,107,2316550,17.83,0,18
2025-12,Éxito,Medellín,ESP-CIN,Golden Cinnamon Roll,Esparcibles,6,131,112,6042400,18.67,5,19
2025-12,Éxito,Medellín,ESP-CRE,Creamy Cocoa Hazelnut,Esparcibles,6,240,209,11275550,34.83,5,31
2025-12,Éxito,Medellín,ESP-CRU,Crunchy Cocoa Hazelnut,Esparcibles,6,175,165,8901750,27.5,3,10
2025-12,Éxito,Medellín,ESP-PB,Peanutty Banana Shake,Esparcibles,6,134,121,6527950,20.17,0,13
2025-12,Éxito,Medellín,ESP-PIS,Buttery Pistachio Cookie,Esparcibles,6,74,59,4159500,9.83,1,15
2025-12,Éxito,Medellín,GRA-CHI,Chip Cookie,GranOLAS,6,120,87,3662700,14.5,1,33
2025-12,Éxito,Medellín,GRA-FUD,Fudge Cake,GranOLAS,6,106,100,4210000,16.67,6,6
2025-12,Éxito,Medellín,GRA-PIS,Pistachio Cookie,GranOLAS,6,59,58,2894200,9.67,1,1
2025-12,Éxito,Medellín,GRA-VAN,Vanilla Shortbread,GranOLAS,6,208,207,8714700,34.5,4,1
2025-12,Éxito,Medellín,HAR-ALM,Harina de Almendra,Avena & Harinas,6,23,17,653650,2.83,3,6
2025-12,Éxito,Medellín,HAR-AVE,Harina de Avena,Avena & Harinas,6,45,38,1322400,6.33,2,7
2025-12,Éxito,Medellín,MER-NYR,New Year Resolution,Merch,6,15,13,1443000,2.17,8,2
2025-12,Éxito,Medellín,PAN-ALM-CHO,Almendra Choco Chips,Pancakes & Waffles,6,116,84,3889200,14.0,3,32
2025-12,Éxito,Medellín,PAN-ALM-CHU,Almendra Churro,Pancakes & Waffles,6,183,184,8519200,30.67,2,0
2025-12,Éxito,Medellín,PAN-ALM-VAN,Almendra Vainilla,Pancakes & Waffles,6,129,118,5463400,19.67,0,11
2025-12,Éxito,Medellín,PAN-AVE-BAN,Avena Banano,Pancakes & Waffles,6,60,48,1752000,8.0,3,12
2025-12,Éxito,Medellín,PAN-AVE-BRO,Avena Brownie,Pancakes & Waffles,6,332,306,11169000,51.0,1,26
2025-12,Éxito,Pereira,COM-3SPR,Three Pack Spread,Combos,2,9,8,1143600,4.0,0,1
2025-12,Éxito,Pereira,COM-DECK,Deck de Cartas,Combos,2,12,8,888000,4.0,1,4
2025-12,Éxito,Pereira,COM-ROMP,Rompecabezas,Combos,2,8,7,777000,3.5,5,1
2025-12,Éxito,Pereira,COM-WAF,Mini Wafflera,Combos,2,20,18,1998000,9.0,1,2
2025-12,Éxito,Pereira,ESP-CIN,Golden Cinnamon Roll,Esparcibles,2,13,9,485550,4.5,2,4
2025-12,Éxito,Pereira,ESP-PIS,Buttery Pistachio Cookie,Esparcibles,2,7,5,352500,2.5,4,2
2025-12,Éxito,Pereira,PAN-ALM-CHU,Almendra Churro,Pancakes & Waffles,2,34,29,1342700,14.5,2,5
2025-12,Éxito,Pereira,PAN-AVE-VAN,Avena Vainilla,Pancakes & Waffles,2,106,76,2774000,38.0,0,30
2026-01,Carulla,Barranquilla,AVE-HOJ,Avena en Hojuelas,Avena & Harinas,5,71,53,1878850,10.6,6,18
2026-01,Carulla,Barranquilla,COM-3GRA,Three Pack GranOLA,Combos,5,109,98,10716300,19.6,1,11
2026-01,Carulla,Barranquilla,COM-3MEZ,Three Pack Mezclas,Combos,5,18,15,1610250,3.0,0,3
2026-01,Carulla,Barranquilla,COM-DECK,Deck de Cartas,Combos,5,11,9,1017000,1.8,2,2
2026-01,Carulla,Barranquilla,COM-MIX,Perfect Mix & Match,Combos,5,65,54,4225500,10.8,2,11
2026-01,Carulla,Barranquilla,COM-ROMP,Rompecabezas,Combos,5,15,14,1582000,2.8,3,1
2026-01,Carulla,Barranquilla,COM-WAF,Mini Wafflera,Combos,5,44,42,4746000,8.4,0,2
2026-01,Carulla,Barranquilla,ESP-BABY,Baby Spreads,Esparcibles,5,290,281,6196050,56.2,3,9
2026-01,Carulla,Barranquilla,ESP-CRE,Creamy Cocoa Hazelnut,Esparcibles,5,52,38,2086200,7.6,2,14
2026-01,Carulla,Barranquilla,ESP-CRU,Crunchy Cocoa Hazelnut,Esparcibles,5,40,36,1976400,7.2,0,4
2026-01,Carulla,Barranquilla,ESP-PB,Peanutty Banana Shake,Esparcibles,5,28,26,1427400,5.2,1,2
2026-01,Carulla,Barranquilla,ESP-PIS,Buttery Pistachio Cookie,Esparcibles,5,26,21,1506750,4.2,1,5
2026-01,Carulla,Barranquilla,GRA-CHI,Chip Cookie,GranOLAS,5,23,21,900900,4.2,3,2
2026-01,Carulla,Barranquilla,GRA-FUD,Fudge Cake,GranOLAS,5,228,199,8537100,39.8,2,29
2026-01,Carulla,Barranquilla,GRA-PIS,Pistachio Cookie,GranOLAS,5,82,61,3098800,12.2,3,21
2026-01,Carulla,Barranquilla,HAR-ALM,Harina de Almendra,Avena & Harinas,5,49,36,1409400,7.2,3,13
2026-01,Carulla,Barranquilla,HAR-AVE,Harina de Avena,Avena & Harinas,5,74,57,2020650,11.4,6,17
2026-01,Carulla,Barranquilla,MER-NYR,New Year Resolution,Merch,5,2,1,113000,0.2,1,1
2026-01,Carulla,Barranquilla,PAN-ALM-CHO,Almendra Choco Chips,Pancakes & Waffles,5,94,74,3485400,14.8,7,20
2026-01,Carulla,Barranquilla,PAN-ALM-CHU,Almendra Churro,Pancakes & Waffles,5,99,94,4427400,18.8,1,5
2026-01,Carulla,Barranquilla,PAN-ALM-VAN,Almendra Vainilla,Pancakes & Waffles,5,41,32,1507200,6.4,2,9
2026-01,Carulla,Barranquilla,PAN-AVE-BAN,Avena Banano,Pancakes & Waffles,5,292,254,9436100,50.8,3,38
2026-01,Carulla,Barranquilla,PAN-AVE-BRO,Avena Brownie,Pancakes & Waffles,5,75,65,2414750,13.0,4,10
2026-01,Carulla,Barranquilla,PAN-AVE-VAN,Avena Vainilla,Pancakes & Waffles,5,80,76,2823400,15.2,5,4
2026-01,Carulla,Bogotá,AVE-HOJ,Avena en Hojuelas,Avena & Harinas,11,287,275,9748750,25.0,6,12
2026-01,Carulla,Bogotá,COM-3GRA,Three Pack GranOLA,Combos,11,39,34,3717900,3.09,0,5
2026-01,Carulla,Bogotá,COM-3MEZ,Three Pack Mezclas,Combos,11,192,179,19215650,16.27,0,13
2026-01,Carulla,Bogotá,COM-3SPR,Three Pack Spread,Combos,11,145,136,19788000,12.36,4,9
2026-01,Carulla,Bogotá,COM-DECK,Deck de Cartas,Combos,11,170,160,18080000,14.55,4,10
2026-01,Carulla,Bogotá,COM-MIX,Perfect Mix & Match,Combos,11,183,175,13693750,15.91,0,8
2026-01,Carulla,Bogotá,COM-ROMP,Rompecabezas,Combos,11,112,96,10848000,8.73,0,16
2026-01,Carulla,Bogotá,COM-WAF,Mini Wafflera,Combos,11,74,70,7910000,6.36,0,4
2026-01,Carulla,Bogotá,ESP-BABY,Baby Spreads,Esparcibles,11,787,632,13935600,57.45,2,155
2026-01,Carulla,Bogotá,ESP-CIN,Golden Cinnamon Roll,Esparcibles,11,161,150,8235000,13.64,0,11
2026-01,Carulla,Bogotá,ESP-CRE,Creamy Cocoa Hazelnut,Esparcibles,11,281,237,13011300,21.55,1,44
2026-01,Carulla,Bogotá,ESP-CRU,Crunchy Cocoa Hazelnut,Esparcibles,11,147,126,6917400,11.45,0,21
2026-01,Carulla,Bogotá,ESP-PB,Peanutty Banana Shake,Esparcibles,11,136,118,6478200,10.73,3,18
2026-01,Carulla,Bogotá,ESP-PIS,Buttery Pistachio Cookie,Esparcibles,11,207,189,13560750,17.18,0,18
2026-01,Carulla,Bogotá,GRA-CHI,Chip Cookie,GranOLAS,11,450,411,17631900,37.36,0,39
2026-01,Carulla,Bogotá,GRA-FUD,Fudge Cake,GranOLAS,11,239,230,9867000,20.91,2,9
2026-01,Carulla,Bogotá,GRA-PIS,Pistachio Cookie,GranOLAS,11,198,188,9550400,17.09,4,10
2026-01,Carulla,Bogotá,GRA-VAN,Vanilla Shortbread,GranOLAS,11,71,71,3045900,6.45,0,0
2026-01,Carulla,Bogotá,HAR-ALM,Harina de Almendra,Avena & Harinas,11,762,583,22824450,53.0,2,179
2026-01,Carulla,Bogotá,HAR-AVE,Harina de Avena,Avena & Harinas,11,102,88,3119600,8.0,2,14
2026-01,Carulla,Bogotá,MER-NYR,New Year Resolution,Merch,11,83,67,7571000,6.09,0,16
2026-01,Carulla,Bogotá,PAN-ALM-CHO,Almendra Choco Chips,Pancakes & Waffles,11,148,124,5840400,11.27,3,24
2026-01,Carulla,Bogotá,PAN-ALM-CHU,Almendra Churro,Pancakes & Waffles,11,123,98,4615800,8.91,3,25
2026-01,Carulla,Bogotá,PAN-ALM-VAN,Almendra Vainilla,Pancakes & Waffles,11,238,220,10362000,20.0,3,18
2026-01,Carulla,Bogotá,PAN-AVE-BAN,Avena Banano,Pancakes & Waffles,11,308,257,9547550,23.36,2,51
2026-01,Carulla,Bogotá,PAN-AVE-BRO,Avena Brownie,Pancakes & Waffles,11,555,490,18203500,44.55,5,65
2026-01,Carulla,Bogotá,PAN-AVE-VAN,Avena Vainilla,Pancakes & Waffles,11,81,75,2786250,6.82,2,6
2026-01,Carulla,Bucaramanga,AVE-HOJ,Avena en Hojuelas,Avena & Harinas,1,11,8,283600,8.0,1,3
2026-01,Carulla,Bucaramanga,COM-MIX,Perfect Mix & Match,Combos,1,5,4,313000,4.0,4,1
2026-01,Carulla,Bucaramanga,COM-ROMP,Rompecabezas,Combos,1,47,40,4520000,40.0,0,7
2026-01,Carulla,Bucaramanga,ESP-CIN,Golden Cinnamon Roll,Esparcibles,1,44,37,2031300,37.0,1,7
2026-01,Carulla,Bucaramanga,ESP-PIS,Buttery Pistachio Cookie,Esparcibles,1,14,10,717500,10.0,5,4
2026-01,Carulla,Bucaramanga,GRA-CHI,Chip Cookie,GranOLAS,1,31,31,1329900,31.0,3,0
2026-01,Carulla,Bucaramanga,HAR-ALM,Harina de Almendra,Avena & Harinas,1,219,214,8378100,214.0,9,5
2026-01,Carulla,Bucaramanga,HAR-AVE,Harina de Avena,Avena & Harinas,1,127,97,3438650,97.0,0,30
2026-01,Carulla,Bucaramanga,PAN-AVE-BRO,Avena Brownie,Pancakes & Waffles,1,20,17,631550,17.0,0,3
2026-01,Carulla,Bucaramanga,PAN-AVE-VAN,Avena Vainilla,Pancakes & Waffles,1,22,16,594400,16.0,6,6
2026-01,Carulla,Cali,AVE-HOJ,Avena en Hojuelas,Avena & Harinas,4,48,46,1630700,11.5,0,2
2026-01,Carulla,Cali,COM-3GRA,Three Pack GranOLA,Combos,4,16,15,1640250,3.75,5,1
2026-01,Carulla,Cali,COM-3SPR,Three Pack Spread,Combos,4,4,3,436500,0.75,7,1
2026-01,Carulla,Cali,COM-MIX,Perfect Mix & Match,Combos,4,33,25,1956250,6.25,1,8
2026-01,Carulla,Cali,COM-ROMP,Rompecabezas,Combos,4,4,2,226000,0.5,3,2
2026-01,Carulla,Cali,COM-WAF,Mini Wafflera,Combos,4,7,5,565000,1.25,3,2
2026-01,Carulla,Cali,ESP-BABY,Baby Spreads,Esparcibles,4,87,65,1433250,16.25,0,22
2026-01,Carulla,Cali,ESP-CIN,Golden Cinnamon Roll,Esparcibles,4,61,48,2635200,12.0,3,13
2026-01,Carulla,Cali,ESP-PB,Peanutty Banana Shake,Esparcibles,4,26,26,1427400,6.5,0,0
2026-01,Carulla,Cali,ESP-PIS,Buttery Pistachio Cookie,Esparcibles,4,12,9,645750,2.25,0,3
2026-01,Carulla,Cali,GRA-CHI,Chip Cookie,GranOLAS,4,16,15,643500,3.75,4,1
2026-01,Carulla,Cali,GRA-FUD,Fudge Cake,GranOLAS,4,25,18,772200,4.5,3,7
2026-01,Carulla,Cali,GRA-PIS,Pistachio Cookie,GranOLAS,4,57,56,2844800,14.0,7,1
2026-01,Carulla,Cali,GRA-VAN,Vanilla Shortbread,GranOLAS,4,65,60,2574000,15.0,1,5
2026-01,Carulla,Cali,HAR-AVE,Harina de Avena,Avena & Harinas,4,42,35,1240750,8.75,2,7
2026-01,Carulla,Cali,MER-NYR,New Year Resolution,Merch,4,10,9,1017000,2.25,6,1
2026-01,Carulla,Cali,PAN-ALM-CHO,Almendra Choco Chips,Pancakes & Waffles,4,24,22,1036200,5.5,4,2
2026-01,Carulla,Cali,PAN-ALM-CHU,Almendra Churro,Pancakes & Waffles,4,19,17,800700,4.25,0,2
2026-01,Carulla,Cali,PAN-ALM-VAN,Almendra Vainilla,Pancakes & Waffles,4,124,99,4662900,24.75,4,25
2026-01,Carulla,Cali,PAN-AVE-BAN,Avena Banano,Pancakes & Waffles,4,140,130,4829500,32.5,0,10
2026-01,Carulla,Cali,PAN-AVE-BRO,Avena Brownie,Pancakes & Waffles,4,124,115,4272250,28.75,6,9
2026-01,Carulla,Cali,PAN-AVE-VAN,Avena Vainilla,Pancakes & Waffles,4,28,22,817300,5.5,0,6
2026-01,Carulla,Cartagena,AVE-HOJ,Avena en Hojuelas,Avena & Harinas,2,7,5,177250,2.5,2,2
2026-01,Carulla,Cartagena,COM-3GRA,Three Pack GranOLA,Combos,2,56,44,4811400,22.0,4,12
2026-01,Carulla,Cartagena,COM-DECK,Deck de Cartas,Combos,2,16,14,1582000,7.0,8,2
2026-01,Carulla,Cartagena,COM-MIX,Perfect Mix & Match,Combos,2,6,5,391250,2.5,0,1
2026-01,Carulla,Cartagena,COM-ROMP,Rompecabezas,Combos,2,4,3,339000,1.5,3,1
2026-01,Carulla,Cartagena,COM-WAF,Mini Wafflera,Combos,2,6,5,565000,2.5,4,1
2026-01,Carulla,Cartagena,ESP-CRU,Crunchy Cocoa Hazelnut,Esparcibles,2,4,3,164700,1.5,2,1
2026-01,Carulla,Cartagena,ESP-PB,Peanutty Banana Shake,Esparcibles,2,54,44,2415600,22.0,1,10
2026-01,Carulla,Cartagena,ESP-PIS,Buttery Pistachio Cookie,Esparcibles,2,223,170,12197500,85.0,2,53
2026-01,Carulla,Cartagena,GRA-CHI,Chip Cookie,GranOLAS,2,26,22,943800,11.0,3,4
2026-01,Carulla,Cartagena,GRA-FUD,Fudge Cake,GranOLAS,2,44,32,1372800,16.0,7,12
2026-01,Carulla,Cartagena,GRA-PIS,Pistachio Cookie,GranOLAS,2,17,14,711200,7.0,4,3
2026-01,Carulla,Cartagena,GRA-VAN,Vanilla Shortbread,GranOLAS,2,26,21,900900,10.5,0,5
2026-01,Carulla,Cartagena,HAR-AVE,Harina de Avena,Avena & Harinas,2,34,28,992600,14.0,0,6
2026-01,Carulla,Cartagena,MER-NYR,New Year Resolution,Merch,2,25,20,2260000,10.0,3,5
2026-01,Carulla,Cartagena,PAN-ALM-CHO,Almendra Choco Chips,Pancakes & Waffles,2,13,9,423900,4.5,0,4
2026-01,Carulla,Cartagena,PAN-ALM-CHU,Almendra Churro,Pancakes & Waffles,2,56,45,2119500,22.5,6,11
2026-01,Carulla,Cartagena,PAN-ALM-VAN,Almendra Vainilla,Pancakes & Waffles,2,18,18,847800,9.0,3,0
2026-01,Carulla,Cartagena,PAN-AVE-BRO,Avena Brownie,Pancakes & Waffles,2,19,14,520100,7.0,2,5
2026-01,Carulla,Cartagena,PAN-AVE-VAN,Avena Vainilla,Pancakes & Waffles,2,81,67,2489050,33.5,1,14
2026-01,Carulla,Manizales,COM-3GRA,Three Pack GranOLA,Combos,1,40,37,4045950,37.0,3,3
2026-01,Carulla,Manizales,COM-MIX,Perfect Mix & Match,Combos,1,50,40,3130000,40.0,2,10
2026-01,Carulla,Manizales,COM-WAF,Mini Wafflera,Combos,1,22,21,2373000,21.0,3,1
2026-01,Carulla,Manizales,ESP-CRU,Crunchy Cocoa Hazelnut,Esparcibles,1,59,46,2525400,46.0,2,13
2026-01,Carulla,Manizales,ESP-PIS,Buttery Pistachio Cookie,Esparcibles,1,20,18,1291500,18.0,4,2
2026-01,Carulla,Manizales,HAR-AVE,Harina de Avena,Avena & Harinas,1,83,75,2658750,75.0,2,8
2026-01,Carulla,Manizales,MER-NYR,New Year Resolution,Merch,1,7,5,565000,5.0,3,2
2026-01,Carulla,Medellín,AVE-HOJ,Avena en Hojuelas,Avena & Harinas,5,80,65,2304250,13.0,6,15
2026-01,Carulla,Medellín,COM-3GRA,Three Pack GranOLA,Combos,5,51,45,4920750,9.0,4,6
2026-01,Carulla,Medellín,COM-3MEZ,Three Pack Mezclas,Combos,5,118,97,10412950,19.4,7,21
2026-01,Carulla,Medellín,COM-3SPR,Three Pack Spread,Combos,5,27,20,2910000,4.0,10,7
2026-01,Carulla,Medellín,COM-DECK,Deck de Cartas,Combos,5,42,36,4068000,7.2,4,6
2026-01,Carulla,Medellín,COM-MIX,Perfect Mix & Match,Combos,5,41,38,2973500,7.6,0,3
2026-01,Carulla,Medellín,COM-ROMP,Rompecabezas,Combos,5,31,30,3390000,6.0,0,1
2026-01,Carulla,Medellín,COM-WAF,Mini Wafflera,Combos,5,12,10,1130000,2.0,4,2
2026-01,Carulla,Medellín,ESP-BABY,Baby Spreads,Esparcibles,5,177,127,2800350,25.4,1,50
2026-01,Carulla,Medellín,ESP-CIN,Golden Cinnamon Roll,Esparcibles,5,4,3,164700,0.6,0,1
2026-01,Carulla,Medellín,ESP-CRE,Creamy Cocoa Hazelnut,Esparcibles,5,85,66,3623400,13.2,8,19
2026-01,Carulla,Medellín,ESP-CRU,Crunchy Cocoa Hazelnut,Esparcibles,5,37,32,1756800,6.4,1,5
2026-01,Carulla,Medellín,ESP-PB,Peanutty Banana Shake,Esparcibles,5,12,11,603900,2.2,2,1
2026-01,Carulla,Medellín,ESP-PIS,Buttery Pistachio Cookie,Esparcibles,5,65,57,4089750,11.4,0,8
2026-01,Carulla,Medellín,GRA-CHI,Chip Cookie,GranOLAS,5,196,180,7722000,36.0,0,16
2026-01,Carulla,Medellín,GRA-FUD,Fudge Cake,GranOLAS,5,37,34,1458600,6.8,4,3
2026-01,Carulla,Medellín,GRA-VAN,Vanilla Shortbread,GranOLAS,5,16,14,600600,2.8,4,2
2026-01,Carulla,Medellín,HAR-ALM,Harina de Almendra,Avena & Harinas,5,180,135,5285250,27.0,3,45
2026-01,Carulla,Medellín,HAR-AVE,Harina de Avena,Avena & Harinas,5,104,91,3225950,18.2,3,13
2026-01,Carulla,Medellín,PAN-ALM-CHO,Almendra Choco Chips,Pancakes & Waffles,5,21,15,706500,3.0,6,6
2026-01,Carulla,Medellín,PAN-ALM-CHU,Almendra Churro,Pancakes & Waffles,5,67,57,2684700,11.4,2,10
2026-01,Carulla,Medellín,PAN-ALM-VAN,Almendra Vainilla,Pancakes & Waffles,5,37,37,1742700,7.4,8,0
2026-01,Carulla,Medellín,PAN-AVE-BAN,Avena Banano,Pancakes & Waffles,5,205,184,6835600,36.8,2,21
2026-01,Carulla,Medellín,PAN-AVE-BRO,Avena Brownie,Pancakes & Waffles,5,172,170,6315500,34.0,1,2
2026-01,Carulla,Medellín,PAN-AVE-VAN,Avena Vainilla,Pancakes & Waffles,5,115,84,3120600,16.8,6,31
2026-01,Carulla,Pereira,COM-MIX,Perfect Mix & Match,Combos,1,2,1,78250,1.0,2,1
2026-01,Carulla,Pereira,COM-ROMP,Rompecabezas,Combos,1,2,2,226000,2.0,5,0
2026-01,Carulla,Pereira,COM-WAF,Mini Wafflera,Combos,1,5,4,452000,4.0,3,1
2026-01,Carulla,Pereira,ESP-BABY,Baby Spreads,Esparcibles,1,39,28,617400,28.0,0,11
2026-01,Carulla,Pereira,ESP-CRE,Creamy Cocoa Hazelnut,Esparcibles,1,6,5,274500,5.0,1,1
2026-01,Carulla,Pereira,HAR-AVE,Harina de Avena,Avena & Harinas,1,9,7,248150,7.0,6,2
2026-01,Carulla,Pereira,PAN-AVE-BAN,Avena Banano,Pancakes & Waffles,1,26,22,817300,22.0,5,4
2026-01,Carulla,Pereira,PAN-AVE-VAN,Avena Vainilla,Pancakes & Waffles,1,40,38,1411700,38.0,0,2
2026-01,Fithub,Barranquilla,AVE-HOJ,Avena en Hojuelas,Avena & Harinas,2,78,63,2428650,31.5,0,15
2026-01,Fithub,Barranquilla,COM-3GRA,Three Pack GranOLA,Combos,2,1,0,0,0.0,8,1
2026-01,Fithub,Barranquilla,COM-3MEZ,Three Pack Mezclas,Combos,2,5,3,350550,1.5,3,2
2026-01,Fithub,Barranquilla,COM-3SPR,Three Pack Spread,Combos,2,13,10,1584000,5.0,0,3
2026-01,Fithub,Barranquilla,COM-DECK,Deck de Cartas,Combos,2,3,2,246000,1.0,5,1
2026-01,Fithub,Barranquilla,COM-MIX,Perfect Mix & Match,Combos,2,3,2,170400,1.0,2,1
2026-01,Fithub,Barranquilla,COM-ROMP,Rompecabezas,Combos,2,2,1,123000,0.5,3,1
2026-01,Fithub,Barranquilla,COM-WAF,Mini Wafflera,Combos,2,6,5,615000,2.5,2,1
2026-01,Fithub,Barranquilla,ESP-BABY,Baby Spreads,Esparcibles,2,48,41,984000,20.5,1,7
2026-01,Fithub,Barranquilla,ESP-CIN,Golden Cinnamon Roll,Esparcibles,2,5,4,239000,2.0,2,1
2026-01,Fithub,Barranquilla,ESP-CRE,Creamy Cocoa Hazelnut,Esparcibles,2,9,8,478000,4.0,6,1
2026-01,Fithub,Barranquilla,ESP-PB,Peanutty Banana Shake,Esparcibles,2,26,23,1374250,11.5,0,3
2026-01,Fithub,Barranquilla,ESP-PIS,Buttery Pistachio Cookie,Esparcibles,2,13,11,859100,5.5,0,2
2026-01,Fithub,Barranquilla,GRA-CHI,Chip Cookie,GranOLAS,2,29,23,1074100,11.5,4,6
2026-01,Fithub,Barranquilla,GRA-FUD,Fudge Cake,GranOLAS,2,13,9,420300,4.5,2,4
2026-01,Fithub,Barranquilla,GRA-PIS,Pistachio Cookie,GranOLAS,2,19,16,884800,8.0,0,3
2026-01,Fithub,Barranquilla,GRA-VAN,Vanilla Shortbread,GranOLAS,2,41,37,1727900,18.5,3,4
2026-01,Fithub,Barranquilla,HAR-ALM,Harina de Almendra,Avena & Harinas,2,13,10,426000,5.0,2,3
2026-01,Fithub,Barranquilla,HAR-AVE,Harina de Avena,Avena & Harinas,2,41,37,1426350,18.5,6,4
2026-01,Fithub,Barranquilla,MER-NYR,New Year Resolution,Merch,2,3,2,246000,1.0,4,1
2026-01,Fithub,Barranquilla,PAN-ALM-CHO,Almendra Choco Chips,Pancakes & Waffles,2,19,15,769500,7.5,0,4
2026-01,Fithub,Barranquilla,PAN-ALM-CHU,Almendra Churro,Pancakes & Waffles,2,39,36,1846800,18.0,4,3
2026-01,Fithub,Barranquilla,PAN-AVE-BAN,Avena Banano,Pancakes & Waffles,2,19,16,647200,8.0,2,3
2026-01,Fithub,Barranquilla,PAN-AVE-BRO,Avena Brownie,Pancakes & Waffles,2,57,44,1779800,22.0,5,13
2026-01,Fithub,Barranquilla,PAN-AVE-VAN,Avena Vainilla,Pancakes & Waffles,2,7,6,242700,3.0,0,1
2026-01,Fithub,Bogotá,AVE-HOJ,Avena en Hojuelas,Avena & Harinas,3,98,89,3430950,29.67,4,9
2026-01,Fithub,Bogotá,COM-3GRA,Three Pack GranOLA,Combos,3,18,15,1785750,5.0,8,3
2026-01,Fithub,Bogotá,COM-3MEZ,Three Pack Mezclas,Combos,3,29,21,2453850,7.0,3,8
2026-01,Fithub,Bogotá,COM-3SPR,Three Pack Spread,Combos,3,37,32,5068800,10.67,0,5
2026-01,Fithub,Bogotá,COM-DECK,Deck de Cartas,Combos,3,82,63,7749000,21.0,1,19
2026-01,Fithub,Bogotá,COM-MIX,Perfect Mix & Match,Combos,3,43,42,3578400,14.0,0,1
2026-01,Fithub,Bogotá,COM-ROMP,Rompecabezas,Combos,3,13,12,1476000,4.0,6,1
2026-01,Fithub,Bogotá,COM-WAF,Mini Wafflera,Combos,3,50,43,5289000,14.33,3,7
2026-01,Fithub,Bogotá,ESP-BABY,Baby Spreads,Esparcibles,3,121,101,2424000,33.67,3,20
2026-01,Fithub,Bogotá,ESP-CIN,Golden Cinnamon Roll,Esparcibles,3,61,53,3166750,17.67,2,8
2026-01,Fithub,Bogotá,ESP-CRE,Creamy Cocoa Hazelnut,Esparcibles,3,72,67,4003250,22.33,2,5
2026-01,Fithub,Bogotá,ESP-CRU,Crunchy Cocoa Hazelnut,Esparcibles,3,60,51,3047250,17.0,4,9
2026-01,Fithub,Bogotá,ESP-PB,Peanutty Banana Shake,Esparcibles,3,91,89,5317750,29.67,6,2
2026-01,Fithub,Bogotá,ESP-PIS,Buttery Pistachio Cookie,Esparcibles,3,32,32,2499200,10.67,6,0
2026-01,Fithub,Bogotá,GRA-CHI,Chip Cookie,GranOLAS,3,170,126,5884200,42.0,2,44
2026-01,Fithub,Bogotá,GRA-FUD,Fudge Cake,GranOLAS,3,113,105,4903500,35.0,0,8
2026-01,Fithub,Bogotá,GRA-PIS,Pistachio Cookie,GranOLAS,3,74,71,3926300,23.67,3,3
2026-01,Fithub,Bogotá,GRA-VAN,Vanilla Shortbread,GranOLAS,3,102,84,3922800,28.0,1,18
2026-01,Fithub,Bogotá,HAR-ALM,Harina de Almendra,Avena & Harinas,3,83,71,3024600,23.67,0,12
2026-01,Fithub,Bogotá,HAR-AVE,Harina de Avena,Avena & Harinas,3,40,29,1117950,9.67,1,11
2026-01,Fithub,Bogotá,MER-NYR,New Year Resolution,Merch,3,33,32,3936000,10.67,3,1
2026-01,Fithub,Bogotá,PAN-ALM-CHO,Almendra Choco Chips,Pancakes & Waffles,3,108,86,4411800,28.67,7,22
2026-01,Fithub,Bogotá,PAN-ALM-CHU,Almendra Churro,Pancakes & Waffles,3,16,15,769500,5.0,1,1
2026-01,Fithub,Bogotá,PAN-ALM-VAN,Almendra Vainilla,Pancakes & Waffles,3,69,50,2565000,16.67,3,19
2026-01,Fithub,Bogotá,PAN-AVE-BAN,Avena Banano,Pancakes & Waffles,3,93,77,3114650,25.67,2,16
2026-01,Fithub,Bogotá,PAN-AVE-BRO,Avena Brownie,Pancakes & Waffles,3,72,60,2427000,20.0,0,12
2026-01,Fithub,Bogotá,PAN-AVE-VAN,Avena Vainilla,Pancakes & Waffles,3,98,82,3316900,27.33,11,16
2026-01,Fithub,Bucaramanga,COM-3MEZ,Three Pack Mezclas,Combos,3,15,14,1635900,4.67,0,1
2026-01,Fithub,Bucaramanga,COM-3SPR,Three Pack Spread,Combos,3,2,1,158400,0.33,4,1
2026-01,Fithub,Bucaramanga,COM-DECK,Deck de Cartas,Combos,3,9,9,1107000,3.0,0,0
2026-01,Fithub,Bucaramanga,COM-MIX,Perfect Mix & Match,Combos,3,12,10,852000,3.33,4,2
2026-01,Fithub,Bucaramanga,COM-ROMP,Rompecabezas,Combos,3,4,3,369000,1.0,2,1
2026-01,Fithub,Bucaramanga,COM-WAF,Mini Wafflera,Combos,3,19,14,1722000,4.67,2,5
2026-01,Fithub,Bucaramanga,ESP-BABY,Baby Spreads,Esparcibles,3,29,21,504000,7.0,1,8
2026-01,Fithub,Bucaramanga,ESP-CIN,Golden Cinnamon Roll,Esparcibles,3,25,22,1314500,7.33,2,3
2026-01,Fithub,Bucaramanga,ESP-CRE,Creamy Cocoa Hazelnut,Esparcibles,3,7,6,358500,2.0,3,1
2026-01,Fithub,Bucaramanga,ESP-CRU,Crunchy Cocoa Hazelnut,Esparcibles,3,3,2,119500,0.67,0,1
2026-01,Fithub,Bucaramanga,ESP-PB,Peanutty Banana Shake,Esparcibles,3,8,6,358500,2.0,3,2
2026-01,Fithub,Bucaramanga,ESP-PIS,Buttery Pistachio Cookie,Esparcibles,3,6,5,390500,1.67,1,1
2026-01,Fithub,Bucaramanga,GRA-CHI,Chip Cookie,GranOLAS,3,11,10,467000,3.33,1,1
2026-01,Fithub,Bucaramanga,GRA-FUD,Fudge Cake,GranOLAS,3,26,20,934000,6.67,3,6
2026-01,Fithub,Bucaramanga,GRA-PIS,Pistachio Cookie,GranOLAS,3,13,9,497700,3.0,5,4
2026-01,Fithub,Bucaramanga,GRA-VAN,Vanilla Shortbread,GranOLAS,3,37,33,1541100,11.0,0,4
2026-01,Fithub,Bucaramanga,HAR-ALM,Harina de Almendra,Avena & Harinas,3,4,4,170400,1.33,0,0
2026-01,Fithub,Bucaramanga,HAR-AVE,Harina de Avena,Avena & Harinas,3,83,73,2814150,24.33,0,10
2026-01,Fithub,Bucaramanga,MER-NYR,New Year Resolution,Merch,3,5,3,369000,1.0,4,2
2026-01,Fithub,Bucaramanga,PAN-ALM-CHO,Almendra Choco Chips,Pancakes & Waffles,3,2,2,102600,0.67,4,0
2026-01,Fithub,Bucaramanga,PAN-ALM-CHU,Almendra Churro,Pancakes & Waffles,3,26,24,1231200,8.0,3,2
2026-01,Fithub,Bucaramanga,PAN-ALM-VAN,Almendra Vainilla,Pancakes & Waffles,3,46,35,1795500,11.67,0,11
2026-01,Fithub,Bucaramanga,PAN-AVE-BAN,Avena Banano,Pancakes & Waffles,3,27,23,930350,7.67,0,4
2026-01,Fithub,Bucaramanga,PAN-AVE-BRO,Avena Brownie,Pancakes & Waffles,3,2,1,40450,0.33,6,1
2026-01,Fithub,Bucaramanga,PAN-AVE-VAN,Avena Vainilla,Pancakes & Waffles,3,5,3,121350,1.0,0,2
2026-01,Fithub,Cali,AVE-HOJ,Avena en Hojuelas,Avena & Harinas,2,24,19,732450,9.5,9,5
2026-01,Fithub,Cali,COM-3GRA,Three Pack GranOLA,Combos,2,13,12,1428600,6.0,1,1
2026-01,Fithub,Cali,COM-3MEZ,Three Pack Mezclas,Combos,2,4,3,350550,1.5,1,1
2026-01,Fithub,Cali,COM-3SPR,Three Pack Spread,Combos,2,12,8,1267200,4.0,7,4
2026-01,Fithub,Cali,COM-DECK,Deck de Cartas,Combos,2,7,6,738000,3.0,0,1
2026-01,Fithub,Cali,COM-MIX,Perfect Mix & Match,Combos,2,5,4,340800,2.0,5,1
2026-01,Fithub,Cali,COM-ROMP,Rompecabezas,Combos,2,21,18,2214000,9.0,2,3
2026-01,Fithub,Cali,COM-WAF,Mini Wafflera,Combos,2,23,19,2337000,9.5,0,4
2026-01,Fithub,Cali,ESP-BABY,Baby Spreads,Esparcibles,2,69,54,1296000,27.0,3,15
2026-01,Fithub,Cali,ESP-CIN,Golden Cinnamon Roll,Esparcibles,2,61,43,2569250,21.5,4,18
2026-01,Fithub,Cali,ESP-CRE,Creamy Cocoa Hazelnut,Esparcibles,2,8,6,358500,3.0,0,2
2026-01,Fithub,Cali,ESP-PIS,Buttery Pistachio Cookie,Esparcibles,2,11,8,624800,4.0,0,3
2026-01,Fithub,Cali,GRA-CHI,Chip Cookie,GranOLAS,2,61,46,2148200,23.0,7,15
2026-01,Fithub,Cali,GRA-FUD,Fudge Cake,GranOLAS,2,73,67,3128900,33.5,2,6
2026-01,Fithub,Cali,GRA-PIS,Pistachio Cookie,GranOLAS,2,12,11,608300,5.5,2,1
2026-01,Fithub,Cali,GRA-VAN,Vanilla Shortbread,GranOLAS,2,146,130,6071000,65.0,1,16
2026-01,Fithub,Cali,HAR-AVE,Harina de Avena,Avena & Harinas,2,77,71,2737050,35.5,1,6
2026-01,Fithub,Cali,MER-NYR,New Year Resolution,Merch,2,2,1,123000,0.5,0,1
2026-01,Fithub,Cali,PAN-ALM-CHO,Almendra Choco Chips,Pancakes & Waffles,2,3,2,102600,1.0,0,1
2026-01,Fithub,Cali,PAN-ALM-CHU,Almendra Churro,Pancakes & Waffles,2,28,21,1077300,10.5,6,7
2026-01,Fithub,Cali,PAN-ALM-VAN,Almendra Vainilla,Pancakes & Waffles,2,5,4,205200,2.0,3,1
2026-01,Fithub,Cali,PAN-AVE-BAN,Avena Banano,Pancakes & Waffles,2,24,21,849450,10.5,3,3
2026-01,Fithub,Cali,PAN-AVE-VAN,Avena Vainilla,Pancakes & Waffles,2,23,19,768550,9.5,0,4
2026-01,Fithub,Cartagena,AVE-HOJ,Avena en Hojuelas,Avena & Harinas,1,32,29,1117950,29.0,2,3
2026-01,Fithub,Cartagena,COM-3GRA,Three Pack GranOLA,Combos,1,7,6,714300,6.0,4,1
2026-01,Fithub,Cartagena,COM-3MEZ,Three Pack Mezclas,Combos,1,16,16,1869600,16.0,1,0
2026-01,Fithub,Cartagena,COM-3SPR,Three Pack Spread,Combos,1,1,0,0,0.0,6,1
2026-01,Fithub,Cartagena,COM-DECK,Deck de Cartas,Combos,1,8,5,615000,5.0,3,3
2026-01,Fithub,Cartagena,COM-MIX,Perfect Mix & Match,Combos,1,1,0,0,0.0,9,1
2026-01,Fithub,Cartagena,ESP-BABY,Baby Spreads,Esparcibles,1,21,19,456000,19.0,0,2
2026-01,Fithub,Cartagena,ESP-CIN,Golden Cinnamon Roll,Esparcibles,1,34,29,1732750,29.0,1,5
2026-01,Fithub,Cartagena,ESP-PB,Peanutty Banana Shake,Esparcibles,1,16,12,717000,12.0,8,4
2026-01,Fithub,Cartagena,GRA-CHI,Chip Cookie,GranOLAS,1,31,29,1354300,29.0,3,2
2026-01,Fithub,Cartagena,GRA-FUD,Fudge Cake,GranOLAS,1,6,4,186800,4.0,0,2
2026-01,Fithub,Cartagena,GRA-PIS,Pistachio Cookie,GranOLAS,1,27,24,1327200,24.0,3,3
2026-01,Fithub,Cartagena,HAR-AVE,Harina de Avena,Avena & Harinas,1,3,3,115650,3.0,5,0
2026-01,Fithub,Cartagena,PAN-ALM-CHO,Almendra Choco Chips,Pancakes & Waffles,1,40,30,1539000,30.0,0,10
2026-01,Fithub,Cartagena,PAN-ALM-VAN,Almendra Vainilla,Pancakes & Waffles,1,18,16,820800,16.0,5,2
2026-01,Fithub,Cartagena,PAN-AVE-BRO,Avena Brownie,Pancakes & Waffles,1,21,15,606750,15.0,5,6
2026-01,Fithub,Cartagena,PAN-AVE-VAN,Avena Vainilla,Pancakes & Waffles,1,30,26,1051700,26.0,3,4
2026-01,Fithub,Medellín,AVE-HOJ,Avena en Hojuelas,Avena & Harinas,4,16,12,462600,3.0,2,4
2026-01,Fithub,Medellín,COM-3GRA,Three Pack GranOLA,Combos,4,14,11,1309550,2.75,4,3
2026-01,Fithub,Medellín,COM-3MEZ,Three Pack Mezclas,Combos,4,25,19,2220150,4.75,0,6
2026-01,Fithub,Medellín,COM-3SPR,Three Pack Spread,Combos,4,4,3,475200,0.75,1,1
2026-01,Fithub,Medellín,COM-DECK,Deck de Cartas,Combos,4,24,22,2706000,5.5,6,2
2026-01,Fithub,Medellín,COM-MIX,Perfect Mix & Match,Combos,4,16,11,937200,2.75,0,5
2026-01,Fithub,Medellín,COM-ROMP,Rompecabezas,Combos,4,19,18,2214000,4.5,0,1
2026-01,Fithub,Medellín,COM-WAF,Mini Wafflera,Combos,4,7,5,615000,1.25,6,2
2026-01,Fithub,Medellín,ESP-BABY,Baby Spreads,Esparcibles,4,52,37,888000,9.25,6,15
2026-01,Fithub,Medellín,ESP-CIN,Golden Cinnamon Roll,Esparcibles,4,48,48,2868000,12.0,2,0
2026-01,Fithub,Medellín,ESP-CRE,Creamy Cocoa Hazelnut,Esparcibles,4,2,1,59750,0.25,1,1
2026-01,Fithub,Medellín,ESP-CRU,Crunchy Cocoa Hazelnut,Esparcibles,4,51,47,2808250,11.75,4,4
2026-01,Fithub,Medellín,ESP-PB,Peanutty Banana Shake,Esparcibles,4,46,42,2509500,10.5,4,4
2026-01,Fithub,Medellín,ESP-PIS,Buttery Pistachio Cookie,Esparcibles,4,31,23,1796300,5.75,5,8
2026-01,Fithub,Medellín,GRA-CHI,Chip Cookie,GranOLAS,4,38,36,1681200,9.0,2,2
2026-01,Fithub,Medellín,GRA-FUD,Fudge Cake,GranOLAS,4,42,35,1634500,8.75,0,7
2026-01,Fithub,Medellín,GRA-PIS,Pistachio Cookie,GranOLAS,4,86,86,4755800,21.5,0,0
2026-01,Fithub,Medellín,GRA-VAN,Vanilla Shortbread,GranOLAS,4,84,64,2988800,16.0,4,20
2026-01,Fithub,Medellín,HAR-ALM,Harina de Almendra,Avena & Harinas,4,66,63,2683800,15.75,2,3
2026-01,Fithub,Medellín,HAR-AVE,Harina de Avena,Avena & Harinas,4,5,5,192750,1.25,0,0
2026-01,Fithub,Medellín,MER-NYR,New Year Resolution,Merch,4,20,16,1968000,4.0,0,4
2026-01,Fithub,Medellín,PAN-ALM-CHO,Almendra Choco Chips,Pancakes & Waffles,4,29,22,1128600,5.5,4,7
2026-01,Fithub,Medellín,PAN-ALM-CHU,Almendra Churro,Pancakes & Waffles,4,79,74,3796200,18.5,3,5
2026-01,Fithub,Medellín,PAN-ALM-VAN,Almendra Vainilla,Pancakes & Waffles,4,56,53,2718900,13.25,7,3
2026-01,Fithub,Medellín,PAN-AVE-BAN,Avena Banano,Pancakes & Waffles,4,11,9,364050,2.25,6,2
2026-01,Fithub,Medellín,PAN-AVE-BRO,Avena Brownie,Pancakes & Waffles,4,47,38,1537100,9.5,3,9
2026-01,Fithub,Medellín,PAN-AVE-VAN,Avena Vainilla,Pancakes & Waffles,4,45,42,1698900,10.5,4,3
2026-01,Fithub,Pereira,COM-3GRA,Three Pack GranOLA,Combos,1,24,18,2142900,18.0,4,6
2026-01,Fithub,Pereira,COM-3MEZ,Three Pack Mezclas,Combos,1,7,5,584250,5.0,2,2
2026-01,Fithub,Pereira,COM-3SPR,Three Pack Spread,Combos,1,2,1,158400,1.0,0,1
2026-01,Fithub,Pereira,COM-DECK,Deck de Cartas,Combos,1,23,18,2214000,18.0,4,5
2026-01,Fithub,Pereira,COM-MIX,Perfect Mix & Match,Combos,1,5,4,340800,4.0,2,1
2026-01,Fithub,Pereira,COM-ROMP,Rompecabezas,Combos,1,2,1,123000,1.0,3,1
2026-01,Fithub,Pereira,COM-WAF,Mini Wafflera,Combos,1,1,0,0,0.0,4,1
2026-01,Fithub,Pereira,ESP-BABY,Baby Spreads,Esparcibles,1,8,7,168000,7.0,3,1
2026-01,Fithub,Pereira,ESP-CIN,Golden Cinnamon Roll,Esparcibles,1,17,14,836500,14.0,0,3
2026-01,Fithub,Pereira,ESP-CRE,Creamy Cocoa Hazelnut,Esparcibles,1,7,5,298750,5.0,7,2
2026-01,Fithub,Pereira,ESP-CRU,Crunchy Cocoa Hazelnut,Esparcibles,1,9,7,418250,7.0,8,2
2026-01,Fithub,Pereira,ESP-PB,Peanutty Banana Shake,Esparcibles,1,1,0,0,0.0,1,1
2026-01,Fithub,Pereira,ESP-PIS,Buttery Pistachio Cookie,Esparcibles,1,9,8,624800,8.0,1,1
2026-01,Fithub,Pereira,GRA-FUD,Fudge Cake,GranOLAS,1,37,31,1447700,31.0,0,6
2026-01,Fithub,Pereira,GRA-PIS,Pistachio Cookie,GranOLAS,1,11,9,497700,9.0,0,2
2026-01,Fithub,Pereira,HAR-ALM,Harina de Almendra,Avena & Harinas,1,26,24,1022400,24.0,0,2
2026-01,Fithub,Pereira,HAR-AVE,Harina de Avena,Avena & Harinas,1,13,13,501150,13.0,0,0
2026-01,Fithub,Pereira,MER-NYR,New Year Resolution,Merch,1,1,1,123000,1.0,5,0
2026-01,Fithub,Pereira,PAN-ALM-CHO,Almendra Choco Chips,Pancakes & Waffles,1,10,8,410400,8.0,0,2
2026-01,Fithub,Pereira,PAN-ALM-CHU,Almendra Churro,Pancakes & Waffles,1,3,2,102600,2.0,4,1
2026-01,Fithub,Pereira,PAN-ALM-VAN,Almendra Vainilla,Pancakes & Waffles,1,3,2,102600,2.0,2,1
2026-01,Fithub,Pereira,PAN-AVE-BRO,Avena Brownie,Pancakes & Waffles,1,9,8,323600,8.0,5,1
2026-01,Fithub,Pereira,PAN-AVE-VAN,Avena Vainilla,Pancakes & Waffles,1,4,3,121350,3.0,5,1
2026-01,Tiendas naturistas,Barranquilla,AVE-HOJ,Avena en Hojuelas,Avena & Harinas,2,47,38,1406000,19.0,4,9
2026-01,Tiendas naturistas,Barranquilla,COM-3GRA,Three Pack GranOLA,Combos,2,10,9,1027800,4.5,0,1
2026-01,Tiendas naturistas,Barranquilla,COM-3MEZ,Three Pack Mezclas,Combos,2,23,17,1905700,8.5,2,6
2026-01,Tiendas naturistas,Barranquilla,COM-3SPR,Three Pack Spread,Combos,2,1,0,0,0.0,4,1
2026-01,Tiendas naturistas,Barranquilla,COM-DECK,Deck de Cartas,Combos,2,2,1,118000,0.5,0,1
2026-01,Tiendas naturistas,Barranquilla,COM-MIX,Perfect Mix & Match,Combos,2,14,12,980400,6.0,3,2
2026-01,Tiendas naturistas,Barranquilla,COM-ROMP,Rompecabezas,Combos,2,30,28,3304000,14.0,3,2
2026-01,Tiendas naturistas,Barranquilla,COM-WAF,Mini Wafflera,Combos,2,2,1,118000,0.5,0,1
2026-01,Tiendas naturistas,Barranquilla,ESP-CIN,Golden Cinnamon Roll,Esparcibles,2,45,41,2351350,20.5,1,4
2026-01,Tiendas naturistas,Barranquilla,ESP-PIS,Buttery Pistachio Cookie,Esparcibles,2,37,33,2473350,16.5,0,4
2026-01,Tiendas naturistas,Barranquilla,GRA-CHI,Chip Cookie,GranOLAS,2,10,9,403200,4.5,12,1
2026-01,Tiendas naturistas,Barranquilla,GRA-FUD,Fudge Cake,GranOLAS,2,9,7,313600,3.5,0,2
2026-01,Tiendas naturistas,Barranquilla,GRA-PIS,Pistachio Cookie,GranOLAS,2,14,10,530500,5.0,1,4
2026-01,Tiendas naturistas,Barranquilla,HAR-ALM,Harina de Almendra,Avena & Harinas,2,10,9,368100,4.5,1,1
2026-01,Tiendas naturistas,Barranquilla,HAR-AVE,Harina de Avena,Avena & Harinas,2,56,47,1739000,23.5,2,9
2026-01,Tiendas naturistas,Barranquilla,PAN-ALM-CHU,Almendra Churro,Pancakes & Waffles,2,141,142,6986400,71.0,0,0
2026-01,Tiendas naturistas,Barranquilla,PAN-ALM-VAN,Almendra Vainilla,Pancakes & Waffles,2,16,14,688800,7.0,0,2
2026-01,Tiendas naturistas,Barranquilla,PAN-AVE-BAN,Avena Banano,Pancakes & Waffles,2,50,37,1435600,18.5,4,13
2026-01,Tiendas naturistas,Barranquilla,PAN-AVE-BRO,Avena Brownie,Pancakes & Waffles,2,23,18,698400,9.0,8,5
2026-01,Tiendas naturistas,Barranquilla,PAN-AVE-VAN,Avena Vainilla,Pancakes & Waffles,2,57,48,1862400,24.0,3,9
2026-01,Tiendas naturistas,Bogotá,AVE-HOJ,Avena en Hojuelas,Avena & Harinas,31,59,47,1739000,1.52,1,12
2026-01,Tiendas naturistas,Bogotá,COM-3GRA,Three Pack GranOLA,Combos,31,110,101,11534200,3.26,2,9
2026-01,Tiendas naturistas,Bogotá,COM-3MEZ,Three Pack Mezclas,Combos,31,33,26,2914600,0.84,1,7
2026-01,Tiendas naturistas,Bogotá,COM-3SPR,Three Pack Spread,Combos,31,21,19,2887050,0.61,6,2
2026-01,Tiendas naturistas,Bogotá,COM-DECK,Deck de Cartas,Combos,31,109,100,11800000,3.23,0,9
2026-01,Tiendas naturistas,Bogotá,COM-MIX,Perfect Mix & Match,Combos,31,26,22,1797400,0.71,3,4
2026-01,Tiendas naturistas,Bogotá,COM-ROMP,Rompecabezas,Combos,31,20,16,1888000,0.52,3,4
2026-01,Tiendas naturistas,Bogotá,COM-WAF,Mini Wafflera,Combos,31,54,43,5074000,1.39,0,11
2026-01,Tiendas naturistas,Bogotá,ESP-BABY,Baby Spreads,Esparcibles,31,134,109,2507000,3.52,0,25
2026-01,Tiendas naturistas,Bogotá,ESP-CIN,Golden Cinnamon Roll,Esparcibles,31,181,163,9348050,5.26,1,18
2026-01,Tiendas naturistas,Bogotá,ESP-CRE,Creamy Cocoa Hazelnut,Esparcibles,31,138,112,6423200,3.61,4,26
2026-01,Tiendas naturistas,Bogotá,ESP-CRU,Crunchy Cocoa Hazelnut,Esparcibles,31,55,48,2752800,1.55,1,7
2026-01,Tiendas naturistas,Bogotá,ESP-PB,Peanutty Banana Shake,Esparcibles,31,192,157,9003950,5.06,0,35
2026-01,Tiendas naturistas,Bogotá,ESP-PIS,Buttery Pistachio Cookie,Esparcibles,31,41,34,2548300,1.1,2,7
2026-01,Tiendas naturistas,Bogotá,GRA-CHI,Chip Cookie,GranOLAS,31,64,61,2732800,1.97,0,3
2026-01,Tiendas naturistas,Bogotá,GRA-FUD,Fudge Cake,GranOLAS,31,168,122,5465600,3.94,5,46
2026-01,Tiendas naturistas,Bogotá,GRA-PIS,Pistachio Cookie,GranOLAS,31,91,77,4084850,2.48,4,14
2026-01,Tiendas naturistas,Bogotá,GRA-VAN,Vanilla Shortbread,GranOLAS,31,127,92,4121600,2.97,0,35
2026-01,Tiendas naturistas,Bogotá,HAR-ALM,Harina de Almendra,Avena & Harinas,31,34,26,1063400,0.84,2,8
2026-01,Tiendas naturistas,Bogotá,HAR-AVE,Harina de Avena,Avena & Harinas,31,99,99,3663000,3.19,6,0
2026-01,Tiendas naturistas,Bogotá,MER-NYR,New Year Resolution,Merch,31,67,64,7552000,2.06,2,3
2026-01,Tiendas naturistas,Bogotá,PAN-ALM-CHO,Almendra Choco Chips,Pancakes & Waffles,31,61,49,2410800,1.58,0,12
2026-01,Tiendas naturistas,Bogotá,PAN-ALM-CHU,Almendra Churro,Pancakes & Waffles,31,126,99,4870800,3.19,0,27
2026-01,Tiendas naturistas,Bogotá,PAN-ALM-VAN,Almendra Vainilla,Pancakes & Waffles,31,29,24,1180800,0.77,8,5
2026-01,Tiendas naturistas,Bogotá,PAN-AVE-BAN,Avena Banano,Pancakes & Waffles,31,55,44,1707200,1.42,10,11
2026-01,Tiendas naturistas,Bogotá,PAN-AVE-BRO,Avena Brownie,Pancakes & Waffles,31,81,66,2560800,2.13,0,15
2026-01,Tiendas naturistas,Bogotá,PAN-AVE-VAN,Avena Vainilla,Pancakes & Waffles,31,112,85,3298000,2.74,0,27
2026-01,Tiendas naturistas,Bucaramanga,AVE-HOJ,Avena en Hojuelas,Avena & Harinas,2,75,63,2331000,31.5,5,12
2026-01,Tiendas naturistas,Bucaramanga,COM-3MEZ,Three Pack Mezclas,Combos,2,20,17,1905700,8.5,0,3
2026-01,Tiendas naturistas,Bucaramanga,COM-3SPR,Three Pack Spread,Combos,2,5,5,759750,2.5,9,0
2026-01,Tiendas naturistas,Bucaramanga,COM-MIX,Perfect Mix & Match,Combos,2,17,13,1062100,6.5,0,4
2026-01,Tiendas naturistas,Bucaramanga,COM-WAF,Mini Wafflera,Combos,2,9,8,944000,4.0,1,1
2026-01,Tiendas naturistas,Bucaramanga,ESP-CIN,Golden Cinnamon Roll,Esparcibles,2,3,2,114700,1.0,4,1
2026-01,Tiendas naturistas,Bucaramanga,ESP-CRE,Creamy Cocoa Hazelnut,Esparcibles,2,9,8,458800,4.0,2,1
2026-01,Tiendas naturistas,Bucaramanga,ESP-PB,Peanutty Banana Shake,Esparcibles,2,87,82,4702700,41.0,1,5
2026-01,Tiendas naturistas,Bucaramanga,ESP-PIS,Buttery Pistachio Cookie,Esparcibles,2,28,25,1873750,12.5,3,3
2026-01,Tiendas naturistas,Bucaramanga,GRA-CHI,Chip Cookie,GranOLAS,2,34,34,1523200,17.0,2,0
2026-01,Tiendas naturistas,Bucaramanga,GRA-VAN,Vanilla Shortbread,GranOLAS,2,8,8,358400,4.0,3,0
2026-01,Tiendas naturistas,Bucaramanga,MER-NYR,New Year Resolution,Merch,2,5,4,472000,2.0,4,1
2026-01,Tiendas naturistas,Bucaramanga,PAN-ALM-CHU,Almendra Churro,Pancakes & Waffles,2,34,33,1623600,16.5,1,1
2026-01,Tiendas naturistas,Bucaramanga,PAN-AVE-BAN,Avena Banano,Pancakes & Waffles,2,52,48,1862400,24.0,3,4
2026-01,Tiendas naturistas,Bucaramanga,PAN-AVE-VAN,Avena Vainilla,Pancakes & Waffles,2,56,40,1552000,20.0,4,16
2026-01,Tiendas naturistas,Cali,AVE-HOJ,Avena en Hojuelas,Avena & Harinas,5,46,43,1591000,8.6,4,3
2026-01,Tiendas naturistas,Cali,COM-3GRA,Three Pack GranOLA,Combos,5,3,2,228400,0.4,7,1
2026-01,Tiendas naturistas,Cali,COM-3MEZ,Three Pack Mezclas,Combos,5,18,16,1793600,3.2,5,2
2026-01,Tiendas naturistas,Cali,COM-3SPR,Three Pack Spread,Combos,5,3,2,303900,0.4,0,1
2026-01,Tiendas naturistas,Cali,COM-DECK,Deck de Cartas,Combos,5,36,36,4248000,7.2,2,0
2026-01,Tiendas naturistas,Cali,COM-MIX,Perfect Mix & Match,Combos,5,18,16,1307200,3.2,4,2
2026-01,Tiendas naturistas,Cali,COM-ROMP,Rompecabezas,Combos,5,7,6,708000,1.2,2,1
2026-01,Tiendas naturistas,Cali,COM-WAF,Mini Wafflera,Combos,5,10,7,826000,1.4,0,3
2026-01,Tiendas naturistas,Cali,ESP-BABY,Baby Spreads,Esparcibles,5,81,80,1840000,16.0,5,1
2026-01,Tiendas naturistas,Cali,ESP-CIN,Golden Cinnamon Roll,Esparcibles,5,55,48,2752800,9.6,2,7
2026-01,Tiendas naturistas,Cali,ESP-CRE,Creamy Cocoa Hazelnut,Esparcibles,5,14,10,573500,2.0,5,4
2026-01,Tiendas naturistas,Cali,ESP-CRU,Crunchy Cocoa Hazelnut,Esparcibles,5,17,15,860250,3.0,2,2
2026-01,Tiendas naturistas,Cali,ESP-PIS,Buttery Pistachio Cookie,Esparcibles,5,15,14,1049300,2.8,0,1
2026-01,Tiendas naturistas,Cali,GRA-FUD,Fudge Cake,GranOLAS,5,66,55,2464000,11.0,2,11
2026-01,Tiendas naturistas,Cali,GRA-PIS,Pistachio Cookie,GranOLAS,5,41,32,1697600,6.4,0,9
2026-01,Tiendas naturistas,Cali,GRA-VAN,Vanilla Shortbread,GranOLAS,5,4,3,134400,0.6,3,1
2026-01,Tiendas naturistas,Cali,HAR-AVE,Harina de Avena,Avena & Harinas,5,35,26,962000,5.2,3,9
2026-01,Tiendas naturistas,Cali,MER-NYR,New Year Resolution,Merch,5,3,2,236000,0.4,3,1
2026-01,Tiendas naturistas,Cali,PAN-ALM-CHO,Almendra Choco Chips,Pancakes & Waffles,5,9,7,344400,1.4,1,2
2026-01,Tiendas naturistas,Cali,PAN-ALM-CHU,Almendra Churro,Pancakes & Waffles,5,35,26,1279200,5.2,8,9
2026-01,Tiendas naturistas,Cali,PAN-ALM-VAN,Almendra Vainilla,Pancakes & Waffles,5,8,5,246000,1.0,0,3
2026-01,Tiendas naturistas,Cali,PAN-AVE-BAN,Avena Banano,Pancakes & Waffles,5,27,23,892400,4.6,4,4
2026-01,Tiendas naturistas,Cali,PAN-AVE-BRO,Avena Brownie,Pancakes & Waffles,5,9,8,310400,1.6,3,1
2026-01,Tiendas naturistas,Cali,PAN-AVE-VAN,Avena Vainilla,Pancakes & Waffles,5,10,9,349200,1.8,0,1
2026-01,Tiendas naturistas,Cartagena,COM-DECK,Deck de Cartas,Combos,4,3,2,236000,0.5,1,1
2026-01,Tiendas naturistas,Cartagena,COM-MIX,Perfect Mix & Match,Combos,4,3,2,163400,0.5,3,1
2026-01,Tiendas naturistas,Cartagena,COM-ROMP,Rompecabezas,Combos,4,5,5,590000,1.25,0,0
2026-01,Tiendas naturistas,Cartagena,ESP-PB,Peanutty Banana Shake,Esparcibles,4,12,10,573500,2.5,1,2
2026-01,Tiendas naturistas,Cartagena,GRA-CHI,Chip Cookie,GranOLAS,4,3,2,89600,0.5,1,1
2026-01,Tiendas naturistas,Cartagena,PAN-AVE-VAN,Avena Vainilla,Pancakes & Waffles,4,5,4,155200,1.0,3,1
2026-01,Tiendas naturistas,Manizales,COM-WAF,Mini Wafflera,Combos,1,4,4,472000,4.0,1,0
2026-01,Tiendas naturistas,Manizales,ESP-PIS,Buttery Pistachio Cookie,Esparcibles,1,2,1,74950,1.0,4,1
2026-01,Tiendas naturistas,Manizales,GRA-CHI,Chip Cookie,GranOLAS,1,42,38,1702400,38.0,2,4
2026-01,Tiendas naturistas,Manizales,GRA-PIS,Pistachio Cookie,GranOLAS,1,7,5,265250,5.0,0,2
2026-01,Tiendas naturistas,Manizales,GRA-VAN,Vanilla Shortbread,GranOLAS,1,15,11,492800,11.0,2,4
2026-01,Tiendas naturistas,Manizales,PAN-ALM-CHO,Almendra Choco Chips,Pancakes & Waffles,1,18,13,639600,13.0,1,5
2026-01,Tiendas naturistas,Manizales,PAN-ALM-CHU,Almendra Churro,Pancakes & Waffles,1,24,20,984000,20.0,0,4
2026-01,Tiendas naturistas,Manizales,PAN-ALM-VAN,Almendra Vainilla,Pancakes & Waffles,1,26,26,1279200,26.0,0,0
2026-01,Tiendas naturistas,Manizales,PAN-AVE-BRO,Avena Brownie,Pancakes & Waffles,1,3,2,77600,2.0,1,1
2026-01,Tiendas naturistas,Medellín,AVE-HOJ,Avena en Hojuelas,Avena & Harinas,13,87,66,2442000,5.08,3,21
2026-01,Tiendas naturistas,Medellín,COM-3MEZ,Three Pack Mezclas,Combos,13,10,9,1008900,0.69,2,1
2026-01,Tiendas naturistas,Medellín,COM-3SPR,Three Pack Spread,Combos,13,4,3,455850,0.23,3,1
2026-01,Tiendas naturistas,Medellín,COM-DECK,Deck de Cartas,Combos,13,23,21,2478000,1.62,5,2
2026-01,Tiendas naturistas,Medellín,COM-MIX,Perfect Mix & Match,Combos,13,39,37,3022900,2.85,0,2
2026-01,Tiendas naturistas,Medellín,COM-ROMP,Rompecabezas,Combos,13,1,0,0,0.0,2,1
2026-01,Tiendas naturistas,Medellín,COM-WAF,Mini Wafflera,Combos,13,12,11,1298000,0.85,4,1
2026-01,Tiendas naturistas,Medellín,ESP-BABY,Baby Spreads,Esparcibles,13,47,40,920000,3.08,0,7
2026-01,Tiendas naturistas,Medellín,ESP-CIN,Golden Cinnamon Roll,Esparcibles,13,1,0,0,0.0,0,1
2026-01,Tiendas naturistas,Medellín,ESP-CRE,Creamy Cocoa Hazelnut,Esparcibles,13,27,21,1204350,1.62,2,6
2026-01,Tiendas naturistas,Medellín,ESP-CRU,Crunchy Cocoa Hazelnut,Esparcibles,13,47,34,1949900,2.62,0,13
2026-01,Tiendas naturistas,Medellín,ESP-PB,Peanutty Banana Shake,Esparcibles,13,86,62,3555700,4.77,2,24
2026-01,Tiendas naturistas,Medellín,ESP-PIS,Buttery Pistachio Cookie,Esparcibles,13,8,5,374750,0.38,4,3
2026-01,Tiendas naturistas,Medellín,GRA-FUD,Fudge Cake,GranOLAS,13,29,23,1030400,1.77,0,6
2026-01,Tiendas naturistas,Medellín,GRA-PIS,Pistachio Cookie,GranOLAS,13,100,74,3925700,5.69,2,26
2026-01,Tiendas naturistas,Medellín,GRA-VAN,Vanilla Shortbread,GranOLAS,13,42,31,1388800,2.38,6,11
2026-01,Tiendas naturistas,Medellín,HAR-ALM,Harina de Almendra,Avena & Harinas,13,79,64,2617600,4.92,6,15
2026-01,Tiendas naturistas,Medellín,HAR-AVE,Harina de Avena,Avena & Harinas,13,38,33,1221000,2.54,0,5
2026-01,Tiendas naturistas,Medellín,MER-NYR,New Year Resolution,Merch,13,4,3,354000,0.23,1,1
2026-01,Tiendas naturistas,Medellín,PAN-ALM-CHU,Almendra Churro,Pancakes & Waffles,13,89,74,3640800,5.69,8,15
2026-01,Tiendas naturistas,Medellín,PAN-ALM-VAN,Almendra Vainilla,Pancakes & Waffles,13,36,27,1328400,2.08,3,9
2026-01,Tiendas naturistas,Medellín,PAN-AVE-BAN,Avena Banano,Pancakes & Waffles,13,61,56,2172800,4.31,5,5
2026-01,Tiendas naturistas,Medellín,PAN-AVE-BRO,Avena Brownie,Pancakes & Waffles,13,104,85,3298000,6.54,1,19
2026-01,Tiendas naturistas,Pereira,AVE-HOJ,Avena en Hojuelas,Avena & Harinas,4,86,67,2479000,16.75,5,19
2026-01,Tiendas naturistas,Pereira,COM-3GRA,Three Pack GranOLA,Combos,4,18,13,1484600,3.25,1,5
2026-01,Tiendas naturistas,Pereira,COM-3SPR,Three Pack Spread,Combos,4,14,10,1519500,2.5,0,4
2026-01,Tiendas naturistas,Pereira,COM-DECK,Deck de Cartas,Combos,4,1,0,0,0.0,3,1
2026-01,Tiendas naturistas,Pereira,COM-WAF,Mini Wafflera,Combos,4,9,7,826000,1.75,0,2
2026-01,Tiendas naturistas,Pereira,ESP-CIN,Golden Cinnamon Roll,Esparcibles,4,2,1,57350,0.25,8,1
2026-01,Tiendas naturistas,Pereira,ESP-CRE,Creamy Cocoa Hazelnut,Esparcibles,4,25,18,1032300,4.5,4,7
2026-01,Tiendas naturistas,Pereira,ESP-CRU,Crunchy Cocoa Hazelnut,Esparcibles,4,9,6,344100,1.5,7,3
2026-01,Tiendas naturistas,Pereira,ESP-PB,Peanutty Banana Shake,Esparcibles,4,54,50,2867500,12.5,1,4
2026-01,Tiendas naturistas,Pereira,ESP-PIS,Buttery Pistachio Cookie,Esparcibles,4,21,20,1499000,5.0,0,1
2026-01,Tiendas naturistas,Pereira,GRA-CHI,Chip Cookie,GranOLAS,4,28,22,985600,5.5,0,6
2026-01,Tiendas naturistas,Pereira,GRA-PIS,Pistachio Cookie,GranOLAS,4,24,24,1273200,6.0,0,0
2026-01,Tiendas naturistas,Pereira,MER-NYR,New Year Resolution,Merch,4,8,7,826000,1.75,6,1
2026-01,Tiendas naturistas,Pereira,PAN-ALM-CHO,Almendra Choco Chips,Pancakes & Waffles,4,6,5,246000,1.25,3,1
2026-01,Tiendas naturistas,Pereira,PAN-ALM-CHU,Almendra Churro,Pancakes & Waffles,4,4,4,196800,1.0,5,0
2026-01,Tiendas naturistas,Pereira,PAN-ALM-VAN,Almendra Vainilla,Pancakes & Waffles,4,62,52,2558400,13.0,0,10
2026-01,Tiendas naturistas,Pereira,PAN-AVE-BRO,Avena Brownie,Pancakes & Waffles,4,44,40,1552000,10.0,0,4
2026-01,Tiendas naturistas,Pereira,PAN-AVE-VAN,Avena Vainilla,Pancakes & Waffles,4,13,11,426800,2.75,2,2
2026-01,Éxito,Barranquilla,AVE-HOJ,Avena en Hojuelas,Avena & Harinas,5,141,118,4106400,23.6,2,23
2026-01,Éxito,Barranquilla,COM-3GRA,Three Pack GranOLA,Combos,5,100,75,8055000,15.0,2,25
2026-01,Éxito,Barranquilla,COM-3SPR,Three Pack Spread,Combos,5,36,30,4288500,6.0,7,6
2026-01,Éxito,Barranquilla,COM-DECK,Deck de Cartas,Combos,5,36,28,3108000,5.6,1,8
2026-01,Éxito,Barranquilla,COM-MIX,Perfect Mix & Match,Combos,5,300,237,18225300,47.4,3,63
2026-01,Éxito,Barranquilla,COM-ROMP,Rompecabezas,Combos,5,106,94,10434000,18.8,7,12
2026-01,Éxito,Barranquilla,COM-WAF,Mini Wafflera,Combos,5,70,71,7881000,14.2,0,0
2026-01,Éxito,Barranquilla,ESP-CRE,Creamy Cocoa Hazelnut,Esparcibles,5,128,119,6420050,23.8,1,9
2026-01,Éxito,Barranquilla,ESP-CRU,Crunchy Cocoa Hazelnut,Esparcibles,5,168,153,8254350,30.6,0,15
2026-01,Éxito,Barranquilla,ESP-PB,Peanutty Banana Shake,Esparcibles,5,90,65,3506750,13.0,2,25
2026-01,Éxito,Barranquilla,ESP-PIS,Buttery Pistachio Cookie,Esparcibles,5,20,18,1269000,3.6,0,2
2026-01,Éxito,Barranquilla,GRA-CHI,Chip Cookie,GranOLAS,5,202,156,6567600,31.2,2,46
2026-01,Éxito,Barranquilla,GRA-FUD,Fudge Cake,GranOLAS,5,153,117,4925700,23.4,5,36
2026-01,Éxito,Barranquilla,GRA-PIS,Pistachio Cookie,GranOLAS,5,344,304,15169600,60.8,2,40
2026-01,Éxito,Barranquilla,GRA-VAN,Vanilla Shortbread,GranOLAS,5,44,35,1473500,7.0,6,9
2026-01,Éxito,Barranquilla,HAR-ALM,Harina de Almendra,Avena & Harinas,5,168,131,5036950,26.2,0,37
2026-01,Éxito,Barranquilla,HAR-AVE,Harina de Avena,Avena & Harinas,5,102,92,3201600,18.4,8,10
2026-01,Éxito,Barranquilla,MER-NYR,New Year Resolution,Merch,5,51,47,5217000,9.4,3,4
2026-01,Éxito,Barranquilla,PAN-ALM-CHU,Almendra Churro,Pancakes & Waffles,5,129,97,4491100,19.4,1,32
2026-01,Éxito,Barranquilla,PAN-ALM-VAN,Almendra Vainilla,Pancakes & Waffles,5,136,113,5231900,22.6,1,23
2026-01,Éxito,Barranquilla,PAN-AVE-BAN,Avena Banano,Pancakes & Waffles,5,94,80,2920000,16.0,0,14
2026-01,Éxito,Barranquilla,PAN-AVE-BRO,Avena Brownie,Pancakes & Waffles,5,21,15,547500,3.0,0,6
2026-01,Éxito,Barranquilla,PAN-AVE-VAN,Avena Vainilla,Pancakes & Waffles,5,87,78,2847000,15.6,4,9
2026-01,Éxito,Bogotá,AVE-HOJ,Avena en Hojuelas,Avena & Harinas,22,444,369,12841200,16.77,5,75
2026-01,Éxito,Bogotá,COM-3GRA,Three Pack GranOLA,Combos,22,98,80,8592000,3.64,5,18
2026-01,Éxito,Bogotá,COM-3MEZ,Three Pack Mezclas,Combos,22,117,101,10650450,4.59,2,16
2026-01,Éxito,Bogotá,COM-3SPR,Three Pack Spread,Combos,22,153,122,17439900,5.55,6,31
2026-01,Éxito,Bogotá,COM-DECK,Deck de Cartas,Combos,22,7,5,555000,0.23,0,2
2026-01,Éxito,Bogotá,COM-MIX,Perfect Mix & Match,Combos,22,298,285,21916500,12.95,4,13
2026-01,Éxito,Bogotá,COM-ROMP,Rompecabezas,Combos,22,60,49,5439000,2.23,3,11
2026-01,Éxito,Bogotá,COM-WAF,Mini Wafflera,Combos,22,133,103,11433000,4.68,0,30
2026-01,Éxito,Bogotá,ESP-BABY,Baby Spreads,Esparcibles,22,748,568,12297200,25.82,0,180
2026-01,Éxito,Bogotá,ESP-CIN,Golden Cinnamon Roll,Esparcibles,22,495,448,24169600,20.36,7,47
2026-01,Éxito,Bogotá,ESP-CRE,Creamy Cocoa Hazelnut,Esparcibles,22,310,310,16724500,14.09,2,0
2026-01,Éxito,Bogotá,ESP-CRU,Crunchy Cocoa Hazelnut,Esparcibles,22,215,205,11059750,9.32,2,10
2026-01,Éxito,Bogotá,ESP-PB,Peanutty Banana Shake,Esparcibles,22,267,253,13649350,11.5,3,14
2026-01,Éxito,Bogotá,ESP-PIS,Buttery Pistachio Cookie,Esparcibles,22,212,211,14875500,9.59,2,1
2026-01,Éxito,Bogotá,GRA-CHI,Chip Cookie,GranOLAS,22,235,182,7662200,8.27,6,53
2026-01,Éxito,Bogotá,GRA-FUD,Fudge Cake,GranOLAS,22,212,205,8630500,9.32,4,7
2026-01,Éxito,Bogotá,GRA-PIS,Pistachio Cookie,GranOLAS,22,47,34,1696600,1.55,0,13
2026-01,Éxito,Bogotá,GRA-VAN,Vanilla Shortbread,GranOLAS,22,257,222,9346200,10.09,0,35
2026-01,Éxito,Bogotá,HAR-ALM,Harina de Almendra,Avena & Harinas,22,185,151,5805950,6.86,0,34
2026-01,Éxito,Bogotá,HAR-AVE,Harina de Avena,Avena & Harinas,22,229,202,7029600,9.18,0,27
2026-01,Éxito,Bogotá,MER-NYR,New Year Resolution,Merch,22,74,56,6216000,2.55,0,18
2026-01,Éxito,Bogotá,PAN-ALM-CHO,Almendra Choco Chips,Pancakes & Waffles,22,313,236,10926800,10.73,3,77
2026-01,Éxito,Bogotá,PAN-ALM-CHU,Almendra Churro,Pancakes & Waffles,22,153,115,5324500,5.23,0,38
2026-01,Éxito,Bogotá,PAN-ALM-VAN,Almendra Vainilla,Pancakes & Waffles,22,380,365,16899500,16.59,0,15
2026-01,Éxito,Bogotá,PAN-AVE-BAN,Avena Banano,Pancakes & Waffles,22,237,225,8212500,10.23,8,12
2026-01,Éxito,Bogotá,PAN-AVE-BRO,Avena Brownie,Pancakes & Waffles,22,294,281,10256500,12.77,0,13
2026-01,Éxito,Bogotá,PAN-AVE-VAN,Avena Vainilla,Pancakes & Waffles,22,438,406,14819000,18.45,0,32
2026-01,Éxito,Bucaramanga,AVE-HOJ,Avena en Hojuelas,Avena & Harinas,3,38,33,1148400,11.0,4,5
2026-01,Éxito,Bucaramanga,COM-3GRA,Three Pack GranOLA,Combos,3,36,35,3759000,11.67,0,1
2026-01,Éxito,Bucaramanga,COM-DECK,Deck de Cartas,Combos,3,162,117,12987000,39.0,0,45
2026-01,Éxito,Bucaramanga,ESP-BABY,Baby Spreads,Esparcibles,3,71,67,1450550,22.33,4,4
2026-01,Éxito,Bucaramanga,ESP-CRE,Creamy Cocoa Hazelnut,Esparcibles,3,34,33,1780350,11.0,9,1
2026-01,Éxito,Bucaramanga,ESP-CRU,Crunchy Cocoa Hazelnut,Esparcibles,3,4,3,161850,1.0,3,1
2026-01,Éxito,Bucaramanga,ESP-PIS,Buttery Pistachio Cookie,Esparcibles,3,144,142,10011000,47.33,9,2
2026-01,Éxito,Bucaramanga,GRA-CHI,Chip Cookie,GranOLAS,3,40,30,1263000,10.0,4,10
2026-01,Éxito,Bucaramanga,GRA-FUD,Fudge Cake,GranOLAS,3,11,9,378900,3.0,3,2
2026-01,Éxito,Bucaramanga,GRA-PIS,Pistachio Cookie,GranOLAS,3,101,91,4540900,30.33,4,10
2026-01,Éxito,Bucaramanga,GRA-VAN,Vanilla Shortbread,GranOLAS,3,85,62,2610200,20.67,2,23
2026-01,Éxito,Bucaramanga,HAR-ALM,Harina de Almendra,Avena & Harinas,3,70,71,2729950,23.67,0,0
2026-01,Éxito,Bucaramanga,HAR-AVE,Harina de Avena,Avena & Harinas,3,104,85,2958000,28.33,6,19
2026-01,Éxito,Bucaramanga,PAN-ALM-CHO,Almendra Choco Chips,Pancakes & Waffles,3,29,24,1111200,8.0,0,5
2026-01,Éxito,Cali,AVE-HOJ,Avena en Hojuelas,Avena & Harinas,2,191,165,5742000,82.5,2,26
2026-01,Éxito,Cali,COM-3GRA,Three Pack GranOLA,Combos,2,12,8,859200,4.0,0,4
2026-01,Éxito,Cali,COM-3SPR,Three Pack Spread,Combos,2,1,0,0,0.0,2,1
2026-01,Éxito,Cali,COM-DECK,Deck de Cartas,Combos,2,311,264,29304000,132.0,8,47
2026-01,Éxito,Cali,COM-MIX,Perfect Mix & Match,Combos,2,12,11,845900,5.5,1,1
2026-01,Éxito,Cali,COM-ROMP,Rompecabezas,Combos,2,13,10,1110000,5.0,6,3
2026-01,Éxito,Cali,ESP-BABY,Baby Spreads,Esparcibles,2,831,769,16648850,384.5,4,62
2026-01,Éxito,Cali,ESP-CRU,Crunchy Cocoa Hazelnut,Esparcibles,2,66,51,2751450,25.5,2,15
2026-01,Éxito,Cali,ESP-PB,Peanutty Banana Shake,Esparcibles,2,44,41,2211950,20.5,4,3
2026-01,Éxito,Cali,ESP-PIS,Buttery Pistachio Cookie,Esparcibles,2,11,10,705000,5.0,4,1
2026-01,Éxito,Cali,GRA-CHI,Chip Cookie,GranOLAS,2,166,143,6020300,71.5,2,23
2026-01,Éxito,Cali,GRA-FUD,Fudge Cake,GranOLAS,2,246,224,9430400,112.0,6,22
2026-01,Éxito,Cali,GRA-PIS,Pistachio Cookie,GranOLAS,2,271,271,13522900,135.5,2,0
2026-01,Éxito,Cali,GRA-VAN,Vanilla Shortbread,GranOLAS,2,45,35,1473500,17.5,4,10
2026-01,Éxito,Cali,HAR-ALM,Harina de Almendra,Avena & Harinas,2,103,98,3768100,49.0,5,5
2026-01,Éxito,Cali,HAR-AVE,Harina de Avena,Avena & Harinas,2,34,28,974400,14.0,4,6
2026-01,Éxito,Cali,MER-NYR,New Year Resolution,Merch,2,7,7,777000,3.5,0,0
2026-01,Éxito,Cali,PAN-ALM-CHO,Almendra Choco Chips,Pancakes & Waffles,2,71,51,2361300,25.5,1,20
2026-01,Éxito,Cali,PAN-ALM-CHU,Almendra Churro,Pancakes & Waffles,2,531,398,18427400,199.0,1,133
2026-01,Éxito,Cali,PAN-ALM-VAN,Almendra Vainilla,Pancakes & Waffles,2,60,45,2083500,22.5,2,15
2026-01,Éxito,Cali,PAN-AVE-BAN,Avena Banano,Pancakes & Waffles,2,49,41,1496500,20.5,4,8
2026-01,Éxito,Cartagena,COM-3SPR,Three Pack Spread,Combos,3,6,4,571800,1.33,3,2
2026-01,Éxito,Cartagena,ESP-BABY,Baby Spreads,Esparcibles,3,183,145,3139250,48.33,2,38
2026-01,Éxito,Cartagena,ESP-CRE,Creamy Cocoa Hazelnut,Esparcibles,3,60,60,3237000,20.0,3,0
2026-01,Éxito,Cartagena,ESP-CRU,Crunchy Cocoa Hazelnut,Esparcibles,3,47,34,1834300,11.33,5,13
2026-01,Éxito,Cartagena,ESP-PB,Peanutty Banana Shake,Esparcibles,3,16,12,647400,4.0,7,4
2026-01,Éxito,Cartagena,PAN-ALM-CHU,Almendra Churro,Pancakes & Waffles,3,69,53,2453900,17.67,0,16
2026-01,Éxito,Cartagena,PAN-AVE-BAN,Avena Banano,Pancakes & Waffles,3,93,84,3066000,28.0,3,9
2026-01,Éxito,Manizales,COM-3GRA,Three Pack GranOLA,Combos,3,5,3,322200,1.0,10,2
2026-01,Éxito,Manizales,COM-3MEZ,Three Pack Mezclas,Combos,3,13,10,1054500,3.33,1,3
2026-01,Éxito,Manizales,COM-3SPR,Three Pack Spread,Combos,3,16,13,1858350,4.33,0,3
2026-01,Éxito,Manizales,COM-DECK,Deck de Cartas,Combos,3,40,33,3663000,11.0,2,7
2026-01,Éxito,Manizales,COM-MIX,Perfect Mix & Match,Combos,3,44,41,3152900,13.67,0,3
2026-01,Éxito,Manizales,COM-ROMP,Rompecabezas,Combos,3,43,31,3441000,10.33,0,12
2026-01,Éxito,Manizales,COM-WAF,Mini Wafflera,Combos,3,26,19,2109000,6.33,8,7
2026-01,Éxito,Manizales,ESP-CIN,Golden Cinnamon Roll,Esparcibles,3,55,44,2373800,14.67,1,11
2026-01,Éxito,Manizales,ESP-CRU,Crunchy Cocoa Hazelnut,Esparcibles,3,68,66,3560700,22.0,0,2
2026-01,Éxito,Manizales,ESP-PIS,Buttery Pistachio Cookie,Esparcibles,3,67,53,3736500,17.67,7,14
2026-01,Éxito,Manizales,GRA-CHI,Chip Cookie,GranOLAS,3,11,10,421000,3.33,0,1
2026-01,Éxito,Manizales,MER-NYR,New Year Resolution,Merch,3,4,3,333000,1.0,1,1
2026-01,Éxito,Manizales,PAN-ALM-CHO,Almendra Choco Chips,Pancakes & Waffles,3,51,51,2361300,17.0,0,0
2026-01,Éxito,Manizales,PAN-ALM-VAN,Almendra Vainilla,Pancakes & Waffles,3,32,26,1203800,8.67,3,6
2026-01,Éxito,Manizales,PAN-AVE-BAN,Avena Banano,Pancakes & Waffles,3,30,29,1058500,9.67,0,1
2026-01,Éxito,Manizales,PAN-AVE-BRO,Avena Brownie,Pancakes & Waffles,3,32,31,1131500,10.33,4,1
2026-01,Éxito,Medellín,AVE-HOJ,Avena en Hojuelas,Avena & Harinas,6,201,175,6090000,29.17,4,26
2026-01,Éxito,Medellín,COM-3GRA,Three Pack GranOLA,Combos,6,37,35,3759000,5.83,5,2
2026-01,Éxito,Medellín,COM-3MEZ,Three Pack Mezclas,Combos,6,25,23,2425350,3.83,1,2
2026-01,Éxito,Medellín,COM-3SPR,Three Pack Spread,Combos,6,136,118,16868100,19.67,2,18
2026-01,Éxito,Medellín,COM-DECK,Deck de Cartas,Combos,6,85,80,8880000,13.33,1,5
2026-01,Éxito,Medellín,COM-MIX,Perfect Mix & Match,Combos,6,47,40,3076000,6.67,3,7
2026-01,Éxito,Medellín,COM-ROMP,Rompecabezas,Combos,6,85,62,6882000,10.33,0,23
2026-01,Éxito,Medellín,COM-WAF,Mini Wafflera,Combos,6,62,60,6660000,10.0,2,2
2026-01,Éxito,Medellín,ESP-BABY,Baby Spreads,Esparcibles,6,578,430,9309500,71.67,1,148
2026-01,Éxito,Medellín,ESP-CIN,Golden Cinnamon Roll,Esparcibles,6,196,188,10142600,31.33,6,8
2026-01,Éxito,Medellín,ESP-CRE,Creamy Cocoa Hazelnut,Esparcibles,6,226,176,9495200,29.33,6,50
2026-01,Éxito,Medellín,ESP-CRU,Crunchy Cocoa Hazelnut,Esparcibles,6,222,183,9872850,30.5,0,39
2026-01,Éxito,Medellín,ESP-PIS,Buttery Pistachio Cookie,Esparcibles,6,43,38,2679000,6.33,0,5
2026-01,Éxito,Medellín,GRA-CHI,Chip Cookie,GranOLAS,6,414,339,14271900,56.5,0,75
2026-01,Éxito,Medellín,GRA-FUD,Fudge Cake,GranOLAS,6,501,466,19618600,77.67,2,35
2026-01,Éxito,Medellín,GRA-PIS,Pistachio Cookie,GranOLAS,6,57,56,2794400,9.33,1,1
2026-01,Éxito,Medellín,GRA-VAN,Vanilla Shortbread,GranOLAS,6,181,166,6988600,27.67,4,15
2026-01,Éxito,Medellín,HAR-ALM,Harina de Almendra,Avena & Harinas,6,219,208,7997600,34.67,2,11
2026-01,Éxito,Medellín,HAR-AVE,Harina de Avena,Avena & Harinas,6,670,643,22376400,107.17,3,27
2026-01,Éxito,Medellín,MER-NYR,New Year Resolution,Merch,6,158,128,14208000,21.33,0,30
2026-01,Éxito,Medellín,PAN-ALM-CHO,Almendra Choco Chips,Pancakes & Waffles,6,132,124,5741200,20.67,7,8
2026-01,Éxito,Medellín,PAN-ALM-CHU,Almendra Churro,Pancakes & Waffles,6,82,81,3750300,13.5,4,1
2026-01,Éxito,Medellín,PAN-ALM-VAN,Almendra Vainilla,Pancakes & Waffles,6,285,288,13334400,48.0,0,0
2026-01,Éxito,Medellín,PAN-AVE-BAN,Avena Banano,Pancakes & Waffles,6,313,280,10220000,46.67,4,33
2026-01,Éxito,Medellín,PAN-AVE-BRO,Avena Brownie,Pancakes & Waffles,6,194,153,5584500,25.5,2,41
2026-01,Éxito,Medellín,PAN-AVE-VAN,Avena Vainilla,Pancakes & Waffles,6,117,114,4161000,19.0,3,3
2026-02,Carulla,Barranquilla,COM-3GRA,Three Pack GranOLA,Combos,5,21,16,1749600,3.2,5,5
2026-02,Carulla,Barranquilla,COM-3MEZ,Three Pack Mezclas,Combos,5,9,8,858800,1.6,0,1
2026-02,Carulla,Barranquilla,COM-3SPR,Three Pack Spread,Combos,5,16,15,2182500,3.0,6,1
2026-02,Carulla,Barranquilla,COM-ROMP,Rompecabezas,Combos,5,32,24,2712000,4.8,1,8
2026-02,Carulla,Barranquilla,ESP-CIN,Golden Cinnamon Roll,Esparcibles,5,85,85,4666500,17.0,2,0
2026-02,Carulla,Barranquilla,ESP-CRE,Creamy Cocoa Hazelnut,Esparcibles,5,8,6,329400,1.2,1,2
2026-02,Carulla,Barranquilla,ESP-CRU,Crunchy Cocoa Hazelnut,Esparcibles,5,4,3,164700,0.6,6,1
2026-02,Carulla,Barranquilla,ESP-PB,Peanutty Banana Shake,Esparcibles,5,22,17,933300,3.4,7,5
2026-02,Carulla,Barranquilla,ESP-PIS,Buttery Pistachio Cookie,Esparcibles,5,43,32,2296000,6.4,1,11
2026-02,Carulla,Barranquilla,GRA-CHI,Chip Cookie,GranOLAS,5,36,26,1115400,5.2,0,10
2026-02,Carulla,Barranquilla,GRA-FUD,Fudge Cake,GranOLAS,5,80,62,2659800,12.4,4,18
2026-02,Carulla,Barranquilla,GRA-VAN,Vanilla Shortbread,GranOLAS,5,14,12,514800,2.4,0,2
2026-02,Carulla,Barranquilla,HAR-ALM,Harina de Almendra,Avena & Harinas,5,69,52,2035800,10.4,0,17
2026-02,Carulla,Barranquilla,HAR-AVE,Harina de Avena,Avena & Harinas,5,93,67,2375150,13.4,3,26
2026-02,Carulla,Barranquilla,MER-NYR,New Year Resolution,Merch,5,19,17,1921000,3.4,2,2
2026-02,Carulla,Barranquilla,PAN-ALM-CHO,Almendra Choco Chips,Pancakes & Waffles,5,85,86,4050600,17.2,3,0
2026-02,Carulla,Barranquilla,PAN-ALM-CHU,Almendra Churro,Pancakes & Waffles,5,2,1,47100,0.2,2,1
2026-02,Carulla,Barranquilla,PAN-ALM-VAN,Almendra Vainilla,Pancakes & Waffles,5,69,50,2355000,10.0,5,19
2026-02,Carulla,Barranquilla,PAN-AVE-BAN,Avena Banano,Pancakes & Waffles,5,44,41,1523150,8.2,5,3
2026-02,Carulla,Barranquilla,PAN-AVE-VAN,Avena Vainilla,Pancakes & Waffles,5,20,15,557250,3.0,0,5
2026-02,Carulla,Bogotá,AVE-HOJ,Avena en Hojuelas,Avena & Harinas,11,287,238,8437100,21.64,0,49
2026-02,Carulla,Bogotá,COM-3GRA,Three Pack GranOLA,Combos,11,27,24,2624400,2.18,1,3
2026-02,Carulla,Bogotá,COM-3MEZ,Three Pack Mezclas,Combos,11,129,116,12452600,10.55,0,13
2026-02,Carulla,Bogotá,COM-3SPR,Three Pack Spread,Combos,11,43,41,5965500,3.73,0,2
2026-02,Carulla,Bogotá,COM-DECK,Deck de Cartas,Combos,11,104,98,11074000,8.91,6,6
2026-02,Carulla,Bogotá,COM-MIX,Perfect Mix & Match,Combos,11,140,131,10250750,11.91,4,9
2026-02,Carulla,Bogotá,COM-ROMP,Rompecabezas,Combos,11,43,36,4068000,3.27,2,7
2026-02,Carulla,Bogotá,COM-WAF,Mini Wafflera,Combos,11,68,68,7684000,6.18,1,0
2026-02,Carulla,Bogotá,ESP-BABY,Baby Spreads,Esparcibles,11,279,255,5622750,23.18,0,24
2026-02,Carulla,Bogotá,ESP-CIN,Golden Cinnamon Roll,Esparcibles,11,242,207,11364300,18.82,1,35
2026-02,Carulla,Bogotá,ESP-CRE,Creamy Cocoa Hazelnut,Esparcibles,11,64,63,3458700,5.73,4,1
2026-02,Carulla,Bogotá,ESP-CRU,Crunchy Cocoa Hazelnut,Esparcibles,11,108,93,5105700,8.45,2,15
2026-02,Carulla,Bogotá,ESP-PB,Peanutty Banana Shake,Esparcibles,11,334,258,14164200,23.45,4,76
2026-02,Carulla,Bogotá,ESP-PIS,Buttery Pistachio Cookie,Esparcibles,11,259,256,18368000,23.27,0,3
2026-02,Carulla,Bogotá,GRA-CHI,Chip Cookie,GranOLAS,11,388,385,16516500,35.0,2,3
2026-02,Carulla,Bogotá,GRA-FUD,Fudge Cake,GranOLAS,11,59,56,2402400,5.09,4,3
2026-02,Carulla,Bogotá,GRA-PIS,Pistachio Cookie,GranOLAS,11,363,287,14579600,26.09,0,76
2026-02,Carulla,Bogotá,GRA-VAN,Vanilla Shortbread,GranOLAS,11,207,178,7636200,16.18,0,29
2026-02,Carulla,Bogotá,HAR-ALM,Harina de Almendra,Avena & Harinas,11,167,156,6107400,14.18,0,11
2026-02,Carulla,Bogotá,HAR-AVE,Harina de Avena,Avena & Harinas,11,315,273,9677850,24.82,5,42
2026-02,Carulla,Bogotá,MER-NYR,New Year Resolution,Merch,11,49,41,4633000,3.73,1,8
2026-02,Carulla,Bogotá,PAN-ALM-CHO,Almendra Choco Chips,Pancakes & Waffles,11,184,142,6688200,12.91,3,42
2026-02,Carulla,Bogotá,PAN-ALM-CHU,Almendra Churro,Pancakes & Waffles,11,417,317,14930700,28.82,3,100
2026-02,Carulla,Bogotá,PAN-ALM-VAN,Almendra Vainilla,Pancakes & Waffles,11,383,364,17144400,33.09,1,19
2026-02,Carulla,Bogotá,PAN-AVE-BAN,Avena Banano,Pancakes & Waffles,11,240,175,6501250,15.91,7,65
2026-02,Carulla,Bogotá,PAN-AVE-BRO,Avena Brownie,Pancakes & Waffles,11,238,214,7950100,19.45,4,24
2026-02,Carulla,Bogotá,PAN-AVE-VAN,Avena Vainilla,Pancakes & Waffles,11,4,3,111450,0.27,0,1
2026-02,Carulla,Bucaramanga,AVE-HOJ,Avena en Hojuelas,Avena & Harinas,1,35,29,1028050,29.0,7,6
2026-02,Carulla,Bucaramanga,COM-3SPR,Three Pack Spread,Combos,1,10,8,1164000,8.0,0,2
2026-02,Carulla,Bucaramanga,COM-DECK,Deck de Cartas,Combos,1,6,5,565000,5.0,0,1
2026-02,Carulla,Bucaramanga,COM-ROMP,Rompecabezas,Combos,1,5,3,339000,3.0,1,2
2026-02,Carulla,Bucaramanga,COM-WAF,Mini Wafflera,Combos,1,6,4,452000,4.0,3,2
2026-02,Carulla,Bucaramanga,ESP-BABY,Baby Spreads,Esparcibles,1,182,154,3395700,154.0,1,28
2026-02,Carulla,Bucaramanga,ESP-CIN,Golden Cinnamon Roll,Esparcibles,1,9,8,439200,8.0,0,1
2026-02,Carulla,Bucaramanga,ESP-CRE,Creamy Cocoa Hazelnut,Esparcibles,1,10,10,549000,10.0,11,0
2026-02,Carulla,Bucaramanga,ESP-CRU,Crunchy Cocoa Hazelnut,Esparcibles,1,49,41,2250900,41.0,3,8
2026-02,Carulla,Bucaramanga,ESP-PIS,Buttery Pistachio Cookie,Esparcibles,1,46,37,2654750,37.0,3,9
2026-02,Carulla,Bucaramanga,GRA-CHI,Chip Cookie,GranOLAS,1,37,30,1287000,30.0,1,7
2026-02,Carulla,Bucaramanga,GRA-FUD,Fudge Cake,GranOLAS,1,51,42,1801800,42.0,1,9
2026-02,Carulla,Bucaramanga,GRA-VAN,Vanilla Shortbread,GranOLAS,1,99,97,4161300,97.0,0,2
2026-02,Carulla,Bucaramanga,HAR-ALM,Harina de Almendra,Avena & Harinas,1,21,20,783000,20.0,1,1
2026-02,Carulla,Bucaramanga,HAR-AVE,Harina de Avena,Avena & Harinas,1,2,1,35450,1.0,0,1
2026-02,Carulla,Bucaramanga,PAN-ALM-VAN,Almendra Vainilla,Pancakes & Waffles,1,22,18,847800,18.0,5,4
2026-02,Carulla,Bucaramanga,PAN-AVE-BAN,Avena Banano,Pancakes & Waffles,1,18,17,631550,17.0,2,1
2026-02,Carulla,Bucaramanga,PAN-AVE-VAN,Avena Vainilla,Pancakes & Waffles,1,16,15,557250,15.0,0,1
2026-02,Carulla,Cali,AVE-HOJ,Avena en Hojuelas,Avena & Harinas,4,33,27,957150,6.75,1,6
2026-02,Carulla,Cali,COM-DECK,Deck de Cartas,Combos,4,58,50,5650000,12.5,4,8
2026-02,Carulla,Cali,COM-ROMP,Rompecabezas,Combos,4,9,8,904000,2.0,0,1
2026-02,Carulla,Cali,COM-WAF,Mini Wafflera,Combos,4,7,6,678000,1.5,1,1
2026-02,Carulla,Cali,ESP-BABY,Baby Spreads,Esparcibles,4,47,41,904050,10.25,0,6
2026-02,Carulla,Cali,ESP-CIN,Golden Cinnamon Roll,Esparcibles,4,17,12,658800,3.0,0,5
2026-02,Carulla,Cali,ESP-CRE,Creamy Cocoa Hazelnut,Esparcibles,4,50,40,2196000,10.0,0,10
2026-02,Carulla,Cali,ESP-CRU,Crunchy Cocoa Hazelnut,Esparcibles,4,167,136,7466400,34.0,5,31
2026-02,Carulla,Cali,ESP-PIS,Buttery Pistachio Cookie,Esparcibles,4,22,21,1506750,5.25,6,1
2026-02,Carulla,Cali,GRA-CHI,Chip Cookie,GranOLAS,4,557,439,18833100,109.75,5,118
2026-02,Carulla,Cali,GRA-PIS,Pistachio Cookie,GranOLAS,4,36,26,1320800,6.5,0,10
2026-02,Carulla,Cali,HAR-ALM,Harina de Almendra,Avena & Harinas,4,93,90,3523500,22.5,3,3
2026-02,Carulla,Cali,HAR-AVE,Harina de Avena,Avena & Harinas,4,21,18,638100,4.5,0,3
2026-02,Carulla,Cali,MER-NYR,New Year Resolution,Merch,4,26,24,2712000,6.0,0,2
2026-02,Carulla,Cali,PAN-ALM-CHO,Almendra Choco Chips,Pancakes & Waffles,4,7,5,235500,1.25,0,2
2026-02,Carulla,Cali,PAN-ALM-CHU,Almendra Churro,Pancakes & Waffles,4,131,131,6170100,32.75,5,0
2026-02,Carulla,Cali,PAN-ALM-VAN,Almendra Vainilla,Pancakes & Waffles,4,3,2,94200,0.5,6,1
2026-02,Carulla,Cali,PAN-AVE-BAN,Avena Banano,Pancakes & Waffles,4,78,68,2526200,17.0,2,10
2026-02,Carulla,Cali,PAN-AVE-BRO,Avena Brownie,Pancakes & Waffles,4,48,46,1708900,11.5,1,2
2026-02,Carulla,Cali,PAN-AVE-VAN,Avena Vainilla,Pancakes & Waffles,4,10,9,334350,2.25,6,1
2026-02,Carulla,Cartagena,AVE-HOJ,Avena en Hojuelas,Avena & Harinas,2,26,25,886250,12.5,6,1
2026-02,Carulla,Cartagena,COM-3GRA,Three Pack GranOLA,Combos,2,42,42,4592700,21.0,0,0
2026-02,Carulla,Cartagena,COM-3MEZ,Three Pack Mezclas,Combos,2,23,19,2039650,9.5,1,4
2026-02,Carulla,Cartagena,COM-3SPR,Three Pack Spread,Combos,2,30,26,3783000,13.0,1,4
2026-02,Carulla,Cartagena,COM-DECK,Deck de Cartas,Combos,2,6,5,565000,2.5,0,1
2026-02,Carulla,Cartagena,COM-MIX,Perfect Mix & Match,Combos,2,30,29,2269250,14.5,0,1
2026-02,Carulla,Cartagena,COM-ROMP,Rompecabezas,Combos,2,6,4,452000,2.0,3,2
2026-02,Carulla,Cartagena,ESP-CRU,Crunchy Cocoa Hazelnut,Esparcibles,2,12,12,658800,6.0,3,0
2026-02,Carulla,Cartagena,HAR-ALM,Harina de Almendra,Avena & Harinas,2,43,42,1644300,21.0,0,1
2026-02,Carulla,Cartagena,PAN-ALM-CHU,Almendra Churro,Pancakes & Waffles,2,58,45,2119500,22.5,4,13
2026-02,Carulla,Cartagena,PAN-ALM-VAN,Almendra Vainilla,Pancakes & Waffles,2,14,13,612300,6.5,5,1
2026-02,Carulla,Cartagena,PAN-AVE-VAN,Avena Vainilla,Pancakes & Waffles,2,16,15,557250,7.5,2,1
2026-02,Carulla,Manizales,COM-3GRA,Three Pack GranOLA,Combos,1,2,1,109350,1.0,2,1
2026-02,Carulla,Manizales,COM-3SPR,Three Pack Spread,Combos,1,8,5,727500,5.0,4,3
2026-02,Carulla,Manizales,PAN-ALM-CHO,Almendra Choco Chips,Pancakes & Waffles,1,64,56,2637600,56.0,5,8
2026-02,Carulla,Medellín,AVE-HOJ,Avena en Hojuelas,Avena & Harinas,5,72,69,2446050,13.8,3,3
2026-02,Carulla,Medellín,COM-3GRA,Three Pack GranOLA,Combos,5,59,44,4811400,8.8,0,15
2026-02,Carulla,Medellín,COM-3MEZ,Three Pack Mezclas,Combos,5,10,7,751450,1.4,6,3
2026-02,Carulla,Medellín,COM-3SPR,Three Pack Spread,Combos,5,12,9,1309500,1.8,0,3
2026-02,Carulla,Medellín,COM-DECK,Deck de Cartas,Combos,5,71,52,5876000,10.4,4,19
2026-02,Carulla,Medellín,COM-MIX,Perfect Mix & Match,Combos,5,7,5,391250,1.0,6,2
2026-02,Carulla,Medellín,COM-ROMP,Rompecabezas,Combos,5,36,27,3051000,5.4,0,9
2026-02,Carulla,Medellín,COM-WAF,Mini Wafflera,Combos,5,34,32,3616000,6.4,3,2
2026-02,Carulla,Medellín,ESP-BABY,Baby Spreads,Esparcibles,5,6,4,88200,0.8,3,2
2026-02,Carulla,Medellín,ESP-CIN,Golden Cinnamon Roll,Esparcibles,5,48,37,2031300,7.4,0,11
2026-02,Carulla,Medellín,ESP-CRE,Creamy Cocoa Hazelnut,Esparcibles,5,66,53,2909700,10.6,3,13
2026-02,Carulla,Medellín,ESP-CRU,Crunchy Cocoa Hazelnut,Esparcibles,5,73,72,3952800,14.4,3,1
2026-02,Carulla,Medellín,ESP-PB,Peanutty Banana Shake,Esparcibles,5,89,64,3513600,12.8,3,25
2026-02,Carulla,Medellín,ESP-PIS,Buttery Pistachio Cookie,Esparcibles,5,111,90,6457500,18.0,5,21
2026-02,Carulla,Medellín,GRA-CHI,Chip Cookie,GranOLAS,5,25,22,943800,4.4,2,3
2026-02,Carulla,Medellín,GRA-FUD,Fudge Cake,GranOLAS,5,26,19,815100,3.8,4,7
2026-02,Carulla,Medellín,GRA-PIS,Pistachio Cookie,GranOLAS,5,40,34,1727200,6.8,3,6
2026-02,Carulla,Medellín,GRA-VAN,Vanilla Shortbread,GranOLAS,5,131,133,5705700,26.6,3,0
2026-02,Carulla,Medellín,HAR-ALM,Harina de Almendra,Avena & Harinas,5,15,12,469800,2.4,0,3
2026-02,Carulla,Medellín,HAR-AVE,Harina de Avena,Avena & Harinas,5,104,99,3509550,19.8,2,5
2026-02,Carulla,Medellín,MER-NYR,New Year Resolution,Merch,5,2,1,113000,0.2,2,1
2026-02,Carulla,Medellín,PAN-ALM-CHO,Almendra Choco Chips,Pancakes & Waffles,5,6,4,188400,0.8,3,2
2026-02,Carulla,Medellín,PAN-ALM-CHU,Almendra Churro,Pancakes & Waffles,5,62,56,2637600,11.2,3,6
2026-02,Carulla,Medellín,PAN-ALM-VAN,Almendra Vainilla,Pancakes & Waffles,5,82,76,3579600,15.2,1,6
2026-02,Carulla,Medellín,PAN-AVE-BAN,Avena Banano,Pancakes & Waffles,5,114,100,3715000,20.0,3,14
2026-02,Carulla,Medellín,PAN-AVE-BRO,Avena Brownie,Pancakes & Waffles,5,53,52,1931800,10.4,0,1
2026-02,Carulla,Medellín,PAN-AVE-VAN,Avena Vainilla,Pancakes & Waffles,5,12,9,334350,1.8,1,3
2026-02,Carulla,Pereira,AVE-HOJ,Avena en Hojuelas,Avena & Harinas,1,14,13,460850,13.0,2,1
2026-02,Carulla,Pereira,COM-3GRA,Three Pack GranOLA,Combos,1,11,8,874800,8.0,5,3
2026-02,Carulla,Pereira,COM-3MEZ,Three Pack Mezclas,Combos,1,50,38,4079300,38.0,0,12
2026-02,Carulla,Pereira,COM-3SPR,Three Pack Spread,Combos,1,11,8,1164000,8.0,5,3
2026-02,Carulla,Pereira,COM-WAF,Mini Wafflera,Combos,1,3,2,226000,2.0,0,1
2026-02,Carulla,Pereira,ESP-BABY,Baby Spreads,Esparcibles,1,72,71,1565550,71.0,2,1
2026-02,Carulla,Pereira,ESP-CIN,Golden Cinnamon Roll,Esparcibles,1,7,6,329400,6.0,2,1
2026-02,Carulla,Pereira,ESP-CRE,Creamy Cocoa Hazelnut,Esparcibles,1,39,39,2141100,39.0,7,0
2026-02,Carulla,Pereira,ESP-CRU,Crunchy Cocoa Hazelnut,Esparcibles,1,97,85,4666500,85.0,5,12
2026-02,Carulla,Pereira,ESP-PB,Peanutty Banana Shake,Esparcibles,1,13,11,603900,11.0,5,2
2026-02,Carulla,Pereira,ESP-PIS,Buttery Pistachio Cookie,Esparcibles,1,22,16,1148000,16.0,1,6
2026-02,Carulla,Pereira,GRA-CHI,Chip Cookie,GranOLAS,1,6,4,171600,4.0,3,2
2026-02,Carulla,Pereira,GRA-PIS,Pistachio Cookie,GranOLAS,1,113,103,5232400,103.0,2,10
2026-02,Carulla,Pereira,GRA-VAN,Vanilla Shortbread,GranOLAS,1,2,1,42900,1.0,3,1
2026-02,Carulla,Pereira,HAR-AVE,Harina de Avena,Avena & Harinas,1,114,103,3651350,103.0,0,11
2026-02,Carulla,Pereira,MER-NYR,New Year Resolution,Merch,1,17,16,1808000,16.0,5,1
2026-02,Carulla,Pereira,PAN-ALM-CHO,Almendra Choco Chips,Pancakes & Waffles,1,256,239,11256900,239.0,1,17
2026-02,Carulla,Pereira,PAN-ALM-CHU,Almendra Churro,Pancakes & Waffles,1,77,76,3579600,76.0,2,1
2026-02,Carulla,Pereira,PAN-ALM-VAN,Almendra Vainilla,Pancakes & Waffles,1,107,101,4757100,101.0,1,6
2026-02,Carulla,Pereira,PAN-AVE-BAN,Avena Banano,Pancakes & Waffles,1,65,52,1931800,52.0,5,13
2026-02,Fithub,Barranquilla,AVE-HOJ,Avena en Hojuelas,Avena & Harinas,2,46,46,1773300,23.0,0,0
2026-02,Fithub,Barranquilla,COM-3GRA,Three Pack GranOLA,Combos,2,9,8,952400,4.0,2,1
2026-02,Fithub,Barranquilla,COM-3MEZ,Three Pack Mezclas,Combos,2,26,23,2687550,11.5,3,3
2026-02,Fithub,Barranquilla,COM-3SPR,Three Pack Spread,Combos,2,1,0,0,0.0,4,1
2026-02,Fithub,Barranquilla,COM-DECK,Deck de Cartas,Combos,2,7,6,738000,3.0,1,1
2026-02,Fithub,Barranquilla,COM-MIX,Perfect Mix & Match,Combos,2,68,50,4260000,25.0,2,18
2026-02,Fithub,Barranquilla,COM-ROMP,Rompecabezas,Combos,2,26,19,2337000,9.5,2,7
2026-02,Fithub,Barranquilla,COM-WAF,Mini Wafflera,Combos,2,2,1,123000,0.5,2,1
2026-02,Fithub,Barranquilla,ESP-CIN,Golden Cinnamon Roll,Esparcibles,2,33,24,1434000,12.0,0,9
2026-02,Fithub,Barranquilla,ESP-CRE,Creamy Cocoa Hazelnut,Esparcibles,2,22,21,1254750,10.5,1,1
2026-02,Fithub,Barranquilla,ESP-CRU,Crunchy Cocoa Hazelnut,Esparcibles,2,11,8,478000,4.0,3,3
2026-02,Fithub,Barranquilla,GRA-FUD,Fudge Cake,GranOLAS,2,17,15,700500,7.5,0,2
2026-02,Fithub,Barranquilla,GRA-PIS,Pistachio Cookie,GranOLAS,2,6,4,221200,2.0,3,2
2026-02,Fithub,Barranquilla,GRA-VAN,Vanilla Shortbread,GranOLAS,2,12,10,467000,5.0,0,2
2026-02,Fithub,Barranquilla,HAR-ALM,Harina de Almendra,Avena & Harinas,2,29,26,1107600,13.0,0,3
2026-02,Fithub,Barranquilla,HAR-AVE,Harina de Avena,Avena & Harinas,2,46,37,1426350,18.5,0,9
2026-02,Fithub,Barranquilla,MER-NYR,New Year Resolution,Merch,2,5,5,615000,2.5,0,0
2026-02,Fithub,Barranquilla,PAN-ALM-CHU,Almendra Churro,Pancakes & Waffles,2,108,82,4206600,41.0,1,26
2026-02,Fithub,Barranquilla,PAN-ALM-VAN,Almendra Vainilla,Pancakes & Waffles,2,43,40,2052000,20.0,1,3
2026-02,Fithub,Barranquilla,PAN-AVE-BRO,Avena Brownie,Pancakes & Waffles,2,31,28,1132600,14.0,0,3
2026-02,Fithub,Bogotá,AVE-HOJ,Avena en Hojuelas,Avena & Harinas,3,68,51,1966050,17.0,6,17
2026-02,Fithub,Bogotá,COM-3GRA,Three Pack GranOLA,Combos,3,24,21,2500050,7.0,4,3
2026-02,Fithub,Bogotá,COM-3MEZ,Three Pack Mezclas,Combos,3,27,26,3038100,8.67,2,1
2026-02,Fithub,Bogotá,COM-3SPR,Three Pack Spread,Combos,3,28,20,3168000,6.67,0,8
2026-02,Fithub,Bogotá,COM-DECK,Deck de Cartas,Combos,3,21,19,2337000,6.33,5,2
2026-02,Fithub,Bogotá,COM-MIX,Perfect Mix & Match,Combos,3,92,79,6730800,26.33,5,13
2026-02,Fithub,Bogotá,COM-ROMP,Rompecabezas,Combos,3,36,26,3198000,8.67,1,10
2026-02,Fithub,Bogotá,COM-WAF,Mini Wafflera,Combos,3,31,22,2706000,7.33,0,9
2026-02,Fithub,Bogotá,ESP-BABY,Baby Spreads,Esparcibles,3,217,205,4920000,68.33,1,12
2026-02,Fithub,Bogotá,ESP-CIN,Golden Cinnamon Roll,Esparcibles,3,98,74,4421500,24.67,3,24
2026-02,Fithub,Bogotá,ESP-CRE,Creamy Cocoa Hazelnut,Esparcibles,3,51,51,3047250,17.0,5,0
2026-02,Fithub,Bogotá,ESP-CRU,Crunchy Cocoa Hazelnut,Esparcibles,3,39,39,2330250,13.0,7,0
2026-02,Fithub,Bogotá,ESP-PB,Peanutty Banana Shake,Esparcibles,3,81,72,4302000,24.0,0,9
2026-02,Fithub,Bogotá,ESP-PIS,Buttery Pistachio Cookie,Esparcibles,3,223,180,14058000,60.0,5,43
2026-02,Fithub,Bogotá,GRA-CHI,Chip Cookie,GranOLAS,3,141,123,5744100,41.0,1,18
2026-02,Fithub,Bogotá,GRA-FUD,Fudge Cake,GranOLAS,3,112,108,5043600,36.0,1,4
2026-02,Fithub,Bogotá,GRA-PIS,Pistachio Cookie,GranOLAS,3,59,46,2543800,15.33,0,13
2026-02,Fithub,Bogotá,GRA-VAN,Vanilla Shortbread,GranOLAS,3,57,45,2101500,15.0,0,12
2026-02,Fithub,Bogotá,HAR-ALM,Harina de Almendra,Avena & Harinas,3,301,257,10948200,85.67,1,44
2026-02,Fithub,Bogotá,HAR-AVE,Harina de Avena,Avena & Harinas,3,189,156,6013800,52.0,7,33
2026-02,Fithub,Bogotá,MER-NYR,New Year Resolution,Merch,3,34,27,3321000,9.0,0,7
2026-02,Fithub,Bogotá,PAN-ALM-CHO,Almendra Choco Chips,Pancakes & Waffles,3,93,81,4155300,27.0,0,12
2026-02,Fithub,Bogotá,PAN-ALM-CHU,Almendra Churro,Pancakes & Waffles,3,179,169,8669700,56.33,5,10
2026-02,Fithub,Bogotá,PAN-ALM-VAN,Almendra Vainilla,Pancakes & Waffles,3,75,65,3334500,21.67,0,10
2026-02,Fithub,Bogotá,PAN-AVE-BAN,Avena Banano,Pancakes & Waffles,3,146,107,4328150,35.67,0,39
2026-02,Fithub,Bogotá,PAN-AVE-BRO,Avena Brownie,Pancakes & Waffles,3,207,152,6148400,50.67,0,55
2026-02,Fithub,Bogotá,PAN-AVE-VAN,Avena Vainilla,Pancakes & Waffles,3,182,166,6714700,55.33,1,16
2026-02,Fithub,Bucaramanga,AVE-HOJ,Avena en Hojuelas,Avena & Harinas,3,4,3,115650,1.0,0,1
2026-02,Fithub,Bucaramanga,COM-3GRA,Three Pack GranOLA,Combos,3,1,0,0,0.0,4,1
2026-02,Fithub,Bucaramanga,COM-3MEZ,Three Pack Mezclas,Combos,3,2,1,116850,0.33,0,1
2026-02,Fithub,Bucaramanga,COM-3SPR,Three Pack Spread,Combos,3,4,2,316800,0.67,5,2
2026-02,Fithub,Bucaramanga,COM-MIX,Perfect Mix & Match,Combos,3,5,3,255600,1.0,5,2
2026-02,Fithub,Bucaramanga,COM-ROMP,Rompecabezas,Combos,3,7,6,738000,2.0,0,1
2026-02,Fithub,Bucaramanga,COM-WAF,Mini Wafflera,Combos,3,4,3,369000,1.0,1,1
2026-02,Fithub,Bucaramanga,ESP-BABY,Baby Spreads,Esparcibles,3,123,92,2208000,30.67,12,31
2026-02,Fithub,Bucaramanga,ESP-CIN,Golden Cinnamon Roll,Esparcibles,3,4,3,179250,1.0,0,1
2026-02,Fithub,Bucaramanga,ESP-CRE,Creamy Cocoa Hazelnut,Esparcibles,3,12,11,657250,3.67,5,1
2026-02,Fithub,Bucaramanga,ESP-PIS,Buttery Pistachio Cookie,Esparcibles,3,1,0,0,0.0,2,1
2026-02,Fithub,Bucaramanga,GRA-CHI,Chip Cookie,GranOLAS,3,12,9,420300,3.0,3,3
2026-02,Fithub,Bucaramanga,GRA-FUD,Fudge Cake,GranOLAS,3,4,3,140100,1.0,0,1
2026-02,Fithub,Bucaramanga,GRA-PIS,Pistachio Cookie,GranOLAS,3,3,2,110600,0.67,0,1
2026-02,Fithub,Bucaramanga,GRA-VAN,Vanilla Shortbread,GranOLAS,3,9,8,373600,2.67,2,1
2026-02,Fithub,Bucaramanga,HAR-ALM,Harina de Almendra,Avena & Harinas,3,7,5,213000,1.67,1,2
2026-02,Fithub,Bucaramanga,PAN-ALM-CHU,Almendra Churro,Pancakes & Waffles,3,20,17,872100,5.67,3,3
2026-02,Fithub,Bucaramanga,PAN-ALM-VAN,Almendra Vainilla,Pancakes & Waffles,3,49,49,2513700,16.33,0,0
2026-02,Fithub,Bucaramanga,PAN-AVE-BAN,Avena Banano,Pancakes & Waffles,3,59,47,1901150,15.67,4,12
2026-02,Fithub,Bucaramanga,PAN-AVE-BRO,Avena Brownie,Pancakes & Waffles,3,31,26,1051700,8.67,0,5
2026-02,Fithub,Bucaramanga,PAN-AVE-VAN,Avena Vainilla,Pancakes & Waffles,3,3,2,80900,0.67,4,1
2026-02,Fithub,Cali,COM-3GRA,Three Pack GranOLA,Combos,2,3,2,238100,1.0,4,1
2026-02,Fithub,Cali,COM-3MEZ,Three Pack Mezclas,Combos,2,11,8,934800,4.0,6,3
2026-02,Fithub,Cali,COM-3SPR,Three Pack Spread,Combos,2,1,0,0,0.0,3,1
2026-02,Fithub,Cali,COM-DECK,Deck de Cartas,Combos,2,3,2,246000,1.0,1,1
2026-02,Fithub,Cali,COM-ROMP,Rompecabezas,Combos,2,8,7,861000,3.5,3,1
2026-02,Fithub,Cali,ESP-CRU,Crunchy Cocoa Hazelnut,Esparcibles,2,12,11,657250,5.5,0,1
2026-02,Fithub,Cali,ESP-PIS,Buttery Pistachio Cookie,Esparcibles,2,15,14,1093400,7.0,4,1
2026-02,Fithub,Cali,GRA-FUD,Fudge Cake,GranOLAS,2,10,8,373600,4.0,1,2
2026-02,Fithub,Cali,GRA-VAN,Vanilla Shortbread,GranOLAS,2,22,22,1027400,11.0,0,0
2026-02,Fithub,Cali,HAR-AVE,Harina de Avena,Avena & Harinas,2,29,25,963750,12.5,5,4
2026-02,Fithub,Cali,MER-NYR,New Year Resolution,Merch,2,3,2,246000,1.0,3,1
2026-02,Fithub,Cali,PAN-ALM-CHO,Almendra Choco Chips,Pancakes & Waffles,2,8,5,256500,2.5,2,3
2026-02,Fithub,Cali,PAN-ALM-CHU,Almendra Churro,Pancakes & Waffles,2,30,24,1231200,12.0,3,6
2026-02,Fithub,Cali,PAN-ALM-VAN,Almendra Vainilla,Pancakes & Waffles,2,12,9,461700,4.5,2,3
2026-02,Fithub,Cartagena,COM-3GRA,Three Pack GranOLA,Combos,1,10,9,1071450,9.0,3,1
2026-02,Fithub,Cartagena,COM-3MEZ,Three Pack Mezclas,Combos,1,10,8,934800,8.0,0,2
2026-02,Fithub,Cartagena,COM-3SPR,Three Pack Spread,Combos,1,2,1,158400,1.0,0,1
2026-02,Fithub,Cartagena,COM-ROMP,Rompecabezas,Combos,1,11,8,984000,8.0,1,3
2026-02,Fithub,Cartagena,COM-WAF,Mini Wafflera,Combos,1,9,7,861000,7.0,0,2
2026-02,Fithub,Cartagena,ESP-CIN,Golden Cinnamon Roll,Esparcibles,1,11,10,597500,10.0,4,1
2026-02,Fithub,Cartagena,GRA-CHI,Chip Cookie,GranOLAS,1,17,12,560400,12.0,0,5
2026-02,Fithub,Cartagena,HAR-AVE,Harina de Avena,Avena & Harinas,1,14,14,539700,14.0,4,0
2026-02,Fithub,Cartagena,PAN-ALM-CHU,Almendra Churro,Pancakes & Waffles,1,19,16,820800,16.0,5,3
2026-02,Fithub,Cartagena,PAN-AVE-VAN,Avena Vainilla,Pancakes & Waffles,1,47,40,1618000,40.0,6,7
2026-02,Fithub,Manizales,COM-3GRA,Three Pack GranOLA,Combos,1,1,0,0,0.0,2,1
2026-02,Fithub,Manizales,COM-3SPR,Three Pack Spread,Combos,1,4,3,475200,3.0,4,1
2026-02,Fithub,Manizales,COM-DECK,Deck de Cartas,Combos,1,8,7,861000,7.0,5,1
2026-02,Fithub,Manizales,ESP-CIN,Golden Cinnamon Roll,Esparcibles,1,9,8,478000,8.0,3,1
2026-02,Fithub,Manizales,ESP-CRE,Creamy Cocoa Hazelnut,Esparcibles,1,17,14,836500,14.0,0,3
2026-02,Fithub,Manizales,ESP-CRU,Crunchy Cocoa Hazelnut,Esparcibles,1,3,2,119500,2.0,3,1
2026-02,Fithub,Manizales,PAN-ALM-CHO,Almendra Choco Chips,Pancakes & Waffles,1,6,5,256500,5.0,3,1
2026-02,Fithub,Manizales,PAN-AVE-BAN,Avena Banano,Pancakes & Waffles,1,35,29,1173050,29.0,3,6
2026-02,Fithub,Manizales,PAN-AVE-VAN,Avena Vainilla,Pancakes & Waffles,1,12,9,364050,9.0,2,3
2026-02,Fithub,Medellín,AVE-HOJ,Avena en Hojuelas,Avena & Harinas,4,38,31,1195050,7.75,5,7
2026-02,Fithub,Medellín,COM-3GRA,Three Pack GranOLA,Combos,4,4,3,357150,0.75,0,1
2026-02,Fithub,Medellín,COM-3MEZ,Three Pack Mezclas,Combos,4,6,4,467400,1.0,7,2
2026-02,Fithub,Medellín,COM-DECK,Deck de Cartas,Combos,4,9,7,861000,1.75,1,2
2026-02,Fithub,Medellín,COM-MIX,Perfect Mix & Match,Combos,4,21,17,1448400,4.25,3,4
2026-02,Fithub,Medellín,COM-ROMP,Rompecabezas,Combos,4,14,11,1353000,2.75,3,3
2026-02,Fithub,Medellín,ESP-BABY,Baby Spreads,Esparcibles,4,27,24,576000,6.0,5,3
2026-02,Fithub,Medellín,ESP-CIN,Golden Cinnamon Roll,Esparcibles,4,9,7,418250,1.75,2,2
2026-02,Fithub,Medellín,ESP-CRE,Creamy Cocoa Hazelnut,Esparcibles,4,25,25,1493750,6.25,5,0
2026-02,Fithub,Medellín,ESP-PB,Peanutty Banana Shake,Esparcibles,4,39,29,1732750,7.25,7,10
2026-02,Fithub,Medellín,ESP-PIS,Buttery Pistachio Cookie,Esparcibles,4,5,4,312400,1.0,3,1
2026-02,Fithub,Medellín,GRA-CHI,Chip Cookie,GranOLAS,4,8,7,326900,1.75,4,1
2026-02,Fithub,Medellín,GRA-FUD,Fudge Cake,GranOLAS,4,35,27,1260900,6.75,0,8
2026-02,Fithub,Medellín,HAR-AVE,Harina de Avena,Avena & Harinas,4,22,21,809550,5.25,10,1
2026-02,Fithub,Medellín,MER-NYR,New Year Resolution,Merch,4,24,21,2583000,5.25,3,3
2026-02,Fithub,Medellín,PAN-ALM-CHO,Almendra Choco Chips,Pancakes & Waffles,4,10,10,513000,2.5,8,0
2026-02,Fithub,Medellín,PAN-ALM-CHU,Almendra Churro,Pancakes & Waffles,4,32,30,1539000,7.5,0,2
2026-02,Fithub,Medellín,PAN-ALM-VAN,Almendra Vainilla,Pancakes & Waffles,4,39,29,1487700,7.25,2,10
2026-02,Fithub,Medellín,PAN-AVE-BAN,Avena Banano,Pancakes & Waffles,4,90,83,3357350,20.75,1,7
2026-02,Fithub,Medellín,PAN-AVE-BRO,Avena Brownie,Pancakes & Waffles,4,52,41,1658450,10.25,1,11
2026-02,Fithub,Medellín,PAN-AVE-VAN,Avena Vainilla,Pancakes & Waffles,4,4,3,121350,0.75,0,1
2026-02,Fithub,Pereira,AVE-HOJ,Avena en Hojuelas,Avena & Harinas,1,27,24,925200,24.0,0,3
2026-02,Fithub,Pereira,COM-3MEZ,Three Pack Mezclas,Combos,1,4,3,350550,3.0,0,1
2026-02,Fithub,Pereira,COM-MIX,Perfect Mix & Match,Combos,1,1,0,0,0.0,8,1
2026-02,Fithub,Pereira,GRA-CHI,Chip Cookie,GranOLAS,1,6,4,186800,4.0,3,2
2026-02,Fithub,Pereira,HAR-ALM,Harina de Almendra,Avena & Harinas,1,6,5,213000,5.0,3,1
2026-02,Fithub,Pereira,PAN-AVE-BAN,Avena Banano,Pancakes & Waffles,1,3,2,80900,2.0,2,1
2026-02,Tiendas naturistas,Barranquilla,AVE-HOJ,Avena en Hojuelas,Avena & Harinas,2,1,0,0,0.0,8,1
2026-02,Tiendas naturistas,Barranquilla,COM-3GRA,Three Pack GranOLA,Combos,2,10,9,1027800,4.5,0,1
2026-02,Tiendas naturistas,Barranquilla,COM-3MEZ,Three Pack Mezclas,Combos,2,3,2,224200,1.0,5,1
2026-02,Tiendas naturistas,Barranquilla,COM-MIX,Perfect Mix & Match,Combos,2,7,5,408500,2.5,2,2
2026-02,Tiendas naturistas,Barranquilla,COM-ROMP,Rompecabezas,Combos,2,11,11,1298000,5.5,7,0
2026-02,Tiendas naturistas,Barranquilla,COM-WAF,Mini Wafflera,Combos,2,2,1,118000,0.5,4,1
2026-02,Tiendas naturistas,Barranquilla,ESP-BABY,Baby Spreads,Esparcibles,2,86,66,1518000,33.0,5,20
2026-02,Tiendas naturistas,Barranquilla,ESP-CIN,Golden Cinnamon Roll,Esparcibles,2,1,0,0,0.0,0,1
2026-02,Tiendas naturistas,Barranquilla,ESP-CRE,Creamy Cocoa Hazelnut,Esparcibles,2,14,13,745550,6.5,2,1
2026-02,Tiendas naturistas,Barranquilla,ESP-CRU,Crunchy Cocoa Hazelnut,Esparcibles,2,4,3,172050,1.5,4,1
2026-02,Tiendas naturistas,Barranquilla,ESP-PIS,Buttery Pistachio Cookie,Esparcibles,2,1,0,0,0.0,0,1
2026-02,Tiendas naturistas,Barranquilla,GRA-CHI,Chip Cookie,GranOLAS,2,2,1,44800,0.5,0,1
2026-02,Tiendas naturistas,Barranquilla,HAR-ALM,Harina de Almendra,Avena & Harinas,2,55,49,2004100,24.5,2,6
2026-02,Tiendas naturistas,Barranquilla,MER-NYR,New Year Resolution,Merch,2,1,0,0,0.0,3,1
2026-02,Tiendas naturistas,Barranquilla,PAN-ALM-CHU,Almendra Churro,Pancakes & Waffles,2,1,1,49200,0.5,6,0
2026-02,Tiendas naturistas,Barranquilla,PAN-ALM-VAN,Almendra Vainilla,Pancakes & Waffles,2,5,4,196800,2.0,6,1
2026-02,Tiendas naturistas,Barranquilla,PAN-AVE-BAN,Avena Banano,Pancakes & Waffles,2,15,13,504400,6.5,0,2
2026-02,Tiendas naturistas,Barranquilla,PAN-AVE-VAN,Avena Vainilla,Pancakes & Waffles,2,1,1,38800,0.5,0,0
2026-02,Tiendas naturistas,Bogotá,AVE-HOJ,Avena en Hojuelas,Avena & Harinas,31,183,159,5883000,5.13,3,24
2026-02,Tiendas naturistas,Bogotá,COM-3GRA,Three Pack GranOLA,Combos,31,27,23,2626600,0.74,2,4
2026-02,Tiendas naturistas,Bogotá,COM-3MEZ,Three Pack Mezclas,Combos,31,22,20,2242000,0.65,1,2
2026-02,Tiendas naturistas,Bogotá,COM-3SPR,Three Pack Spread,Combos,31,30,27,4102650,0.87,5,3
2026-02,Tiendas naturistas,Bogotá,COM-DECK,Deck de Cartas,Combos,31,29,22,2596000,0.71,7,7
2026-02,Tiendas naturistas,Bogotá,COM-MIX,Perfect Mix & Match,Combos,31,46,37,3022900,1.19,2,9
2026-02,Tiendas naturistas,Bogotá,COM-ROMP,Rompecabezas,Combos,31,37,37,4366000,1.19,0,0
2026-02,Tiendas naturistas,Bogotá,COM-WAF,Mini Wafflera,Combos,31,26,22,2596000,0.71,0,4
2026-02,Tiendas naturistas,Bogotá,ESP-BABY,Baby Spreads,Esparcibles,31,101,101,2323000,3.26,0,0
2026-02,Tiendas naturistas,Bogotá,ESP-CIN,Golden Cinnamon Roll,Esparcibles,31,118,90,5161500,2.9,0,28
2026-02,Tiendas naturistas,Bogotá,ESP-CRE,Creamy Cocoa Hazelnut,Esparcibles,31,43,33,1892550,1.06,5,10
2026-02,Tiendas naturistas,Bogotá,ESP-CRU,Crunchy Cocoa Hazelnut,Esparcibles,31,32,27,1548450,0.87,4,5
2026-02,Tiendas naturistas,Bogotá,ESP-PB,Peanutty Banana Shake,Esparcibles,31,28,22,1261700,0.71,2,6
2026-02,Tiendas naturistas,Bogotá,ESP-PIS,Buttery Pistachio Cookie,Esparcibles,31,58,46,3447700,1.48,1,12
2026-02,Tiendas naturistas,Bogotá,GRA-CHI,Chip Cookie,GranOLAS,31,15,13,582400,0.42,5,2
2026-02,Tiendas naturistas,Bogotá,GRA-FUD,Fudge Cake,GranOLAS,31,100,77,3449600,2.48,8,23
2026-02,Tiendas naturistas,Bogotá,GRA-PIS,Pistachio Cookie,GranOLAS,31,62,59,3129950,1.9,5,3
2026-02,Tiendas naturistas,Bogotá,GRA-VAN,Vanilla Shortbread,GranOLAS,31,82,62,2777600,2.0,2,20
2026-02,Tiendas naturistas,Bogotá,HAR-ALM,Harina de Almendra,Avena & Harinas,31,20,15,613500,0.48,0,5
2026-02,Tiendas naturistas,Bogotá,HAR-AVE,Harina de Avena,Avena & Harinas,31,29,26,962000,0.84,1,3
2026-02,Tiendas naturistas,Bogotá,MER-NYR,New Year Resolution,Merch,31,95,82,9676000,2.65,3,13
2026-02,Tiendas naturistas,Bogotá,PAN-ALM-CHO,Almendra Choco Chips,Pancakes & Waffles,31,38,37,1820400,1.19,4,1
2026-02,Tiendas naturistas,Bogotá,PAN-ALM-CHU,Almendra Churro,Pancakes & Waffles,31,55,53,2607600,1.71,7,2
2026-02,Tiendas naturistas,Bogotá,PAN-ALM-VAN,Almendra Vainilla,Pancakes & Waffles,31,27,24,1180800,0.77,2,3
2026-02,Tiendas naturistas,Bogotá,PAN-AVE-BAN,Avena Banano,Pancakes & Waffles,31,114,110,4268000,3.55,3,4
2026-02,Tiendas naturistas,Bogotá,PAN-AVE-BRO,Avena Brownie,Pancakes & Waffles,31,118,114,4423200,3.68,4,4
2026-02,Tiendas naturistas,Bogotá,PAN-AVE-VAN,Avena Vainilla,Pancakes & Waffles,31,75,54,2095200,1.74,0,21
2026-02,Tiendas naturistas,Bucaramanga,AVE-HOJ,Avena en Hojuelas,Avena & Harinas,2,10,7,259000,3.5,2,3
2026-02,Tiendas naturistas,Bucaramanga,COM-3GRA,Three Pack GranOLA,Combos,2,4,3,342600,1.5,2,1
2026-02,Tiendas naturistas,Bucaramanga,COM-3MEZ,Three Pack Mezclas,Combos,2,5,4,448400,2.0,3,1
2026-02,Tiendas naturistas,Bucaramanga,COM-3SPR,Three Pack Spread,Combos,2,3,2,303900,1.0,0,1
2026-02,Tiendas naturistas,Bucaramanga,COM-DECK,Deck de Cartas,Combos,2,12,11,1298000,5.5,2,1
2026-02,Tiendas naturistas,Bucaramanga,COM-MIX,Perfect Mix & Match,Combos,2,15,14,1143800,7.0,0,1
2026-02,Tiendas naturistas,Bucaramanga,COM-ROMP,Rompecabezas,Combos,2,2,1,118000,0.5,5,1
2026-02,Tiendas naturistas,Bucaramanga,COM-WAF,Mini Wafflera,Combos,2,5,4,472000,2.0,2,1
2026-02,Tiendas naturistas,Bucaramanga,ESP-BABY,Baby Spreads,Esparcibles,2,21,19,437000,9.5,0,2
2026-02,Tiendas naturistas,Bucaramanga,ESP-CRE,Creamy Cocoa Hazelnut,Esparcibles,2,32,28,1605800,14.0,7,4
2026-02,Tiendas naturistas,Bucaramanga,ESP-CRU,Crunchy Cocoa Hazelnut,Esparcibles,2,7,6,344100,3.0,1,1
2026-02,Tiendas naturistas,Bucaramanga,ESP-PIS,Buttery Pistachio Cookie,Esparcibles,2,27,20,1499000,10.0,1,7
2026-02,Tiendas naturistas,Bucaramanga,GRA-FUD,Fudge Cake,GranOLAS,2,14,11,492800,5.5,0,3
2026-02,Tiendas naturistas,Bucaramanga,GRA-PIS,Pistachio Cookie,GranOLAS,2,72,62,3289100,31.0,0,10
2026-02,Tiendas naturistas,Bucaramanga,GRA-VAN,Vanilla Shortbread,GranOLAS,2,13,10,448000,5.0,4,3
2026-02,Tiendas naturistas,Bucaramanga,HAR-ALM,Harina de Almendra,Avena & Harinas,2,19,16,654400,8.0,0,3
2026-02,Tiendas naturistas,Bucaramanga,MER-NYR,New Year Resolution,Merch,2,1,0,0,0.0,2,1
2026-02,Tiendas naturistas,Bucaramanga,PAN-ALM-CHO,Almendra Choco Chips,Pancakes & Waffles,2,13,12,590400,6.0,0,1
2026-02,Tiendas naturistas,Bucaramanga,PAN-ALM-CHU,Almendra Churro,Pancakes & Waffles,2,11,8,393600,4.0,7,3
2026-02,Tiendas naturistas,Bucaramanga,PAN-ALM-VAN,Almendra Vainilla,Pancakes & Waffles,2,88,75,3690000,37.5,0,13
2026-02,Tiendas naturistas,Bucaramanga,PAN-AVE-BAN,Avena Banano,Pancakes & Waffles,2,100,93,3608400,46.5,3,7
2026-02,Tiendas naturistas,Bucaramanga,PAN-AVE-BRO,Avena Brownie,Pancakes & Waffles,2,6,4,155200,2.0,8,2
2026-02,Tiendas naturistas,Bucaramanga,PAN-AVE-VAN,Avena Vainilla,Pancakes & Waffles,2,12,9,349200,4.5,6,3
2026-02,Tiendas naturistas,Cali,AVE-HOJ,Avena en Hojuelas,Avena & Harinas,5,23,17,629000,3.4,7,6
2026-02,Tiendas naturistas,Cali,COM-3MEZ,Three Pack Mezclas,Combos,5,8,6,672600,1.2,4,2
2026-02,Tiendas naturistas,Cali,COM-3SPR,Three Pack Spread,Combos,5,1,0,0,0.0,0,1
2026-02,Tiendas naturistas,Cali,COM-DECK,Deck de Cartas,Combos,5,52,51,6018000,10.2,3,1
2026-02,Tiendas naturistas,Cali,COM-MIX,Perfect Mix & Match,Combos,5,51,44,3594800,8.8,6,7
2026-02,Tiendas naturistas,Cali,COM-ROMP,Rompecabezas,Combos,5,4,3,354000,0.6,4,1
2026-02,Tiendas naturistas,Cali,COM-WAF,Mini Wafflera,Combos,5,12,11,1298000,2.2,3,1
2026-02,Tiendas naturistas,Cali,ESP-BABY,Baby Spreads,Esparcibles,5,120,91,2093000,18.2,1,29
2026-02,Tiendas naturistas,Cali,ESP-CIN,Golden Cinnamon Roll,Esparcibles,5,55,55,3154250,11.0,5,0
2026-02,Tiendas naturistas,Cali,ESP-CRE,Creamy Cocoa Hazelnut,Esparcibles,5,14,12,688200,2.4,5,2
2026-02,Tiendas naturistas,Cali,ESP-CRU,Crunchy Cocoa Hazelnut,Esparcibles,5,8,6,344100,1.2,1,2
2026-02,Tiendas naturistas,Cali,ESP-PB,Peanutty Banana Shake,Esparcibles,5,23,17,974950,3.4,0,6
2026-02,Tiendas naturistas,Cali,ESP-PIS,Buttery Pistachio Cookie,Esparcibles,5,1,0,0,0.0,0,1
2026-02,Tiendas naturistas,Cali,GRA-CHI,Chip Cookie,GranOLAS,5,9,8,358400,1.6,8,1
2026-02,Tiendas naturistas,Cali,GRA-FUD,Fudge Cake,GranOLAS,5,61,56,2508800,11.2,1,5
2026-02,Tiendas naturistas,Cali,GRA-PIS,Pistachio Cookie,GranOLAS,5,5,4,212200,0.8,1,1
2026-02,Tiendas naturistas,Cali,GRA-VAN,Vanilla Shortbread,GranOLAS,5,81,65,2912000,13.0,0,16
2026-02,Tiendas naturistas,Cali,HAR-ALM,Harina de Almendra,Avena & Harinas,5,51,49,2004100,9.8,1,2
2026-02,Tiendas naturistas,Cali,HAR-AVE,Harina de Avena,Avena & Harinas,5,15,12,444000,2.4,2,3
2026-02,Tiendas naturistas,Cali,MER-NYR,New Year Resolution,Merch,5,23,19,2242000,3.8,1,4
2026-02,Tiendas naturistas,Cali,PAN-ALM-CHO,Almendra Choco Chips,Pancakes & Waffles,5,8,7,344400,1.4,1,1
2026-02,Tiendas naturistas,Cali,PAN-ALM-CHU,Almendra Churro,Pancakes & Waffles,5,20,16,787200,3.2,0,4
2026-02,Tiendas naturistas,Cali,PAN-ALM-VAN,Almendra Vainilla,Pancakes & Waffles,5,14,13,639600,2.6,0,1
2026-02,Tiendas naturistas,Cali,PAN-AVE-BAN,Avena Banano,Pancakes & Waffles,5,70,53,2056400,10.6,5,17
2026-02,Tiendas naturistas,Cali,PAN-AVE-BRO,Avena Brownie,Pancakes & Waffles,5,58,51,1978800,10.2,2,7
2026-02,Tiendas naturistas,Cali,PAN-AVE-VAN,Avena Vainilla,Pancakes & Waffles,5,64,52,2017600,10.4,2,12
2026-02,Tiendas naturistas,Cartagena,COM-3MEZ,Three Pack Mezclas,Combos,4,40,37,4147700,9.25,2,3
2026-02,Tiendas naturistas,Cartagena,COM-3SPR,Three Pack Spread,Combos,4,7,5,759750,1.25,0,2
2026-02,Tiendas naturistas,Cartagena,COM-DECK,Deck de Cartas,Combos,4,12,11,1298000,2.75,1,1
2026-02,Tiendas naturistas,Cartagena,COM-MIX,Perfect Mix & Match,Combos,4,3,2,163400,0.5,2,1
2026-02,Tiendas naturistas,Cartagena,COM-WAF,Mini Wafflera,Combos,4,2,1,118000,0.25,0,1
2026-02,Tiendas naturistas,Cartagena,ESP-CIN,Golden Cinnamon Roll,Esparcibles,4,44,44,2523400,11.0,9,0
2026-02,Tiendas naturistas,Cartagena,ESP-CRE,Creamy Cocoa Hazelnut,Esparcibles,4,7,5,286750,1.25,0,2
2026-02,Tiendas naturistas,Cartagena,ESP-CRU,Crunchy Cocoa Hazelnut,Esparcibles,4,8,6,344100,1.5,5,2
2026-02,Tiendas naturistas,Cartagena,ESP-PB,Peanutty Banana Shake,Esparcibles,4,10,7,401450,1.75,6,3
2026-02,Tiendas naturistas,Cartagena,GRA-CHI,Chip Cookie,GranOLAS,4,8,7,313600,1.75,2,1
2026-02,Tiendas naturistas,Cartagena,GRA-PIS,Pistachio Cookie,GranOLAS,4,33,24,1273200,6.0,5,9
2026-02,Tiendas naturistas,Cartagena,MER-NYR,New Year Resolution,Merch,4,11,9,1062000,2.25,3,2
2026-02,Tiendas naturistas,Cartagena,PAN-ALM-CHO,Almendra Choco Chips,Pancakes & Waffles,4,75,63,3099600,15.75,3,12
2026-02,Tiendas naturistas,Cartagena,PAN-ALM-VAN,Almendra Vainilla,Pancakes & Waffles,4,16,15,738000,3.75,6,1
2026-02,Tiendas naturistas,Cartagena,PAN-AVE-BAN,Avena Banano,Pancakes & Waffles,4,39,33,1280400,8.25,0,6
2026-02,Tiendas naturistas,Cartagena,PAN-AVE-BRO,Avena Brownie,Pancakes & Waffles,4,7,6,232800,1.5,0,1
2026-02,Tiendas naturistas,Manizales,AVE-HOJ,Avena en Hojuelas,Avena & Harinas,1,12,9,333000,9.0,0,3
2026-02,Tiendas naturistas,Manizales,COM-ROMP,Rompecabezas,Combos,1,1,0,0,0.0,2,1
2026-02,Tiendas naturistas,Manizales,COM-WAF,Mini Wafflera,Combos,1,1,0,0,0.0,9,1
2026-02,Tiendas naturistas,Manizales,ESP-BABY,Baby Spreads,Esparcibles,1,54,43,989000,43.0,2,11
2026-02,Tiendas naturistas,Manizales,ESP-CRU,Crunchy Cocoa Hazelnut,Esparcibles,1,13,11,630850,11.0,0,2
2026-02,Tiendas naturistas,Manizales,ESP-PB,Peanutty Banana Shake,Esparcibles,1,3,2,114700,2.0,5,1
2026-02,Tiendas naturistas,Manizales,GRA-FUD,Fudge Cake,GranOLAS,1,11,10,448000,10.0,0,1
2026-02,Tiendas naturistas,Manizales,GRA-PIS,Pistachio Cookie,GranOLAS,1,1,0,0,0.0,5,1
2026-02,Tiendas naturistas,Manizales,GRA-VAN,Vanilla Shortbread,GranOLAS,1,32,28,1254400,28.0,5,4
2026-02,Tiendas naturistas,Manizales,HAR-ALM,Harina de Almendra,Avena & Harinas,1,27,24,981600,24.0,2,3
2026-02,Tiendas naturistas,Manizales,HAR-AVE,Harina de Avena,Avena & Harinas,1,32,30,1110000,30.0,3,2
2026-02,Tiendas naturistas,Manizales,MER-NYR,New Year Resolution,Merch,1,3,2,236000,2.0,2,1
2026-02,Tiendas naturistas,Manizales,PAN-ALM-CHU,Almendra Churro,Pancakes & Waffles,1,2,1,49200,1.0,0,1
2026-02,Tiendas naturistas,Manizales,PAN-ALM-VAN,Almendra Vainilla,Pancakes & Waffles,1,22,16,787200,16.0,5,6
2026-02,Tiendas naturistas,Manizales,PAN-AVE-BRO,Avena Brownie,Pancakes & Waffles,1,30,23,892400,23.0,0,7
2026-02,Tiendas naturistas,Medellín,AVE-HOJ,Avena en Hojuelas,Avena & Harinas,13,145,146,5402000,11.23,9,0
2026-02,Tiendas naturistas,Medellín,COM-3GRA,Three Pack GranOLA,Combos,13,3,3,342600,0.23,1,0
2026-02,Tiendas naturistas,Medellín,COM-3MEZ,Three Pack Mezclas,Combos,13,12,9,1008900,0.69,1,3
2026-02,Tiendas naturistas,Medellín,COM-3SPR,Three Pack Spread,Combos,13,4,3,455850,0.23,1,1
2026-02,Tiendas naturistas,Medellín,COM-DECK,Deck de Cartas,Combos,13,45,33,3894000,2.54,9,12
2026-02,Tiendas naturistas,Medellín,COM-MIX,Perfect Mix & Match,Combos,13,7,5,408500,0.38,6,2
2026-02,Tiendas naturistas,Medellín,COM-ROMP,Rompecabezas,Combos,13,5,4,472000,0.31,0,1
2026-02,Tiendas naturistas,Medellín,COM-WAF,Mini Wafflera,Combos,13,2,1,118000,0.08,4,1
2026-02,Tiendas naturistas,Medellín,ESP-CIN,Golden Cinnamon Roll,Esparcibles,13,18,16,917600,1.23,0,2
2026-02,Tiendas naturistas,Medellín,ESP-CRE,Creamy Cocoa Hazelnut,Esparcibles,13,27,23,1319050,1.77,7,4
2026-02,Tiendas naturistas,Medellín,ESP-CRU,Crunchy Cocoa Hazelnut,Esparcibles,13,11,9,516150,0.69,1,2
2026-02,Tiendas naturistas,Medellín,ESP-PB,Peanutty Banana Shake,Esparcibles,13,62,46,2638100,3.54,0,16
2026-02,Tiendas naturistas,Medellín,ESP-PIS,Buttery Pistachio Cookie,Esparcibles,13,91,74,5546300,5.69,7,17
2026-02,Tiendas naturistas,Medellín,GRA-CHI,Chip Cookie,GranOLAS,13,10,9,403200,0.69,0,1
2026-02,Tiendas naturistas,Medellín,GRA-FUD,Fudge Cake,GranOLAS,13,23,18,806400,1.38,3,5
2026-02,Tiendas naturistas,Medellín,GRA-PIS,Pistachio Cookie,GranOLAS,13,31,26,1379300,2.0,6,5
2026-02,Tiendas naturistas,Medellín,GRA-VAN,Vanilla Shortbread,GranOLAS,13,57,47,2105600,3.62,3,10
2026-02,Tiendas naturistas,Medellín,HAR-ALM,Harina de Almendra,Avena & Harinas,13,1,0,0,0.0,0,1
2026-02,Tiendas naturistas,Medellín,HAR-AVE,Harina de Avena,Avena & Harinas,13,11,10,370000,0.77,0,1
2026-02,Tiendas naturistas,Medellín,MER-NYR,New Year Resolution,Merch,13,15,13,1534000,1.0,1,2
2026-02,Tiendas naturistas,Medellín,PAN-ALM-CHU,Almendra Churro,Pancakes & Waffles,13,22,18,885600,1.38,6,4
2026-02,Tiendas naturistas,Medellín,PAN-ALM-VAN,Almendra Vainilla,Pancakes & Waffles,13,26,23,1131600,1.77,1,3
2026-02,Tiendas naturistas,Medellín,PAN-AVE-BAN,Avena Banano,Pancakes & Waffles,13,5,3,116400,0.23,3,2
2026-02,Tiendas naturistas,Medellín,PAN-AVE-BRO,Avena Brownie,Pancakes & Waffles,13,6,4,155200,0.31,6,2
2026-02,Tiendas naturistas,Medellín,PAN-AVE-VAN,Avena Vainilla,Pancakes & Waffles,13,35,30,1164000,2.31,3,5
2026-02,Tiendas naturistas,Pereira,AVE-HOJ,Avena en Hojuelas,Avena & Harinas,4,72,73,2701000,18.25,5,0
2026-02,Tiendas naturistas,Pereira,COM-3GRA,Three Pack GranOLA,Combos,4,1,0,0,0.0,5,1
2026-02,Tiendas naturistas,Pereira,COM-3MEZ,Three Pack Mezclas,Combos,4,8,6,672600,1.5,4,2
2026-02,Tiendas naturistas,Pereira,COM-3SPR,Three Pack Spread,Combos,4,1,0,0,0.0,5,1
2026-02,Tiendas naturistas,Pereira,COM-DECK,Deck de Cartas,Combos,4,2,1,118000,0.25,2,1
2026-02,Tiendas naturistas,Pereira,COM-MIX,Perfect Mix & Match,Combos,4,5,3,245100,0.75,4,2
2026-02,Tiendas naturistas,Pereira,COM-ROMP,Rompecabezas,Combos,4,29,22,2596000,5.5,6,7
2026-02,Tiendas naturistas,Pereira,COM-WAF,Mini Wafflera,Combos,4,2,1,118000,0.25,0,1
2026-02,Tiendas naturistas,Pereira,ESP-BABY,Baby Spreads,Esparcibles,4,4,3,69000,0.75,0,1
2026-02,Tiendas naturistas,Pereira,ESP-CIN,Golden Cinnamon Roll,Esparcibles,4,27,25,1433750,6.25,0,2
2026-02,Tiendas naturistas,Pereira,ESP-CRE,Creamy Cocoa Hazelnut,Esparcibles,4,1,0,0,0.0,4,1
2026-02,Tiendas naturistas,Pereira,ESP-CRU,Crunchy Cocoa Hazelnut,Esparcibles,4,18,16,917600,4.0,3,2
2026-02,Tiendas naturistas,Pereira,ESP-PIS,Buttery Pistachio Cookie,Esparcibles,4,1,0,0,0.0,0,1
2026-02,Tiendas naturistas,Pereira,GRA-CHI,Chip Cookie,GranOLAS,4,16,14,627200,3.5,7,2
2026-02,Tiendas naturistas,Pereira,GRA-FUD,Fudge Cake,GranOLAS,4,20,19,851200,4.75,0,1
2026-02,Tiendas naturistas,Pereira,GRA-PIS,Pistachio Cookie,GranOLAS,4,5,4,212200,1.0,2,1
2026-02,Tiendas naturistas,Pereira,GRA-VAN,Vanilla Shortbread,GranOLAS,4,34,29,1299200,7.25,3,5
2026-02,Tiendas naturistas,Pereira,HAR-ALM,Harina de Almendra,Avena & Harinas,4,22,17,695300,4.25,1,5
2026-02,Tiendas naturistas,Pereira,HAR-AVE,Harina de Avena,Avena & Harinas,4,29,28,1036000,7.0,0,1
2026-02,Tiendas naturistas,Pereira,MER-NYR,New Year Resolution,Merch,4,6,4,472000,1.0,3,2
2026-02,Tiendas naturistas,Pereira,PAN-ALM-CHO,Almendra Choco Chips,Pancakes & Waffles,4,23,18,885600,4.5,2,5
2026-02,Tiendas naturistas,Pereira,PAN-ALM-CHU,Almendra Churro,Pancakes & Waffles,4,1,0,0,0.0,2,1
2026-02,Tiendas naturistas,Pereira,PAN-AVE-BRO,Avena Brownie,Pancakes & Waffles,4,9,7,271600,1.75,6,2
2026-02,Éxito,Barranquilla,COM-3SPR,Three Pack Spread,Combos,5,38,27,3859650,5.4,2,11
2026-02,Éxito,Barranquilla,ESP-BABY,Baby Spreads,Esparcibles,5,148,125,2706250,25.0,0,23
2026-02,Éxito,Barranquilla,ESP-CRE,Creamy Cocoa Hazelnut,Esparcibles,5,98,94,5071300,18.8,3,4
2026-02,Éxito,Barranquilla,ESP-PB,Peanutty Banana Shake,Esparcibles,5,10,9,485550,1.8,3,1
2026-02,Éxito,Barranquilla,GRA-FUD,Fudge Cake,GranOLAS,5,133,118,4967800,23.6,4,15
2026-02,Éxito,Barranquilla,GRA-PIS,Pistachio Cookie,GranOLAS,5,116,113,5638700,22.6,0,3
2026-02,Éxito,Barranquilla,GRA-VAN,Vanilla Shortbread,GranOLAS,5,31,27,1136700,5.4,2,4
2026-02,Éxito,Barranquilla,HAR-AVE,Harina de Avena,Avena & Harinas,5,87,78,2714400,15.6,4,9
2026-02,Éxito,Barranquilla,MER-NYR,New Year Resolution,Merch,5,23,21,2331000,4.2,7,2
2026-02,Éxito,Barranquilla,PAN-ALM-CHO,Almendra Choco Chips,Pancakes & Waffles,5,56,51,2361300,10.2,4,5
2026-02,Éxito,Barranquilla,PAN-ALM-CHU,Almendra Churro,Pancakes & Waffles,5,122,107,4954100,21.4,0,15
2026-02,Éxito,Barranquilla,PAN-ALM-VAN,Almendra Vainilla,Pancakes & Waffles,5,208,206,9537800,41.2,1,2
2026-02,Éxito,Barranquilla,PAN-AVE-BAN,Avena Banano,Pancakes & Waffles,5,377,349,12738500,69.8,0,28
2026-02,Éxito,Barranquilla,PAN-AVE-BRO,Avena Brownie,Pancakes & Waffles,5,299,274,10001000,54.8,0,25
2026-02,Éxito,Bogotá,AVE-HOJ,Avena en Hojuelas,Avena & Harinas,22,709,668,23246400,30.36,4,41
2026-02,Éxito,Bogotá,COM-3GRA,Three Pack GranOLA,Combos,22,160,139,14928600,6.32,1,21
2026-02,Éxito,Bogotá,COM-3MEZ,Three Pack Mezclas,Combos,22,51,46,4850700,2.09,3,5
2026-02,Éxito,Bogotá,COM-3SPR,Three Pack Spread,Combos,22,109,91,13008450,4.14,0,18
2026-02,Éxito,Bogotá,COM-DECK,Deck de Cartas,Combos,22,31,25,2775000,1.14,0,6
2026-02,Éxito,Bogotá,COM-MIX,Perfect Mix & Match,Combos,22,78,58,4460200,2.64,3,20
2026-02,Éxito,Bogotá,COM-ROMP,Rompecabezas,Combos,22,196,174,19314000,7.91,2,22
2026-02,Éxito,Bogotá,COM-WAF,Mini Wafflera,Combos,22,150,119,13209000,5.41,1,31
2026-02,Éxito,Bogotá,ESP-BABY,Baby Spreads,Esparcibles,22,92,93,2013450,4.23,2,0
2026-02,Éxito,Bogotá,ESP-CIN,Golden Cinnamon Roll,Esparcibles,22,302,281,15159950,12.77,2,21
2026-02,Éxito,Bogotá,ESP-CRE,Creamy Cocoa Hazelnut,Esparcibles,22,310,259,13973050,11.77,6,51
2026-02,Éxito,Bogotá,ESP-CRU,Crunchy Cocoa Hazelnut,Esparcibles,22,330,276,14890200,12.55,0,54
2026-02,Éxito,Bogotá,ESP-PB,Peanutty Banana Shake,Esparcibles,22,259,206,11113700,9.36,0,53
2026-02,Éxito,Bogotá,ESP-PIS,Buttery Pistachio Cookie,Esparcibles,22,260,258,18189000,11.73,0,2
2026-02,Éxito,Bogotá,GRA-CHI,Chip Cookie,GranOLAS,22,209,157,6609700,7.14,3,52
2026-02,Éxito,Bogotá,GRA-FUD,Fudge Cake,GranOLAS,22,621,624,26270400,28.36,6,0
2026-02,Éxito,Bogotá,GRA-PIS,Pistachio Cookie,GranOLAS,22,248,251,12524900,11.41,3,0
2026-02,Éxito,Bogotá,GRA-VAN,Vanilla Shortbread,GranOLAS,22,965,888,37384800,40.36,4,77
2026-02,Éxito,Bogotá,HAR-ALM,Harina de Almendra,Avena & Harinas,22,469,378,14534100,17.18,2,91
2026-02,Éxito,Bogotá,HAR-AVE,Harina de Avena,Avena & Harinas,22,716,534,18583200,24.27,6,182
2026-02,Éxito,Bogotá,MER-NYR,New Year Resolution,Merch,22,175,153,16983000,6.95,3,22
2026-02,Éxito,Bogotá,PAN-ALM-CHO,Almendra Choco Chips,Pancakes & Waffles,22,382,379,17547700,17.23,0,3
2026-02,Éxito,Bogotá,PAN-ALM-CHU,Almendra Churro,Pancakes & Waffles,22,337,331,15325300,15.05,2,6
2026-02,Éxito,Bogotá,PAN-ALM-VAN,Almendra Vainilla,Pancakes & Waffles,22,526,484,22409200,22.0,8,42
2026-02,Éxito,Bogotá,PAN-AVE-BAN,Avena Banano,Pancakes & Waffles,22,175,143,5219500,6.5,0,32
2026-02,Éxito,Bogotá,PAN-AVE-BRO,Avena Brownie,Pancakes & Waffles,22,251,185,6752500,8.41,2,66
2026-02,Éxito,Bogotá,PAN-AVE-VAN,Avena Vainilla,Pancakes & Waffles,22,490,466,17009000,21.18,3,24
2026-02,Éxito,Bucaramanga,COM-3SPR,Three Pack Spread,Combos,3,20,14,2001300,4.67,5,6
2026-02,Éxito,Bucaramanga,ESP-BABY,Baby Spreads,Esparcibles,3,114,107,2316550,35.67,2,7
2026-02,Éxito,Bucaramanga,ESP-CRE,Creamy Cocoa Hazelnut,Esparcibles,3,31,26,1402700,8.67,4,5
2026-02,Éxito,Bucaramanga,ESP-PIS,Buttery Pistachio Cookie,Esparcibles,3,18,14,987000,4.67,4,4
2026-02,Éxito,Bucaramanga,GRA-CHI,Chip Cookie,GranOLAS,3,14,10,421000,3.33,5,4
2026-02,Éxito,Bucaramanga,HAR-ALM,Harina de Almendra,Avena & Harinas,3,49,46,1768700,15.33,2,3
2026-02,Éxito,Bucaramanga,HAR-AVE,Harina de Avena,Avena & Harinas,3,7,6,208800,2.0,4,1
2026-02,Éxito,Bucaramanga,MER-NYR,New Year Resolution,Merch,3,8,6,666000,2.0,1,2
2026-02,Éxito,Bucaramanga,PAN-ALM-CHO,Almendra Choco Chips,Pancakes & Waffles,3,22,21,972300,7.0,0,1
2026-02,Éxito,Bucaramanga,PAN-ALM-VAN,Almendra Vainilla,Pancakes & Waffles,3,7,5,231500,1.67,3,2
2026-02,Éxito,Bucaramanga,PAN-AVE-BRO,Avena Brownie,Pancakes & Waffles,3,4,3,109500,1.0,0,1
2026-02,Éxito,Bucaramanga,PAN-AVE-VAN,Avena Vainilla,Pancakes & Waffles,3,27,22,803000,7.33,0,5
2026-02,Éxito,Cali,AVE-HOJ,Avena en Hojuelas,Avena & Harinas,2,35,32,1113600,16.0,4,3
2026-02,Éxito,Cali,COM-3GRA,Three Pack GranOLA,Combos,2,13,11,1181400,5.5,0,2
2026-02,Éxito,Cali,COM-3MEZ,Three Pack Mezclas,Combos,2,35,32,3374400,16.0,4,3
2026-02,Éxito,Cali,COM-3SPR,Three Pack Spread,Combos,2,25,22,3144900,11.0,0,3
2026-02,Éxito,Cali,COM-DECK,Deck de Cartas,Combos,2,36,27,2997000,13.5,2,9
2026-02,Éxito,Cali,COM-MIX,Perfect Mix & Match,Combos,2,7,6,461400,3.0,0,1
2026-02,Éxito,Cali,COM-WAF,Mini Wafflera,Combos,2,103,75,8325000,37.5,0,28
2026-02,Éxito,Cali,ESP-BABY,Baby Spreads,Esparcibles,2,83,64,1385600,32.0,1,19
2026-02,Éxito,Cali,ESP-CRU,Crunchy Cocoa Hazelnut,Esparcibles,2,25,22,1186900,11.0,2,3
2026-02,Éxito,Cali,ESP-PB,Peanutty Banana Shake,Esparcibles,2,42,41,2211950,20.5,5,1
2026-02,Éxito,Cali,ESP-PIS,Buttery Pistachio Cookie,Esparcibles,2,35,33,2326500,16.5,0,2
2026-02,Éxito,Cali,GRA-CHI,Chip Cookie,GranOLAS,2,23,19,799900,9.5,0,4
2026-02,Éxito,Cali,GRA-FUD,Fudge Cake,GranOLAS,2,49,38,1599800,19.0,2,11
2026-02,Éxito,Cali,GRA-PIS,Pistachio Cookie,GranOLAS,2,68,55,2744500,27.5,4,13
2026-02,Éxito,Cali,HAR-ALM,Harina de Almendra,Avena & Harinas,2,46,33,1268850,16.5,2,13
2026-02,Éxito,Cali,HAR-AVE,Harina de Avena,Avena & Harinas,2,97,77,2679600,38.5,0,20
2026-02,Éxito,Cali,PAN-ALM-CHO,Almendra Choco Chips,Pancakes & Waffles,2,141,127,5880100,63.5,0,14
2026-02,Éxito,Cali,PAN-AVE-BAN,Avena Banano,Pancakes & Waffles,2,196,191,6971500,95.5,0,5
2026-02,Éxito,Cali,PAN-AVE-BRO,Avena Brownie,Pancakes & Waffles,2,36,31,1131500,15.5,0,5
2026-02,Éxito,Cali,PAN-AVE-VAN,Avena Vainilla,Pancakes & Waffles,2,25,23,839500,11.5,3,2
2026-02,Éxito,Cartagena,COM-3GRA,Three Pack GranOLA,Combos,3,46,35,3759000,11.67,4,11
2026-02,Éxito,Cartagena,COM-MIX,Perfect Mix & Match,Combos,3,77,55,4229500,18.33,0,22
2026-02,Éxito,Cartagena,COM-ROMP,Rompecabezas,Combos,3,26,25,2775000,8.33,2,1
2026-02,Éxito,Cartagena,ESP-BABY,Baby Spreads,Esparcibles,3,18,12,259800,4.0,8,6
2026-02,Éxito,Cartagena,ESP-CIN,Golden Cinnamon Roll,Esparcibles,3,23,20,1079000,6.67,2,3
2026-02,Éxito,Cartagena,ESP-CRE,Creamy Cocoa Hazelnut,Esparcibles,3,18,14,755300,4.67,1,4
2026-02,Éxito,Cartagena,ESP-PIS,Buttery Pistachio Cookie,Esparcibles,3,97,75,5287500,25.0,2,22
2026-02,Éxito,Cartagena,GRA-VAN,Vanilla Shortbread,GranOLAS,3,10,8,336800,2.67,0,2
2026-02,Éxito,Cartagena,HAR-ALM,Harina de Almendra,Avena & Harinas,3,62,48,1845600,16.0,2,14
2026-02,Éxito,Cartagena,HAR-AVE,Harina de Avena,Avena & Harinas,3,80,59,2053200,19.67,0,21
2026-02,Éxito,Cartagena,MER-NYR,New Year Resolution,Merch,3,36,28,3108000,9.33,2,8
2026-02,Éxito,Cartagena,PAN-ALM-CHO,Almendra Choco Chips,Pancakes & Waffles,3,146,108,5000400,36.0,0,38
2026-02,Éxito,Cartagena,PAN-ALM-CHU,Almendra Churro,Pancakes & Waffles,3,1,0,0,0.0,3,1
2026-02,Éxito,Cartagena,PAN-ALM-VAN,Almendra Vainilla,Pancakes & Waffles,3,12,11,509300,3.67,0,1
2026-02,Éxito,Cartagena,PAN-AVE-BAN,Avena Banano,Pancakes & Waffles,3,70,53,1934500,17.67,6,17
2026-02,Éxito,Cartagena,PAN-AVE-VAN,Avena Vainilla,Pancakes & Waffles,3,169,165,6022500,55.0,3,4
2026-02,Éxito,Medellín,AVE-HOJ,Avena en Hojuelas,Avena & Harinas,6,471,407,14163600,67.83,4,64
2026-02,Éxito,Medellín,COM-3GRA,Three Pack GranOLA,Combos,6,42,31,3329400,5.17,1,11
2026-02,Éxito,Medellín,COM-3MEZ,Three Pack Mezclas,Combos,6,3,2,210900,0.33,0,1
2026-02,Éxito,Medellín,COM-3SPR,Three Pack Spread,Combos,6,53,41,5860950,6.83,0,12
2026-02,Éxito,Medellín,COM-DECK,Deck de Cartas,Combos,6,65,58,6438000,9.67,0,7
2026-02,Éxito,Medellín,COM-MIX,Perfect Mix & Match,Combos,6,236,171,13149900,28.5,4,65
2026-02,Éxito,Medellín,COM-ROMP,Rompecabezas,Combos,6,43,35,3885000,5.83,0,8
2026-02,Éxito,Medellín,ESP-BABY,Baby Spreads,Esparcibles,6,222,205,4438250,34.17,1,17
2026-02,Éxito,Medellín,ESP-CIN,Golden Cinnamon Roll,Esparcibles,6,39,39,2104050,6.5,0,0
2026-02,Éxito,Medellín,ESP-CRE,Creamy Cocoa Hazelnut,Esparcibles,6,126,102,5502900,17.0,0,24
2026-02,Éxito,Medellín,ESP-CRU,Crunchy Cocoa Hazelnut,Esparcibles,6,64,46,2481700,7.67,4,18
2026-02,Éxito,Medellín,ESP-PB,Peanutty Banana Shake,Esparcibles,6,189,159,8578050,26.5,5,30
2026-02,Éxito,Medellín,ESP-PIS,Buttery Pistachio Cookie,Esparcibles,6,22,18,1269000,3.0,0,4
2026-02,Éxito,Medellín,GRA-CHI,Chip Cookie,GranOLAS,6,85,68,2862800,11.33,6,17
2026-02,Éxito,Medellín,GRA-FUD,Fudge Cake,GranOLAS,6,451,402,16924200,67.0,0,49
2026-02,Éxito,Medellín,GRA-PIS,Pistachio Cookie,GranOLAS,6,90,89,4441100,14.83,0,1
2026-02,Éxito,Medellín,GRA-VAN,Vanilla Shortbread,GranOLAS,6,265,242,10188200,40.33,5,23
2026-02,Éxito,Medellín,HAR-ALM,Harina de Almendra,Avena & Harinas,6,41,33,1268850,5.5,4,8
2026-02,Éxito,Medellín,HAR-AVE,Harina de Avena,Avena & Harinas,6,162,149,5185200,24.83,2,13
2026-02,Éxito,Medellín,MER-NYR,New Year Resolution,Merch,6,29,25,2775000,4.17,1,4
2026-02,Éxito,Medellín,PAN-ALM-CHO,Almendra Choco Chips,Pancakes & Waffles,6,101,78,3611400,13.0,2,23
2026-02,Éxito,Medellín,PAN-ALM-CHU,Almendra Churro,Pancakes & Waffles,6,35,25,1157500,4.17,0,10
2026-02,Éxito,Medellín,PAN-ALM-VAN,Almendra Vainilla,Pancakes & Waffles,6,52,41,1898300,6.83,0,11
2026-02,Éxito,Medellín,PAN-AVE-BAN,Avena Banano,Pancakes & Waffles,6,201,152,5548000,25.33,5,49
2026-02,Éxito,Medellín,PAN-AVE-BRO,Avena Brownie,Pancakes & Waffles,6,13,9,328500,1.5,0,4
2026-02,Éxito,Medellín,PAN-AVE-VAN,Avena Vainilla,Pancakes & Waffles,6,35,25,912500,4.17,1,10
2026-02,Éxito,Pereira,AVE-HOJ,Avena en Hojuelas,Avena & Harinas,2,274,220,7656000,110.0,3,54
2026-02,Éxito,Pereira,COM-3GRA,Three Pack GranOLA,Combos,2,26,26,2792400,13.0,1,0
2026-02,Éxito,Pereira,COM-3SPR,Three Pack Spread,Combos,2,37,31,4431450,15.5,1,6
2026-02,Éxito,Pereira,COM-DECK,Deck de Cartas,Combos,2,100,82,9102000,41.0,4,18
2026-02,Éxito,Pereira,COM-ROMP,Rompecabezas,Combos,2,46,35,3885000,17.5,0,11
2026-02,Éxito,Pereira,COM-WAF,Mini Wafflera,Combos,2,149,149,16539000,74.5,2,0
2026-02,Éxito,Pereira,ESP-CIN,Golden Cinnamon Roll,Esparcibles,2,75,62,3344900,31.0,0,13
2026-02,Éxito,Pereira,ESP-CRE,Creamy Cocoa Hazelnut,Esparcibles,2,75,70,3776500,35.0,0,5
2026-02,Éxito,Pereira,ESP-CRU,Crunchy Cocoa Hazelnut,Esparcibles,2,96,76,4100200,38.0,0,20
2026-02,Éxito,Pereira,ESP-PB,Peanutty Banana Shake,Esparcibles,2,31,30,1618500,15.0,5,1
2026-02,Éxito,Pereira,ESP-PIS,Buttery Pistachio Cookie,Esparcibles,2,162,152,10716000,76.0,4,10
2026-02,Éxito,Pereira,GRA-FUD,Fudge Cake,GranOLAS,2,6,5,210500,2.5,1,1
2026-02,Éxito,Pereira,PAN-AVE-VAN,Avena Vainilla,Pancakes & Waffles,2,74,56,2044000,28.0,0,18
2026-03,Carulla,Barranquilla,AVE-HOJ,Avena en Hojuelas,Avena & Harinas,5,104,91,3225950,18.2,6,13
2026-03,Carulla,Barranquilla,COM-3GRA,Three Pack GranOLA,Combos,5,13,13,1421550,2.6,2,0
2026-03,Carulla,Barranquilla,COM-DECK,Deck de Cartas,Combos,5,20,17,1921000,3.4,0,3
2026-03,Carulla,Barranquilla,COM-ROMP,Rompecabezas,Combos,5,13,12,1356000,2.4,0,1
2026-03,Carulla,Barranquilla,COM-WAF,Mini Wafflera,Combos,5,62,46,5198000,9.2,0,16
2026-03,Carulla,Barranquilla,ESP-BABY,Baby Spreads,Esparcibles,5,31,26,573300,5.2,7,5
2026-03,Carulla,Barranquilla,ESP-CRE,Creamy Cocoa Hazelnut,Esparcibles,5,303,220,12078000,44.0,6,83
2026-03,Carulla,Barranquilla,ESP-CRU,Crunchy Cocoa Hazelnut,Esparcibles,5,46,38,2086200,7.6,3,8
2026-03,Carulla,Barranquilla,ESP-PB,Peanutty Banana Shake,Esparcibles,5,66,61,3348900,12.2,0,5
2026-03,Carulla,Barranquilla,ESP-PIS,Buttery Pistachio Cookie,Esparcibles,5,58,48,3444000,9.6,0,10
2026-03,Carulla,Barranquilla,GRA-CHI,Chip Cookie,GranOLAS,5,12,9,386100,1.8,3,3
2026-03,Carulla,Barranquilla,GRA-FUD,Fudge Cake,GranOLAS,5,67,66,2831400,13.2,4,1
2026-03,Carulla,Barranquilla,GRA-PIS,Pistachio Cookie,GranOLAS,5,14,10,508000,2.0,0,4
2026-03,Carulla,Barranquilla,GRA-VAN,Vanilla Shortbread,GranOLAS,5,46,35,1501500,7.0,0,11
2026-03,Carulla,Barranquilla,PAN-ALM-CHO,Almendra Choco Chips,Pancakes & Waffles,5,33,29,1365900,5.8,0,4
2026-03,Carulla,Barranquilla,PAN-ALM-CHU,Almendra Churro,Pancakes & Waffles,5,44,31,1460100,6.2,0,13
2026-03,Carulla,Barranquilla,PAN-ALM-VAN,Almendra Vainilla,Pancakes & Waffles,5,80,71,3344100,14.2,4,9
2026-03,Carulla,Barranquilla,PAN-AVE-BAN,Avena Banano,Pancakes & Waffles,5,28,25,928750,5.0,1,3
2026-03,Carulla,Barranquilla,PAN-AVE-BRO,Avena Brownie,Pancakes & Waffles,5,148,123,4569450,24.6,9,25
2026-03,Carulla,Barranquilla,PAN-AVE-VAN,Avena Vainilla,Pancakes & Waffles,5,25,19,705850,3.8,2,6
2026-03,Carulla,Bogotá,AVE-HOJ,Avena en Hojuelas,Avena & Harinas,11,63,63,2233350,5.73,0,0
2026-03,Carulla,Bogotá,COM-3GRA,Three Pack GranOLA,Combos,11,23,21,2296350,1.91,5,2
2026-03,Carulla,Bogotá,COM-3MEZ,Three Pack Mezclas,Combos,11,57,41,4401350,3.73,3,16
2026-03,Carulla,Bogotá,COM-3SPR,Three Pack Spread,Combos,11,39,35,5092500,3.18,3,4
2026-03,Carulla,Bogotá,COM-DECK,Deck de Cartas,Combos,11,34,32,3616000,2.91,8,2
2026-03,Carulla,Bogotá,COM-MIX,Perfect Mix & Match,Combos,11,213,202,15806500,18.36,0,11
2026-03,Carulla,Bogotá,COM-ROMP,Rompecabezas,Combos,11,75,61,6893000,5.55,0,14
2026-03,Carulla,Bogotá,COM-WAF,Mini Wafflera,Combos,11,40,33,3729000,3.0,1,7
2026-03,Carulla,Bogotá,ESP-BABY,Baby Spreads,Esparcibles,11,555,504,11113200,45.82,0,51
2026-03,Carulla,Bogotá,ESP-BUT,Golden Butter Cookie,Esparcibles,11,27,21,1421700,1.91,0,6
2026-03,Carulla,Bogotá,ESP-CIN,Golden Cinnamon Roll,Esparcibles,11,229,188,10321200,17.09,6,41
2026-03,Carulla,Bogotá,ESP-CRE,Creamy Cocoa Hazelnut,Esparcibles,11,114,105,5764500,9.55,0,9
2026-03,Carulla,Bogotá,ESP-CRU,Crunchy Cocoa Hazelnut,Esparcibles,11,55,54,2964600,4.91,0,1
2026-03,Carulla,Bogotá,ESP-PB,Peanutty Banana Shake,Esparcibles,11,187,157,8619300,14.27,0,30
2026-03,Carulla,Bogotá,ESP-PIS,Buttery Pistachio Cookie,Esparcibles,11,125,110,7892500,10.0,2,15
2026-03,Carulla,Bogotá,GRA-CHI,Chip Cookie,GranOLAS,11,190,151,6477900,13.73,0,39
2026-03,Carulla,Bogotá,GRA-FUD,Fudge Cake,GranOLAS,11,9,8,343200,0.73,10,1
2026-03,Carulla,Bogotá,GRA-PIS,Pistachio Cookie,GranOLAS,11,352,351,17830800,31.91,0,1
2026-03,Carulla,Bogotá,GRA-VAN,Vanilla Shortbread,GranOLAS,11,290,232,9952800,21.09,0,58
2026-03,Carulla,Bogotá,HAR-ALM,Harina de Almendra,Avena & Harinas,11,74,53,2074950,4.82,6,21
2026-03,Carulla,Bogotá,HAR-AVE,Harina de Avena,Avena & Harinas,11,214,180,6381000,16.36,2,34
2026-03,Carulla,Bogotá,MER-NYR,New Year Resolution,Merch,11,150,108,12204000,9.82,1,42
2026-03,Carulla,Bogotá,PAN-ALM-CHO,Almendra Choco Chips,Pancakes & Waffles,11,384,288,13564800,26.18,6,96
2026-03,Carulla,Bogotá,PAN-ALM-CHU,Almendra Churro,Pancakes & Waffles,11,266,242,11398200,22.0,0,24
2026-03,Carulla,Bogotá,PAN-ALM-VAN,Almendra Vainilla,Pancakes & Waffles,11,123,123,5793300,11.18,6,0
2026-03,Carulla,Bogotá,PAN-AVE-BAN,Avena Banano,Pancakes & Waffles,11,98,84,3120600,7.64,0,14
2026-03,Carulla,Bogotá,PAN-AVE-BRO,Avena Brownie,Pancakes & Waffles,11,151,135,5015250,12.27,0,16
2026-03,Carulla,Bogotá,PAN-AVE-VAN,Avena Vainilla,Pancakes & Waffles,11,118,120,4458000,10.91,0,0
2026-03,Carulla,Bucaramanga,COM-3SPR,Three Pack Spread,Combos,1,1,0,0,0.0,4,1
2026-03,Carulla,Bucaramanga,COM-DECK,Deck de Cartas,Combos,1,9,7,791000,7.0,5,2
2026-03,Carulla,Bucaramanga,COM-MIX,Perfect Mix & Match,Combos,1,22,16,1252000,16.0,0,6
2026-03,Carulla,Bucaramanga,ESP-BUT,Golden Butter Cookie,Esparcibles,1,15,11,744700,11.0,1,4
2026-03,Carulla,Bucaramanga,ESP-CRE,Creamy Cocoa Hazelnut,Esparcibles,1,19,17,933300,17.0,5,2
2026-03,Carulla,Bucaramanga,ESP-CRU,Crunchy Cocoa Hazelnut,Esparcibles,1,11,10,549000,10.0,0,1
2026-03,Carulla,Bucaramanga,ESP-PB,Peanutty Banana Shake,Esparcibles,1,18,15,823500,15.0,3,3
2026-03,Carulla,Bucaramanga,GRA-CHI,Chip Cookie,GranOLAS,1,4,3,128700,3.0,4,1
2026-03,Carulla,Bucaramanga,GRA-VAN,Vanilla Shortbread,GranOLAS,1,8,6,257400,6.0,3,2
2026-03,Carulla,Bucaramanga,PAN-AVE-BAN,Avena Banano,Pancakes & Waffles,1,54,54,2006100,54.0,9,0
2026-03,Carulla,Bucaramanga,PAN-AVE-BRO,Avena Brownie,Pancakes & Waffles,1,8,6,222900,6.0,3,2
2026-03,Carulla,Bucaramanga,PAN-AVE-VAN,Avena Vainilla,Pancakes & Waffles,1,77,65,2414750,65.0,2,12
2026-03,Carulla,Cali,COM-3MEZ,Three Pack Mezclas,Combos,4,88,64,6870400,16.0,0,24
2026-03,Carulla,Cali,COM-3SPR,Three Pack Spread,Combos,4,7,6,873000,1.5,3,1
2026-03,Carulla,Cali,COM-DECK,Deck de Cartas,Combos,4,17,15,1695000,3.75,0,2
2026-03,Carulla,Cali,COM-MIX,Perfect Mix & Match,Combos,4,38,32,2504000,8.0,4,6
2026-03,Carulla,Cali,COM-ROMP,Rompecabezas,Combos,4,16,12,1356000,3.0,0,4
2026-03,Carulla,Cali,COM-WAF,Mini Wafflera,Combos,4,11,9,1017000,2.25,2,2
2026-03,Carulla,Cali,ESP-BUT,Golden Butter Cookie,Esparcibles,4,21,21,1421700,5.25,0,0
2026-03,Carulla,Cali,ESP-CRU,Crunchy Cocoa Hazelnut,Esparcibles,4,108,85,4666500,21.25,5,23
2026-03,Carulla,Cali,ESP-PB,Peanutty Banana Shake,Esparcibles,4,79,80,4392000,20.0,0,0
2026-03,Carulla,Cali,ESP-PIS,Buttery Pistachio Cookie,Esparcibles,4,34,29,2080750,7.25,8,5
2026-03,Carulla,Cali,GRA-CHI,Chip Cookie,GranOLAS,4,47,47,2016300,11.75,0,0
2026-03,Carulla,Cali,GRA-FUD,Fudge Cake,GranOLAS,4,10,8,343200,2.0,6,2
2026-03,Carulla,Cali,GRA-PIS,Pistachio Cookie,GranOLAS,4,132,129,6553200,32.25,1,3
2026-03,Carulla,Cali,GRA-VAN,Vanilla Shortbread,GranOLAS,4,58,48,2059200,12.0,5,10
2026-03,Carulla,Cali,HAR-ALM,Harina de Almendra,Avena & Harinas,4,730,574,22472100,143.5,8,156
2026-03,Carulla,Cali,HAR-AVE,Harina de Avena,Avena & Harinas,4,52,37,1311650,9.25,5,15
2026-03,Carulla,Cali,MER-NYR,New Year Resolution,Merch,4,19,16,1808000,4.0,1,3
2026-03,Carulla,Cali,PAN-ALM-CHO,Almendra Choco Chips,Pancakes & Waffles,4,12,12,565200,3.0,2,0
2026-03,Carulla,Cali,PAN-ALM-VAN,Almendra Vainilla,Pancakes & Waffles,4,32,27,1271700,6.75,7,5
2026-03,Carulla,Cali,PAN-AVE-BAN,Avena Banano,Pancakes & Waffles,4,53,38,1411700,9.5,5,15
2026-03,Carulla,Cali,PAN-AVE-BRO,Avena Brownie,Pancakes & Waffles,4,15,14,520100,3.5,0,1
2026-03,Carulla,Cali,PAN-AVE-VAN,Avena Vainilla,Pancakes & Waffles,4,157,126,4680900,31.5,3,31
2026-03,Carulla,Cartagena,AVE-HOJ,Avena en Hojuelas,Avena & Harinas,2,39,39,1382550,19.5,3,0
2026-03,Carulla,Cartagena,COM-3MEZ,Three Pack Mezclas,Combos,2,6,5,536750,2.5,0,1
2026-03,Carulla,Cartagena,COM-MIX,Perfect Mix & Match,Combos,2,32,30,2347500,15.0,6,2
2026-03,Carulla,Cartagena,ESP-BUT,Golden Butter Cookie,Esparcibles,2,14,14,947800,7.0,2,0
2026-03,Carulla,Cartagena,ESP-CRE,Creamy Cocoa Hazelnut,Esparcibles,2,29,28,1537200,14.0,1,1
2026-03,Carulla,Cartagena,GRA-CHI,Chip Cookie,GranOLAS,2,110,101,4332900,50.5,1,9
2026-03,Carulla,Cartagena,GRA-VAN,Vanilla Shortbread,GranOLAS,2,18,16,686400,8.0,3,2
2026-03,Carulla,Cartagena,PAN-ALM-CHO,Almendra Choco Chips,Pancakes & Waffles,2,54,52,2449200,26.0,1,2
2026-03,Carulla,Cartagena,PAN-AVE-BRO,Avena Brownie,Pancakes & Waffles,2,48,37,1374550,18.5,10,11
2026-03,Carulla,Manizales,AVE-HOJ,Avena en Hojuelas,Avena & Harinas,1,42,39,1382550,39.0,0,3
2026-03,Carulla,Manizales,COM-3GRA,Three Pack GranOLA,Combos,1,15,12,1312200,12.0,4,3
2026-03,Carulla,Manizales,COM-DECK,Deck de Cartas,Combos,1,4,3,339000,3.0,1,1
2026-03,Carulla,Manizales,ESP-CRE,Creamy Cocoa Hazelnut,Esparcibles,1,8,6,329400,6.0,2,2
2026-03,Carulla,Manizales,HAR-AVE,Harina de Avena,Avena & Harinas,1,52,45,1595250,45.0,0,7
2026-03,Carulla,Manizales,PAN-AVE-BRO,Avena Brownie,Pancakes & Waffles,1,24,22,817300,22.0,3,2
2026-03,Carulla,Medellín,AVE-HOJ,Avena en Hojuelas,Avena & Harinas,5,20,16,567200,3.2,0,4
2026-03,Carulla,Medellín,COM-3GRA,Three Pack GranOLA,Combos,5,55,50,5467500,10.0,8,5
2026-03,Carulla,Medellín,COM-3MEZ,Three Pack Mezclas,Combos,5,63,56,6011600,11.2,0,7
2026-03,Carulla,Medellín,COM-3SPR,Three Pack Spread,Combos,5,7,5,727500,1.0,0,2
2026-03,Carulla,Medellín,COM-DECK,Deck de Cartas,Combos,5,22,17,1921000,3.4,10,5
2026-03,Carulla,Medellín,COM-MIX,Perfect Mix & Match,Combos,5,39,37,2895250,7.4,5,2
2026-03,Carulla,Medellín,COM-ROMP,Rompecabezas,Combos,5,41,32,3616000,6.4,1,9
2026-03,Carulla,Medellín,COM-WAF,Mini Wafflera,Combos,5,33,30,3390000,6.0,5,3
2026-03,Carulla,Medellín,ESP-BABY,Baby Spreads,Esparcibles,5,584,473,10429650,94.6,2,111
2026-03,Carulla,Medellín,ESP-CIN,Golden Cinnamon Roll,Esparcibles,5,28,24,1317600,4.8,0,4
2026-03,Carulla,Medellín,ESP-CRE,Creamy Cocoa Hazelnut,Esparcibles,5,91,83,4556700,16.6,5,8
2026-03,Carulla,Medellín,ESP-PB,Peanutty Banana Shake,Esparcibles,5,72,61,3348900,12.2,0,11
2026-03,Carulla,Medellín,ESP-PIS,Buttery Pistachio Cookie,Esparcibles,5,35,29,2080750,5.8,0,6
2026-03,Carulla,Medellín,GRA-CHI,Chip Cookie,GranOLAS,5,42,39,1673100,7.8,0,3
2026-03,Carulla,Medellín,GRA-FUD,Fudge Cake,GranOLAS,5,16,11,471900,2.2,0,5
2026-03,Carulla,Medellín,GRA-PIS,Pistachio Cookie,GranOLAS,5,61,61,3098800,12.2,4,0
2026-03,Carulla,Medellín,GRA-VAN,Vanilla Shortbread,GranOLAS,5,54,44,1887600,8.8,6,10
2026-03,Carulla,Medellín,HAR-AVE,Harina de Avena,Avena & Harinas,5,430,331,11733950,66.2,6,99
2026-03,Carulla,Medellín,PAN-ALM-CHO,Almendra Choco Chips,Pancakes & Waffles,5,16,15,706500,3.0,0,1
2026-03,Carulla,Medellín,PAN-ALM-CHU,Almendra Churro,Pancakes & Waffles,5,35,25,1177500,5.0,1,10
2026-03,Carulla,Medellín,PAN-ALM-VAN,Almendra Vainilla,Pancakes & Waffles,5,33,24,1130400,4.8,7,9
2026-03,Carulla,Medellín,PAN-AVE-BAN,Avena Banano,Pancakes & Waffles,5,152,136,5052400,27.2,0,16
2026-03,Carulla,Medellín,PAN-AVE-BRO,Avena Brownie,Pancakes & Waffles,5,271,274,10179100,54.8,2,0
2026-03,Carulla,Medellín,PAN-AVE-VAN,Avena Vainilla,Pancakes & Waffles,5,34,27,1003050,5.4,3,7
2026-03,Carulla,Pereira,AVE-HOJ,Avena en Hojuelas,Avena & Harinas,1,54,45,1595250,45.0,2,9
2026-03,Carulla,Pereira,COM-3GRA,Three Pack GranOLA,Combos,1,23,20,2187000,20.0,3,3
2026-03,Carulla,Pereira,COM-3MEZ,Three Pack Mezclas,Combos,1,8,6,644100,6.0,6,2
2026-03,Carulla,Pereira,COM-3SPR,Three Pack Spread,Combos,1,11,9,1309500,9.0,2,2
2026-03,Carulla,Pereira,COM-DECK,Deck de Cartas,Combos,1,18,13,1469000,13.0,3,5
2026-03,Carulla,Pereira,COM-MIX,Perfect Mix & Match,Combos,1,7,6,469500,6.0,2,1
2026-03,Carulla,Pereira,COM-WAF,Mini Wafflera,Combos,1,5,3,339000,3.0,1,2
2026-03,Carulla,Pereira,ESP-BABY,Baby Spreads,Esparcibles,1,22,18,396900,18.0,1,4
2026-03,Carulla,Pereira,ESP-BUT,Golden Butter Cookie,Esparcibles,1,29,28,1895600,28.0,2,1
2026-03,Carulla,Pereira,ESP-CIN,Golden Cinnamon Roll,Esparcibles,1,29,23,1262700,23.0,6,6
2026-03,Carulla,Pereira,ESP-CRE,Creamy Cocoa Hazelnut,Esparcibles,1,10,7,384300,7.0,0,3
2026-03,Carulla,Pereira,ESP-PIS,Buttery Pistachio Cookie,Esparcibles,1,75,73,5237750,73.0,0,2
2026-03,Carulla,Pereira,HAR-ALM,Harina de Almendra,Avena & Harinas,1,45,34,1331100,34.0,0,11
2026-03,Carulla,Pereira,MER-NYR,New Year Resolution,Merch,1,47,41,4633000,41.0,1,6
2026-03,Carulla,Pereira,PAN-ALM-CHO,Almendra Choco Chips,Pancakes & Waffles,1,44,40,1884000,40.0,3,4
2026-03,Carulla,Pereira,PAN-AVE-BAN,Avena Banano,Pancakes & Waffles,1,68,52,1931800,52.0,8,16
2026-03,Carulla,Pereira,PAN-AVE-BRO,Avena Brownie,Pancakes & Waffles,1,5,3,111450,3.0,3,2
2026-03,Carulla,Pereira,PAN-AVE-VAN,Avena Vainilla,Pancakes & Waffles,1,29,29,1077350,29.0,3,0
2026-03,Fithub,Barranquilla,AVE-HOJ,Avena en Hojuelas,Avena & Harinas,2,29,26,1002300,13.0,2,3
2026-03,Fithub,Barranquilla,COM-3GRA,Three Pack GranOLA,Combos,2,10,9,1071450,4.5,0,1
2026-03,Fithub,Barranquilla,COM-3MEZ,Three Pack Mezclas,Combos,2,22,21,2453850,10.5,0,1
2026-03,Fithub,Barranquilla,COM-3SPR,Three Pack Spread,Combos,2,1,0,0,0.0,3,1
2026-03,Fithub,Barranquilla,COM-DECK,Deck de Cartas,Combos,2,12,10,1230000,5.0,3,2
2026-03,Fithub,Barranquilla,COM-MIX,Perfect Mix & Match,Combos,2,4,4,340800,2.0,4,0
2026-03,Fithub,Barranquilla,COM-ROMP,Rompecabezas,Combos,2,3,2,246000,1.0,0,1
2026-03,Fithub,Barranquilla,COM-WAF,Mini Wafflera,Combos,2,1,0,0,0.0,2,1
2026-03,Fithub,Barranquilla,ESP-BABY,Baby Spreads,Esparcibles,2,108,91,2184000,45.5,4,17
2026-03,Fithub,Barranquilla,ESP-BUT,Golden Butter Cookie,Esparcibles,2,21,20,1474000,10.0,4,1
2026-03,Fithub,Barranquilla,ESP-CIN,Golden Cinnamon Roll,Esparcibles,2,2,1,59750,0.5,5,1
2026-03,Fithub,Barranquilla,ESP-CRE,Creamy Cocoa Hazelnut,Esparcibles,2,10,9,537750,4.5,4,1
2026-03,Fithub,Barranquilla,ESP-CRU,Crunchy Cocoa Hazelnut,Esparcibles,2,22,18,1075500,9.0,0,4
2026-03,Fithub,Barranquilla,ESP-PB,Peanutty Banana Shake,Esparcibles,2,36,34,2031500,17.0,1,2
2026-03,Fithub,Barranquilla,ESP-PIS,Buttery Pistachio Cookie,Esparcibles,2,10,8,624800,4.0,5,2
2026-03,Fithub,Barranquilla,GRA-CHI,Chip Cookie,GranOLAS,2,63,54,2521800,27.0,2,9
2026-03,Fithub,Barranquilla,GRA-FUD,Fudge Cake,GranOLAS,2,9,7,326900,3.5,6,2
2026-03,Fithub,Barranquilla,GRA-VAN,Vanilla Shortbread,GranOLAS,2,25,19,887300,9.5,4,6
2026-03,Fithub,Barranquilla,HAR-ALM,Harina de Almendra,Avena & Harinas,2,33,29,1235400,14.5,0,4
2026-03,Fithub,Barranquilla,HAR-AVE,Harina de Avena,Avena & Harinas,2,20,17,655350,8.5,2,3
2026-03,Fithub,Barranquilla,MER-NYR,New Year Resolution,Merch,2,6,4,492000,2.0,5,2
2026-03,Fithub,Barranquilla,PAN-ALM-CHO,Almendra Choco Chips,Pancakes & Waffles,2,11,9,461700,4.5,3,2
2026-03,Fithub,Barranquilla,PAN-ALM-VAN,Almendra Vainilla,Pancakes & Waffles,2,9,8,410400,4.0,1,1
2026-03,Fithub,Barranquilla,PAN-AVE-BRO,Avena Brownie,Pancakes & Waffles,2,27,25,1011250,12.5,7,2
2026-03,Fithub,Barranquilla,PAN-AVE-VAN,Avena Vainilla,Pancakes & Waffles,2,36,29,1173050,14.5,3,7
2026-03,Fithub,Bogotá,AVE-HOJ,Avena en Hojuelas,Avena & Harinas,3,56,43,1657650,14.33,7,13
2026-03,Fithub,Bogotá,COM-3GRA,Three Pack GranOLA,Combos,3,27,25,2976250,8.33,11,2
2026-03,Fithub,Bogotá,COM-3MEZ,Three Pack Mezclas,Combos,3,55,45,5258250,15.0,1,10
2026-03,Fithub,Bogotá,COM-3SPR,Three Pack Spread,Combos,3,20,17,2692800,5.67,0,3
2026-03,Fithub,Bogotá,COM-DECK,Deck de Cartas,Combos,3,62,62,7626000,20.67,1,0
2026-03,Fithub,Bogotá,COM-MIX,Perfect Mix & Match,Combos,3,61,47,4004400,15.67,0,14
2026-03,Fithub,Bogotá,COM-ROMP,Rompecabezas,Combos,3,52,41,5043000,13.67,0,11
2026-03,Fithub,Bogotá,COM-WAF,Mini Wafflera,Combos,3,19,14,1722000,4.67,2,5
2026-03,Fithub,Bogotá,ESP-BABY,Baby Spreads,Esparcibles,3,120,120,2880000,40.0,8,0
2026-03,Fithub,Bogotá,ESP-BUT,Golden Butter Cookie,Esparcibles,3,72,54,3979800,18.0,6,18
2026-03,Fithub,Bogotá,ESP-CIN,Golden Cinnamon Roll,Esparcibles,3,28,22,1314500,7.33,1,6
2026-03,Fithub,Bogotá,ESP-CRE,Creamy Cocoa Hazelnut,Esparcibles,3,35,27,1613250,9.0,0,8
2026-03,Fithub,Bogotá,ESP-CRU,Crunchy Cocoa Hazelnut,Esparcibles,3,53,38,2270500,12.67,2,15
2026-03,Fithub,Bogotá,ESP-PB,Peanutty Banana Shake,Esparcibles,3,48,48,2868000,16.0,2,0
2026-03,Fithub,Bogotá,ESP-PIS,Buttery Pistachio Cookie,Esparcibles,3,31,31,2421100,10.33,4,0
2026-03,Fithub,Bogotá,GRA-CHI,Chip Cookie,GranOLAS,3,140,117,5463900,39.0,4,23
2026-03,Fithub,Bogotá,GRA-FUD,Fudge Cake,GranOLAS,3,126,116,5417200,38.67,7,10
2026-03,Fithub,Bogotá,GRA-PIS,Pistachio Cookie,GranOLAS,3,85,68,3760400,22.67,0,17
2026-03,Fithub,Bogotá,GRA-VAN,Vanilla Shortbread,GranOLAS,3,74,63,2942100,21.0,3,11
2026-03,Fithub,Bogotá,HAR-ALM,Harina de Almendra,Avena & Harinas,3,122,101,4302600,33.67,0,21
2026-03,Fithub,Bogotá,HAR-AVE,Harina de Avena,Avena & Harinas,3,185,141,5435550,47.0,5,44
2026-03,Fithub,Bogotá,MER-NYR,New Year Resolution,Merch,3,24,22,2706000,7.33,7,2
2026-03,Fithub,Bogotá,PAN-ALM-CHO,Almendra Choco Chips,Pancakes & Waffles,3,32,27,1385100,9.0,0,5
2026-03,Fithub,Bogotá,PAN-ALM-CHU,Almendra Churro,Pancakes & Waffles,3,22,20,1026000,6.67,0,2
2026-03,Fithub,Bogotá,PAN-ALM-VAN,Almendra Vainilla,Pancakes & Waffles,3,128,98,5027400,32.67,0,30
2026-03,Fithub,Bogotá,PAN-AVE-BAN,Avena Banano,Pancakes & Waffles,3,88,72,2912400,24.0,8,16
2026-03,Fithub,Bogotá,PAN-AVE-BRO,Avena Brownie,Pancakes & Waffles,3,121,101,4085450,33.67,0,20
2026-03,Fithub,Bogotá,PAN-AVE-VAN,Avena Vainilla,Pancakes & Waffles,3,187,160,6472000,53.33,0,27
2026-03,Fithub,Bucaramanga,COM-3GRA,Three Pack GranOLA,Combos,3,3,2,238100,0.67,4,1
2026-03,Fithub,Bucaramanga,ESP-CRE,Creamy Cocoa Hazelnut,Esparcibles,3,16,12,717000,4.0,7,4
2026-03,Fithub,Bucaramanga,ESP-PB,Peanutty Banana Shake,Esparcibles,3,28,23,1374250,7.67,3,5
2026-03,Fithub,Bucaramanga,GRA-CHI,Chip Cookie,GranOLAS,3,7,5,233500,1.67,0,2
2026-03,Fithub,Bucaramanga,HAR-ALM,Harina de Almendra,Avena & Harinas,3,7,7,298200,2.33,3,0
2026-03,Fithub,Bucaramanga,MER-NYR,New Year Resolution,Merch,3,4,4,492000,1.33,3,0
2026-03,Fithub,Bucaramanga,PAN-ALM-CHO,Almendra Choco Chips,Pancakes & Waffles,3,4,3,153900,1.0,5,1
2026-03,Fithub,Cali,AVE-HOJ,Avena en Hojuelas,Avena & Harinas,2,4,3,115650,1.5,0,1
2026-03,Fithub,Cali,COM-3MEZ,Three Pack Mezclas,Combos,2,22,15,1752750,7.5,4,7
2026-03,Fithub,Cali,COM-3SPR,Three Pack Spread,Combos,2,2,1,158400,0.5,5,1
2026-03,Fithub,Cali,COM-DECK,Deck de Cartas,Combos,2,11,8,984000,4.0,0,3
2026-03,Fithub,Cali,COM-ROMP,Rompecabezas,Combos,2,7,7,861000,3.5,2,0
2026-03,Fithub,Cali,COM-WAF,Mini Wafflera,Combos,2,5,5,615000,2.5,1,0
2026-03,Fithub,Cali,ESP-BUT,Golden Butter Cookie,Esparcibles,2,5,5,368500,2.5,2,0
2026-03,Fithub,Cali,ESP-CIN,Golden Cinnamon Roll,Esparcibles,2,11,7,418250,3.5,5,4
2026-03,Fithub,Cali,ESP-CRE,Creamy Cocoa Hazelnut,Esparcibles,2,18,14,836500,7.0,3,4
2026-03,Fithub,Cali,ESP-CRU,Crunchy Cocoa Hazelnut,Esparcibles,2,27,21,1254750,10.5,0,6
2026-03,Fithub,Cali,ESP-PB,Peanutty Banana Shake,Esparcibles,2,19,15,896250,7.5,4,4
2026-03,Fithub,Cali,ESP-PIS,Buttery Pistachio Cookie,Esparcibles,2,7,6,468600,3.0,0,1
2026-03,Fithub,Cali,GRA-FUD,Fudge Cake,GranOLAS,2,36,33,1541100,16.5,0,3
2026-03,Fithub,Cali,GRA-PIS,Pistachio Cookie,GranOLAS,2,69,67,3705100,33.5,1,2
2026-03,Fithub,Cali,GRA-VAN,Vanilla Shortbread,GranOLAS,2,10,9,420300,4.5,1,1
2026-03,Fithub,Cali,HAR-ALM,Harina de Almendra,Avena & Harinas,2,12,10,426000,5.0,7,2
2026-03,Fithub,Cali,HAR-AVE,Harina de Avena,Avena & Harinas,2,7,7,269850,3.5,2,0
2026-03,Fithub,Cali,PAN-ALM-CHO,Almendra Choco Chips,Pancakes & Waffles,2,24,19,974700,9.5,5,5
2026-03,Fithub,Cali,PAN-ALM-CHU,Almendra Churro,Pancakes & Waffles,2,10,8,410400,4.0,1,2
2026-03,Fithub,Cali,PAN-ALM-VAN,Almendra Vainilla,Pancakes & Waffles,2,26,19,974700,9.5,5,7
2026-03,Fithub,Cali,PAN-AVE-BAN,Avena Banano,Pancakes & Waffles,2,6,5,202250,2.5,5,1
2026-03,Fithub,Cali,PAN-AVE-VAN,Avena Vainilla,Pancakes & Waffles,2,37,36,1456200,18.0,0,1
2026-03,Fithub,Cartagena,COM-3GRA,Three Pack GranOLA,Combos,1,8,7,833350,7.0,5,1
2026-03,Fithub,Cartagena,COM-3MEZ,Three Pack Mezclas,Combos,1,6,5,584250,5.0,6,1
2026-03,Fithub,Cartagena,COM-3SPR,Three Pack Spread,Combos,1,16,13,2059200,13.0,4,3
2026-03,Fithub,Cartagena,COM-MIX,Perfect Mix & Match,Combos,1,6,5,426000,5.0,0,1
2026-03,Fithub,Cartagena,COM-WAF,Mini Wafflera,Combos,1,18,13,1599000,13.0,4,5
2026-03,Fithub,Cartagena,ESP-BABY,Baby Spreads,Esparcibles,1,14,13,312000,13.0,4,1
2026-03,Fithub,Cartagena,ESP-BUT,Golden Butter Cookie,Esparcibles,1,20,16,1179200,16.0,0,4
2026-03,Fithub,Cartagena,ESP-CRE,Creamy Cocoa Hazelnut,Esparcibles,1,3,2,119500,2.0,2,1
2026-03,Fithub,Cartagena,ESP-PIS,Buttery Pistachio Cookie,Esparcibles,1,21,20,1562000,20.0,0,1
2026-03,Fithub,Cartagena,GRA-CHI,Chip Cookie,GranOLAS,1,6,6,280200,6.0,7,0
2026-03,Fithub,Cartagena,GRA-PIS,Pistachio Cookie,GranOLAS,1,5,4,221200,4.0,5,1
2026-03,Fithub,Cartagena,HAR-ALM,Harina de Almendra,Avena & Harinas,1,1,0,0,0.0,5,1
2026-03,Fithub,Cartagena,PAN-ALM-CHU,Almendra Churro,Pancakes & Waffles,1,8,6,307800,6.0,0,2
2026-03,Fithub,Cartagena,PAN-ALM-VAN,Almendra Vainilla,Pancakes & Waffles,1,28,20,1026000,20.0,1,8
2026-03,Fithub,Cartagena,PAN-AVE-BAN,Avena Banano,Pancakes & Waffles,1,7,6,242700,6.0,3,1
2026-03,Fithub,Manizales,COM-ROMP,Rompecabezas,Combos,1,1,0,0,0.0,4,1
2026-03,Fithub,Manizales,COM-WAF,Mini Wafflera,Combos,1,1,0,0,0.0,1,1
2026-03,Fithub,Manizales,ESP-CRU,Crunchy Cocoa Hazelnut,Esparcibles,1,5,3,179250,3.0,0,2
2026-03,Fithub,Manizales,GRA-CHI,Chip Cookie,GranOLAS,1,6,4,186800,4.0,5,2
2026-03,Fithub,Manizales,GRA-PIS,Pistachio Cookie,GranOLAS,1,3,2,110600,2.0,8,1
2026-03,Fithub,Manizales,HAR-AVE,Harina de Avena,Avena & Harinas,1,10,8,308400,8.0,0,2
2026-03,Fithub,Manizales,PAN-ALM-CHU,Almendra Churro,Pancakes & Waffles,1,2,1,51300,1.0,8,1
2026-03,Fithub,Manizales,PAN-AVE-BAN,Avena Banano,Pancakes & Waffles,1,4,3,121350,3.0,2,1
2026-03,Fithub,Manizales,PAN-AVE-VAN,Avena Vainilla,Pancakes & Waffles,1,1,0,0,0.0,3,1
2026-03,Fithub,Medellín,AVE-HOJ,Avena en Hojuelas,Avena & Harinas,4,139,105,4047750,26.25,10,34
2026-03,Fithub,Medellín,COM-3GRA,Three Pack GranOLA,Combos,4,11,10,1190500,2.5,5,1
2026-03,Fithub,Medellín,COM-3SPR,Three Pack Spread,Combos,4,7,5,792000,1.25,0,2
2026-03,Fithub,Medellín,COM-DECK,Deck de Cartas,Combos,4,9,6,738000,1.5,4,3
2026-03,Fithub,Medellín,COM-MIX,Perfect Mix & Match,Combos,4,4,3,255600,0.75,0,1
2026-03,Fithub,Medellín,COM-WAF,Mini Wafflera,Combos,4,17,15,1845000,3.75,3,2
2026-03,Fithub,Medellín,ESP-BABY,Baby Spreads,Esparcibles,4,38,30,720000,7.5,0,8
2026-03,Fithub,Medellín,ESP-BUT,Golden Butter Cookie,Esparcibles,4,17,14,1031800,3.5,3,3
2026-03,Fithub,Medellín,ESP-CIN,Golden Cinnamon Roll,Esparcibles,4,22,19,1135250,4.75,3,3
2026-03,Fithub,Medellín,ESP-CRE,Creamy Cocoa Hazelnut,Esparcibles,4,33,33,1971750,8.25,6,0
2026-03,Fithub,Medellín,ESP-CRU,Crunchy Cocoa Hazelnut,Esparcibles,4,30,28,1673000,7.0,0,2
2026-03,Fithub,Medellín,ESP-PB,Peanutty Banana Shake,Esparcibles,4,18,15,896250,3.75,6,3
2026-03,Fithub,Medellín,ESP-PIS,Buttery Pistachio Cookie,Esparcibles,4,9,7,546700,1.75,2,2
2026-03,Fithub,Medellín,GRA-FUD,Fudge Cake,GranOLAS,4,59,42,1961400,10.5,6,17
2026-03,Fithub,Medellín,GRA-PIS,Pistachio Cookie,GranOLAS,4,15,14,774200,3.5,0,1
2026-03,Fithub,Medellín,GRA-VAN,Vanilla Shortbread,GranOLAS,4,63,62,2895400,15.5,2,1
2026-03,Fithub,Medellín,HAR-ALM,Harina de Almendra,Avena & Harinas,4,41,35,1491000,8.75,3,6
2026-03,Fithub,Medellín,HAR-AVE,Harina de Avena,Avena & Harinas,4,72,59,2274450,14.75,0,13
2026-03,Fithub,Medellín,MER-NYR,New Year Resolution,Merch,4,23,21,2583000,5.25,2,2
2026-03,Fithub,Medellín,PAN-ALM-CHO,Almendra Choco Chips,Pancakes & Waffles,4,113,93,4770900,23.25,1,20
2026-03,Fithub,Medellín,PAN-ALM-CHU,Almendra Churro,Pancakes & Waffles,4,28,26,1333800,6.5,1,2
2026-03,Fithub,Medellín,PAN-ALM-VAN,Almendra Vainilla,Pancakes & Waffles,4,36,36,1846800,9.0,0,0
2026-03,Fithub,Medellín,PAN-AVE-BAN,Avena Banano,Pancakes & Waffles,4,11,9,364050,2.25,8,2
2026-03,Fithub,Medellín,PAN-AVE-BRO,Avena Brownie,Pancakes & Waffles,4,14,13,525850,3.25,8,1
2026-03,Fithub,Medellín,PAN-AVE-VAN,Avena Vainilla,Pancakes & Waffles,4,49,45,1820250,11.25,4,4
2026-03,Fithub,Pereira,COM-3MEZ,Three Pack Mezclas,Combos,1,6,4,467400,4.0,0,2
2026-03,Fithub,Pereira,COM-DECK,Deck de Cartas,Combos,1,12,9,1107000,9.0,4,3
2026-03,Fithub,Pereira,ESP-CRU,Crunchy Cocoa Hazelnut,Esparcibles,1,27,22,1314500,22.0,2,5
2026-03,Fithub,Pereira,GRA-FUD,Fudge Cake,GranOLAS,1,12,11,513700,11.0,4,1
2026-03,Tiendas naturistas,Barranquilla,AVE-HOJ,Avena en Hojuelas,Avena & Harinas,2,93,73,2701000,36.5,7,20
2026-03,Tiendas naturistas,Barranquilla,COM-3GRA,Three Pack GranOLA,Combos,2,9,7,799400,3.5,1,2
2026-03,Tiendas naturistas,Barranquilla,COM-3MEZ,Three Pack Mezclas,Combos,2,6,4,448400,2.0,0,2
2026-03,Tiendas naturistas,Barranquilla,COM-3SPR,Three Pack Spread,Combos,2,11,11,1671450,5.5,0,0
2026-03,Tiendas naturistas,Barranquilla,COM-DECK,Deck de Cartas,Combos,2,12,10,1180000,5.0,0,2
2026-03,Tiendas naturistas,Barranquilla,COM-MIX,Perfect Mix & Match,Combos,2,9,6,490200,3.0,0,3
2026-03,Tiendas naturistas,Barranquilla,COM-ROMP,Rompecabezas,Combos,2,14,10,1180000,5.0,6,4
2026-03,Tiendas naturistas,Barranquilla,COM-WAF,Mini Wafflera,Combos,2,2,1,118000,0.5,4,1
2026-03,Tiendas naturistas,Barranquilla,ESP-BABY,Baby Spreads,Esparcibles,2,29,20,460000,10.0,5,9
2026-03,Tiendas naturistas,Barranquilla,ESP-BUT,Golden Butter Cookie,Esparcibles,2,2,1,70700,0.5,6,1
2026-03,Tiendas naturistas,Barranquilla,ESP-CIN,Golden Cinnamon Roll,Esparcibles,2,7,7,401450,3.5,1,0
2026-03,Tiendas naturistas,Barranquilla,ESP-CRE,Creamy Cocoa Hazelnut,Esparcibles,2,41,36,2064600,18.0,4,5
2026-03,Tiendas naturistas,Barranquilla,ESP-PIS,Buttery Pistachio Cookie,Esparcibles,2,15,13,974350,6.5,5,2
2026-03,Tiendas naturistas,Barranquilla,GRA-FUD,Fudge Cake,GranOLAS,2,37,32,1433600,16.0,6,5
2026-03,Tiendas naturistas,Barranquilla,GRA-PIS,Pistachio Cookie,GranOLAS,2,2,1,53050,0.5,1,1
2026-03,Tiendas naturistas,Barranquilla,HAR-ALM,Harina de Almendra,Avena & Harinas,2,1,0,0,0.0,0,1
2026-03,Tiendas naturistas,Barranquilla,HAR-AVE,Harina de Avena,Avena & Harinas,2,39,38,1406000,19.0,7,1
2026-03,Tiendas naturistas,Barranquilla,MER-NYR,New Year Resolution,Merch,2,22,20,2360000,10.0,7,2
2026-03,Tiendas naturistas,Barranquilla,PAN-ALM-CHO,Almendra Choco Chips,Pancakes & Waffles,2,8,6,295200,3.0,4,2
2026-03,Tiendas naturistas,Barranquilla,PAN-ALM-CHU,Almendra Churro,Pancakes & Waffles,2,11,10,492000,5.0,0,1
2026-03,Tiendas naturistas,Barranquilla,PAN-ALM-VAN,Almendra Vainilla,Pancakes & Waffles,2,14,12,590400,6.0,0,2
2026-03,Tiendas naturistas,Barranquilla,PAN-AVE-BRO,Avena Brownie,Pancakes & Waffles,2,1,0,0,0.0,7,1
2026-03,Tiendas naturistas,Bogotá,AVE-HOJ,Avena en Hojuelas,Avena & Harinas,31,108,108,3996000,3.48,0,0
2026-03,Tiendas naturistas,Bogotá,COM-3GRA,Three Pack GranOLA,Combos,31,38,33,3768600,1.06,0,5
2026-03,Tiendas naturistas,Bogotá,COM-3MEZ,Three Pack Mezclas,Combos,31,9,8,896800,0.26,4,1
2026-03,Tiendas naturistas,Bogotá,COM-3SPR,Three Pack Spread,Combos,31,22,16,2431200,0.52,3,6
2026-03,Tiendas naturistas,Bogotá,COM-DECK,Deck de Cartas,Combos,31,38,36,4248000,1.16,3,2
2026-03,Tiendas naturistas,Bogotá,COM-MIX,Perfect Mix & Match,Combos,31,72,54,4411800,1.74,2,18
2026-03,Tiendas naturistas,Bogotá,COM-ROMP,Rompecabezas,Combos,31,42,31,3658000,1.0,2,11
2026-03,Tiendas naturistas,Bogotá,COM-WAF,Mini Wafflera,Combos,31,44,36,4248000,1.16,3,8
2026-03,Tiendas naturistas,Bogotá,ESP-BABY,Baby Spreads,Esparcibles,31,87,77,1771000,2.48,3,10
2026-03,Tiendas naturistas,Bogotá,ESP-BUT,Golden Butter Cookie,Esparcibles,31,35,26,1838200,0.84,3,9
2026-03,Tiendas naturistas,Bogotá,ESP-CIN,Golden Cinnamon Roll,Esparcibles,31,29,22,1261700,0.71,3,7
2026-03,Tiendas naturistas,Bogotá,ESP-CRE,Creamy Cocoa Hazelnut,Esparcibles,31,40,33,1892550,1.06,7,7
2026-03,Tiendas naturistas,Bogotá,ESP-CRU,Crunchy Cocoa Hazelnut,Esparcibles,31,109,103,5907050,3.32,0,6
2026-03,Tiendas naturistas,Bogotá,ESP-PB,Peanutty Banana Shake,Esparcibles,31,64,61,3498350,1.97,2,3
2026-03,Tiendas naturistas,Bogotá,ESP-PIS,Buttery Pistachio Cookie,Esparcibles,31,68,61,4571950,1.97,2,7
2026-03,Tiendas naturistas,Bogotá,GRA-CHI,Chip Cookie,GranOLAS,31,121,119,5331200,3.84,2,2
2026-03,Tiendas naturistas,Bogotá,GRA-FUD,Fudge Cake,GranOLAS,31,124,107,4793600,3.45,3,17
2026-03,Tiendas naturistas,Bogotá,GRA-PIS,Pistachio Cookie,GranOLAS,31,18,15,795750,0.48,5,3
2026-03,Tiendas naturistas,Bogotá,GRA-VAN,Vanilla Shortbread,GranOLAS,31,71,72,3225600,2.32,2,0
2026-03,Tiendas naturistas,Bogotá,HAR-ALM,Harina de Almendra,Avena & Harinas,31,124,89,3640100,2.87,1,35
2026-03,Tiendas naturistas,Bogotá,HAR-AVE,Harina de Avena,Avena & Harinas,31,81,82,3034000,2.65,2,0
2026-03,Tiendas naturistas,Bogotá,MER-NYR,New Year Resolution,Merch,31,34,25,2950000,0.81,6,9
2026-03,Tiendas naturistas,Bogotá,PAN-ALM-CHO,Almendra Choco Chips,Pancakes & Waffles,31,92,82,4034400,2.65,0,10
2026-03,Tiendas naturistas,Bogotá,PAN-ALM-CHU,Almendra Churro,Pancakes & Waffles,31,89,89,4378800,2.87,4,0
2026-03,Tiendas naturistas,Bogotá,PAN-ALM-VAN,Almendra Vainilla,Pancakes & Waffles,31,108,107,5264400,3.45,0,1
2026-03,Tiendas naturistas,Bogotá,PAN-AVE-BAN,Avena Banano,Pancakes & Waffles,31,131,126,4888800,4.06,0,5
2026-03,Tiendas naturistas,Bogotá,PAN-AVE-BRO,Avena Brownie,Pancakes & Waffles,31,54,50,1940000,1.61,1,4
2026-03,Tiendas naturistas,Bogotá,PAN-AVE-VAN,Avena Vainilla,Pancakes & Waffles,31,131,122,4733600,3.94,0,9
2026-03,Tiendas naturistas,Bucaramanga,COM-3MEZ,Three Pack Mezclas,Combos,2,3,2,224200,1.0,7,1
2026-03,Tiendas naturistas,Bucaramanga,COM-3SPR,Three Pack Spread,Combos,2,5,4,607800,2.0,3,1
2026-03,Tiendas naturistas,Bucaramanga,COM-DECK,Deck de Cartas,Combos,2,6,5,590000,2.5,2,1
2026-03,Tiendas naturistas,Bucaramanga,COM-MIX,Perfect Mix & Match,Combos,2,11,9,735300,4.5,7,2
2026-03,Tiendas naturistas,Bucaramanga,COM-WAF,Mini Wafflera,Combos,2,28,26,3068000,13.0,1,2
2026-03,Tiendas naturistas,Bucaramanga,ESP-BABY,Baby Spreads,Esparcibles,2,31,29,667000,14.5,4,2
2026-03,Tiendas naturistas,Bucaramanga,ESP-BUT,Golden Butter Cookie,Esparcibles,2,2,1,70700,0.5,4,1
2026-03,Tiendas naturistas,Bucaramanga,ESP-CIN,Golden Cinnamon Roll,Esparcibles,2,49,46,2638100,23.0,0,3
2026-03,Tiendas naturistas,Bucaramanga,ESP-CRE,Creamy Cocoa Hazelnut,Esparcibles,2,28,26,1491100,13.0,5,2
2026-03,Tiendas naturistas,Bucaramanga,ESP-CRU,Crunchy Cocoa Hazelnut,Esparcibles,2,14,13,745550,6.5,2,1
2026-03,Tiendas naturistas,Bucaramanga,ESP-PB,Peanutty Banana Shake,Esparcibles,2,1,0,0,0.0,0,1
2026-03,Tiendas naturistas,Bucaramanga,GRA-FUD,Fudge Cake,GranOLAS,2,19,16,716800,8.0,0,3
2026-03,Tiendas naturistas,Bucaramanga,GRA-PIS,Pistachio Cookie,GranOLAS,2,14,11,583550,5.5,0,3
2026-03,Tiendas naturistas,Bucaramanga,GRA-VAN,Vanilla Shortbread,GranOLAS,2,18,16,716800,8.0,4,2
2026-03,Tiendas naturistas,Bucaramanga,HAR-ALM,Harina de Almendra,Avena & Harinas,2,19,16,654400,8.0,0,3
2026-03,Tiendas naturistas,Bucaramanga,HAR-AVE,Harina de Avena,Avena & Harinas,2,10,8,296000,4.0,0,2
2026-03,Tiendas naturistas,Bucaramanga,MER-NYR,New Year Resolution,Merch,2,5,4,472000,2.0,2,1
2026-03,Tiendas naturistas,Bucaramanga,PAN-ALM-CHO,Almendra Choco Chips,Pancakes & Waffles,2,27,21,1033200,10.5,0,6
2026-03,Tiendas naturistas,Bucaramanga,PAN-ALM-CHU,Almendra Churro,Pancakes & Waffles,2,5,5,246000,2.5,2,0
2026-03,Tiendas naturistas,Bucaramanga,PAN-ALM-VAN,Almendra Vainilla,Pancakes & Waffles,2,27,25,1230000,12.5,3,2
2026-03,Tiendas naturistas,Bucaramanga,PAN-AVE-BAN,Avena Banano,Pancakes & Waffles,2,4,3,116400,1.5,4,1
2026-03,Tiendas naturistas,Bucaramanga,PAN-AVE-BRO,Avena Brownie,Pancakes & Waffles,2,40,35,1358000,17.5,7,5
2026-03,Tiendas naturistas,Bucaramanga,PAN-AVE-VAN,Avena Vainilla,Pancakes & Waffles,2,17,15,582000,7.5,0,2
2026-03,Tiendas naturistas,Cali,AVE-HOJ,Avena en Hojuelas,Avena & Harinas,5,7,6,222000,1.2,9,1
2026-03,Tiendas naturistas,Cali,COM-3GRA,Three Pack GranOLA,Combos,5,9,6,685200,1.2,8,3
2026-03,Tiendas naturistas,Cali,COM-3MEZ,Three Pack Mezclas,Combos,5,1,0,0,0.0,1,1
2026-03,Tiendas naturistas,Cali,COM-3SPR,Three Pack Spread,Combos,5,6,5,759750,1.0,2,1
2026-03,Tiendas naturistas,Cali,COM-MIX,Perfect Mix & Match,Combos,5,4,3,245100,0.6,1,1
2026-03,Tiendas naturistas,Cali,COM-ROMP,Rompecabezas,Combos,5,9,7,826000,1.4,4,2
2026-03,Tiendas naturistas,Cali,COM-WAF,Mini Wafflera,Combos,5,21,15,1770000,3.0,3,6
2026-03,Tiendas naturistas,Cali,ESP-BUT,Golden Butter Cookie,Esparcibles,5,49,36,2545200,7.2,3,13
2026-03,Tiendas naturistas,Cali,ESP-CRE,Creamy Cocoa Hazelnut,Esparcibles,5,151,147,8430450,29.4,0,4
2026-03,Tiendas naturistas,Cali,ESP-CRU,Crunchy Cocoa Hazelnut,Esparcibles,5,2,2,114700,0.4,4,0
2026-03,Tiendas naturistas,Cali,ESP-PB,Peanutty Banana Shake,Esparcibles,5,8,8,458800,1.6,0,0
2026-03,Tiendas naturistas,Cali,ESP-PIS,Buttery Pistachio Cookie,Esparcibles,5,6,4,299800,0.8,1,2
2026-03,Tiendas naturistas,Cali,GRA-CHI,Chip Cookie,GranOLAS,5,39,36,1612800,7.2,2,3
2026-03,Tiendas naturistas,Cali,GRA-FUD,Fudge Cake,GranOLAS,5,31,28,1254400,5.6,8,3
2026-03,Tiendas naturistas,Cali,GRA-PIS,Pistachio Cookie,GranOLAS,5,17,14,742700,2.8,2,3
2026-03,Tiendas naturistas,Cali,GRA-VAN,Vanilla Shortbread,GranOLAS,5,9,8,358400,1.6,0,1
2026-03,Tiendas naturistas,Cali,HAR-ALM,Harina de Almendra,Avena & Harinas,5,11,9,368100,1.8,2,2
2026-03,Tiendas naturistas,Cali,HAR-AVE,Harina de Avena,Avena & Harinas,5,15,11,407000,2.2,0,4
2026-03,Tiendas naturistas,Cali,MER-NYR,New Year Resolution,Merch,5,8,7,826000,1.4,2,1
2026-03,Tiendas naturistas,Cali,PAN-ALM-CHO,Almendra Choco Chips,Pancakes & Waffles,5,36,27,1328400,5.4,4,9
2026-03,Tiendas naturistas,Cali,PAN-ALM-VAN,Almendra Vainilla,Pancakes & Waffles,5,18,18,885600,3.6,0,0
2026-03,Tiendas naturistas,Cali,PAN-AVE-BAN,Avena Banano,Pancakes & Waffles,5,4,3,116400,0.6,1,1
2026-03,Tiendas naturistas,Cali,PAN-AVE-BRO,Avena Brownie,Pancakes & Waffles,5,6,4,155200,0.8,2,2
2026-03,Tiendas naturistas,Cali,PAN-AVE-VAN,Avena Vainilla,Pancakes & Waffles,5,110,81,3142800,16.2,4,29
2026-03,Tiendas naturistas,Cartagena,AVE-HOJ,Avena en Hojuelas,Avena & Harinas,4,14,12,444000,3.0,0,2
2026-03,Tiendas naturistas,Cartagena,COM-3MEZ,Three Pack Mezclas,Combos,4,5,5,560500,1.25,3,0
2026-03,Tiendas naturistas,Cartagena,COM-DECK,Deck de Cartas,Combos,4,5,3,354000,0.75,0,2
2026-03,Tiendas naturistas,Cartagena,COM-MIX,Perfect Mix & Match,Combos,4,3,2,163400,0.5,0,1
2026-03,Tiendas naturistas,Cartagena,COM-ROMP,Rompecabezas,Combos,4,1,0,0,0.0,1,1
2026-03,Tiendas naturistas,Cartagena,ESP-BABY,Baby Spreads,Esparcibles,4,93,86,1978000,21.5,0,7
2026-03,Tiendas naturistas,Cartagena,ESP-BUT,Golden Butter Cookie,Esparcibles,4,9,8,565600,2.0,3,1
2026-03,Tiendas naturistas,Cartagena,ESP-CRE,Creamy Cocoa Hazelnut,Esparcibles,4,3,2,114700,0.5,8,1
2026-03,Tiendas naturistas,Cartagena,ESP-PB,Peanutty Banana Shake,Esparcibles,4,10,8,458800,2.0,0,2
2026-03,Tiendas naturistas,Cartagena,ESP-PIS,Buttery Pistachio Cookie,Esparcibles,4,8,6,449700,1.5,0,2
2026-03,Tiendas naturistas,Cartagena,GRA-FUD,Fudge Cake,GranOLAS,4,6,4,179200,1.0,9,2
2026-03,Tiendas naturistas,Cartagena,GRA-PIS,Pistachio Cookie,GranOLAS,4,7,6,318300,1.5,0,1
2026-03,Tiendas naturistas,Cartagena,GRA-VAN,Vanilla Shortbread,GranOLAS,4,6,5,224000,1.25,0,1
2026-03,Tiendas naturistas,Cartagena,HAR-ALM,Harina de Almendra,Avena & Harinas,4,6,5,204500,1.25,3,1
2026-03,Tiendas naturistas,Cartagena,MER-NYR,New Year Resolution,Merch,4,6,4,472000,1.0,0,2
2026-03,Tiendas naturistas,Cartagena,PAN-ALM-CHU,Almendra Churro,Pancakes & Waffles,4,7,5,246000,1.25,2,2
2026-03,Tiendas naturistas,Cartagena,PAN-AVE-BAN,Avena Banano,Pancakes & Waffles,4,19,14,543200,3.5,4,5
2026-03,Tiendas naturistas,Cartagena,PAN-AVE-BRO,Avena Brownie,Pancakes & Waffles,4,30,23,892400,5.75,0,7
2026-03,Tiendas naturistas,Manizales,COM-3GRA,Three Pack GranOLA,Combos,1,18,17,1941400,17.0,7,1
2026-03,Tiendas naturistas,Manizales,COM-3MEZ,Three Pack Mezclas,Combos,1,1,0,0,0.0,3,1
2026-03,Tiendas naturistas,Manizales,COM-3SPR,Three Pack Spread,Combos,1,4,3,455850,3.0,3,1
2026-03,Tiendas naturistas,Manizales,COM-DECK,Deck de Cartas,Combos,1,6,5,590000,5.0,2,1
2026-03,Tiendas naturistas,Manizales,COM-MIX,Perfect Mix & Match,Combos,1,1,0,0,0.0,3,1
2026-03,Tiendas naturistas,Manizales,COM-ROMP,Rompecabezas,Combos,1,1,0,0,0.0,5,1
2026-03,Tiendas naturistas,Manizales,ESP-CIN,Golden Cinnamon Roll,Esparcibles,1,2,1,57350,1.0,6,1
2026-03,Tiendas naturistas,Manizales,ESP-CRE,Creamy Cocoa Hazelnut,Esparcibles,1,7,5,286750,5.0,1,2
2026-03,Tiendas naturistas,Manizales,ESP-PB,Peanutty Banana Shake,Esparcibles,1,2,1,57350,1.0,3,1
2026-03,Tiendas naturistas,Manizales,GRA-FUD,Fudge Cake,GranOLAS,1,15,14,627200,14.0,1,1
2026-03,Tiendas naturistas,Manizales,GRA-VAN,Vanilla Shortbread,GranOLAS,1,12,10,448000,10.0,0,2
2026-03,Tiendas naturistas,Manizales,HAR-AVE,Harina de Avena,Avena & Harinas,1,3,2,74000,2.0,0,1
2026-03,Tiendas naturistas,Manizales,PAN-ALM-CHO,Almendra Choco Chips,Pancakes & Waffles,1,4,3,147600,3.0,4,1
2026-03,Tiendas naturistas,Manizales,PAN-AVE-VAN,Avena Vainilla,Pancakes & Waffles,1,5,4,155200,4.0,3,1
2026-03,Tiendas naturistas,Medellín,AVE-HOJ,Avena en Hojuelas,Avena & Harinas,13,7,6,222000,0.46,4,1
2026-03,Tiendas naturistas,Medellín,COM-3GRA,Three Pack GranOLA,Combos,13,7,5,571000,0.38,2,2
2026-03,Tiendas naturistas,Medellín,COM-3MEZ,Three Pack Mezclas,Combos,13,6,5,560500,0.38,2,1
2026-03,Tiendas naturistas,Medellín,COM-3SPR,Three Pack Spread,Combos,13,16,13,1975350,1.0,3,3
2026-03,Tiendas naturistas,Medellín,COM-DECK,Deck de Cartas,Combos,13,3,2,236000,0.15,9,1
2026-03,Tiendas naturistas,Medellín,COM-MIX,Perfect Mix & Match,Combos,13,6,5,408500,0.38,0,1
2026-03,Tiendas naturistas,Medellín,COM-ROMP,Rompecabezas,Combos,13,20,18,2124000,1.38,4,2
2026-03,Tiendas naturistas,Medellín,ESP-BABY,Baby Spreads,Esparcibles,13,20,16,368000,1.23,3,4
2026-03,Tiendas naturistas,Medellín,ESP-BUT,Golden Butter Cookie,Esparcibles,13,25,22,1555400,1.69,0,3
2026-03,Tiendas naturistas,Medellín,ESP-CIN,Golden Cinnamon Roll,Esparcibles,13,15,10,573500,0.77,4,5
2026-03,Tiendas naturistas,Medellín,ESP-CRE,Creamy Cocoa Hazelnut,Esparcibles,13,32,30,1720500,2.31,0,2
2026-03,Tiendas naturistas,Medellín,ESP-CRU,Crunchy Cocoa Hazelnut,Esparcibles,13,61,59,3383650,4.54,0,2
2026-03,Tiendas naturistas,Medellín,ESP-PB,Peanutty Banana Shake,Esparcibles,13,41,39,2236650,3.0,0,2
2026-03,Tiendas naturistas,Medellín,ESP-PIS,Buttery Pistachio Cookie,Esparcibles,13,9,8,599600,0.62,1,1
2026-03,Tiendas naturistas,Medellín,GRA-CHI,Chip Cookie,GranOLAS,13,67,59,2643200,4.54,5,8
2026-03,Tiendas naturistas,Medellín,GRA-FUD,Fudge Cake,GranOLAS,13,45,37,1657600,2.85,1,8
2026-03,Tiendas naturistas,Medellín,GRA-PIS,Pistachio Cookie,GranOLAS,13,11,9,477450,0.69,2,2
2026-03,Tiendas naturistas,Medellín,GRA-VAN,Vanilla Shortbread,GranOLAS,13,14,13,582400,1.0,0,1
2026-03,Tiendas naturistas,Medellín,HAR-ALM,Harina de Almendra,Avena & Harinas,13,85,79,3231100,6.08,3,6
2026-03,Tiendas naturistas,Medellín,HAR-AVE,Harina de Avena,Avena & Harinas,13,13,12,444000,0.92,8,1
2026-03,Tiendas naturistas,Medellín,MER-NYR,New Year Resolution,Merch,13,14,11,1298000,0.85,2,3
2026-03,Tiendas naturistas,Medellín,PAN-ALM-CHO,Almendra Choco Chips,Pancakes & Waffles,13,110,105,5166000,8.08,1,5
2026-03,Tiendas naturistas,Medellín,PAN-ALM-CHU,Almendra Churro,Pancakes & Waffles,13,68,51,2509200,3.92,1,17
2026-03,Tiendas naturistas,Medellín,PAN-ALM-VAN,Almendra Vainilla,Pancakes & Waffles,13,4,3,147600,0.23,1,1
2026-03,Tiendas naturistas,Medellín,PAN-AVE-BAN,Avena Banano,Pancakes & Waffles,13,28,25,970000,1.92,0,3
2026-03,Tiendas naturistas,Medellín,PAN-AVE-BRO,Avena Brownie,Pancakes & Waffles,13,103,76,2948800,5.85,0,27
2026-03,Tiendas naturistas,Medellín,PAN-AVE-VAN,Avena Vainilla,Pancakes & Waffles,13,42,33,1280400,2.54,0,9
2026-03,Tiendas naturistas,Pereira,COM-3SPR,Three Pack Spread,Combos,4,1,0,0,0.0,0,1
2026-03,Tiendas naturistas,Pereira,COM-DECK,Deck de Cartas,Combos,4,1,0,0,0.0,0,1
2026-03,Tiendas naturistas,Pereira,COM-MIX,Perfect Mix & Match,Combos,4,8,6,490200,1.5,4,2
2026-03,Tiendas naturistas,Pereira,COM-ROMP,Rompecabezas,Combos,4,2,2,236000,0.5,5,0
2026-03,Tiendas naturistas,Pereira,COM-WAF,Mini Wafflera,Combos,4,2,1,118000,0.25,0,1
2026-03,Tiendas naturistas,Pereira,ESP-BUT,Golden Butter Cookie,Esparcibles,4,17,16,1131200,4.0,1,1
2026-03,Tiendas naturistas,Pereira,ESP-CIN,Golden Cinnamon Roll,Esparcibles,4,8,5,286750,1.25,6,3
2026-03,Tiendas naturistas,Pereira,ESP-CRE,Creamy Cocoa Hazelnut,Esparcibles,4,7,6,344100,1.5,0,1
2026-03,Tiendas naturistas,Pereira,ESP-PB,Peanutty Banana Shake,Esparcibles,4,4,4,229400,1.0,2,0
2026-03,Tiendas naturistas,Pereira,GRA-CHI,Chip Cookie,GranOLAS,4,20,20,896000,5.0,4,0
2026-03,Tiendas naturistas,Pereira,GRA-FUD,Fudge Cake,GranOLAS,4,4,3,134400,0.75,7,1
2026-03,Tiendas naturistas,Pereira,MER-NYR,New Year Resolution,Merch,4,2,1,118000,0.25,5,1
2026-03,Tiendas naturistas,Pereira,PAN-AVE-BRO,Avena Brownie,Pancakes & Waffles,4,24,22,853600,5.5,0,2
2026-03,Tiendas naturistas,Pereira,PAN-AVE-VAN,Avena Vainilla,Pancakes & Waffles,4,3,2,77600,0.5,1,1
2026-03,Éxito,Barranquilla,AVE-HOJ,Avena en Hojuelas,Avena & Harinas,5,344,298,10370400,59.6,0,46
2026-03,Éxito,Barranquilla,COM-3GRA,Three Pack GranOLA,Combos,5,32,28,3007200,5.6,0,4
2026-03,Éxito,Barranquilla,COM-3MEZ,Three Pack Mezclas,Combos,5,52,44,4639800,8.8,7,8
2026-03,Éxito,Barranquilla,COM-3SPR,Three Pack Spread,Combos,5,25,22,3144900,4.4,1,3
2026-03,Éxito,Barranquilla,COM-DECK,Deck de Cartas,Combos,5,23,20,2220000,4.0,3,3
2026-03,Éxito,Barranquilla,COM-MIX,Perfect Mix & Match,Combos,5,54,54,4152600,10.8,0,0
2026-03,Éxito,Barranquilla,COM-ROMP,Rompecabezas,Combos,5,16,11,1221000,2.2,0,5
2026-03,Éxito,Barranquilla,COM-WAF,Mini Wafflera,Combos,5,121,105,11655000,21.0,0,16
2026-03,Éxito,Barranquilla,ESP-BUT,Golden Butter Cookie,Esparcibles,5,73,73,4854500,14.6,2,0
2026-03,Éxito,Barranquilla,ESP-CIN,Golden Cinnamon Roll,Esparcibles,5,13,9,485550,1.8,3,4
2026-03,Éxito,Barranquilla,ESP-CRE,Creamy Cocoa Hazelnut,Esparcibles,5,119,119,6420050,23.8,0,0
2026-03,Éxito,Barranquilla,ESP-CRU,Crunchy Cocoa Hazelnut,Esparcibles,5,259,259,13973050,51.8,6,0
2026-03,Éxito,Barranquilla,ESP-PB,Peanutty Banana Shake,Esparcibles,5,55,54,2913300,10.8,2,1
2026-03,Éxito,Barranquilla,ESP-PIS,Buttery Pistachio Cookie,Esparcibles,5,114,106,7473000,21.2,0,8
2026-03,Éxito,Barranquilla,GRA-CHI,Chip Cookie,GranOLAS,5,80,63,2652300,12.6,0,17
2026-03,Éxito,Barranquilla,GRA-FUD,Fudge Cake,GranOLAS,5,145,120,5052000,24.0,5,25
2026-03,Éxito,Barranquilla,GRA-PIS,Pistachio Cookie,GranOLAS,5,24,18,898200,3.6,0,6
2026-03,Éxito,Barranquilla,GRA-VAN,Vanilla Shortbread,GranOLAS,5,146,142,5978200,28.4,5,4
2026-03,Éxito,Barranquilla,HAR-ALM,Harina de Almendra,Avena & Harinas,5,231,199,7651550,39.8,4,32
2026-03,Éxito,Barranquilla,HAR-AVE,Harina de Avena,Avena & Harinas,5,24,22,765600,4.4,7,2
2026-03,Éxito,Barranquilla,MER-NYR,New Year Resolution,Merch,5,13,9,999000,1.8,4,4
2026-03,Éxito,Barranquilla,PAN-ALM-CHO,Almendra Choco Chips,Pancakes & Waffles,5,49,38,1759400,7.6,2,11
2026-03,Éxito,Barranquilla,PAN-ALM-VAN,Almendra Vainilla,Pancakes & Waffles,5,203,151,6991300,30.2,5,52
2026-03,Éxito,Barranquilla,PAN-AVE-BAN,Avena Banano,Pancakes & Waffles,5,132,115,4197500,23.0,7,17
2026-03,Éxito,Bogotá,AVE-HOJ,Avena en Hojuelas,Avena & Harinas,22,153,115,4002000,5.23,2,38
2026-03,Éxito,Bogotá,COM-3GRA,Three Pack GranOLA,Combos,22,128,123,13210200,5.59,0,5
2026-03,Éxito,Bogotá,COM-3MEZ,Three Pack Mezclas,Combos,22,110,94,9912300,4.27,1,16
2026-03,Éxito,Bogotá,COM-3SPR,Three Pack Spread,Combos,22,96,90,12865500,4.09,1,6
2026-03,Éxito,Bogotá,COM-DECK,Deck de Cartas,Combos,22,92,86,9546000,3.91,4,6
2026-03,Éxito,Bogotá,COM-MIX,Perfect Mix & Match,Combos,22,90,71,5459900,3.23,0,19
2026-03,Éxito,Bogotá,COM-ROMP,Rompecabezas,Combos,22,103,88,9768000,4.0,5,15
2026-03,Éxito,Bogotá,COM-WAF,Mini Wafflera,Combos,22,28,26,2886000,1.18,0,2
2026-03,Éxito,Bogotá,ESP-BABY,Baby Spreads,Esparcibles,22,555,510,11041500,23.18,6,45
2026-03,Éxito,Bogotá,ESP-BUT,Golden Butter Cookie,Esparcibles,22,218,182,12103000,8.27,2,36
2026-03,Éxito,Bogotá,ESP-CIN,Golden Cinnamon Roll,Esparcibles,22,286,215,11599250,9.77,0,71
2026-03,Éxito,Bogotá,ESP-CRE,Creamy Cocoa Hazelnut,Esparcibles,22,96,86,4639700,3.91,5,10
2026-03,Éxito,Bogotá,ESP-CRU,Crunchy Cocoa Hazelnut,Esparcibles,22,156,134,7229300,6.09,1,22
2026-03,Éxito,Bogotá,ESP-PB,Peanutty Banana Shake,Esparcibles,22,57,47,2535650,2.14,2,10
2026-03,Éxito,Bogotá,ESP-PIS,Buttery Pistachio Cookie,Esparcibles,22,105,86,6063000,3.91,0,19
2026-03,Éxito,Bogotá,GRA-CHI,Chip Cookie,GranOLAS,22,209,154,6483400,7.0,3,55
2026-03,Éxito,Bogotá,GRA-FUD,Fudge Cake,GranOLAS,22,212,211,8883100,9.59,2,1
2026-03,Éxito,Bogotá,GRA-PIS,Pistachio Cookie,GranOLAS,22,300,293,14620700,13.32,4,7
2026-03,Éxito,Bogotá,GRA-VAN,Vanilla Shortbread,GranOLAS,22,349,336,14145600,15.27,2,13
2026-03,Éxito,Bogotá,HAR-ALM,Harina de Almendra,Avena & Harinas,22,110,99,3806550,4.5,5,11
2026-03,Éxito,Bogotá,HAR-AVE,Harina de Avena,Avena & Harinas,22,176,133,4628400,6.05,4,43
2026-03,Éxito,Bogotá,MER-NYR,New Year Resolution,Merch,22,48,35,3885000,1.59,2,13
2026-03,Éxito,Bogotá,PAN-ALM-CHO,Almendra Choco Chips,Pancakes & Waffles,22,170,162,7500600,7.36,6,8
2026-03,Éxito,Bogotá,PAN-ALM-CHU,Almendra Churro,Pancakes & Waffles,22,116,114,5278200,5.18,3,2
2026-03,Éxito,Bogotá,PAN-ALM-VAN,Almendra Vainilla,Pancakes & Waffles,22,91,68,3148400,3.09,2,23
2026-03,Éxito,Bogotá,PAN-AVE-BAN,Avena Banano,Pancakes & Waffles,22,295,256,9344000,11.64,1,39
2026-03,Éxito,Bogotá,PAN-AVE-BRO,Avena Brownie,Pancakes & Waffles,22,181,175,6387500,7.95,5,6
2026-03,Éxito,Bogotá,PAN-AVE-VAN,Avena Vainilla,Pancakes & Waffles,22,423,345,12592500,15.68,2,78
2026-03,Éxito,Bucaramanga,COM-3GRA,Three Pack GranOLA,Combos,3,26,23,2470200,7.67,1,3
2026-03,Éxito,Bucaramanga,COM-3MEZ,Three Pack Mezclas,Combos,3,33,30,3163500,10.0,3,3
2026-03,Éxito,Bucaramanga,COM-MIX,Perfect Mix & Match,Combos,3,64,55,4229500,18.33,7,9
2026-03,Éxito,Bucaramanga,COM-ROMP,Rompecabezas,Combos,3,17,17,1887000,5.67,4,0
2026-03,Éxito,Bucaramanga,COM-WAF,Mini Wafflera,Combos,3,15,14,1554000,4.67,1,1
2026-03,Éxito,Bucaramanga,ESP-BUT,Golden Butter Cookie,Esparcibles,3,21,16,1064000,5.33,2,5
2026-03,Éxito,Bucaramanga,ESP-CRE,Creamy Cocoa Hazelnut,Esparcibles,3,60,58,3129100,19.33,1,2
2026-03,Éxito,Bucaramanga,ESP-PIS,Buttery Pistachio Cookie,Esparcibles,3,4,3,211500,1.0,4,1
2026-03,Éxito,Bucaramanga,GRA-FUD,Fudge Cake,GranOLAS,3,40,37,1557700,12.33,4,3
2026-03,Éxito,Bucaramanga,GRA-PIS,Pistachio Cookie,GranOLAS,3,53,40,1996000,13.33,0,13
2026-03,Éxito,Bucaramanga,PAN-ALM-CHO,Almendra Choco Chips,Pancakes & Waffles,3,2,1,46300,0.33,0,1
2026-03,Éxito,Bucaramanga,PAN-ALM-CHU,Almendra Churro,Pancakes & Waffles,3,106,107,4954100,35.67,1,0
2026-03,Éxito,Bucaramanga,PAN-AVE-BAN,Avena Banano,Pancakes & Waffles,3,19,15,547500,5.0,3,4
2026-03,Éxito,Cali,AVE-HOJ,Avena en Hojuelas,Avena & Harinas,2,123,118,4106400,59.0,6,5
2026-03,Éxito,Cali,COM-3GRA,Three Pack GranOLA,Combos,2,19,16,1718400,8.0,4,3
2026-03,Éxito,Cali,COM-3SPR,Three Pack Spread,Combos,2,9,7,1000650,3.5,0,2
2026-03,Éxito,Cali,COM-DECK,Deck de Cartas,Combos,2,63,55,6105000,27.5,3,8
2026-03,Éxito,Cali,COM-MIX,Perfect Mix & Match,Combos,2,89,86,6613400,43.0,0,3
2026-03,Éxito,Cali,COM-ROMP,Rompecabezas,Combos,2,15,14,1554000,7.0,5,1
2026-03,Éxito,Cali,COM-WAF,Mini Wafflera,Combos,2,8,8,888000,4.0,4,0
2026-03,Éxito,Cali,ESP-BABY,Baby Spreads,Esparcibles,2,12,9,194850,4.5,3,3
2026-03,Éxito,Cali,ESP-BUT,Golden Butter Cookie,Esparcibles,2,2,1,66500,0.5,0,1
2026-03,Éxito,Cali,ESP-CIN,Golden Cinnamon Roll,Esparcibles,2,22,19,1025050,9.5,1,3
2026-03,Éxito,Cali,ESP-PB,Peanutty Banana Shake,Esparcibles,2,41,30,1618500,15.0,2,11
2026-03,Éxito,Cali,ESP-PIS,Buttery Pistachio Cookie,Esparcibles,2,88,79,5569500,39.5,2,9
2026-03,Éxito,Cali,GRA-FUD,Fudge Cake,GranOLAS,2,66,64,2694400,32.0,4,2
2026-03,Éxito,Cali,GRA-PIS,Pistachio Cookie,GranOLAS,2,28,22,1097800,11.0,2,6
2026-03,Éxito,Cali,GRA-VAN,Vanilla Shortbread,GranOLAS,2,28,24,1010400,12.0,7,4
2026-03,Éxito,Cali,HAR-AVE,Harina de Avena,Avena & Harinas,2,33,31,1078800,15.5,0,2
2026-03,Éxito,Cali,MER-NYR,New Year Resolution,Merch,2,13,12,1332000,6.0,1,1
2026-03,Éxito,Cali,PAN-ALM-CHO,Almendra Choco Chips,Pancakes & Waffles,2,8,6,277800,3.0,0,2
2026-03,Éxito,Cali,PAN-ALM-CHU,Almendra Churro,Pancakes & Waffles,2,38,34,1574200,17.0,0,4
2026-03,Éxito,Cali,PAN-AVE-BAN,Avena Banano,Pancakes & Waffles,2,25,18,657000,9.0,4,7
2026-03,Éxito,Cali,PAN-AVE-BRO,Avena Brownie,Pancakes & Waffles,2,7,5,182500,2.5,2,2
2026-03,Éxito,Cartagena,COM-3SPR,Three Pack Spread,Combos,3,10,8,1143600,2.67,0,2
2026-03,Éxito,Cartagena,COM-MIX,Perfect Mix & Match,Combos,3,6,5,384500,1.67,5,1
2026-03,Éxito,Cartagena,COM-WAF,Mini Wafflera,Combos,3,54,44,4884000,14.67,1,10
2026-03,Éxito,Cartagena,ESP-BABY,Baby Spreads,Esparcibles,3,45,43,930950,14.33,6,2
2026-03,Éxito,Cartagena,ESP-BUT,Golden Butter Cookie,Esparcibles,3,8,7,465500,2.33,5,1
2026-03,Éxito,Cartagena,ESP-CRE,Creamy Cocoa Hazelnut,Esparcibles,3,28,21,1132950,7.0,0,7
2026-03,Éxito,Cartagena,ESP-PIS,Buttery Pistachio Cookie,Esparcibles,3,43,41,2890500,13.67,1,2
2026-03,Éxito,Cartagena,GRA-CHI,Chip Cookie,GranOLAS,3,51,46,1936600,15.33,6,5
2026-03,Éxito,Cartagena,GRA-VAN,Vanilla Shortbread,GranOLAS,3,58,44,1852400,14.67,0,14
2026-03,Éxito,Cartagena,PAN-AVE-VAN,Avena Vainilla,Pancakes & Waffles,3,91,92,3358000,30.67,1,0
2026-03,Éxito,Medellín,AVE-HOJ,Avena en Hojuelas,Avena & Harinas,6,493,430,14964000,71.67,4,63
2026-03,Éxito,Medellín,COM-3GRA,Three Pack GranOLA,Combos,6,10,9,966600,1.5,1,1
2026-03,Éxito,Medellín,COM-3MEZ,Three Pack Mezclas,Combos,6,79,75,7908750,12.5,0,4
2026-03,Éxito,Medellín,COM-3SPR,Three Pack Spread,Combos,6,26,22,3144900,3.67,1,4
2026-03,Éxito,Medellín,COM-DECK,Deck de Cartas,Combos,6,30,23,2553000,3.83,3,7
2026-03,Éxito,Medellín,COM-MIX,Perfect Mix & Match,Combos,6,132,104,7997600,17.33,5,28
2026-03,Éxito,Medellín,COM-ROMP,Rompecabezas,Combos,6,85,67,7437000,11.17,1,18
2026-03,Éxito,Medellín,COM-WAF,Mini Wafflera,Combos,6,60,58,6438000,9.67,0,2
2026-03,Éxito,Medellín,ESP-BABY,Baby Spreads,Esparcibles,6,560,448,9699200,74.67,2,112
2026-03,Éxito,Medellín,ESP-BUT,Golden Butter Cookie,Esparcibles,6,112,93,6184500,15.5,0,19
2026-03,Éxito,Medellín,ESP-CIN,Golden Cinnamon Roll,Esparcibles,6,96,94,5071300,15.67,0,2
2026-03,Éxito,Medellín,ESP-CRE,Creamy Cocoa Hazelnut,Esparcibles,6,131,108,5826600,18.0,0,23
2026-03,Éxito,Medellín,ESP-CRU,Crunchy Cocoa Hazelnut,Esparcibles,6,29,22,1186900,3.67,2,7
2026-03,Éxito,Medellín,ESP-PB,Peanutty Banana Shake,Esparcibles,6,77,59,3183050,9.83,3,18
2026-03,Éxito,Medellín,ESP-PIS,Buttery Pistachio Cookie,Esparcibles,6,47,41,2890500,6.83,3,6
2026-03,Éxito,Medellín,GRA-CHI,Chip Cookie,GranOLAS,6,334,284,11956400,47.33,7,50
2026-03,Éxito,Medellín,GRA-FUD,Fudge Cake,GranOLAS,6,100,101,4252100,16.83,4,0
2026-03,Éxito,Medellín,GRA-PIS,Pistachio Cookie,GranOLAS,6,153,149,7435100,24.83,2,4
2026-03,Éxito,Medellín,GRA-VAN,Vanilla Shortbread,GranOLAS,6,92,68,2862800,11.33,4,24
2026-03,Éxito,Medellín,HAR-ALM,Harina de Almendra,Avena & Harinas,6,317,252,9689400,42.0,5,65
2026-03,Éxito,Medellín,HAR-AVE,Harina de Avena,Avena & Harinas,6,256,248,8630400,41.33,3,8
2026-03,Éxito,Medellín,MER-NYR,New Year Resolution,Merch,6,140,138,15318000,23.0,0,2
2026-03,Éxito,Medellín,PAN-ALM-CHO,Almendra Choco Chips,Pancakes & Waffles,6,303,290,13427000,48.33,0,13
2026-03,Éxito,Medellín,PAN-ALM-CHU,Almendra Churro,Pancakes & Waffles,6,126,124,5741200,20.67,0,2
2026-03,Éxito,Medellín,PAN-ALM-VAN,Almendra Vainilla,Pancakes & Waffles,6,228,211,9769300,35.17,2,17
2026-03,Éxito,Medellín,PAN-AVE-BAN,Avena Banano,Pancakes & Waffles,6,138,115,4197500,19.17,0,23
2026-03,Éxito,Medellín,PAN-AVE-BRO,Avena Brownie,Pancakes & Waffles,6,111,100,3650000,16.67,4,11
2026-03,Éxito,Medellín,PAN-AVE-VAN,Avena Vainilla,Pancakes & Waffles,6,429,422,15403000,70.33,0,7
2026-03,Éxito,Pereira,AVE-HOJ,Avena en Hojuelas,Avena & Harinas,2,545,528,18374400,264.0,0,17
2026-03,Éxito,Pereira,COM-3GRA,Three Pack GranOLA,Combos,2,95,69,7410600,34.5,3,26
2026-03,Éxito,Pereira,COM-3SPR,Three Pack Spread,Combos,2,93,72,10292400,36.0,6,21
2026-03,Éxito,Pereira,COM-DECK,Deck de Cartas,Combos,2,24,17,1887000,8.5,0,7
2026-03,Éxito,Pereira,COM-MIX,Perfect Mix & Match,Combos,2,80,74,5690600,37.0,1,6
2026-03,Éxito,Pereira,COM-ROMP,Rompecabezas,Combos,2,22,20,2220000,10.0,0,2
2026-03,Éxito,Pereira,COM-WAF,Mini Wafflera,Combos,2,19,15,1665000,7.5,0,4
2026-03,Éxito,Pereira,ESP-BABY,Baby Spreads,Esparcibles,2,411,410,8876500,205.0,1,1
2026-03,Éxito,Pereira,ESP-BUT,Golden Butter Cookie,Esparcibles,2,15,13,864500,6.5,1,2
2026-03,Éxito,Pereira,ESP-CIN,Golden Cinnamon Roll,Esparcibles,2,52,41,2211950,20.5,4,11
2026-03,Éxito,Pereira,ESP-CRU,Crunchy Cocoa Hazelnut,Esparcibles,2,28,20,1079000,10.0,0,8
2026-03,Éxito,Pereira,ESP-PB,Peanutty Banana Shake,Esparcibles,2,149,108,5826600,54.0,1,41
2026-03,Éxito,Pereira,ESP-PIS,Buttery Pistachio Cookie,Esparcibles,2,90,79,5569500,39.5,6,11
2026-03,Éxito,Pereira,GRA-FUD,Fudge Cake,GranOLAS,2,41,41,1726100,20.5,9,0
2026-03,Éxito,Pereira,GRA-PIS,Pistachio Cookie,GranOLAS,2,32,26,1297400,13.0,1,6
2026-03,Éxito,Pereira,GRA-VAN,Vanilla Shortbread,GranOLAS,2,170,139,5851900,69.5,7,31
2026-03,Éxito,Pereira,HAR-AVE,Harina de Avena,Avena & Harinas,2,231,190,6612000,95.0,1,41
2026-03,Éxito,Pereira,MER-NYR,New Year Resolution,Merch,2,49,41,4551000,20.5,2,8
2026-03,Éxito,Pereira,PAN-ALM-CHO,Almendra Choco Chips,Pancakes & Waffles,2,14,11,509300,5.5,0,3
2026-03,Éxito,Pereira,PAN-ALM-VAN,Almendra Vainilla,Pancakes & Waffles,2,44,33,1527900,16.5,4,11
2026-03,Éxito,Pereira,PAN-AVE-BAN,Avena Banano,Pancakes & Waffles,2,117,116,4234000,58.0,0,1
2026-03,Éxito,Pereira,PAN-AVE-BRO,Avena Brownie,Pancakes & Waffles,2,85,61,2226500,30.5,3,24
2026-03,Éxito,Pereira,PAN-AVE-VAN,Avena Vainilla,Pancakes & Waffles,2,194,196,7154000,98.0,3,0
2026-04,Carulla,Barranquilla,AVE-HOJ,Avena en Hojuelas,Avena & Harinas,5,42,37,1311650,7.4,4,5
2026-04,Carulla,Barranquilla,COM-3GRA,Three Pack GranOLA,Combos,5,5,3,328050,0.6,2,2
2026-04,Carulla,Barranquilla,COM-3MEZ,Three Pack Mezclas,Combos,5,18,15,1610250,3.0,1,3
2026-04,Carulla,Barranquilla,COM-3SPR,Three Pack Spread,Combos,5,4,3,436500,0.6,0,1
2026-04,Carulla,Barranquilla,COM-DECK,Deck de Cartas,Combos,5,10,9,1017000,1.8,1,1
2026-04,Carulla,Barranquilla,COM-MIX,Perfect Mix & Match,Combos,5,22,19,1486750,3.8,3,3
2026-04,Carulla,Barranquilla,COM-ROMP,Rompecabezas,Combos,5,12,10,1130000,2.0,0,2
2026-04,Carulla,Barranquilla,COM-WAF,Mini Wafflera,Combos,5,10,9,1017000,1.8,5,1
2026-04,Carulla,Barranquilla,ESP-BABY,Baby Spreads,Esparcibles,5,435,371,8180550,74.2,0,64
2026-04,Carulla,Barranquilla,ESP-BUT,Golden Butter Cookie,Esparcibles,5,95,85,5754500,17.0,2,10
2026-04,Carulla,Barranquilla,ESP-CIN,Golden Cinnamon Roll,Esparcibles,5,9,7,384300,1.4,0,2
2026-04,Carulla,Barranquilla,ESP-CRE,Creamy Cocoa Hazelnut,Esparcibles,5,32,25,1372500,5.0,4,7
2026-04,Carulla,Barranquilla,ESP-CRU,Crunchy Cocoa Hazelnut,Esparcibles,5,42,30,1647000,6.0,3,12
2026-04,Carulla,Barranquilla,ESP-PB,Peanutty Banana Shake,Esparcibles,5,33,30,1647000,6.0,2,3
2026-04,Carulla,Barranquilla,GRA-CHI,Chip Cookie,GranOLAS,5,156,137,5877300,27.4,0,19
2026-04,Carulla,Barranquilla,GRA-FUD,Fudge Cake,GranOLAS,5,26,26,1115400,5.2,0,0
2026-04,Carulla,Barranquilla,GRA-PIS,Pistachio Cookie,GranOLAS,5,57,51,2590800,10.2,2,6
2026-04,Carulla,Barranquilla,GRA-VAN,Vanilla Shortbread,GranOLAS,5,98,87,3732300,17.4,0,11
2026-04,Carulla,Barranquilla,HAR-ALM,Harina de Almendra,Avena & Harinas,5,31,23,900450,4.6,2,8
2026-04,Carulla,Barranquilla,HAR-AVE,Harina de Avena,Avena & Harinas,5,42,32,1134400,6.4,2,10
2026-04,Carulla,Barranquilla,MER-NYR,New Year Resolution,Merch,5,34,32,3616000,6.4,1,2
2026-04,Carulla,Barranquilla,PAN-ALM-CHO,Almendra Choco Chips,Pancakes & Waffles,5,44,32,1507200,6.4,0,12
2026-04,Carulla,Barranquilla,PAN-ALM-CHU,Almendra Churro,Pancakes & Waffles,5,129,129,6075900,25.8,0,0
2026-04,Carulla,Barranquilla,PAN-ALM-VAN,Almendra Vainilla,Pancakes & Waffles,5,53,45,2119500,9.0,0,8
2026-04,Carulla,Barranquilla,PAN-AVE-BAN,Avena Banano,Pancakes & Waffles,5,76,63,2340450,12.6,3,13
2026-04,Carulla,Barranquilla,PAN-AVE-BRO,Avena Brownie,Pancakes & Waffles,5,199,162,6018300,32.4,7,37
2026-04,Carulla,Barranquilla,PAN-AVE-VAN,Avena Vainilla,Pancakes & Waffles,5,87,81,3009150,16.2,0,6
2026-04,Carulla,Bogotá,AVE-HOJ,Avena en Hojuelas,Avena & Harinas,11,166,129,4573050,11.73,3,37
2026-04,Carulla,Bogotá,COM-3GRA,Three Pack GranOLA,Combos,11,31,27,2952450,2.45,4,4
2026-04,Carulla,Bogotá,COM-3MEZ,Three Pack Mezclas,Combos,11,47,45,4830750,4.09,0,2
2026-04,Carulla,Bogotá,COM-3SPR,Three Pack Spread,Combos,11,6,4,582000,0.36,7,2
2026-04,Carulla,Bogotá,COM-DECK,Deck de Cartas,Combos,11,101,95,10735000,8.64,3,6
2026-04,Carulla,Bogotá,COM-MIX,Perfect Mix & Match,Combos,11,38,32,2504000,2.91,6,6
2026-04,Carulla,Bogotá,COM-ROMP,Rompecabezas,Combos,11,59,45,5085000,4.09,7,14
2026-04,Carulla,Bogotá,COM-WAF,Mini Wafflera,Combos,11,147,147,16611000,13.36,3,0
2026-04,Carulla,Bogotá,ESP-BABY,Baby Spreads,Esparcibles,11,110,79,1741950,7.18,0,31
2026-04,Carulla,Bogotá,ESP-BUT,Golden Butter Cookie,Esparcibles,11,142,120,8124000,10.91,3,22
2026-04,Carulla,Bogotá,ESP-CIN,Golden Cinnamon Roll,Esparcibles,11,117,94,5160600,8.55,0,23
2026-04,Carulla,Bogotá,ESP-CRE,Creamy Cocoa Hazelnut,Esparcibles,11,120,98,5380200,8.91,5,22
2026-04,Carulla,Bogotá,ESP-CRU,Crunchy Cocoa Hazelnut,Esparcibles,11,38,34,1866600,3.09,5,4
2026-04,Carulla,Bogotá,ESP-PB,Peanutty Banana Shake,Esparcibles,11,149,109,5984100,9.91,3,40
2026-04,Carulla,Bogotá,ESP-PIS,Buttery Pistachio Cookie,Esparcibles,11,92,85,6098750,7.73,7,7
2026-04,Carulla,Bogotá,GRA-CHI,Chip Cookie,GranOLAS,11,89,69,2960100,6.27,0,20
2026-04,Carulla,Bogotá,GRA-FUD,Fudge Cake,GranOLAS,11,43,39,1673100,3.55,5,4
2026-04,Carulla,Bogotá,GRA-PIS,Pistachio Cookie,GranOLAS,11,149,142,7213600,12.91,2,7
2026-04,Carulla,Bogotá,GRA-VAN,Vanilla Shortbread,GranOLAS,11,180,150,6435000,13.64,0,30
2026-04,Carulla,Bogotá,HAR-ALM,Harina de Almendra,Avena & Harinas,11,169,125,4893750,11.36,5,44
2026-04,Carulla,Bogotá,HAR-AVE,Harina de Avena,Avena & Harinas,11,178,176,6239200,16.0,0,2
2026-04,Carulla,Bogotá,MER-NYR,New Year Resolution,Merch,11,60,60,6780000,5.45,6,0
2026-04,Carulla,Bogotá,PAN-ALM-CHO,Almendra Choco Chips,Pancakes & Waffles,11,42,34,1601400,3.09,0,8
2026-04,Carulla,Bogotá,PAN-ALM-CHU,Almendra Churro,Pancakes & Waffles,11,66,64,3014400,5.82,5,2
2026-04,Carulla,Bogotá,PAN-ALM-VAN,Almendra Vainilla,Pancakes & Waffles,11,113,106,4992600,9.64,9,7
2026-04,Carulla,Bogotá,PAN-AVE-BAN,Avena Banano,Pancakes & Waffles,11,35,31,1151650,2.82,8,4
2026-04,Carulla,Bogotá,PAN-AVE-BRO,Avena Brownie,Pancakes & Waffles,11,175,149,5535350,13.55,1,26
2026-04,Carulla,Bogotá,PAN-AVE-VAN,Avena Vainilla,Pancakes & Waffles,11,77,64,2377600,5.82,7,13
2026-04,Carulla,Bucaramanga,AVE-HOJ,Avena en Hojuelas,Avena & Harinas,1,22,19,673550,19.0,6,3
2026-04,Carulla,Bucaramanga,COM-3GRA,Three Pack GranOLA,Combos,1,15,14,1530900,14.0,0,1
2026-04,Carulla,Bucaramanga,COM-3MEZ,Three Pack Mezclas,Combos,1,27,25,2683750,25.0,0,2
2026-04,Carulla,Bucaramanga,COM-3SPR,Three Pack Spread,Combos,1,12,11,1600500,11.0,0,1
2026-04,Carulla,Bucaramanga,COM-DECK,Deck de Cartas,Combos,1,16,15,1695000,15.0,2,1
2026-04,Carulla,Bucaramanga,COM-MIX,Perfect Mix & Match,Combos,1,4,3,234750,3.0,6,1
2026-04,Carulla,Bucaramanga,COM-ROMP,Rompecabezas,Combos,1,8,8,904000,8.0,7,0
2026-04,Carulla,Bucaramanga,COM-WAF,Mini Wafflera,Combos,1,16,15,1695000,15.0,3,1
2026-04,Carulla,Bucaramanga,ESP-BABY,Baby Spreads,Esparcibles,1,107,91,2006550,91.0,0,16
2026-04,Carulla,Bucaramanga,ESP-CIN,Golden Cinnamon Roll,Esparcibles,1,24,22,1207800,22.0,0,2
2026-04,Carulla,Bucaramanga,ESP-CRE,Creamy Cocoa Hazelnut,Esparcibles,1,9,8,439200,8.0,10,1
2026-04,Carulla,Bucaramanga,ESP-CRU,Crunchy Cocoa Hazelnut,Esparcibles,1,38,29,1592100,29.0,4,9
2026-04,Carulla,Bucaramanga,ESP-PB,Peanutty Banana Shake,Esparcibles,1,51,39,2141100,39.0,2,12
2026-04,Carulla,Bucaramanga,ESP-PIS,Buttery Pistachio Cookie,Esparcibles,1,18,16,1148000,16.0,4,2
2026-04,Carulla,Bucaramanga,GRA-CHI,Chip Cookie,GranOLAS,1,17,16,686400,16.0,3,1
2026-04,Carulla,Bucaramanga,GRA-FUD,Fudge Cake,GranOLAS,1,11,9,386100,9.0,4,2
2026-04,Carulla,Bucaramanga,GRA-PIS,Pistachio Cookie,GranOLAS,1,92,82,4165600,82.0,1,10
2026-04,Carulla,Bucaramanga,GRA-VAN,Vanilla Shortbread,GranOLAS,1,15,14,600600,14.0,5,1
2026-04,Carulla,Bucaramanga,HAR-ALM,Harina de Almendra,Avena & Harinas,1,21,19,743850,19.0,2,2
2026-04,Carulla,Bucaramanga,MER-NYR,New Year Resolution,Merch,1,5,3,339000,3.0,1,2
2026-04,Carulla,Bucaramanga,PAN-ALM-CHO,Almendra Choco Chips,Pancakes & Waffles,1,21,19,894900,19.0,5,2
2026-04,Carulla,Bucaramanga,PAN-ALM-CHU,Almendra Churro,Pancakes & Waffles,1,5,4,188400,4.0,0,1
2026-04,Carulla,Bucaramanga,PAN-ALM-VAN,Almendra Vainilla,Pancakes & Waffles,1,39,37,1742700,37.0,0,2
2026-04,Carulla,Bucaramanga,PAN-AVE-BAN,Avena Banano,Pancakes & Waffles,1,144,138,5126700,138.0,0,6
2026-04,Carulla,Bucaramanga,PAN-AVE-BRO,Avena Brownie,Pancakes & Waffles,1,52,52,1931800,52.0,6,0
2026-04,Carulla,Bucaramanga,PAN-AVE-VAN,Avena Vainilla,Pancakes & Waffles,1,3,2,74300,2.0,4,1
2026-04,Carulla,Cali,AVE-HOJ,Avena en Hojuelas,Avena & Harinas,4,42,34,1205300,8.5,0,8
2026-04,Carulla,Cali,COM-3GRA,Three Pack GranOLA,Combos,4,15,11,1202850,2.75,10,4
2026-04,Carulla,Cali,COM-3MEZ,Three Pack Mezclas,Combos,4,19,17,1824950,4.25,0,2
2026-04,Carulla,Cali,COM-3SPR,Three Pack Spread,Combos,4,4,3,436500,0.75,1,1
2026-04,Carulla,Cali,COM-DECK,Deck de Cartas,Combos,4,3,3,339000,0.75,3,0
2026-04,Carulla,Cali,COM-ROMP,Rompecabezas,Combos,4,15,10,1130000,2.5,2,5
2026-04,Carulla,Cali,COM-WAF,Mini Wafflera,Combos,4,3,2,226000,0.5,1,1
2026-04,Carulla,Cali,ESP-BABY,Baby Spreads,Esparcibles,4,49,43,948150,10.75,0,6
2026-04,Carulla,Cali,ESP-BUT,Golden Butter Cookie,Esparcibles,4,16,11,744700,2.75,3,5
2026-04,Carulla,Cali,ESP-CRE,Creamy Cocoa Hazelnut,Esparcibles,4,11,9,494100,2.25,0,2
2026-04,Carulla,Cali,ESP-CRU,Crunchy Cocoa Hazelnut,Esparcibles,4,14,10,549000,2.5,2,4
2026-04,Carulla,Cali,GRA-CHI,Chip Cookie,GranOLAS,4,5,3,128700,0.75,1,2
2026-04,Carulla,Cali,GRA-FUD,Fudge Cake,GranOLAS,4,3,2,85800,0.5,1,1
2026-04,Carulla,Cali,GRA-PIS,Pistachio Cookie,GranOLAS,4,61,57,2895600,14.25,0,4
2026-04,Carulla,Cali,GRA-VAN,Vanilla Shortbread,GranOLAS,4,70,52,2230800,13.0,2,18
2026-04,Carulla,Cali,HAR-ALM,Harina de Almendra,Avena & Harinas,4,53,46,1800900,11.5,6,7
2026-04,Carulla,Cali,PAN-ALM-CHO,Almendra Choco Chips,Pancakes & Waffles,4,81,75,3532500,18.75,0,6
2026-04,Carulla,Cali,PAN-ALM-CHU,Almendra Churro,Pancakes & Waffles,4,14,11,518100,2.75,4,3
2026-04,Carulla,Cali,PAN-AVE-BAN,Avena Banano,Pancakes & Waffles,4,14,13,482950,3.25,5,1
2026-04,Carulla,Cali,PAN-AVE-BRO,Avena Brownie,Pancakes & Waffles,4,20,17,631550,4.25,0,3
2026-04,Carulla,Cali,PAN-AVE-VAN,Avena Vainilla,Pancakes & Waffles,4,33,27,1003050,6.75,3,6
2026-04,Carulla,Cartagena,COM-3GRA,Three Pack GranOLA,Combos,2,10,7,765450,3.5,3,3
2026-04,Carulla,Cartagena,COM-3SPR,Three Pack Spread,Combos,2,4,3,436500,1.5,2,1
2026-04,Carulla,Cartagena,COM-MIX,Perfect Mix & Match,Combos,2,20,18,1408500,9.0,3,2
2026-04,Carulla,Cartagena,COM-ROMP,Rompecabezas,Combos,2,28,24,2712000,12.0,0,4
2026-04,Carulla,Cartagena,COM-WAF,Mini Wafflera,Combos,2,27,24,2712000,12.0,1,3
2026-04,Carulla,Cartagena,ESP-BABY,Baby Spreads,Esparcibles,2,51,46,1014300,23.0,6,5
2026-04,Carulla,Cartagena,ESP-BUT,Golden Butter Cookie,Esparcibles,2,4,3,203100,1.5,3,1
2026-04,Carulla,Cartagena,ESP-CIN,Golden Cinnamon Roll,Esparcibles,2,15,13,713700,6.5,1,2
2026-04,Carulla,Cartagena,ESP-CRE,Creamy Cocoa Hazelnut,Esparcibles,2,15,13,713700,6.5,2,2
2026-04,Carulla,Cartagena,ESP-CRU,Crunchy Cocoa Hazelnut,Esparcibles,2,13,11,603900,5.5,0,2
2026-04,Carulla,Cartagena,ESP-PB,Peanutty Banana Shake,Esparcibles,2,23,19,1043100,9.5,2,4
2026-04,Carulla,Cartagena,ESP-PIS,Buttery Pistachio Cookie,Esparcibles,2,23,18,1291500,9.0,4,5
2026-04,Carulla,Cartagena,GRA-PIS,Pistachio Cookie,GranOLAS,2,3,3,152400,1.5,4,0
2026-04,Carulla,Cartagena,GRA-VAN,Vanilla Shortbread,GranOLAS,2,56,56,2402400,28.0,1,0
2026-04,Carulla,Cartagena,MER-NYR,New Year Resolution,Merch,2,7,6,678000,3.0,4,1
2026-04,Carulla,Cartagena,PAN-ALM-CHO,Almendra Choco Chips,Pancakes & Waffles,2,16,12,565200,6.0,2,4
2026-04,Carulla,Cartagena,PAN-ALM-CHU,Almendra Churro,Pancakes & Waffles,2,3,2,94200,1.0,0,1
2026-04,Carulla,Cartagena,PAN-ALM-VAN,Almendra Vainilla,Pancakes & Waffles,2,34,25,1177500,12.5,1,9
2026-04,Carulla,Cartagena,PAN-AVE-BAN,Avena Banano,Pancakes & Waffles,2,22,21,780150,10.5,0,1
2026-04,Carulla,Cartagena,PAN-AVE-BRO,Avena Brownie,Pancakes & Waffles,2,115,91,3380650,45.5,0,24
2026-04,Carulla,Medellín,AVE-HOJ,Avena en Hojuelas,Avena & Harinas,5,96,94,3332300,18.8,3,2
2026-04,Carulla,Medellín,COM-3GRA,Three Pack GranOLA,Combos,5,31,23,2515050,4.6,4,8
2026-04,Carulla,Medellín,COM-3MEZ,Three Pack Mezclas,Combos,5,35,26,2791100,5.2,0,9
2026-04,Carulla,Medellín,COM-3SPR,Three Pack Spread,Combos,5,56,54,7857000,10.8,0,2
2026-04,Carulla,Medellín,COM-DECK,Deck de Cartas,Combos,5,10,9,1017000,1.8,5,1
2026-04,Carulla,Medellín,COM-MIX,Perfect Mix & Match,Combos,5,86,63,4929750,12.6,3,23
2026-04,Carulla,Medellín,COM-ROMP,Rompecabezas,Combos,5,23,20,2260000,4.0,0,3
2026-04,Carulla,Medellín,COM-WAF,Mini Wafflera,Combos,5,73,61,6893000,12.2,4,12
2026-04,Carulla,Medellín,ESP-BABY,Baby Spreads,Esparcibles,5,90,85,1874250,17.0,3,5
2026-04,Carulla,Medellín,ESP-BUT,Golden Butter Cookie,Esparcibles,5,23,21,1421700,4.2,9,2
2026-04,Carulla,Medellín,ESP-CIN,Golden Cinnamon Roll,Esparcibles,5,69,67,3678300,13.4,2,2
2026-04,Carulla,Medellín,ESP-CRE,Creamy Cocoa Hazelnut,Esparcibles,5,61,59,3239100,11.8,0,2
2026-04,Carulla,Medellín,ESP-CRU,Crunchy Cocoa Hazelnut,Esparcibles,5,107,101,5544900,20.2,0,6
2026-04,Carulla,Medellín,ESP-PB,Peanutty Banana Shake,Esparcibles,5,74,55,3019500,11.0,3,19
2026-04,Carulla,Medellín,ESP-PIS,Buttery Pistachio Cookie,Esparcibles,5,95,77,5524750,15.4,0,18
2026-04,Carulla,Medellín,GRA-CHI,Chip Cookie,GranOLAS,5,139,125,5362500,25.0,0,14
2026-04,Carulla,Medellín,GRA-FUD,Fudge Cake,GranOLAS,5,163,164,7035600,32.8,3,0
2026-04,Carulla,Medellín,GRA-PIS,Pistachio Cookie,GranOLAS,5,98,86,4368800,17.2,2,12
2026-04,Carulla,Medellín,GRA-VAN,Vanilla Shortbread,GranOLAS,5,92,75,3217500,15.0,0,17
2026-04,Carulla,Medellín,HAR-ALM,Harina de Almendra,Avena & Harinas,5,65,53,2074950,10.6,0,12
2026-04,Carulla,Medellín,HAR-AVE,Harina de Avena,Avena & Harinas,5,305,259,9181550,51.8,3,46
2026-04,Carulla,Medellín,MER-NYR,New Year Resolution,Merch,5,8,6,678000,1.2,3,2
2026-04,Carulla,Medellín,PAN-ALM-CHO,Almendra Choco Chips,Pancakes & Waffles,5,240,227,10691700,45.4,0,13
2026-04,Carulla,Medellín,PAN-ALM-CHU,Almendra Churro,Pancakes & Waffles,5,80,81,3815100,16.2,5,0
2026-04,Carulla,Medellín,PAN-ALM-VAN,Almendra Vainilla,Pancakes & Waffles,5,73,67,3155700,13.4,1,6
2026-04,Carulla,Medellín,PAN-AVE-BAN,Avena Banano,Pancakes & Waffles,5,52,49,1820350,9.8,0,3
2026-04,Carulla,Medellín,PAN-AVE-BRO,Avena Brownie,Pancakes & Waffles,5,132,134,4978100,26.8,4,0
2026-04,Carulla,Medellín,PAN-AVE-VAN,Avena Vainilla,Pancakes & Waffles,5,295,264,9807600,52.8,0,31
2026-04,Carulla,Pereira,AVE-HOJ,Avena en Hojuelas,Avena & Harinas,1,75,68,2410600,68.0,5,7
2026-04,Carulla,Pereira,ESP-BABY,Baby Spreads,Esparcibles,1,412,381,8401050,381.0,0,31
2026-04,Carulla,Pereira,ESP-BUT,Golden Butter Cookie,Esparcibles,1,29,26,1760200,26.0,2,3
2026-04,Carulla,Pereira,ESP-CRE,Creamy Cocoa Hazelnut,Esparcibles,1,86,62,3403800,62.0,3,24
2026-04,Carulla,Pereira,ESP-CRU,Crunchy Cocoa Hazelnut,Esparcibles,1,35,25,1372500,25.0,3,10
2026-04,Carulla,Pereira,ESP-PB,Peanutty Banana Shake,Esparcibles,1,105,95,5215500,95.0,3,10
2026-04,Carulla,Pereira,ESP-PIS,Buttery Pistachio Cookie,Esparcibles,1,39,28,2009000,28.0,2,11
2026-04,Carulla,Pereira,GRA-CHI,Chip Cookie,GranOLAS,1,84,82,3517800,82.0,6,2
2026-04,Carulla,Pereira,GRA-FUD,Fudge Cake,GranOLAS,1,18,14,600600,14.0,6,4
2026-04,Carulla,Pereira,GRA-PIS,Pistachio Cookie,GranOLAS,1,19,18,914400,18.0,2,1
2026-04,Carulla,Pereira,GRA-VAN,Vanilla Shortbread,GranOLAS,1,18,14,600600,14.0,2,4
2026-04,Carulla,Pereira,HAR-AVE,Harina de Avena,Avena & Harinas,1,20,19,673550,19.0,0,1
2026-04,Carulla,Pereira,MER-NYR,New Year Resolution,Merch,1,7,6,678000,6.0,2,1
2026-04,Carulla,Pereira,PAN-ALM-CHO,Almendra Choco Chips,Pancakes & Waffles,1,12,8,376800,8.0,7,4
2026-04,Carulla,Pereira,PAN-ALM-VAN,Almendra Vainilla,Pancakes & Waffles,1,40,33,1554300,33.0,0,7
2026-04,Carulla,Pereira,PAN-AVE-BRO,Avena Brownie,Pancakes & Waffles,1,14,11,408650,11.0,2,3
2026-04,Carulla,Pereira,PAN-AVE-VAN,Avena Vainilla,Pancakes & Waffles,1,70,67,2489050,67.0,0,3
2026-04,Fithub,Barranquilla,AVE-HOJ,Avena en Hojuelas,Avena & Harinas,2,32,30,1156500,15.0,3,2
2026-04,Fithub,Barranquilla,COM-3GRA,Three Pack GranOLA,Combos,2,11,10,1190500,5.0,8,1
2026-04,Fithub,Barranquilla,COM-3MEZ,Three Pack Mezclas,Combos,2,4,3,350550,1.5,8,1
2026-04,Fithub,Barranquilla,COM-3SPR,Three Pack Spread,Combos,2,1,0,0,0.0,2,1
2026-04,Fithub,Barranquilla,COM-MIX,Perfect Mix & Match,Combos,2,2,1,85200,0.5,3,1
2026-04,Fithub,Barranquilla,COM-WAF,Mini Wafflera,Combos,2,3,2,246000,1.0,1,1
2026-04,Fithub,Barranquilla,ESP-BABY,Baby Spreads,Esparcibles,2,48,41,984000,20.5,0,7
2026-04,Fithub,Barranquilla,ESP-BUT,Golden Butter Cookie,Esparcibles,2,18,16,1179200,8.0,5,2
2026-04,Fithub,Barranquilla,ESP-CIN,Golden Cinnamon Roll,Esparcibles,2,3,2,119500,1.0,3,1
2026-04,Fithub,Barranquilla,ESP-CRE,Creamy Cocoa Hazelnut,Esparcibles,2,50,48,2868000,24.0,3,2
2026-04,Fithub,Barranquilla,ESP-CRU,Crunchy Cocoa Hazelnut,Esparcibles,2,18,14,836500,7.0,0,4
2026-04,Fithub,Barranquilla,ESP-PB,Peanutty Banana Shake,Esparcibles,2,10,7,418250,3.5,4,3
2026-04,Fithub,Barranquilla,ESP-PIS,Buttery Pistachio Cookie,Esparcibles,2,18,13,1015300,6.5,7,5
2026-04,Fithub,Barranquilla,GRA-FUD,Fudge Cake,GranOLAS,2,10,7,326900,3.5,4,3
2026-04,Fithub,Barranquilla,GRA-VAN,Vanilla Shortbread,GranOLAS,2,1,0,0,0.0,2,1
2026-04,Fithub,Barranquilla,MER-NYR,New Year Resolution,Merch,2,20,18,2214000,9.0,1,2
2026-04,Fithub,Barranquilla,PAN-ALM-CHO,Almendra Choco Chips,Pancakes & Waffles,2,27,24,1231200,12.0,0,3
2026-04,Fithub,Barranquilla,PAN-ALM-CHU,Almendra Churro,Pancakes & Waffles,2,3,2,102600,1.0,0,1
2026-04,Fithub,Barranquilla,PAN-ALM-VAN,Almendra Vainilla,Pancakes & Waffles,2,32,28,1436400,14.0,6,4
2026-04,Fithub,Barranquilla,PAN-AVE-BAN,Avena Banano,Pancakes & Waffles,2,18,17,687650,8.5,8,1
2026-04,Fithub,Barranquilla,PAN-AVE-BRO,Avena Brownie,Pancakes & Waffles,2,24,22,889900,11.0,0,2
2026-04,Fithub,Barranquilla,PAN-AVE-VAN,Avena Vainilla,Pancakes & Waffles,2,7,5,202250,2.5,3,2
2026-04,Fithub,Bogotá,AVE-HOJ,Avena en Hojuelas,Avena & Harinas,3,75,69,2659950,23.0,2,6
2026-04,Fithub,Bogotá,COM-3GRA,Three Pack GranOLA,Combos,3,20,15,1785750,5.0,6,5
2026-04,Fithub,Bogotá,COM-3MEZ,Three Pack Mezclas,Combos,3,58,58,6777300,19.33,1,0
2026-04,Fithub,Bogotá,COM-3SPR,Three Pack Spread,Combos,3,33,28,4435200,9.33,1,5
2026-04,Fithub,Bogotá,COM-DECK,Deck de Cartas,Combos,3,37,31,3813000,10.33,5,6
2026-04,Fithub,Bogotá,COM-MIX,Perfect Mix & Match,Combos,3,60,46,3919200,15.33,1,14
2026-04,Fithub,Bogotá,COM-ROMP,Rompecabezas,Combos,3,37,33,4059000,11.0,0,4
2026-04,Fithub,Bogotá,COM-WAF,Mini Wafflera,Combos,3,21,20,2460000,6.67,2,1
2026-04,Fithub,Bogotá,ESP-BABY,Baby Spreads,Esparcibles,3,133,135,3240000,45.0,0,0
2026-04,Fithub,Bogotá,ESP-CIN,Golden Cinnamon Roll,Esparcibles,3,72,71,4242250,23.67,0,1
2026-04,Fithub,Bogotá,ESP-CRE,Creamy Cocoa Hazelnut,Esparcibles,3,63,57,3405750,19.0,4,6
2026-04,Fithub,Bogotá,ESP-CRU,Crunchy Cocoa Hazelnut,Esparcibles,3,41,37,2210750,12.33,0,4
2026-04,Fithub,Bogotá,ESP-PB,Peanutty Banana Shake,Esparcibles,3,84,79,4720250,26.33,2,5
2026-04,Fithub,Bogotá,ESP-PIS,Buttery Pistachio Cookie,Esparcibles,3,28,22,1718200,7.33,6,6
2026-04,Fithub,Bogotá,GRA-CHI,Chip Cookie,GranOLAS,3,102,90,4203000,30.0,0,12
2026-04,Fithub,Bogotá,GRA-FUD,Fudge Cake,GranOLAS,3,91,68,3175600,22.67,0,23
2026-04,Fithub,Bogotá,GRA-PIS,Pistachio Cookie,GranOLAS,3,37,33,1824900,11.0,2,4
2026-04,Fithub,Bogotá,GRA-VAN,Vanilla Shortbread,GranOLAS,3,111,101,4716700,33.67,3,10
2026-04,Fithub,Bogotá,HAR-ALM,Harina de Almendra,Avena & Harinas,3,24,23,979800,7.67,0,1
2026-04,Fithub,Bogotá,HAR-AVE,Harina de Avena,Avena & Harinas,3,111,105,4047750,35.0,1,6
2026-04,Fithub,Bogotá,MER-NYR,New Year Resolution,Merch,3,31,27,3321000,9.0,4,4
2026-04,Fithub,Bogotá,PAN-ALM-CHO,Almendra Choco Chips,Pancakes & Waffles,3,58,43,2205900,14.33,3,15
2026-04,Fithub,Bogotá,PAN-ALM-CHU,Almendra Churro,Pancakes & Waffles,3,83,65,3334500,21.67,1,18
2026-04,Fithub,Bogotá,PAN-ALM-VAN,Almendra Vainilla,Pancakes & Waffles,3,107,83,4257900,27.67,1,24
2026-04,Fithub,Bogotá,PAN-AVE-BAN,Avena Banano,Pancakes & Waffles,3,118,112,4530400,37.33,6,6
2026-04,Fithub,Bogotá,PAN-AVE-BRO,Avena Brownie,Pancakes & Waffles,3,36,26,1051700,8.67,1,10
2026-04,Fithub,Bogotá,PAN-AVE-VAN,Avena Vainilla,Pancakes & Waffles,3,176,144,5824800,48.0,4,32
2026-04,Fithub,Bucaramanga,AVE-HOJ,Avena en Hojuelas,Avena & Harinas,3,6,5,192750,1.67,0,1
2026-04,Fithub,Bucaramanga,COM-DECK,Deck de Cartas,Combos,3,3,2,246000,0.67,0,1
2026-04,Fithub,Bucaramanga,COM-ROMP,Rompecabezas,Combos,3,2,1,123000,0.33,4,1
2026-04,Fithub,Bucaramanga,COM-WAF,Mini Wafflera,Combos,3,5,4,492000,1.33,3,1
2026-04,Fithub,Bucaramanga,ESP-BABY,Baby Spreads,Esparcibles,3,11,10,240000,3.33,3,1
2026-04,Fithub,Bucaramanga,ESP-CIN,Golden Cinnamon Roll,Esparcibles,3,5,4,239000,1.33,4,1
2026-04,Fithub,Bucaramanga,ESP-CRU,Crunchy Cocoa Hazelnut,Esparcibles,3,10,9,537750,3.0,0,1
2026-04,Fithub,Bucaramanga,ESP-PB,Peanutty Banana Shake,Esparcibles,3,28,20,1195000,6.67,1,8
2026-04,Fithub,Bucaramanga,ESP-PIS,Buttery Pistachio Cookie,Esparcibles,3,17,15,1171500,5.0,2,2
2026-04,Fithub,Bucaramanga,GRA-CHI,Chip Cookie,GranOLAS,3,17,13,607100,4.33,2,4
2026-04,Fithub,Bucaramanga,GRA-PIS,Pistachio Cookie,GranOLAS,3,18,15,829500,5.0,2,3
2026-04,Fithub,Bucaramanga,GRA-VAN,Vanilla Shortbread,GranOLAS,3,24,20,934000,6.67,2,4
2026-04,Fithub,Bucaramanga,MER-NYR,New Year Resolution,Merch,3,7,5,615000,1.67,1,2
2026-04,Fithub,Bucaramanga,PAN-ALM-CHO,Almendra Choco Chips,Pancakes & Waffles,3,3,2,102600,0.67,2,1
2026-04,Fithub,Bucaramanga,PAN-ALM-VAN,Almendra Vainilla,Pancakes & Waffles,3,13,10,513000,3.33,2,3
2026-04,Fithub,Bucaramanga,PAN-AVE-BAN,Avena Banano,Pancakes & Waffles,3,6,5,202250,1.67,0,1
2026-04,Fithub,Cali,AVE-HOJ,Avena en Hojuelas,Avena & Harinas,2,69,59,2274450,29.5,1,10
2026-04,Fithub,Cali,COM-3GRA,Three Pack GranOLA,Combos,2,15,11,1309550,5.5,3,4
2026-04,Fithub,Cali,COM-3MEZ,Three Pack Mezclas,Combos,2,18,13,1519050,6.5,2,5
2026-04,Fithub,Cali,COM-3SPR,Three Pack Spread,Combos,2,3,2,316800,1.0,5,1
2026-04,Fithub,Cali,COM-DECK,Deck de Cartas,Combos,2,9,8,984000,4.0,3,1
2026-04,Fithub,Cali,COM-MIX,Perfect Mix & Match,Combos,2,10,9,766800,4.5,2,1
2026-04,Fithub,Cali,COM-ROMP,Rompecabezas,Combos,2,5,3,369000,1.5,2,2
2026-04,Fithub,Cali,COM-WAF,Mini Wafflera,Combos,2,19,18,2214000,9.0,0,1
2026-04,Fithub,Cali,ESP-BABY,Baby Spreads,Esparcibles,2,51,44,1056000,22.0,2,7
2026-04,Fithub,Cali,ESP-BUT,Golden Butter Cookie,Esparcibles,2,14,10,737000,5.0,0,4
2026-04,Fithub,Cali,ESP-CIN,Golden Cinnamon Roll,Esparcibles,2,15,14,836500,7.0,1,1
2026-04,Fithub,Cali,ESP-CRE,Creamy Cocoa Hazelnut,Esparcibles,2,17,12,717000,6.0,0,5
2026-04,Fithub,Cali,ESP-CRU,Crunchy Cocoa Hazelnut,Esparcibles,2,18,17,1015750,8.5,0,1
2026-04,Fithub,Cali,ESP-PB,Peanutty Banana Shake,Esparcibles,2,28,26,1553500,13.0,4,2
2026-04,Fithub,Cali,ESP-PIS,Buttery Pistachio Cookie,Esparcibles,2,3,2,156200,1.0,0,1
2026-04,Fithub,Cali,GRA-CHI,Chip Cookie,GranOLAS,2,15,11,513700,5.5,5,4
2026-04,Fithub,Cali,GRA-FUD,Fudge Cake,GranOLAS,2,127,99,4623300,49.5,2,28
2026-04,Fithub,Cali,GRA-PIS,Pistachio Cookie,GranOLAS,2,5,4,221200,2.0,8,1
2026-04,Fithub,Cali,GRA-VAN,Vanilla Shortbread,GranOLAS,2,10,7,326900,3.5,3,3
2026-04,Fithub,Cali,HAR-ALM,Harina de Almendra,Avena & Harinas,2,3,2,85200,1.0,7,1
2026-04,Fithub,Cali,HAR-AVE,Harina de Avena,Avena & Harinas,2,30,29,1117950,14.5,4,1
2026-04,Fithub,Cali,MER-NYR,New Year Resolution,Merch,2,3,2,246000,1.0,8,1
2026-04,Fithub,Cali,PAN-ALM-CHO,Almendra Choco Chips,Pancakes & Waffles,2,19,14,718200,7.0,2,5
2026-04,Fithub,Cali,PAN-ALM-CHU,Almendra Churro,Pancakes & Waffles,2,7,6,307800,3.0,4,1
2026-04,Fithub,Cali,PAN-ALM-VAN,Almendra Vainilla,Pancakes & Waffles,2,106,106,5437800,53.0,2,0
2026-04,Fithub,Cali,PAN-AVE-BAN,Avena Banano,Pancakes & Waffles,2,56,41,1658450,20.5,3,15
2026-04,Fithub,Cali,PAN-AVE-BRO,Avena Brownie,Pancakes & Waffles,2,8,5,202250,2.5,4,3
2026-04,Fithub,Cali,PAN-AVE-VAN,Avena Vainilla,Pancakes & Waffles,2,42,35,1415750,17.5,2,7
2026-04,Fithub,Cartagena,COM-3GRA,Three Pack GranOLA,Combos,1,44,44,5238200,44.0,4,0
2026-04,Fithub,Cartagena,COM-DECK,Deck de Cartas,Combos,1,7,5,615000,5.0,7,2
2026-04,Fithub,Cartagena,COM-MIX,Perfect Mix & Match,Combos,1,5,4,340800,4.0,7,1
2026-04,Fithub,Cartagena,COM-ROMP,Rompecabezas,Combos,1,6,5,615000,5.0,0,1
2026-04,Fithub,Cartagena,ESP-BABY,Baby Spreads,Esparcibles,1,11,8,192000,8.0,0,3
2026-04,Fithub,Cartagena,ESP-BUT,Golden Butter Cookie,Esparcibles,1,27,21,1547700,21.0,8,6
2026-04,Fithub,Cartagena,ESP-CIN,Golden Cinnamon Roll,Esparcibles,1,6,5,298750,5.0,0,1
2026-04,Fithub,Cartagena,ESP-CRE,Creamy Cocoa Hazelnut,Esparcibles,1,47,40,2390000,40.0,4,7
2026-04,Fithub,Cartagena,ESP-PB,Peanutty Banana Shake,Esparcibles,1,9,7,418250,7.0,2,2
2026-04,Fithub,Cartagena,ESP-PIS,Buttery Pistachio Cookie,Esparcibles,1,29,23,1796300,23.0,4,6
2026-04,Fithub,Cartagena,GRA-CHI,Chip Cookie,GranOLAS,1,30,29,1354300,29.0,4,1
2026-04,Fithub,Cartagena,GRA-VAN,Vanilla Shortbread,GranOLAS,1,37,34,1587800,34.0,0,3
2026-04,Fithub,Cartagena,HAR-ALM,Harina de Almendra,Avena & Harinas,1,13,11,468600,11.0,3,2
2026-04,Fithub,Cartagena,HAR-AVE,Harina de Avena,Avena & Harinas,1,30,29,1117950,29.0,4,1
2026-04,Fithub,Cartagena,MER-NYR,New Year Resolution,Merch,1,29,27,3321000,27.0,2,2
2026-04,Fithub,Cartagena,PAN-ALM-CHO,Almendra Choco Chips,Pancakes & Waffles,1,27,20,1026000,20.0,0,7
2026-04,Fithub,Cartagena,PAN-ALM-CHU,Almendra Churro,Pancakes & Waffles,1,19,15,769500,15.0,1,4
2026-04,Fithub,Cartagena,PAN-ALM-VAN,Almendra Vainilla,Pancakes & Waffles,1,19,17,872100,17.0,2,2
2026-04,Fithub,Cartagena,PAN-AVE-BAN,Avena Banano,Pancakes & Waffles,1,38,33,1334850,33.0,0,5
2026-04,Fithub,Cartagena,PAN-AVE-VAN,Avena Vainilla,Pancakes & Waffles,1,17,15,606750,15.0,1,2
2026-04,Fithub,Manizales,AVE-HOJ,Avena en Hojuelas,Avena & Harinas,1,14,12,462600,12.0,0,2
2026-04,Fithub,Manizales,COM-3MEZ,Three Pack Mezclas,Combos,1,18,17,1986450,17.0,4,1
2026-04,Fithub,Manizales,GRA-CHI,Chip Cookie,GranOLAS,1,17,15,700500,15.0,5,2
2026-04,Fithub,Manizales,GRA-VAN,Vanilla Shortbread,GranOLAS,1,46,39,1821300,39.0,1,7
2026-04,Fithub,Manizales,PAN-ALM-CHO,Almendra Choco Chips,Pancakes & Waffles,1,37,31,1590300,31.0,4,6
2026-04,Fithub,Manizales,PAN-ALM-VAN,Almendra Vainilla,Pancakes & Waffles,1,21,19,974700,19.0,3,2
2026-04,Fithub,Medellín,AVE-HOJ,Avena en Hojuelas,Avena & Harinas,4,11,8,308400,2.0,3,3
2026-04,Fithub,Medellín,COM-3GRA,Three Pack GranOLA,Combos,4,1,0,0,0.0,3,1
2026-04,Fithub,Medellín,COM-DECK,Deck de Cartas,Combos,4,9,9,1107000,2.25,1,0
2026-04,Fithub,Medellín,COM-MIX,Perfect Mix & Match,Combos,4,6,6,511200,1.5,5,0
2026-04,Fithub,Medellín,COM-ROMP,Rompecabezas,Combos,4,11,7,861000,1.75,3,4
2026-04,Fithub,Medellín,ESP-BABY,Baby Spreads,Esparcibles,4,21,16,384000,4.0,4,5
2026-04,Fithub,Medellín,ESP-CIN,Golden Cinnamon Roll,Esparcibles,4,25,19,1135250,4.75,4,6
2026-04,Fithub,Medellín,ESP-CRU,Crunchy Cocoa Hazelnut,Esparcibles,4,3,3,179250,0.75,8,0
2026-04,Fithub,Medellín,ESP-PB,Peanutty Banana Shake,Esparcibles,4,3,2,119500,0.5,2,1
2026-04,Fithub,Medellín,GRA-CHI,Chip Cookie,GranOLAS,4,20,19,887300,4.75,0,1
2026-04,Fithub,Medellín,GRA-FUD,Fudge Cake,GranOLAS,4,10,7,326900,1.75,5,3
2026-04,Fithub,Medellín,GRA-VAN,Vanilla Shortbread,GranOLAS,4,46,45,2101500,11.25,6,1
2026-04,Fithub,Medellín,HAR-ALM,Harina de Almendra,Avena & Harinas,4,10,9,383400,2.25,3,1
2026-04,Fithub,Medellín,HAR-AVE,Harina de Avena,Avena & Harinas,4,3,2,77100,0.5,6,1
2026-04,Fithub,Medellín,PAN-ALM-CHU,Almendra Churro,Pancakes & Waffles,4,22,20,1026000,5.0,4,2
2026-04,Fithub,Medellín,PAN-AVE-BRO,Avena Brownie,Pancakes & Waffles,4,20,14,566300,3.5,7,6
2026-04,Fithub,Pereira,ESP-BUT,Golden Butter Cookie,Esparcibles,1,6,5,368500,5.0,0,1
2026-04,Fithub,Pereira,ESP-CRU,Crunchy Cocoa Hazelnut,Esparcibles,1,9,7,418250,7.0,1,2
2026-04,Fithub,Pereira,ESP-PIS,Buttery Pistachio Cookie,Esparcibles,1,2,1,78100,1.0,3,1
2026-04,Fithub,Pereira,GRA-VAN,Vanilla Shortbread,GranOLAS,1,4,3,140100,3.0,0,1
2026-04,Fithub,Pereira,HAR-AVE,Harina de Avena,Avena & Harinas,1,1,0,0,0.0,2,1
2026-04,Fithub,Pereira,PAN-ALM-CHO,Almendra Choco Chips,Pancakes & Waffles,1,8,8,410400,8.0,4,0
2026-04,Fithub,Pereira,PAN-ALM-CHU,Almendra Churro,Pancakes & Waffles,1,6,5,256500,5.0,0,1
2026-04,Tiendas naturistas,Barranquilla,COM-3SPR,Three Pack Spread,Combos,2,8,6,911700,3.0,4,2
2026-04,Tiendas naturistas,Barranquilla,COM-DECK,Deck de Cartas,Combos,2,2,2,236000,1.0,0,0
2026-04,Tiendas naturistas,Barranquilla,COM-MIX,Perfect Mix & Match,Combos,2,11,8,653600,4.0,0,3
2026-04,Tiendas naturistas,Barranquilla,ESP-CRE,Creamy Cocoa Hazelnut,Esparcibles,2,25,22,1261700,11.0,3,3
2026-04,Tiendas naturistas,Barranquilla,ESP-CRU,Crunchy Cocoa Hazelnut,Esparcibles,2,7,7,401450,3.5,4,0
2026-04,Tiendas naturistas,Barranquilla,GRA-VAN,Vanilla Shortbread,GranOLAS,2,12,9,403200,4.5,3,3
2026-04,Tiendas naturistas,Barranquilla,HAR-AVE,Harina de Avena,Avena & Harinas,2,43,35,1295000,17.5,0,8
2026-04,Tiendas naturistas,Barranquilla,PAN-ALM-CHU,Almendra Churro,Pancakes & Waffles,2,29,29,1426800,14.5,0,0
2026-04,Tiendas naturistas,Barranquilla,PAN-AVE-BAN,Avena Banano,Pancakes & Waffles,2,39,38,1474400,19.0,11,1
2026-04,Tiendas naturistas,Bogotá,AVE-HOJ,Avena en Hojuelas,Avena & Harinas,31,70,59,2183000,1.9,2,11
2026-04,Tiendas naturistas,Bogotá,COM-3GRA,Three Pack GranOLA,Combos,31,54,39,4453800,1.26,5,15
2026-04,Tiendas naturistas,Bogotá,COM-3MEZ,Three Pack Mezclas,Combos,31,25,24,2690400,0.77,2,1
2026-04,Tiendas naturistas,Bogotá,COM-3SPR,Three Pack Spread,Combos,31,3,2,303900,0.06,1,1
2026-04,Tiendas naturistas,Bogotá,COM-DECK,Deck de Cartas,Combos,31,21,17,2006000,0.55,0,4
2026-04,Tiendas naturistas,Bogotá,COM-MIX,Perfect Mix & Match,Combos,31,60,45,3676500,1.45,0,15
2026-04,Tiendas naturistas,Bogotá,COM-ROMP,Rompecabezas,Combos,31,6,5,590000,0.16,8,1
2026-04,Tiendas naturistas,Bogotá,COM-WAF,Mini Wafflera,Combos,31,25,22,2596000,0.71,6,3
2026-04,Tiendas naturistas,Bogotá,ESP-BABY,Baby Spreads,Esparcibles,31,98,75,1725000,2.42,0,23
2026-04,Tiendas naturistas,Bogotá,ESP-BUT,Golden Butter Cookie,Esparcibles,31,23,19,1343300,0.61,5,4
2026-04,Tiendas naturistas,Bogotá,ESP-CIN,Golden Cinnamon Roll,Esparcibles,31,67,59,3383650,1.9,0,8
2026-04,Tiendas naturistas,Bogotá,ESP-CRE,Creamy Cocoa Hazelnut,Esparcibles,31,48,42,2408700,1.35,5,6
2026-04,Tiendas naturistas,Bogotá,ESP-CRU,Crunchy Cocoa Hazelnut,Esparcibles,31,34,29,1663150,0.94,7,5
2026-04,Tiendas naturistas,Bogotá,ESP-PB,Peanutty Banana Shake,Esparcibles,31,46,35,2007250,1.13,0,11
2026-04,Tiendas naturistas,Bogotá,ESP-PIS,Buttery Pistachio Cookie,Esparcibles,31,17,13,974350,0.42,7,4
2026-04,Tiendas naturistas,Bogotá,GRA-CHI,Chip Cookie,GranOLAS,31,31,26,1164800,0.84,2,5
2026-04,Tiendas naturistas,Bogotá,GRA-FUD,Fudge Cake,GranOLAS,31,75,67,3001600,2.16,3,8
2026-04,Tiendas naturistas,Bogotá,GRA-PIS,Pistachio Cookie,GranOLAS,31,79,58,3076900,1.87,3,21
2026-04,Tiendas naturistas,Bogotá,GRA-VAN,Vanilla Shortbread,GranOLAS,31,112,81,3628800,2.61,0,31
2026-04,Tiendas naturistas,Bogotá,HAR-ALM,Harina de Almendra,Avena & Harinas,31,32,29,1186100,0.94,4,3
2026-04,Tiendas naturistas,Bogotá,HAR-AVE,Harina de Avena,Avena & Harinas,31,104,90,3330000,2.9,1,14
2026-04,Tiendas naturistas,Bogotá,MER-NYR,New Year Resolution,Merch,31,14,12,1416000,0.39,6,2
2026-04,Tiendas naturistas,Bogotá,PAN-ALM-CHO,Almendra Choco Chips,Pancakes & Waffles,31,84,79,3886800,2.55,2,5
2026-04,Tiendas naturistas,Bogotá,PAN-ALM-CHU,Almendra Churro,Pancakes & Waffles,31,9,6,295200,0.19,0,3
2026-04,Tiendas naturistas,Bogotá,PAN-ALM-VAN,Almendra Vainilla,Pancakes & Waffles,31,41,37,1820400,1.19,1,4
2026-04,Tiendas naturistas,Bogotá,PAN-AVE-BAN,Avena Banano,Pancakes & Waffles,31,45,43,1668400,1.39,0,2
2026-04,Tiendas naturistas,Bogotá,PAN-AVE-BRO,Avena Brownie,Pancakes & Waffles,31,188,156,6052800,5.03,1,32
2026-04,Tiendas naturistas,Bogotá,PAN-AVE-VAN,Avena Vainilla,Pancakes & Waffles,31,72,72,2793600,2.32,0,0
2026-04,Tiendas naturistas,Bucaramanga,AVE-HOJ,Avena en Hojuelas,Avena & Harinas,2,13,12,444000,6.0,4,1
2026-04,Tiendas naturistas,Bucaramanga,COM-3GRA,Three Pack GranOLA,Combos,2,27,21,2398200,10.5,0,6
2026-04,Tiendas naturistas,Bucaramanga,COM-MIX,Perfect Mix & Match,Combos,2,20,15,1225500,7.5,4,5
2026-04,Tiendas naturistas,Bucaramanga,COM-ROMP,Rompecabezas,Combos,2,3,2,236000,1.0,9,1
2026-04,Tiendas naturistas,Bucaramanga,ESP-BABY,Baby Spreads,Esparcibles,2,38,30,690000,15.0,2,8
2026-04,Tiendas naturistas,Bucaramanga,ESP-CIN,Golden Cinnamon Roll,Esparcibles,2,9,8,458800,4.0,5,1
2026-04,Tiendas naturistas,Bucaramanga,ESP-CRE,Creamy Cocoa Hazelnut,Esparcibles,2,3,2,114700,1.0,4,1
2026-04,Tiendas naturistas,Bucaramanga,ESP-PB,Peanutty Banana Shake,Esparcibles,2,3,2,114700,1.0,1,1
2026-04,Tiendas naturistas,Bucaramanga,GRA-CHI,Chip Cookie,GranOLAS,2,6,5,224000,2.5,3,1
2026-04,Tiendas naturistas,Bucaramanga,GRA-FUD,Fudge Cake,GranOLAS,2,11,10,448000,5.0,2,1
2026-04,Tiendas naturistas,Bucaramanga,HAR-ALM,Harina de Almendra,Avena & Harinas,2,19,18,736200,9.0,1,1
2026-04,Tiendas naturistas,Bucaramanga,PAN-ALM-CHU,Almendra Churro,Pancakes & Waffles,2,38,35,1722000,17.5,2,3
2026-04,Tiendas naturistas,Bucaramanga,PAN-ALM-VAN,Almendra Vainilla,Pancakes & Waffles,2,2,1,49200,0.5,2,1
2026-04,Tiendas naturistas,Bucaramanga,PAN-AVE-BAN,Avena Banano,Pancakes & Waffles,2,11,9,349200,4.5,2,2
2026-04,Tiendas naturistas,Bucaramanga,PAN-AVE-VAN,Avena Vainilla,Pancakes & Waffles,2,7,6,232800,3.0,3,1
2026-04,Tiendas naturistas,Cali,AVE-HOJ,Avena en Hojuelas,Avena & Harinas,5,40,38,1406000,7.6,0,2
2026-04,Tiendas naturistas,Cali,COM-3GRA,Three Pack GranOLA,Combos,5,7,5,571000,1.0,4,2
2026-04,Tiendas naturistas,Cali,COM-3MEZ,Three Pack Mezclas,Combos,5,20,14,1569400,2.8,3,6
2026-04,Tiendas naturistas,Cali,COM-3SPR,Three Pack Spread,Combos,5,1,1,151950,0.2,4,0
2026-04,Tiendas naturistas,Cali,COM-DECK,Deck de Cartas,Combos,5,12,10,1180000,2.0,3,2
2026-04,Tiendas naturistas,Cali,COM-MIX,Perfect Mix & Match,Combos,5,7,5,408500,1.0,0,2
2026-04,Tiendas naturistas,Cali,COM-ROMP,Rompecabezas,Combos,5,2,1,118000,0.2,2,1
2026-04,Tiendas naturistas,Cali,COM-WAF,Mini Wafflera,Combos,5,20,20,2360000,4.0,3,0
2026-04,Tiendas naturistas,Cali,ESP-BABY,Baby Spreads,Esparcibles,5,21,20,460000,4.0,7,1
2026-04,Tiendas naturistas,Cali,ESP-BUT,Golden Butter Cookie,Esparcibles,5,12,9,636300,1.8,2,3
2026-04,Tiendas naturistas,Cali,ESP-CIN,Golden Cinnamon Roll,Esparcibles,5,2,1,57350,0.2,0,1
2026-04,Tiendas naturistas,Cali,ESP-CRE,Creamy Cocoa Hazelnut,Esparcibles,5,13,13,745550,2.6,1,0
2026-04,Tiendas naturistas,Cali,ESP-CRU,Crunchy Cocoa Hazelnut,Esparcibles,5,11,8,458800,1.6,0,3
2026-04,Tiendas naturistas,Cali,ESP-PB,Peanutty Banana Shake,Esparcibles,5,13,12,688200,2.4,0,1
2026-04,Tiendas naturistas,Cali,ESP-PIS,Buttery Pistachio Cookie,Esparcibles,5,6,5,374750,1.0,1,1
2026-04,Tiendas naturistas,Cali,GRA-CHI,Chip Cookie,GranOLAS,5,27,26,1164800,5.2,0,1
2026-04,Tiendas naturistas,Cali,GRA-FUD,Fudge Cake,GranOLAS,5,37,27,1209600,5.4,0,10
2026-04,Tiendas naturistas,Cali,GRA-PIS,Pistachio Cookie,GranOLAS,5,47,37,1962850,7.4,0,10
2026-04,Tiendas naturistas,Cali,GRA-VAN,Vanilla Shortbread,GranOLAS,5,15,12,537600,2.4,1,3
2026-04,Tiendas naturistas,Cali,HAR-ALM,Harina de Almendra,Avena & Harinas,5,46,41,1676900,8.2,2,5
2026-04,Tiendas naturistas,Cali,HAR-AVE,Harina de Avena,Avena & Harinas,5,4,3,111000,0.6,4,1
2026-04,Tiendas naturistas,Cali,MER-NYR,New Year Resolution,Merch,5,13,13,1534000,2.6,0,0
2026-04,Tiendas naturistas,Cali,PAN-ALM-CHO,Almendra Choco Chips,Pancakes & Waffles,5,5,4,196800,0.8,0,1
2026-04,Tiendas naturistas,Cali,PAN-ALM-CHU,Almendra Churro,Pancakes & Waffles,5,9,7,344400,1.4,6,2
2026-04,Tiendas naturistas,Cali,PAN-ALM-VAN,Almendra Vainilla,Pancakes & Waffles,5,2,1,49200,0.2,0,1
2026-04,Tiendas naturistas,Cali,PAN-AVE-BAN,Avena Banano,Pancakes & Waffles,5,31,30,1164000,6.0,0,1
2026-04,Tiendas naturistas,Cali,PAN-AVE-BRO,Avena Brownie,Pancakes & Waffles,5,78,63,2444400,12.6,3,15
2026-04,Tiendas naturistas,Cali,PAN-AVE-VAN,Avena Vainilla,Pancakes & Waffles,5,24,19,737200,3.8,0,5
2026-04,Tiendas naturistas,Cartagena,AVE-HOJ,Avena en Hojuelas,Avena & Harinas,4,10,9,333000,2.25,0,1
2026-04,Tiendas naturistas,Cartagena,COM-3GRA,Three Pack GranOLA,Combos,4,33,27,3083400,6.75,0,6
2026-04,Tiendas naturistas,Cartagena,COM-3MEZ,Three Pack Mezclas,Combos,4,2,1,112100,0.25,0,1
2026-04,Tiendas naturistas,Cartagena,COM-3SPR,Three Pack Spread,Combos,4,10,8,1215600,2.0,0,2
2026-04,Tiendas naturistas,Cartagena,COM-MIX,Perfect Mix & Match,Combos,4,35,34,2777800,8.5,5,1
2026-04,Tiendas naturistas,Cartagena,COM-WAF,Mini Wafflera,Combos,4,6,4,472000,1.0,2,2
2026-04,Tiendas naturistas,Cartagena,ESP-BABY,Baby Spreads,Esparcibles,4,11,10,230000,2.5,1,1
2026-04,Tiendas naturistas,Cartagena,ESP-BUT,Golden Butter Cookie,Esparcibles,4,4,3,212100,0.75,1,1
2026-04,Tiendas naturistas,Cartagena,ESP-CIN,Golden Cinnamon Roll,Esparcibles,4,9,7,401450,1.75,5,2
2026-04,Tiendas naturistas,Cartagena,ESP-CRE,Creamy Cocoa Hazelnut,Esparcibles,4,17,17,974950,4.25,6,0
2026-04,Tiendas naturistas,Cartagena,ESP-CRU,Crunchy Cocoa Hazelnut,Esparcibles,4,4,4,229400,1.0,6,0
2026-04,Tiendas naturistas,Cartagena,ESP-PB,Peanutty Banana Shake,Esparcibles,4,2,1,57350,0.25,0,1
2026-04,Tiendas naturistas,Cartagena,ESP-PIS,Buttery Pistachio Cookie,Esparcibles,4,11,10,749500,2.5,0,1
2026-04,Tiendas naturistas,Cartagena,GRA-CHI,Chip Cookie,GranOLAS,4,26,21,940800,5.25,0,5
2026-04,Tiendas naturistas,Cartagena,GRA-PIS,Pistachio Cookie,GranOLAS,4,7,6,318300,1.5,0,1
2026-04,Tiendas naturistas,Cartagena,GRA-VAN,Vanilla Shortbread,GranOLAS,4,43,31,1388800,7.75,0,12
2026-04,Tiendas naturistas,Cartagena,HAR-ALM,Harina de Almendra,Avena & Harinas,4,20,16,654400,4.0,4,4
2026-04,Tiendas naturistas,Cartagena,HAR-AVE,Harina de Avena,Avena & Harinas,4,15,13,481000,3.25,0,2
2026-04,Tiendas naturistas,Cartagena,MER-NYR,New Year Resolution,Merch,4,1,0,0,0.0,0,1
2026-04,Tiendas naturistas,Cartagena,PAN-ALM-CHO,Almendra Choco Chips,Pancakes & Waffles,4,4,3,147600,0.75,0,1
2026-04,Tiendas naturistas,Cartagena,PAN-ALM-CHU,Almendra Churro,Pancakes & Waffles,4,30,22,1082400,5.5,4,8
2026-04,Tiendas naturistas,Cartagena,PAN-AVE-BAN,Avena Banano,Pancakes & Waffles,4,13,11,426800,2.75,3,2
2026-04,Tiendas naturistas,Cartagena,PAN-AVE-BRO,Avena Brownie,Pancakes & Waffles,4,22,17,659600,4.25,3,5
2026-04,Tiendas naturistas,Cartagena,PAN-AVE-VAN,Avena Vainilla,Pancakes & Waffles,4,45,35,1358000,8.75,7,10
2026-04,Tiendas naturistas,Manizales,COM-3MEZ,Three Pack Mezclas,Combos,1,2,1,112100,1.0,0,1
2026-04,Tiendas naturistas,Manizales,COM-ROMP,Rompecabezas,Combos,1,3,2,236000,2.0,1,1
2026-04,Tiendas naturistas,Manizales,COM-WAF,Mini Wafflera,Combos,1,6,5,590000,5.0,3,1
2026-04,Tiendas naturistas,Manizales,ESP-BUT,Golden Butter Cookie,Esparcibles,1,8,6,424200,6.0,5,2
2026-04,Tiendas naturistas,Manizales,ESP-CRE,Creamy Cocoa Hazelnut,Esparcibles,1,11,7,401450,7.0,6,4
2026-04,Tiendas naturistas,Manizales,ESP-PB,Peanutty Banana Shake,Esparcibles,1,8,7,401450,7.0,2,1
2026-04,Tiendas naturistas,Manizales,GRA-FUD,Fudge Cake,GranOLAS,1,7,5,224000,5.0,1,2
2026-04,Tiendas naturistas,Manizales,GRA-PIS,Pistachio Cookie,GranOLAS,1,8,6,318300,6.0,0,2
2026-04,Tiendas naturistas,Manizales,MER-NYR,New Year Resolution,Merch,1,5,3,354000,3.0,0,2
2026-04,Tiendas naturistas,Manizales,PAN-AVE-VAN,Avena Vainilla,Pancakes & Waffles,1,8,6,232800,6.0,1,2
2026-04,Tiendas naturistas,Medellín,AVE-HOJ,Avena en Hojuelas,Avena & Harinas,13,47,41,1517000,3.15,3,6
2026-04,Tiendas naturistas,Medellín,COM-3GRA,Three Pack GranOLA,Combos,13,6,5,571000,0.38,0,1
2026-04,Tiendas naturistas,Medellín,COM-3MEZ,Three Pack Mezclas,Combos,13,3,2,224200,0.15,3,1
2026-04,Tiendas naturistas,Medellín,COM-3SPR,Three Pack Spread,Combos,13,19,14,2127300,1.08,0,5
2026-04,Tiendas naturistas,Medellín,COM-DECK,Deck de Cartas,Combos,13,58,51,6018000,3.92,0,7
2026-04,Tiendas naturistas,Medellín,COM-MIX,Perfect Mix & Match,Combos,13,14,11,898700,0.85,0,3
2026-04,Tiendas naturistas,Medellín,COM-ROMP,Rompecabezas,Combos,13,1,0,0,0.0,0,1
2026-04,Tiendas naturistas,Medellín,COM-WAF,Mini Wafflera,Combos,13,14,10,1180000,0.77,4,4
2026-04,Tiendas naturistas,Medellín,ESP-BABY,Baby Spreads,Esparcibles,13,20,18,414000,1.38,2,2
2026-04,Tiendas naturistas,Medellín,ESP-BUT,Golden Butter Cookie,Esparcibles,13,56,48,3393600,3.69,6,8
2026-04,Tiendas naturistas,Medellín,ESP-CIN,Golden Cinnamon Roll,Esparcibles,13,64,47,2695450,3.62,3,17
2026-04,Tiendas naturistas,Medellín,ESP-CRE,Creamy Cocoa Hazelnut,Esparcibles,13,24,23,1319050,1.77,4,1
2026-04,Tiendas naturistas,Medellín,ESP-CRU,Crunchy Cocoa Hazelnut,Esparcibles,13,6,6,344100,0.46,3,0
2026-04,Tiendas naturistas,Medellín,ESP-PB,Peanutty Banana Shake,Esparcibles,13,8,7,401450,0.54,2,1
2026-04,Tiendas naturistas,Medellín,ESP-PIS,Buttery Pistachio Cookie,Esparcibles,13,21,17,1274150,1.31,1,4
2026-04,Tiendas naturistas,Medellín,GRA-CHI,Chip Cookie,GranOLAS,13,102,103,4614400,7.92,0,0
2026-04,Tiendas naturistas,Medellín,GRA-FUD,Fudge Cake,GranOLAS,13,30,24,1075200,1.85,4,6
2026-04,Tiendas naturistas,Medellín,GRA-PIS,Pistachio Cookie,GranOLAS,13,10,7,371350,0.54,0,3
2026-04,Tiendas naturistas,Medellín,GRA-VAN,Vanilla Shortbread,GranOLAS,13,80,73,3270400,5.62,1,7
2026-04,Tiendas naturistas,Medellín,HAR-ALM,Harina de Almendra,Avena & Harinas,13,74,71,2903900,5.46,4,3
2026-04,Tiendas naturistas,Medellín,HAR-AVE,Harina de Avena,Avena & Harinas,13,92,91,3367000,7.0,0,1
2026-04,Tiendas naturistas,Medellín,MER-NYR,New Year Resolution,Merch,13,30,24,2832000,1.85,8,6
2026-04,Tiendas naturistas,Medellín,PAN-ALM-CHO,Almendra Choco Chips,Pancakes & Waffles,13,45,41,2017200,3.15,2,4
2026-04,Tiendas naturistas,Medellín,PAN-ALM-CHU,Almendra Churro,Pancakes & Waffles,13,27,24,1180800,1.85,1,3
2026-04,Tiendas naturistas,Medellín,PAN-ALM-VAN,Almendra Vainilla,Pancakes & Waffles,13,23,20,984000,1.54,6,3
2026-04,Tiendas naturistas,Medellín,PAN-AVE-BAN,Avena Banano,Pancakes & Waffles,13,191,172,6673600,13.23,0,19
2026-04,Tiendas naturistas,Medellín,PAN-AVE-BRO,Avena Brownie,Pancakes & Waffles,13,169,128,4966400,9.85,0,41
2026-04,Tiendas naturistas,Medellín,PAN-AVE-VAN,Avena Vainilla,Pancakes & Waffles,13,85,76,2948800,5.85,0,9
2026-04,Tiendas naturistas,Pereira,AVE-HOJ,Avena en Hojuelas,Avena & Harinas,4,9,7,259000,1.75,0,2
2026-04,Tiendas naturistas,Pereira,COM-3GRA,Three Pack GranOLA,Combos,4,6,4,456800,1.0,3,2
2026-04,Tiendas naturistas,Pereira,COM-MIX,Perfect Mix & Match,Combos,4,4,3,245100,0.75,3,1
2026-04,Tiendas naturistas,Pereira,COM-ROMP,Rompecabezas,Combos,4,1,0,0,0.0,8,1
2026-04,Tiendas naturistas,Pereira,ESP-BUT,Golden Butter Cookie,Esparcibles,4,32,25,1767500,6.25,0,7
2026-04,Tiendas naturistas,Pereira,ESP-CIN,Golden Cinnamon Roll,Esparcibles,4,10,9,516150,2.25,3,1
2026-04,Tiendas naturistas,Pereira,ESP-CRE,Creamy Cocoa Hazelnut,Esparcibles,4,12,9,516150,2.25,0,3
2026-04,Tiendas naturistas,Pereira,ESP-PB,Peanutty Banana Shake,Esparcibles,4,11,7,401450,1.75,0,4
2026-04,Tiendas naturistas,Pereira,ESP-PIS,Buttery Pistachio Cookie,Esparcibles,4,10,9,674550,2.25,3,1
2026-04,Tiendas naturistas,Pereira,GRA-FUD,Fudge Cake,GranOLAS,4,4,3,134400,0.75,3,1
2026-04,Tiendas naturistas,Pereira,GRA-PIS,Pistachio Cookie,GranOLAS,4,14,13,689650,3.25,3,1
2026-04,Tiendas naturistas,Pereira,GRA-VAN,Vanilla Shortbread,GranOLAS,4,1,0,0,0.0,3,1
2026-04,Tiendas naturistas,Pereira,HAR-AVE,Harina de Avena,Avena & Harinas,4,39,39,1443000,9.75,2,0
2026-04,Tiendas naturistas,Pereira,PAN-AVE-BRO,Avena Brownie,Pancakes & Waffles,4,21,17,659600,4.25,0,4
2026-04,Tiendas naturistas,Pereira,PAN-AVE-VAN,Avena Vainilla,Pancakes & Waffles,4,21,20,776000,5.0,0,1
2026-04,Éxito,Barranquilla,AVE-HOJ,Avena en Hojuelas,Avena & Harinas,5,162,144,5011200,28.8,0,18
2026-04,Éxito,Barranquilla,COM-3GRA,Three Pack GranOLA,Combos,5,36,35,3759000,7.0,0,1
2026-04,Éxito,Barranquilla,COM-3MEZ,Three Pack Mezclas,Combos,5,12,11,1159950,2.2,1,1
2026-04,Éxito,Barranquilla,COM-MIX,Perfect Mix & Match,Combos,5,13,10,769000,2.0,0,3
2026-04,Éxito,Barranquilla,COM-ROMP,Rompecabezas,Combos,5,2,1,111000,0.2,1,1
2026-04,Éxito,Barranquilla,ESP-BUT,Golden Butter Cookie,Esparcibles,5,28,23,1529500,4.6,2,5
2026-04,Éxito,Barranquilla,ESP-CRE,Creamy Cocoa Hazelnut,Esparcibles,5,11,9,485550,1.8,6,2
2026-04,Éxito,Barranquilla,ESP-CRU,Crunchy Cocoa Hazelnut,Esparcibles,5,27,23,1240850,4.6,0,4
2026-04,Éxito,Barranquilla,ESP-PB,Peanutty Banana Shake,Esparcibles,5,40,30,1618500,6.0,2,10
2026-04,Éxito,Barranquilla,ESP-PIS,Buttery Pistachio Cookie,Esparcibles,5,104,79,5569500,15.8,3,25
2026-04,Éxito,Barranquilla,GRA-CHI,Chip Cookie,GranOLAS,5,17,15,631500,3.0,3,2
2026-04,Éxito,Barranquilla,GRA-PIS,Pistachio Cookie,GranOLAS,5,56,53,2644700,10.6,0,3
2026-04,Éxito,Barranquilla,HAR-AVE,Harina de Avena,Avena & Harinas,5,57,44,1531200,8.8,1,13
2026-04,Éxito,Barranquilla,MER-NYR,New Year Resolution,Merch,5,17,12,1332000,2.4,6,5
2026-04,Éxito,Barranquilla,PAN-ALM-CHU,Almendra Churro,Pancakes & Waffles,5,23,17,787100,3.4,2,6
2026-04,Éxito,Barranquilla,PAN-AVE-BAN,Avena Banano,Pancakes & Waffles,5,40,34,1241000,6.8,3,6
2026-04,Éxito,Barranquilla,PAN-AVE-BRO,Avena Brownie,Pancakes & Waffles,5,239,188,6862000,37.6,1,51
2026-04,Éxito,Barranquilla,PAN-AVE-VAN,Avena Vainilla,Pancakes & Waffles,5,87,65,2372500,13.0,0,22
2026-04,Éxito,Bogotá,AVE-HOJ,Avena en Hojuelas,Avena & Harinas,22,121,98,3410400,4.45,2,23
2026-04,Éxito,Bogotá,COM-3GRA,Three Pack GranOLA,Combos,22,33,31,3329400,1.41,0,2
2026-04,Éxito,Bogotá,COM-3MEZ,Three Pack Mezclas,Combos,22,151,118,12443100,5.36,2,33
2026-04,Éxito,Bogotá,COM-3SPR,Three Pack Spread,Combos,22,156,129,18440550,5.86,0,27
2026-04,Éxito,Bogotá,COM-DECK,Deck de Cartas,Combos,22,36,29,3219000,1.32,3,7
2026-04,Éxito,Bogotá,COM-MIX,Perfect Mix & Match,Combos,22,88,63,4844700,2.86,4,25
2026-04,Éxito,Bogotá,COM-ROMP,Rompecabezas,Combos,22,110,89,9879000,4.05,3,21
2026-04,Éxito,Bogotá,COM-WAF,Mini Wafflera,Combos,22,155,157,17427000,7.14,0,0
2026-04,Éxito,Bogotá,ESP-BABY,Baby Spreads,Esparcibles,22,299,226,4892900,10.27,2,73
2026-04,Éxito,Bogotá,ESP-BUT,Golden Butter Cookie,Esparcibles,22,80,66,4389000,3.0,4,14
2026-04,Éxito,Bogotá,ESP-CIN,Golden Cinnamon Roll,Esparcibles,22,214,162,8739900,7.36,1,52
2026-04,Éxito,Bogotá,ESP-CRE,Creamy Cocoa Hazelnut,Esparcibles,22,249,216,11653200,9.82,0,33
2026-04,Éxito,Bogotá,ESP-CRU,Crunchy Cocoa Hazelnut,Esparcibles,22,37,37,1996150,1.68,4,0
2026-04,Éxito,Bogotá,ESP-PB,Peanutty Banana Shake,Esparcibles,22,172,168,9063600,7.64,1,4
2026-04,Éxito,Bogotá,ESP-PIS,Buttery Pistachio Cookie,Esparcibles,22,124,102,7191000,4.64,1,22
2026-04,Éxito,Bogotá,GRA-CHI,Chip Cookie,GranOLAS,22,163,119,5009900,5.41,1,44
2026-04,Éxito,Bogotá,GRA-FUD,Fudge Cake,GranOLAS,22,388,351,14777100,15.95,2,37
2026-04,Éxito,Bogotá,GRA-PIS,Pistachio Cookie,GranOLAS,22,83,65,3243500,2.95,5,18
2026-04,Éxito,Bogotá,GRA-VAN,Vanilla Shortbread,GranOLAS,22,296,221,9304100,10.05,1,75
2026-04,Éxito,Bogotá,HAR-ALM,Harina de Almendra,Avena & Harinas,22,242,201,7728450,9.14,2,41
2026-04,Éxito,Bogotá,HAR-AVE,Harina de Avena,Avena & Harinas,22,187,156,5428800,7.09,2,31
2026-04,Éxito,Bogotá,MER-NYR,New Year Resolution,Merch,22,165,130,14430000,5.91,0,35
2026-04,Éxito,Bogotá,PAN-ALM-CHO,Almendra Choco Chips,Pancakes & Waffles,22,199,155,7176500,7.05,4,44
2026-04,Éxito,Bogotá,PAN-ALM-CHU,Almendra Churro,Pancakes & Waffles,22,402,409,18936700,18.59,0,0
2026-04,Éxito,Bogotá,PAN-ALM-VAN,Almendra Vainilla,Pancakes & Waffles,22,192,190,8797000,8.64,3,2
2026-04,Éxito,Bogotá,PAN-AVE-BAN,Avena Banano,Pancakes & Waffles,22,340,262,9563000,11.91,1,78
2026-04,Éxito,Bogotá,PAN-AVE-BRO,Avena Brownie,Pancakes & Waffles,22,44,44,1606000,2.0,5,0
2026-04,Éxito,Bogotá,PAN-AVE-VAN,Avena Vainilla,Pancakes & Waffles,22,284,207,7555500,9.41,6,77
2026-04,Éxito,Bucaramanga,AVE-HOJ,Avena en Hojuelas,Avena & Harinas,3,87,85,2958000,28.33,0,2
2026-04,Éxito,Bucaramanga,COM-3MEZ,Three Pack Mezclas,Combos,3,13,11,1159950,3.67,1,2
2026-04,Éxito,Bucaramanga,COM-DECK,Deck de Cartas,Combos,3,39,38,4218000,12.67,2,1
2026-04,Éxito,Bucaramanga,COM-ROMP,Rompecabezas,Combos,3,24,21,2331000,7.0,0,3
2026-04,Éxito,Bucaramanga,ESP-BUT,Golden Butter Cookie,Esparcibles,3,54,52,3458000,17.33,2,2
2026-04,Éxito,Bucaramanga,ESP-CRE,Creamy Cocoa Hazelnut,Esparcibles,3,38,34,1834300,11.33,5,4
2026-04,Éxito,Bucaramanga,ESP-CRU,Crunchy Cocoa Hazelnut,Esparcibles,3,72,68,3668600,22.67,5,4
2026-04,Éxito,Bucaramanga,ESP-PB,Peanutty Banana Shake,Esparcibles,3,4,3,161850,1.0,2,1
2026-04,Éxito,Bucaramanga,ESP-PIS,Buttery Pistachio Cookie,Esparcibles,3,70,59,4159500,19.67,3,11
2026-04,Éxito,Bucaramanga,GRA-CHI,Chip Cookie,GranOLAS,3,49,43,1810300,14.33,5,6
2026-04,Éxito,Bucaramanga,GRA-PIS,Pistachio Cookie,GranOLAS,3,24,21,1047900,7.0,1,3
2026-04,Éxito,Bucaramanga,GRA-VAN,Vanilla Shortbread,GranOLAS,3,14,12,505200,4.0,0,2
2026-04,Éxito,Bucaramanga,HAR-ALM,Harina de Almendra,Avena & Harinas,3,147,139,5344550,46.33,0,8
2026-04,Éxito,Bucaramanga,HAR-AVE,Harina de Avena,Avena & Harinas,3,141,129,4489200,43.0,6,12
2026-04,Éxito,Bucaramanga,MER-NYR,New Year Resolution,Merch,3,39,39,4329000,13.0,5,0
2026-04,Éxito,Bucaramanga,PAN-ALM-CHO,Almendra Choco Chips,Pancakes & Waffles,3,87,63,2916900,21.0,0,24
2026-04,Éxito,Bucaramanga,PAN-ALM-CHU,Almendra Churro,Pancakes & Waffles,3,26,23,1064900,7.67,6,3
2026-04,Éxito,Bucaramanga,PAN-ALM-VAN,Almendra Vainilla,Pancakes & Waffles,3,95,69,3194700,23.0,5,26
2026-04,Éxito,Bucaramanga,PAN-AVE-VAN,Avena Vainilla,Pancakes & Waffles,3,178,158,5767000,52.67,0,20
2026-04,Éxito,Cali,AVE-HOJ,Avena en Hojuelas,Avena & Harinas,2,44,33,1148400,16.5,1,11
2026-04,Éxito,Cali,COM-3MEZ,Three Pack Mezclas,Combos,2,55,48,5061600,24.0,0,7
2026-04,Éxito,Cali,COM-3SPR,Three Pack Spread,Combos,2,12,9,1286550,4.5,1,3
2026-04,Éxito,Cali,COM-DECK,Deck de Cartas,Combos,2,9,8,888000,4.0,0,1
2026-04,Éxito,Cali,COM-MIX,Perfect Mix & Match,Combos,2,17,13,999700,6.5,0,4
2026-04,Éxito,Cali,COM-ROMP,Rompecabezas,Combos,2,90,67,7437000,33.5,4,23
2026-04,Éxito,Cali,COM-WAF,Mini Wafflera,Combos,2,1,0,0,0.0,1,1
2026-04,Éxito,Cali,ESP-BABY,Baby Spreads,Esparcibles,2,200,161,3485650,80.5,0,39
2026-04,Éxito,Cali,ESP-BUT,Golden Butter Cookie,Esparcibles,2,6,4,266000,2.0,4,2
2026-04,Éxito,Cali,ESP-CIN,Golden Cinnamon Roll,Esparcibles,2,247,229,12354550,114.5,0,18
2026-04,Éxito,Cali,ESP-CRE,Creamy Cocoa Hazelnut,Esparcibles,2,54,41,2211950,20.5,2,13
2026-04,Éxito,Cali,ESP-CRU,Crunchy Cocoa Hazelnut,Esparcibles,2,52,38,2050100,19.0,1,14
2026-04,Éxito,Cali,ESP-PB,Peanutty Banana Shake,Esparcibles,2,75,66,3560700,33.0,0,9
2026-04,Éxito,Cali,ESP-PIS,Buttery Pistachio Cookie,Esparcibles,2,89,70,4935000,35.0,5,19
2026-04,Éxito,Cali,GRA-CHI,Chip Cookie,GranOLAS,2,100,95,3999500,47.5,3,5
2026-04,Éxito,Cali,GRA-FUD,Fudge Cake,GranOLAS,2,78,78,3283800,39.0,3,0
2026-04,Éxito,Cali,GRA-PIS,Pistachio Cookie,GranOLAS,2,420,359,17914100,179.5,6,61
2026-04,Éxito,Cali,GRA-VAN,Vanilla Shortbread,GranOLAS,2,26,20,842000,10.0,8,6
2026-04,Éxito,Cali,HAR-ALM,Harina de Almendra,Avena & Harinas,2,186,170,6536500,85.0,0,16
2026-04,Éxito,Cali,HAR-AVE,Harina de Avena,Avena & Harinas,2,246,238,8282400,119.0,1,8
2026-04,Éxito,Cali,MER-NYR,New Year Resolution,Merch,2,21,20,2220000,10.0,6,1
2026-04,Éxito,Cali,PAN-ALM-CHO,Almendra Choco Chips,Pancakes & Waffles,2,151,126,5833800,63.0,0,25
2026-04,Éxito,Cali,PAN-ALM-CHU,Almendra Churro,Pancakes & Waffles,2,95,73,3379900,36.5,1,22
2026-04,Éxito,Cali,PAN-ALM-VAN,Almendra Vainilla,Pancakes & Waffles,2,41,36,1666800,18.0,8,5
2026-04,Éxito,Cali,PAN-AVE-BAN,Avena Banano,Pancakes & Waffles,2,112,100,3650000,50.0,1,12
2026-04,Éxito,Cali,PAN-AVE-BRO,Avena Brownie,Pancakes & Waffles,2,98,78,2847000,39.0,1,20
2026-04,Éxito,Cali,PAN-AVE-VAN,Avena Vainilla,Pancakes & Waffles,2,86,82,2993000,41.0,0,4
2026-04,Éxito,Cartagena,COM-3SPR,Three Pack Spread,Combos,3,19,15,2144250,5.0,5,4
2026-04,Éxito,Cartagena,ESP-BABY,Baby Spreads,Esparcibles,3,76,75,1623750,25.0,1,1
2026-04,Éxito,Cartagena,ESP-CIN,Golden Cinnamon Roll,Esparcibles,3,34,27,1456650,9.0,0,7
2026-04,Éxito,Cartagena,ESP-CRE,Creamy Cocoa Hazelnut,Esparcibles,3,52,42,2265900,14.0,1,10
2026-04,Éxito,Cartagena,ESP-PB,Peanutty Banana Shake,Esparcibles,3,29,27,1456650,9.0,0,2
2026-04,Éxito,Cartagena,ESP-PIS,Buttery Pistachio Cookie,Esparcibles,3,12,11,775500,3.67,1,1
2026-04,Éxito,Cartagena,GRA-PIS,Pistachio Cookie,GranOLAS,3,25,18,898200,6.0,3,7
2026-04,Éxito,Cartagena,PAN-ALM-CHO,Almendra Choco Chips,Pancakes & Waffles,3,41,30,1389000,10.0,3,11
2026-04,Éxito,Cartagena,PAN-ALM-VAN,Almendra Vainilla,Pancakes & Waffles,3,63,60,2778000,20.0,0,3
2026-04,Éxito,Cartagena,PAN-AVE-BAN,Avena Banano,Pancakes & Waffles,3,14,13,474500,4.33,0,1
2026-04,Éxito,Cartagena,PAN-AVE-BRO,Avena Brownie,Pancakes & Waffles,3,61,56,2044000,18.67,0,5
2026-04,Éxito,Cartagena,PAN-AVE-VAN,Avena Vainilla,Pancakes & Waffles,3,38,34,1241000,11.33,0,4
2026-04,Éxito,Manizales,AVE-HOJ,Avena en Hojuelas,Avena & Harinas,3,32,30,1044000,10.0,6,2
2026-04,Éxito,Manizales,COM-3SPR,Three Pack Spread,Combos,3,6,4,571800,1.33,1,2
2026-04,Éxito,Manizales,COM-MIX,Perfect Mix & Match,Combos,3,122,116,8920400,38.67,7,6
2026-04,Éxito,Manizales,COM-WAF,Mini Wafflera,Combos,3,5,4,444000,1.33,7,1
2026-04,Éxito,Manizales,ESP-BABY,Baby Spreads,Esparcibles,3,32,26,562900,8.67,0,6
2026-04,Éxito,Manizales,ESP-CIN,Golden Cinnamon Roll,Esparcibles,3,18,13,701350,4.33,5,5
2026-04,Éxito,Manizales,ESP-CRE,Creamy Cocoa Hazelnut,Esparcibles,3,58,58,3129100,19.33,1,0
2026-04,Éxito,Manizales,ESP-CRU,Crunchy Cocoa Hazelnut,Esparcibles,3,17,14,755300,4.67,2,3
2026-04,Éxito,Manizales,GRA-CHI,Chip Cookie,GranOLAS,3,18,13,547300,4.33,2,5
2026-04,Éxito,Manizales,GRA-VAN,Vanilla Shortbread,GranOLAS,3,19,16,673600,5.33,3,3
2026-04,Éxito,Manizales,HAR-AVE,Harina de Avena,Avena & Harinas,3,42,32,1113600,10.67,0,10
2026-04,Éxito,Manizales,PAN-AVE-VAN,Avena Vainilla,Pancakes & Waffles,3,46,40,1460000,13.33,8,6
2026-04,Éxito,Medellín,AVE-HOJ,Avena en Hojuelas,Avena & Harinas,6,102,95,3306000,15.83,2,7
2026-04,Éxito,Medellín,COM-3GRA,Three Pack GranOLA,Combos,6,53,50,5370000,8.33,4,3
2026-04,Éxito,Medellín,COM-3MEZ,Three Pack Mezclas,Combos,6,85,62,6537900,10.33,2,23
2026-04,Éxito,Medellín,COM-3SPR,Three Pack Spread,Combos,6,36,34,4860300,5.67,0,2
2026-04,Éxito,Medellín,COM-DECK,Deck de Cartas,Combos,6,55,51,5661000,8.5,7,4
2026-04,Éxito,Medellín,COM-MIX,Perfect Mix & Match,Combos,6,25,20,1538000,3.33,0,5
2026-04,Éxito,Medellín,COM-ROMP,Rompecabezas,Combos,6,42,34,3774000,5.67,1,8
2026-04,Éxito,Medellín,COM-WAF,Mini Wafflera,Combos,6,9,6,666000,1.0,2,3
2026-04,Éxito,Medellín,ESP-BABY,Baby Spreads,Esparcibles,6,210,161,3485650,26.83,4,49
2026-04,Éxito,Medellín,ESP-BUT,Golden Butter Cookie,Esparcibles,6,15,14,931000,2.33,3,1
2026-04,Éxito,Medellín,ESP-CIN,Golden Cinnamon Roll,Esparcibles,6,114,88,4747600,14.67,8,26
2026-04,Éxito,Medellín,ESP-CRE,Creamy Cocoa Hazelnut,Esparcibles,6,51,50,2697500,8.33,1,1
2026-04,Éxito,Medellín,ESP-CRU,Crunchy Cocoa Hazelnut,Esparcibles,6,178,176,9495200,29.33,1,2
2026-04,Éxito,Medellín,ESP-PB,Peanutty Banana Shake,Esparcibles,6,96,87,4693650,14.5,2,9
2026-04,Éxito,Medellín,ESP-PIS,Buttery Pistachio Cookie,Esparcibles,6,25,20,1410000,3.33,0,5
2026-04,Éxito,Medellín,GRA-CHI,Chip Cookie,GranOLAS,6,172,137,5767700,22.83,1,35
2026-04,Éxito,Medellín,GRA-FUD,Fudge Cake,GranOLAS,6,421,365,15366500,60.83,5,56
2026-04,Éxito,Medellín,GRA-PIS,Pistachio Cookie,GranOLAS,6,152,113,5638700,18.83,2,39
2026-04,Éxito,Medellín,GRA-VAN,Vanilla Shortbread,GranOLAS,6,238,225,9472500,37.5,0,13
2026-04,Éxito,Medellín,HAR-ALM,Harina de Almendra,Avena & Harinas,6,112,95,3652750,15.83,4,17
2026-04,Éxito,Medellín,HAR-AVE,Harina de Avena,Avena & Harinas,6,128,110,3828000,18.33,4,18
2026-04,Éxito,Medellín,MER-NYR,New Year Resolution,Merch,6,9,7,777000,1.17,6,2
2026-04,Éxito,Medellín,PAN-ALM-CHO,Almendra Choco Chips,Pancakes & Waffles,6,212,197,9121100,32.83,5,15
2026-04,Éxito,Medellín,PAN-ALM-CHU,Almendra Churro,Pancakes & Waffles,6,205,198,9167400,33.0,10,7
2026-04,Éxito,Medellín,PAN-ALM-VAN,Almendra Vainilla,Pancakes & Waffles,6,272,214,9908200,35.67,0,58
2026-04,Éxito,Medellín,PAN-AVE-BAN,Avena Banano,Pancakes & Waffles,6,166,165,6022500,27.5,0,1
2026-04,Éxito,Medellín,PAN-AVE-BRO,Avena Brownie,Pancakes & Waffles,6,343,339,12373500,56.5,2,4
2026-04,Éxito,Medellín,PAN-AVE-VAN,Avena Vainilla,Pancakes & Waffles,6,234,212,7738000,35.33,4,22
2026-04,Éxito,Pereira,ESP-BABY,Baby Spreads,Esparcibles,2,163,163,3528950,81.5,2,0
2026-04,Éxito,Pereira,ESP-BUT,Golden Butter Cookie,Esparcibles,2,19,17,1130500,8.5,6,2
2026-04,Éxito,Pereira,ESP-CRE,Creamy Cocoa Hazelnut,Esparcibles,2,24,19,1025050,9.5,0,5
2026-04,Éxito,Pereira,ESP-PB,Peanutty Banana Shake,Esparcibles,2,60,47,2535650,23.5,0,13
2026-04,Éxito,Pereira,GRA-CHI,Chip Cookie,GranOLAS,2,37,37,1557700,18.5,1,0
2026-04,Éxito,Pereira,GRA-PIS,Pistachio Cookie,GranOLAS,2,83,82,4091800,41.0,3,1
2026-04,Éxito,Pereira,PAN-AVE-VAN,Avena Vainilla,Pancakes & Waffles,2,286,233,8504500,116.5,4,53
2026-05,Carulla,Barranquilla,COM-3GRA,Three Pack GranOLA,Combos,5,4,3,328050,0.6,0,1
2026-05,Carulla,Barranquilla,COM-3MEZ,Three Pack Mezclas,Combos,5,7,5,536750,1.0,0,2
2026-05,Carulla,Barranquilla,COM-3SPR,Three Pack Spread,Combos,5,22,20,2910000,4.0,5,2
2026-05,Carulla,Barranquilla,COM-MIX,Perfect Mix & Match,Combos,5,27,26,2034500,5.2,1,1
2026-05,Carulla,Barranquilla,COM-ROMP,Rompecabezas,Combos,5,41,39,4407000,7.8,3,2
2026-05,Carulla,Barranquilla,COM-WAF,Mini Wafflera,Combos,5,6,4,452000,0.8,0,2
2026-05,Carulla,Barranquilla,ESP-BABY,Baby Spreads,Esparcibles,5,99,79,1741950,15.8,0,20
2026-05,Carulla,Barranquilla,ESP-BUT,Golden Butter Cookie,Esparcibles,5,24,19,1286300,3.8,0,5
2026-05,Carulla,Barranquilla,ESP-CIN,Golden Cinnamon Roll,Esparcibles,5,38,32,1756800,6.4,3,6
2026-05,Carulla,Barranquilla,ESP-CRE,Creamy Cocoa Hazelnut,Esparcibles,5,111,89,4886100,17.8,2,22
2026-05,Carulla,Barranquilla,ESP-CRU,Crunchy Cocoa Hazelnut,Esparcibles,5,168,153,8399700,30.6,0,15
2026-05,Carulla,Barranquilla,ESP-PB,Peanutty Banana Shake,Esparcibles,5,75,55,3019500,11.0,2,20
2026-05,Carulla,Barranquilla,GRA-CHI,Chip Cookie,GranOLAS,5,143,109,4676100,21.8,1,34
2026-05,Carulla,Barranquilla,GRA-FUD,Fudge Cake,GranOLAS,5,53,43,1844700,8.6,2,10
2026-05,Carulla,Barranquilla,GRA-PIS,Pistachio Cookie,GranOLAS,5,107,78,3962400,15.6,2,29
2026-05,Carulla,Barranquilla,GRA-VAN,Vanilla Shortbread,GranOLAS,5,12,9,386100,1.8,5,3
2026-05,Carulla,Barranquilla,HAR-ALM,Harina de Almendra,Avena & Harinas,5,68,58,2270700,11.6,6,10
2026-05,Carulla,Barranquilla,HAR-AVE,Harina de Avena,Avena & Harinas,5,22,20,709000,4.0,1,2
2026-05,Carulla,Barranquilla,MER-NYR,New Year Resolution,Merch,5,14,10,1130000,2.0,3,4
2026-05,Carulla,Barranquilla,PAN-ALM-CHU,Almendra Churro,Pancakes & Waffles,5,34,30,1413000,6.0,4,4
2026-05,Carulla,Barranquilla,PAN-AVE-BAN,Avena Banano,Pancakes & Waffles,5,5,3,111450,0.6,0,2
2026-05,Carulla,Barranquilla,PAN-AVE-VAN,Avena Vainilla,Pancakes & Waffles,5,55,50,1857500,10.0,0,5
2026-05,Carulla,Bogotá,AVE-HOJ,Avena en Hojuelas,Avena & Harinas,11,856,728,25807600,66.18,5,128
2026-05,Carulla,Bogotá,COM-3GRA,Three Pack GranOLA,Combos,11,60,47,5139450,4.27,4,13
2026-05,Carulla,Bogotá,COM-3MEZ,Three Pack Mezclas,Combos,11,30,23,2469050,2.09,5,7
2026-05,Carulla,Bogotá,COM-3SPR,Three Pack Spread,Combos,11,61,59,8584500,5.36,0,2
2026-05,Carulla,Bogotá,COM-DECK,Deck de Cartas,Combos,11,39,39,4407000,3.55,0,0
2026-05,Carulla,Bogotá,COM-MIX,Perfect Mix & Match,Combos,11,220,176,13772000,16.0,0,44
2026-05,Carulla,Bogotá,COM-ROMP,Rompecabezas,Combos,11,69,62,7006000,5.64,4,7
2026-05,Carulla,Bogotá,COM-WAF,Mini Wafflera,Combos,11,80,74,8362000,6.73,0,6
2026-05,Carulla,Bogotá,ESP-BABY,Baby Spreads,Esparcibles,11,314,267,5887350,24.27,1,47
2026-05,Carulla,Bogotá,ESP-BUT,Golden Butter Cookie,Esparcibles,11,161,137,9274900,12.45,1,24
2026-05,Carulla,Bogotá,ESP-CIN,Golden Cinnamon Roll,Esparcibles,11,143,124,6807600,11.27,2,19
2026-05,Carulla,Bogotá,ESP-CRE,Creamy Cocoa Hazelnut,Esparcibles,11,52,43,2360700,3.91,5,9
2026-05,Carulla,Bogotá,ESP-CRU,Crunchy Cocoa Hazelnut,Esparcibles,11,138,135,7411500,12.27,3,3
2026-05,Carulla,Bogotá,ESP-PB,Peanutty Banana Shake,Esparcibles,11,199,198,10870200,18.0,4,1
2026-05,Carulla,Bogotá,ESP-PIS,Buttery Pistachio Cookie,Esparcibles,11,180,146,10475500,13.27,2,34
2026-05,Carulla,Bogotá,GRA-CHI,Chip Cookie,GranOLAS,11,158,121,5190900,11.0,7,37
2026-05,Carulla,Bogotá,GRA-FUD,Fudge Cake,GranOLAS,11,104,91,3903900,8.27,4,13
2026-05,Carulla,Bogotá,GRA-PIS,Pistachio Cookie,GranOLAS,11,213,209,10617200,19.0,3,4
2026-05,Carulla,Bogotá,GRA-VAN,Vanilla Shortbread,GranOLAS,11,46,35,1501500,3.18,10,11
2026-05,Carulla,Bogotá,HAR-ALM,Harina de Almendra,Avena & Harinas,11,88,73,2857950,6.64,1,15
2026-05,Carulla,Bogotá,HAR-AVE,Harina de Avena,Avena & Harinas,11,186,163,5778350,14.82,7,23
2026-05,Carulla,Bogotá,MER-NYR,New Year Resolution,Merch,11,27,19,2147000,1.73,0,8
2026-05,Carulla,Bogotá,PAN-ALM-CHO,Almendra Choco Chips,Pancakes & Waffles,11,264,223,10503300,20.27,0,41
2026-05,Carulla,Bogotá,PAN-ALM-CHU,Almendra Churro,Pancakes & Waffles,11,18,16,753600,1.45,5,2
2026-05,Carulla,Bogotá,PAN-ALM-VAN,Almendra Vainilla,Pancakes & Waffles,11,69,63,2967300,5.73,5,6
2026-05,Carulla,Bogotá,PAN-AVE-BAN,Avena Banano,Pancakes & Waffles,11,166,167,6204050,15.18,6,0
2026-05,Carulla,Bogotá,PAN-AVE-BRO,Avena Brownie,Pancakes & Waffles,11,288,227,8433050,20.64,0,61
2026-05,Carulla,Bogotá,PAN-AVE-VAN,Avena Vainilla,Pancakes & Waffles,11,289,253,9398950,23.0,4,36
2026-05,Carulla,Bucaramanga,COM-3SPR,Three Pack Spread,Combos,1,26,22,3201000,22.0,1,4
2026-05,Carulla,Bucaramanga,COM-MIX,Perfect Mix & Match,Combos,1,11,10,782500,10.0,2,1
2026-05,Carulla,Bucaramanga,ESP-CIN,Golden Cinnamon Roll,Esparcibles,1,255,183,10046700,183.0,6,72
2026-05,Carulla,Bucaramanga,ESP-CRU,Crunchy Cocoa Hazelnut,Esparcibles,1,11,9,494100,9.0,2,2
2026-05,Carulla,Bucaramanga,GRA-FUD,Fudge Cake,GranOLAS,1,36,36,1544400,36.0,1,0
2026-05,Carulla,Bucaramanga,GRA-PIS,Pistachio Cookie,GranOLAS,1,21,17,863600,17.0,1,4
2026-05,Carulla,Bucaramanga,HAR-ALM,Harina de Almendra,Avena & Harinas,1,67,52,2035800,52.0,5,15
2026-05,Carulla,Bucaramanga,HAR-AVE,Harina de Avena,Avena & Harinas,1,39,32,1134400,32.0,0,7
2026-05,Carulla,Bucaramanga,MER-NYR,New Year Resolution,Merch,1,49,39,4407000,39.0,2,10
2026-05,Carulla,Bucaramanga,PAN-ALM-CHO,Almendra Choco Chips,Pancakes & Waffles,1,20,19,894900,19.0,5,1
2026-05,Carulla,Bucaramanga,PAN-AVE-BAN,Avena Banano,Pancakes & Waffles,1,326,252,9361800,252.0,5,74
2026-05,Carulla,Bucaramanga,PAN-AVE-VAN,Avena Vainilla,Pancakes & Waffles,1,273,278,10327700,278.0,0,0
2026-05,Carulla,Cali,COM-3GRA,Three Pack GranOLA,Combos,4,3,2,218700,0.5,0,1
2026-05,Carulla,Cali,COM-3MEZ,Three Pack Mezclas,Combos,4,33,32,3435200,8.0,0,1
2026-05,Carulla,Cali,COM-DECK,Deck de Cartas,Combos,4,40,37,4181000,9.25,2,3
2026-05,Carulla,Cali,COM-MIX,Perfect Mix & Match,Combos,4,14,13,1017250,3.25,3,1
2026-05,Carulla,Cali,COM-ROMP,Rompecabezas,Combos,4,3,2,226000,0.5,5,1
2026-05,Carulla,Cali,COM-WAF,Mini Wafflera,Combos,4,42,38,4294000,9.5,3,4
2026-05,Carulla,Cali,ESP-BABY,Baby Spreads,Esparcibles,4,29,23,507150,5.75,0,6
2026-05,Carulla,Cali,ESP-BUT,Golden Butter Cookie,Esparcibles,4,41,36,2437200,9.0,7,5
2026-05,Carulla,Cali,ESP-CIN,Golden Cinnamon Roll,Esparcibles,4,5,4,219600,1.0,0,1
2026-05,Carulla,Cali,ESP-CRE,Creamy Cocoa Hazelnut,Esparcibles,4,21,16,878400,4.0,1,5
2026-05,Carulla,Cali,ESP-CRU,Crunchy Cocoa Hazelnut,Esparcibles,4,8,6,329400,1.5,1,2
2026-05,Carulla,Cali,ESP-PB,Peanutty Banana Shake,Esparcibles,4,50,44,2415600,11.0,5,6
2026-05,Carulla,Cali,ESP-PIS,Buttery Pistachio Cookie,Esparcibles,4,47,47,3372250,11.75,0,0
2026-05,Carulla,Cali,GRA-CHI,Chip Cookie,GranOLAS,4,77,76,3260400,19.0,0,1
2026-05,Carulla,Cali,GRA-PIS,Pistachio Cookie,GranOLAS,4,22,20,1016000,5.0,3,2
2026-05,Carulla,Cali,GRA-VAN,Vanilla Shortbread,GranOLAS,4,209,205,8794500,51.25,5,4
2026-05,Carulla,Cali,HAR-ALM,Harina de Almendra,Avena & Harinas,4,80,80,3132000,20.0,0,0
2026-05,Carulla,Cali,HAR-AVE,Harina de Avena,Avena & Harinas,4,89,84,2977800,21.0,3,5
2026-05,Carulla,Cali,MER-NYR,New Year Resolution,Merch,4,16,12,1356000,3.0,2,4
2026-05,Carulla,Cali,PAN-ALM-CHO,Almendra Choco Chips,Pancakes & Waffles,4,90,73,3438300,18.25,2,17
2026-05,Carulla,Cali,PAN-ALM-CHU,Almendra Churro,Pancakes & Waffles,4,71,71,3344100,17.75,0,0
2026-05,Carulla,Cali,PAN-ALM-VAN,Almendra Vainilla,Pancakes & Waffles,4,1,0,0,0.0,3,1
2026-05,Carulla,Cali,PAN-AVE-BAN,Avena Banano,Pancakes & Waffles,4,53,51,1894650,12.75,3,2
2026-05,Carulla,Cali,PAN-AVE-BRO,Avena Brownie,Pancakes & Waffles,4,101,100,3715000,25.0,1,1
2026-05,Carulla,Cali,PAN-AVE-VAN,Avena Vainilla,Pancakes & Waffles,4,16,15,557250,3.75,7,1
2026-05,Carulla,Cartagena,AVE-HOJ,Avena en Hojuelas,Avena & Harinas,2,22,21,744450,10.5,3,1
2026-05,Carulla,Cartagena,COM-3MEZ,Three Pack Mezclas,Combos,2,34,24,2576400,12.0,2,10
2026-05,Carulla,Cartagena,COM-MIX,Perfect Mix & Match,Combos,2,43,39,3051750,19.5,0,4
2026-05,Carulla,Cartagena,COM-ROMP,Rompecabezas,Combos,2,4,3,339000,1.5,3,1
2026-05,Carulla,Cartagena,COM-WAF,Mini Wafflera,Combos,2,15,14,1582000,7.0,3,1
2026-05,Carulla,Cartagena,ESP-BABY,Baby Spreads,Esparcibles,2,30,30,661500,15.0,7,0
2026-05,Carulla,Cartagena,ESP-CIN,Golden Cinnamon Roll,Esparcibles,2,26,21,1152900,10.5,5,5
2026-05,Carulla,Cartagena,ESP-CRE,Creamy Cocoa Hazelnut,Esparcibles,2,4,4,219600,2.0,5,0
2026-05,Carulla,Cartagena,GRA-FUD,Fudge Cake,GranOLAS,2,49,43,1844700,21.5,0,6
2026-05,Carulla,Cartagena,GRA-VAN,Vanilla Shortbread,GranOLAS,2,11,9,386100,4.5,1,2
2026-05,Carulla,Cartagena,MER-NYR,New Year Resolution,Merch,2,6,4,452000,2.0,0,2
2026-05,Carulla,Cartagena,PAN-ALM-CHU,Almendra Churro,Pancakes & Waffles,2,60,55,2590500,27.5,6,5
2026-05,Carulla,Cartagena,PAN-AVE-BAN,Avena Banano,Pancakes & Waffles,2,15,13,482950,6.5,5,2
2026-05,Carulla,Cartagena,PAN-AVE-VAN,Avena Vainilla,Pancakes & Waffles,2,148,119,4420850,59.5,1,29
2026-05,Carulla,Medellín,AVE-HOJ,Avena en Hojuelas,Avena & Harinas,5,232,198,7019100,39.6,0,34
2026-05,Carulla,Medellín,COM-3GRA,Three Pack GranOLA,Combos,5,21,21,2296350,4.2,1,0
2026-05,Carulla,Medellín,COM-3MEZ,Three Pack Mezclas,Combos,5,8,7,751450,1.4,4,1
2026-05,Carulla,Medellín,COM-3SPR,Three Pack Spread,Combos,5,9,8,1164000,1.6,4,1
2026-05,Carulla,Medellín,COM-DECK,Deck de Cartas,Combos,5,29,22,2486000,4.4,0,7
2026-05,Carulla,Medellín,COM-MIX,Perfect Mix & Match,Combos,5,43,31,2425750,6.2,6,12
2026-05,Carulla,Medellín,COM-WAF,Mini Wafflera,Combos,5,115,89,10057000,17.8,0,26
2026-05,Carulla,Medellín,ESP-BABY,Baby Spreads,Esparcibles,5,194,190,4189500,38.0,3,4
2026-05,Carulla,Medellín,ESP-BUT,Golden Butter Cookie,Esparcibles,5,108,82,5551400,16.4,0,26
2026-05,Carulla,Medellín,ESP-CIN,Golden Cinnamon Roll,Esparcibles,5,163,133,7301700,26.6,3,30
2026-05,Carulla,Medellín,ESP-CRE,Creamy Cocoa Hazelnut,Esparcibles,5,24,17,933300,3.4,7,7
2026-05,Carulla,Medellín,ESP-CRU,Crunchy Cocoa Hazelnut,Esparcibles,5,28,26,1427400,5.2,2,2
2026-05,Carulla,Medellín,ESP-PB,Peanutty Banana Shake,Esparcibles,5,81,59,3239100,11.8,0,22
2026-05,Carulla,Medellín,ESP-PIS,Buttery Pistachio Cookie,Esparcibles,5,39,39,2798250,7.8,0,0
2026-05,Carulla,Medellín,GRA-CHI,Chip Cookie,GranOLAS,5,8,6,257400,1.2,5,2
2026-05,Carulla,Medellín,GRA-FUD,Fudge Cake,GranOLAS,5,108,91,3903900,18.2,1,17
2026-05,Carulla,Medellín,GRA-PIS,Pistachio Cookie,GranOLAS,5,35,28,1422400,5.6,5,7
2026-05,Carulla,Medellín,GRA-VAN,Vanilla Shortbread,GranOLAS,5,145,106,4547400,21.2,1,39
2026-05,Carulla,Medellín,HAR-ALM,Harina de Almendra,Avena & Harinas,5,74,59,2309850,11.8,4,15
2026-05,Carulla,Medellín,HAR-AVE,Harina de Avena,Avena & Harinas,5,99,81,2871450,16.2,0,18
2026-05,Carulla,Medellín,MER-NYR,New Year Resolution,Merch,5,31,26,2938000,5.2,5,5
2026-05,Carulla,Medellín,PAN-ALM-CHO,Almendra Choco Chips,Pancakes & Waffles,5,195,140,6594000,28.0,3,55
2026-05,Carulla,Medellín,PAN-ALM-CHU,Almendra Churro,Pancakes & Waffles,5,154,138,6499800,27.6,3,16
2026-05,Carulla,Medellín,PAN-ALM-VAN,Almendra Vainilla,Pancakes & Waffles,5,48,43,2025300,8.6,1,5
2026-05,Carulla,Medellín,PAN-AVE-BAN,Avena Banano,Pancakes & Waffles,5,182,177,6575550,35.4,0,5
2026-05,Carulla,Medellín,PAN-AVE-BRO,Avena Brownie,Pancakes & Waffles,5,69,55,2043250,11.0,0,14
2026-05,Carulla,Medellín,PAN-AVE-VAN,Avena Vainilla,Pancakes & Waffles,5,41,31,1151650,6.2,0,10
2026-05,Carulla,Pereira,COM-3MEZ,Three Pack Mezclas,Combos,1,6,5,536750,5.0,1,1
2026-05,Carulla,Pereira,COM-DECK,Deck de Cartas,Combos,1,16,14,1582000,14.0,0,2
2026-05,Carulla,Pereira,COM-MIX,Perfect Mix & Match,Combos,1,19,18,1408500,18.0,8,1
2026-05,Carulla,Pereira,COM-WAF,Mini Wafflera,Combos,1,32,24,2712000,24.0,1,8
2026-05,Carulla,Pereira,ESP-BABY,Baby Spreads,Esparcibles,1,19,16,352800,16.0,2,3
2026-05,Carulla,Pereira,ESP-BUT,Golden Butter Cookie,Esparcibles,1,42,34,2301800,34.0,2,8
2026-05,Carulla,Pereira,GRA-PIS,Pistachio Cookie,GranOLAS,1,16,16,812800,16.0,2,0
2026-05,Carulla,Pereira,PAN-AVE-BAN,Avena Banano,Pancakes & Waffles,1,70,66,2451900,66.0,1,4
2026-05,Carulla,Pereira,PAN-AVE-BRO,Avena Brownie,Pancakes & Waffles,1,19,14,520100,14.0,4,5
2026-05,Carulla,Pereira,PAN-AVE-VAN,Avena Vainilla,Pancakes & Waffles,1,30,22,817300,22.0,0,8
2026-05,Fithub,Barranquilla,AVE-HOJ,Avena en Hojuelas,Avena & Harinas,2,11,10,385500,5.0,3,1
2026-05,Fithub,Barranquilla,COM-3GRA,Three Pack GranOLA,Combos,2,5,4,476200,2.0,1,1
2026-05,Fithub,Barranquilla,COM-3MEZ,Three Pack Mezclas,Combos,2,7,6,701100,3.0,0,1
2026-05,Fithub,Barranquilla,COM-3SPR,Three Pack Spread,Combos,2,7,5,792000,2.5,4,2
2026-05,Fithub,Barranquilla,COM-ROMP,Rompecabezas,Combos,2,9,8,984000,4.0,7,1
2026-05,Fithub,Barranquilla,COM-WAF,Mini Wafflera,Combos,2,2,1,123000,0.5,4,1
2026-05,Fithub,Barranquilla,ESP-CIN,Golden Cinnamon Roll,Esparcibles,2,20,20,1195000,10.0,2,0
2026-05,Fithub,Barranquilla,ESP-CRE,Creamy Cocoa Hazelnut,Esparcibles,2,16,12,717000,6.0,5,4
2026-05,Fithub,Barranquilla,ESP-PIS,Buttery Pistachio Cookie,Esparcibles,2,9,8,624800,4.0,0,1
2026-05,Fithub,Barranquilla,GRA-CHI,Chip Cookie,GranOLAS,2,32,32,1494400,16.0,2,0
2026-05,Fithub,Barranquilla,GRA-VAN,Vanilla Shortbread,GranOLAS,2,27,20,934000,10.0,4,7
2026-05,Fithub,Barranquilla,HAR-ALM,Harina de Almendra,Avena & Harinas,2,5,4,170400,2.0,6,1
2026-05,Fithub,Barranquilla,PAN-ALM-VAN,Almendra Vainilla,Pancakes & Waffles,2,20,15,769500,7.5,0,5
2026-05,Fithub,Barranquilla,PAN-AVE-BRO,Avena Brownie,Pancakes & Waffles,2,32,24,970800,12.0,0,8
2026-05,Fithub,Bogotá,AVE-HOJ,Avena en Hojuelas,Avena & Harinas,3,136,117,4510350,39.0,2,19
2026-05,Fithub,Bogotá,COM-3GRA,Three Pack GranOLA,Combos,3,24,20,2381000,6.67,6,4
2026-05,Fithub,Bogotá,COM-3MEZ,Three Pack Mezclas,Combos,3,12,11,1285350,3.67,6,1
2026-05,Fithub,Bogotá,COM-3SPR,Three Pack Spread,Combos,3,24,19,3009600,6.33,2,5
2026-05,Fithub,Bogotá,COM-DECK,Deck de Cartas,Combos,3,24,24,2952000,8.0,6,0
2026-05,Fithub,Bogotá,COM-MIX,Perfect Mix & Match,Combos,3,51,50,4260000,16.67,0,1
2026-05,Fithub,Bogotá,COM-ROMP,Rompecabezas,Combos,3,52,49,6027000,16.33,1,3
2026-05,Fithub,Bogotá,COM-WAF,Mini Wafflera,Combos,3,20,18,2214000,6.0,3,2
2026-05,Fithub,Bogotá,ESP-BABY,Baby Spreads,Esparcibles,3,282,213,5112000,71.0,1,69
2026-05,Fithub,Bogotá,ESP-BUT,Golden Butter Cookie,Esparcibles,3,78,64,4716800,21.33,2,14
2026-05,Fithub,Bogotá,ESP-CIN,Golden Cinnamon Roll,Esparcibles,3,50,41,2449750,13.67,7,9
2026-05,Fithub,Bogotá,ESP-CRE,Creamy Cocoa Hazelnut,Esparcibles,3,69,67,4003250,22.33,2,2
2026-05,Fithub,Bogotá,ESP-CRU,Crunchy Cocoa Hazelnut,Esparcibles,3,70,56,3346000,18.67,4,14
2026-05,Fithub,Bogotá,ESP-PB,Peanutty Banana Shake,Esparcibles,3,82,67,4003250,22.33,1,15
2026-05,Fithub,Bogotá,ESP-PIS,Buttery Pistachio Cookie,Esparcibles,3,50,44,3436400,14.67,0,6
2026-05,Fithub,Bogotá,GRA-CHI,Chip Cookie,GranOLAS,3,70,53,2475100,17.67,3,17
2026-05,Fithub,Bogotá,GRA-FUD,Fudge Cake,GranOLAS,3,83,66,3082200,22.0,0,17
2026-05,Fithub,Bogotá,GRA-PIS,Pistachio Cookie,GranOLAS,3,49,36,1990800,12.0,4,13
2026-05,Fithub,Bogotá,GRA-VAN,Vanilla Shortbread,GranOLAS,3,99,79,3689300,26.33,3,20
2026-05,Fithub,Bogotá,HAR-ALM,Harina de Almendra,Avena & Harinas,3,131,118,5026800,39.33,0,13
2026-05,Fithub,Bogotá,HAR-AVE,Harina de Avena,Avena & Harinas,3,110,80,3084000,26.67,4,30
2026-05,Fithub,Bogotá,MER-NYR,New Year Resolution,Merch,3,45,39,4797000,13.0,8,6
2026-05,Fithub,Bogotá,PAN-ALM-CHO,Almendra Choco Chips,Pancakes & Waffles,3,40,37,1898100,12.33,0,3
2026-05,Fithub,Bogotá,PAN-ALM-CHU,Almendra Churro,Pancakes & Waffles,3,28,26,1333800,8.67,3,2
2026-05,Fithub,Bogotá,PAN-ALM-VAN,Almendra Vainilla,Pancakes & Waffles,3,97,83,4257900,27.67,0,14
2026-05,Fithub,Bogotá,PAN-AVE-BAN,Avena Banano,Pancakes & Waffles,3,82,62,2507900,20.67,0,20
2026-05,Fithub,Bogotá,PAN-AVE-BRO,Avena Brownie,Pancakes & Waffles,3,16,13,525850,4.33,4,3
2026-05,Fithub,Bogotá,PAN-AVE-VAN,Avena Vainilla,Pancakes & Waffles,3,3,2,80900,0.67,0,1
2026-05,Fithub,Bucaramanga,COM-3GRA,Three Pack GranOLA,Combos,3,26,26,3095300,8.67,6,0
2026-05,Fithub,Bucaramanga,COM-3MEZ,Three Pack Mezclas,Combos,3,16,12,1402200,4.0,2,4
2026-05,Fithub,Bucaramanga,COM-DECK,Deck de Cartas,Combos,3,7,7,861000,2.33,0,0
2026-05,Fithub,Bucaramanga,COM-MIX,Perfect Mix & Match,Combos,3,12,9,766800,3.0,4,3
2026-05,Fithub,Bucaramanga,COM-ROMP,Rompecabezas,Combos,3,20,18,2214000,6.0,0,2
2026-05,Fithub,Bucaramanga,COM-WAF,Mini Wafflera,Combos,3,8,6,738000,2.0,1,2
2026-05,Fithub,Bucaramanga,ESP-BUT,Golden Butter Cookie,Esparcibles,3,5,3,221100,1.0,0,2
2026-05,Fithub,Bucaramanga,ESP-CIN,Golden Cinnamon Roll,Esparcibles,3,8,7,418250,2.33,2,1
2026-05,Fithub,Bucaramanga,ESP-CRE,Creamy Cocoa Hazelnut,Esparcibles,3,4,2,119500,0.67,4,2
2026-05,Fithub,Bucaramanga,ESP-CRU,Crunchy Cocoa Hazelnut,Esparcibles,3,5,4,239000,1.33,7,1
2026-05,Fithub,Bucaramanga,ESP-PB,Peanutty Banana Shake,Esparcibles,3,9,8,478000,2.67,0,1
2026-05,Fithub,Bucaramanga,ESP-PIS,Buttery Pistachio Cookie,Esparcibles,3,9,7,546700,2.33,8,2
2026-05,Fithub,Bucaramanga,GRA-FUD,Fudge Cake,GranOLAS,3,17,12,560400,4.0,1,5
2026-05,Fithub,Bucaramanga,GRA-PIS,Pistachio Cookie,GranOLAS,3,23,21,1161300,7.0,0,2
2026-05,Fithub,Bucaramanga,HAR-ALM,Harina de Almendra,Avena & Harinas,3,24,23,979800,7.67,1,1
2026-05,Fithub,Bucaramanga,HAR-AVE,Harina de Avena,Avena & Harinas,3,55,49,1888950,16.33,2,6
2026-05,Fithub,Bucaramanga,MER-NYR,New Year Resolution,Merch,3,1,0,0,0.0,0,1
2026-05,Fithub,Bucaramanga,PAN-ALM-CHO,Almendra Choco Chips,Pancakes & Waffles,3,62,58,2975400,19.33,1,4
2026-05,Fithub,Bucaramanga,PAN-ALM-CHU,Almendra Churro,Pancakes & Waffles,3,10,9,461700,3.0,5,1
2026-05,Fithub,Bucaramanga,PAN-ALM-VAN,Almendra Vainilla,Pancakes & Waffles,3,11,8,410400,2.67,0,3
2026-05,Fithub,Bucaramanga,PAN-AVE-BAN,Avena Banano,Pancakes & Waffles,3,3,2,80900,0.67,0,1
2026-05,Fithub,Bucaramanga,PAN-AVE-BRO,Avena Brownie,Pancakes & Waffles,3,2,1,40450,0.33,3,1
2026-05,Fithub,Bucaramanga,PAN-AVE-VAN,Avena Vainilla,Pancakes & Waffles,3,8,7,283150,2.33,2,1
2026-05,Fithub,Cali,AVE-HOJ,Avena en Hojuelas,Avena & Harinas,2,35,28,1079400,14.0,0,7
2026-05,Fithub,Cali,COM-3GRA,Three Pack GranOLA,Combos,2,13,9,1071450,4.5,2,4
2026-05,Fithub,Cali,COM-3MEZ,Three Pack Mezclas,Combos,2,5,4,467400,2.0,3,1
2026-05,Fithub,Cali,COM-3SPR,Three Pack Spread,Combos,2,5,4,633600,2.0,13,1
2026-05,Fithub,Cali,COM-DECK,Deck de Cartas,Combos,2,30,29,3567000,14.5,1,1
2026-05,Fithub,Cali,COM-MIX,Perfect Mix & Match,Combos,2,28,27,2300400,13.5,0,1
2026-05,Fithub,Cali,COM-ROMP,Rompecabezas,Combos,2,21,21,2583000,10.5,5,0
2026-05,Fithub,Cali,COM-WAF,Mini Wafflera,Combos,2,15,11,1353000,5.5,0,4
2026-05,Fithub,Cali,ESP-BABY,Baby Spreads,Esparcibles,2,94,92,2208000,46.0,4,2
2026-05,Fithub,Cali,ESP-BUT,Golden Butter Cookie,Esparcibles,2,20,16,1179200,8.0,6,4
2026-05,Fithub,Cali,ESP-CIN,Golden Cinnamon Roll,Esparcibles,2,32,26,1553500,13.0,3,6
2026-05,Fithub,Cali,ESP-CRE,Creamy Cocoa Hazelnut,Esparcibles,2,8,6,358500,3.0,1,2
2026-05,Fithub,Cali,ESP-CRU,Crunchy Cocoa Hazelnut,Esparcibles,2,13,12,717000,6.0,0,1
2026-05,Fithub,Cali,ESP-PB,Peanutty Banana Shake,Esparcibles,2,21,15,896250,7.5,0,6
2026-05,Fithub,Cali,ESP-PIS,Buttery Pistachio Cookie,Esparcibles,2,13,11,859100,5.5,1,2
2026-05,Fithub,Cali,GRA-CHI,Chip Cookie,GranOLAS,2,3,2,93400,1.0,4,1
2026-05,Fithub,Cali,GRA-FUD,Fudge Cake,GranOLAS,2,4,3,140100,1.5,4,1
2026-05,Fithub,Cali,GRA-PIS,Pistachio Cookie,GranOLAS,2,14,11,608300,5.5,3,3
2026-05,Fithub,Cali,GRA-VAN,Vanilla Shortbread,GranOLAS,2,14,14,653800,7.0,4,0
2026-05,Fithub,Cali,HAR-ALM,Harina de Almendra,Avena & Harinas,2,15,13,553800,6.5,8,2
2026-05,Fithub,Cali,HAR-AVE,Harina de Avena,Avena & Harinas,2,52,39,1503450,19.5,3,13
2026-05,Fithub,Cali,MER-NYR,New Year Resolution,Merch,2,4,3,369000,1.5,0,1
2026-05,Fithub,Cali,PAN-ALM-CHO,Almendra Choco Chips,Pancakes & Waffles,2,15,12,615600,6.0,4,3
2026-05,Fithub,Cali,PAN-ALM-CHU,Almendra Churro,Pancakes & Waffles,2,7,6,307800,3.0,4,1
2026-05,Fithub,Cali,PAN-ALM-VAN,Almendra Vainilla,Pancakes & Waffles,2,6,5,256500,2.5,0,1
2026-05,Fithub,Cali,PAN-AVE-BAN,Avena Banano,Pancakes & Waffles,2,6,5,202250,2.5,0,1
2026-05,Fithub,Cali,PAN-AVE-BRO,Avena Brownie,Pancakes & Waffles,2,29,24,970800,12.0,2,5
2026-05,Fithub,Cali,PAN-AVE-VAN,Avena Vainilla,Pancakes & Waffles,2,93,67,2710150,33.5,2,26
2026-05,Fithub,Cartagena,AVE-HOJ,Avena en Hojuelas,Avena & Harinas,1,22,17,655350,17.0,7,5
2026-05,Fithub,Cartagena,COM-3MEZ,Three Pack Mezclas,Combos,1,4,3,350550,3.0,0,1
2026-05,Fithub,Cartagena,COM-3SPR,Three Pack Spread,Combos,1,1,0,0,0.0,6,1
2026-05,Fithub,Cartagena,COM-DECK,Deck de Cartas,Combos,1,10,8,984000,8.0,5,2
2026-05,Fithub,Cartagena,COM-MIX,Perfect Mix & Match,Combos,1,2,1,85200,1.0,4,1
2026-05,Fithub,Cartagena,COM-ROMP,Rompecabezas,Combos,1,5,4,492000,4.0,8,1
2026-05,Fithub,Cartagena,ESP-BUT,Golden Butter Cookie,Esparcibles,1,3,2,147400,2.0,8,1
2026-05,Fithub,Cartagena,ESP-CIN,Golden Cinnamon Roll,Esparcibles,1,7,5,298750,5.0,0,2
2026-05,Fithub,Cartagena,ESP-CRE,Creamy Cocoa Hazelnut,Esparcibles,1,3,2,119500,2.0,0,1
2026-05,Fithub,Cartagena,ESP-CRU,Crunchy Cocoa Hazelnut,Esparcibles,1,9,6,358500,6.0,0,3
2026-05,Fithub,Cartagena,ESP-PB,Peanutty Banana Shake,Esparcibles,1,12,12,717000,12.0,0,0
2026-05,Fithub,Cartagena,GRA-PIS,Pistachio Cookie,GranOLAS,1,9,7,387100,7.0,2,2
2026-05,Fithub,Cartagena,HAR-ALM,Harina de Almendra,Avena & Harinas,1,6,4,170400,4.0,2,2
2026-05,Fithub,Cartagena,PAN-ALM-CHO,Almendra Choco Chips,Pancakes & Waffles,1,8,6,307800,6.0,4,2
2026-05,Fithub,Cartagena,PAN-ALM-CHU,Almendra Churro,Pancakes & Waffles,1,16,13,666900,13.0,0,3
2026-05,Fithub,Cartagena,PAN-AVE-BAN,Avena Banano,Pancakes & Waffles,1,6,4,161800,4.0,0,2
2026-05,Fithub,Cartagena,PAN-AVE-BRO,Avena Brownie,Pancakes & Waffles,1,35,26,1051700,26.0,0,9
2026-05,Fithub,Cartagena,PAN-AVE-VAN,Avena Vainilla,Pancakes & Waffles,1,6,5,202250,5.0,0,1
2026-05,Fithub,Manizales,COM-3GRA,Three Pack GranOLA,Combos,1,2,1,119050,1.0,0,1
2026-05,Fithub,Manizales,COM-WAF,Mini Wafflera,Combos,1,5,4,492000,4.0,2,1
2026-05,Fithub,Manizales,ESP-CIN,Golden Cinnamon Roll,Esparcibles,1,8,8,478000,8.0,2,0
2026-05,Fithub,Manizales,GRA-FUD,Fudge Cake,GranOLAS,1,6,5,233500,5.0,0,1
2026-05,Fithub,Manizales,GRA-VAN,Vanilla Shortbread,GranOLAS,1,7,6,280200,6.0,6,1
2026-05,Fithub,Manizales,PAN-ALM-CHU,Almendra Churro,Pancakes & Waffles,1,4,3,153900,3.0,3,1
2026-05,Fithub,Manizales,PAN-ALM-VAN,Almendra Vainilla,Pancakes & Waffles,1,4,3,153900,3.0,3,1
2026-05,Fithub,Manizales,PAN-AVE-VAN,Avena Vainilla,Pancakes & Waffles,1,5,4,161800,4.0,2,1
2026-05,Fithub,Medellín,AVE-HOJ,Avena en Hojuelas,Avena & Harinas,4,64,50,1927500,12.5,2,14
2026-05,Fithub,Medellín,COM-3GRA,Three Pack GranOLA,Combos,4,11,8,952400,2.0,3,3
2026-05,Fithub,Medellín,COM-3MEZ,Three Pack Mezclas,Combos,4,13,11,1285350,2.75,3,2
2026-05,Fithub,Medellín,COM-3SPR,Three Pack Spread,Combos,4,36,31,4910400,7.75,4,5
2026-05,Fithub,Medellín,COM-DECK,Deck de Cartas,Combos,4,32,27,3321000,6.75,0,5
2026-05,Fithub,Medellín,COM-MIX,Perfect Mix & Match,Combos,4,15,12,1022400,3.0,2,3
2026-05,Fithub,Medellín,COM-ROMP,Rompecabezas,Combos,4,52,47,5781000,11.75,3,5
2026-05,Fithub,Medellín,COM-WAF,Mini Wafflera,Combos,4,20,19,2337000,4.75,3,1
2026-05,Fithub,Medellín,ESP-BABY,Baby Spreads,Esparcibles,4,213,177,4248000,44.25,0,36
2026-05,Fithub,Medellín,ESP-BUT,Golden Butter Cookie,Esparcibles,4,31,24,1768800,6.0,1,7
2026-05,Fithub,Medellín,ESP-CIN,Golden Cinnamon Roll,Esparcibles,4,8,5,298750,1.25,3,3
2026-05,Fithub,Medellín,ESP-CRE,Creamy Cocoa Hazelnut,Esparcibles,4,53,43,2569250,10.75,2,10
2026-05,Fithub,Medellín,ESP-CRU,Crunchy Cocoa Hazelnut,Esparcibles,4,57,57,3405750,14.25,2,0
2026-05,Fithub,Medellín,ESP-PB,Peanutty Banana Shake,Esparcibles,4,117,100,5975000,25.0,3,17
2026-05,Fithub,Medellín,ESP-PIS,Buttery Pistachio Cookie,Esparcibles,4,13,10,781000,2.5,0,3
2026-05,Fithub,Medellín,GRA-CHI,Chip Cookie,GranOLAS,4,26,23,1074100,5.75,0,3
2026-05,Fithub,Medellín,GRA-FUD,Fudge Cake,GranOLAS,4,17,13,607100,3.25,5,4
2026-05,Fithub,Medellín,GRA-PIS,Pistachio Cookie,GranOLAS,4,2,1,55300,0.25,3,1
2026-05,Fithub,Medellín,GRA-VAN,Vanilla Shortbread,GranOLAS,4,19,15,700500,3.75,0,4
2026-05,Fithub,Medellín,HAR-ALM,Harina de Almendra,Avena & Harinas,4,28,23,979800,5.75,2,5
2026-05,Fithub,Medellín,MER-NYR,New Year Resolution,Merch,4,10,8,984000,2.0,4,2
2026-05,Fithub,Medellín,PAN-ALM-CHO,Almendra Choco Chips,Pancakes & Waffles,4,35,26,1333800,6.5,2,9
2026-05,Fithub,Medellín,PAN-ALM-CHU,Almendra Churro,Pancakes & Waffles,4,23,20,1026000,5.0,4,3
2026-05,Fithub,Medellín,PAN-ALM-VAN,Almendra Vainilla,Pancakes & Waffles,4,5,4,205200,1.0,3,1
2026-05,Fithub,Medellín,PAN-AVE-BAN,Avena Banano,Pancakes & Waffles,4,23,22,889900,5.5,5,1
2026-05,Fithub,Medellín,PAN-AVE-BRO,Avena Brownie,Pancakes & Waffles,4,15,13,525850,3.25,5,2
2026-05,Fithub,Medellín,PAN-AVE-VAN,Avena Vainilla,Pancakes & Waffles,4,64,49,1982050,12.25,5,15
2026-05,Fithub,Pereira,AVE-HOJ,Avena en Hojuelas,Avena & Harinas,1,21,15,578250,15.0,7,6
2026-05,Fithub,Pereira,COM-3GRA,Three Pack GranOLA,Combos,1,2,1,119050,1.0,3,1
2026-05,Fithub,Pereira,COM-3MEZ,Three Pack Mezclas,Combos,1,7,5,584250,5.0,2,2
2026-05,Fithub,Pereira,COM-DECK,Deck de Cartas,Combos,1,3,2,246000,2.0,3,1
2026-05,Fithub,Pereira,COM-MIX,Perfect Mix & Match,Combos,1,4,2,170400,2.0,4,2
2026-05,Fithub,Pereira,COM-ROMP,Rompecabezas,Combos,1,48,44,5412000,44.0,5,4
2026-05,Fithub,Pereira,COM-WAF,Mini Wafflera,Combos,1,23,23,2829000,23.0,3,0
2026-05,Fithub,Pereira,ESP-BABY,Baby Spreads,Esparcibles,1,17,15,360000,15.0,2,2
2026-05,Fithub,Pereira,ESP-CRU,Crunchy Cocoa Hazelnut,Esparcibles,1,14,10,597500,10.0,3,4
2026-05,Fithub,Pereira,GRA-FUD,Fudge Cake,GranOLAS,1,39,32,1494400,32.0,4,7
2026-05,Fithub,Pereira,GRA-PIS,Pistachio Cookie,GranOLAS,1,16,15,829500,15.0,0,1
2026-05,Fithub,Pereira,HAR-AVE,Harina de Avena,Avena & Harinas,1,54,49,1888950,49.0,1,5
2026-05,Fithub,Pereira,MER-NYR,New Year Resolution,Merch,1,4,3,369000,3.0,0,1
2026-05,Fithub,Pereira,PAN-ALM-CHO,Almendra Choco Chips,Pancakes & Waffles,1,4,3,153900,3.0,0,1
2026-05,Fithub,Pereira,PAN-AVE-VAN,Avena Vainilla,Pancakes & Waffles,1,64,49,1982050,49.0,0,15
2026-05,Tiendas naturistas,Barranquilla,COM-3MEZ,Three Pack Mezclas,Combos,2,17,15,1681500,7.5,0,2
2026-05,Tiendas naturistas,Barranquilla,COM-ROMP,Rompecabezas,Combos,2,20,18,2124000,9.0,0,2
2026-05,Tiendas naturistas,Barranquilla,ESP-BUT,Golden Butter Cookie,Esparcibles,2,9,8,565600,4.0,1,1
2026-05,Tiendas naturistas,Barranquilla,ESP-CRE,Creamy Cocoa Hazelnut,Esparcibles,2,3,2,114700,1.0,5,1
2026-05,Tiendas naturistas,Barranquilla,ESP-CRU,Crunchy Cocoa Hazelnut,Esparcibles,2,16,12,688200,6.0,0,4
2026-05,Tiendas naturistas,Barranquilla,ESP-PIS,Buttery Pistachio Cookie,Esparcibles,2,12,9,674550,4.5,1,3
2026-05,Tiendas naturistas,Barranquilla,GRA-CHI,Chip Cookie,GranOLAS,2,4,4,179200,2.0,2,0
2026-05,Tiendas naturistas,Barranquilla,GRA-PIS,Pistachio Cookie,GranOLAS,2,7,5,265250,2.5,1,2
2026-05,Tiendas naturistas,Barranquilla,MER-NYR,New Year Resolution,Merch,2,13,11,1298000,5.5,1,2
2026-05,Tiendas naturistas,Barranquilla,PAN-ALM-CHO,Almendra Choco Chips,Pancakes & Waffles,2,25,22,1082400,11.0,0,3
2026-05,Tiendas naturistas,Barranquilla,PAN-ALM-CHU,Almendra Churro,Pancakes & Waffles,2,117,103,5067600,51.5,3,14
2026-05,Tiendas naturistas,Bogotá,AVE-HOJ,Avena en Hojuelas,Avena & Harinas,31,181,135,4995000,4.35,1,46
2026-05,Tiendas naturistas,Bogotá,COM-3GRA,Three Pack GranOLA,Combos,31,13,10,1142000,0.32,4,3
2026-05,Tiendas naturistas,Bogotá,COM-3MEZ,Three Pack Mezclas,Combos,31,18,16,1793600,0.52,0,2
2026-05,Tiendas naturistas,Bogotá,COM-3SPR,Three Pack Spread,Combos,31,23,19,2887050,0.61,8,4
2026-05,Tiendas naturistas,Bogotá,COM-DECK,Deck de Cartas,Combos,31,38,36,4248000,1.16,3,2
2026-05,Tiendas naturistas,Bogotá,COM-MIX,Perfect Mix & Match,Combos,31,30,25,2042500,0.81,0,5
2026-05,Tiendas naturistas,Bogotá,COM-ROMP,Rompecabezas,Combos,31,64,53,6254000,1.71,1,11
2026-05,Tiendas naturistas,Bogotá,COM-WAF,Mini Wafflera,Combos,31,31,24,2832000,0.77,3,7
2026-05,Tiendas naturistas,Bogotá,ESP-BABY,Baby Spreads,Esparcibles,31,363,331,7613000,10.68,4,32
2026-05,Tiendas naturistas,Bogotá,ESP-BUT,Golden Butter Cookie,Esparcibles,31,21,18,1272600,0.58,1,3
2026-05,Tiendas naturistas,Bogotá,ESP-CIN,Golden Cinnamon Roll,Esparcibles,31,66,58,3326300,1.87,4,8
2026-05,Tiendas naturistas,Bogotá,ESP-CRE,Creamy Cocoa Hazelnut,Esparcibles,31,128,106,6079100,3.42,0,22
2026-05,Tiendas naturistas,Bogotá,ESP-CRU,Crunchy Cocoa Hazelnut,Esparcibles,31,38,37,2121950,1.19,6,1
2026-05,Tiendas naturistas,Bogotá,ESP-PB,Peanutty Banana Shake,Esparcibles,31,94,83,4760050,2.68,5,11
2026-05,Tiendas naturistas,Bogotá,ESP-PIS,Buttery Pistachio Cookie,Esparcibles,31,41,40,2998000,1.29,4,1
2026-05,Tiendas naturistas,Bogotá,GRA-CHI,Chip Cookie,GranOLAS,31,87,63,2822400,2.03,1,24
2026-05,Tiendas naturistas,Bogotá,GRA-FUD,Fudge Cake,GranOLAS,31,137,116,5196800,3.74,6,21
2026-05,Tiendas naturistas,Bogotá,GRA-PIS,Pistachio Cookie,GranOLAS,31,14,12,636600,0.39,2,2
2026-05,Tiendas naturistas,Bogotá,GRA-VAN,Vanilla Shortbread,GranOLAS,31,70,66,2956800,2.13,0,4
2026-05,Tiendas naturistas,Bogotá,HAR-ALM,Harina de Almendra,Avena & Harinas,31,148,119,4867100,3.84,6,29
2026-05,Tiendas naturistas,Bogotá,HAR-AVE,Harina de Avena,Avena & Harinas,31,151,147,5439000,4.74,6,4
2026-05,Tiendas naturistas,Bogotá,MER-NYR,New Year Resolution,Merch,31,7,7,826000,0.23,1,0
2026-05,Tiendas naturistas,Bogotá,PAN-ALM-CHO,Almendra Choco Chips,Pancakes & Waffles,31,50,47,2312400,1.52,0,3
2026-05,Tiendas naturistas,Bogotá,PAN-ALM-CHU,Almendra Churro,Pancakes & Waffles,31,91,90,4428000,2.9,3,1
2026-05,Tiendas naturistas,Bogotá,PAN-ALM-VAN,Almendra Vainilla,Pancakes & Waffles,31,100,87,4280400,2.81,7,13
2026-05,Tiendas naturistas,Bogotá,PAN-AVE-BAN,Avena Banano,Pancakes & Waffles,31,74,56,2172800,1.81,6,18
2026-05,Tiendas naturistas,Bogotá,PAN-AVE-BRO,Avena Brownie,Pancakes & Waffles,31,183,158,6130400,5.1,0,25
2026-05,Tiendas naturistas,Bogotá,PAN-AVE-VAN,Avena Vainilla,Pancakes & Waffles,31,40,39,1513200,1.26,1,1
2026-05,Tiendas naturistas,Bucaramanga,COM-3GRA,Three Pack GranOLA,Combos,2,5,4,456800,2.0,2,1
2026-05,Tiendas naturistas,Bucaramanga,COM-3MEZ,Three Pack Mezclas,Combos,2,12,11,1233100,5.5,2,1
2026-05,Tiendas naturistas,Bucaramanga,COM-3SPR,Three Pack Spread,Combos,2,7,6,911700,3.0,1,1
2026-05,Tiendas naturistas,Bucaramanga,COM-MIX,Perfect Mix & Match,Combos,2,13,10,817000,5.0,0,3
2026-05,Tiendas naturistas,Bucaramanga,COM-ROMP,Rompecabezas,Combos,2,8,8,944000,4.0,0,0
2026-05,Tiendas naturistas,Bucaramanga,COM-WAF,Mini Wafflera,Combos,2,13,11,1298000,5.5,6,2
2026-05,Tiendas naturistas,Bucaramanga,ESP-BABY,Baby Spreads,Esparcibles,2,72,53,1219000,26.5,0,19
2026-05,Tiendas naturistas,Bucaramanga,ESP-BUT,Golden Butter Cookie,Esparcibles,2,14,13,919100,6.5,10,1
2026-05,Tiendas naturistas,Bucaramanga,ESP-CIN,Golden Cinnamon Roll,Esparcibles,2,95,78,4473300,39.0,6,17
2026-05,Tiendas naturistas,Bucaramanga,ESP-CRE,Creamy Cocoa Hazelnut,Esparcibles,2,7,5,286750,2.5,0,2
2026-05,Tiendas naturistas,Bucaramanga,ESP-CRU,Crunchy Cocoa Hazelnut,Esparcibles,2,7,7,401450,3.5,0,0
2026-05,Tiendas naturistas,Bucaramanga,ESP-PB,Peanutty Banana Shake,Esparcibles,2,23,22,1261700,11.0,4,1
2026-05,Tiendas naturistas,Bucaramanga,ESP-PIS,Buttery Pistachio Cookie,Esparcibles,2,29,27,2023650,13.5,0,2
2026-05,Tiendas naturistas,Bucaramanga,GRA-FUD,Fudge Cake,GranOLAS,2,46,45,2016000,22.5,4,1
2026-05,Tiendas naturistas,Bucaramanga,GRA-PIS,Pistachio Cookie,GranOLAS,2,30,22,1167100,11.0,3,8
2026-05,Tiendas naturistas,Bucaramanga,GRA-VAN,Vanilla Shortbread,GranOLAS,2,3,2,89600,1.0,0,1
2026-05,Tiendas naturistas,Bucaramanga,HAR-AVE,Harina de Avena,Avena & Harinas,2,33,29,1073000,14.5,1,4
2026-05,Tiendas naturistas,Bucaramanga,MER-NYR,New Year Resolution,Merch,2,54,46,5428000,23.0,0,8
2026-05,Tiendas naturistas,Bucaramanga,PAN-ALM-CHU,Almendra Churro,Pancakes & Waffles,2,27,25,1230000,12.5,8,2
2026-05,Tiendas naturistas,Bucaramanga,PAN-ALM-VAN,Almendra Vainilla,Pancakes & Waffles,2,45,40,1968000,20.0,3,5
2026-05,Tiendas naturistas,Bucaramanga,PAN-AVE-BAN,Avena Banano,Pancakes & Waffles,2,6,4,155200,2.0,0,2
2026-05,Tiendas naturistas,Bucaramanga,PAN-AVE-VAN,Avena Vainilla,Pancakes & Waffles,2,1,0,0,0.0,1,1
2026-05,Tiendas naturistas,Cali,AVE-HOJ,Avena en Hojuelas,Avena & Harinas,5,28,20,740000,4.0,4,8
2026-05,Tiendas naturistas,Cali,COM-3GRA,Three Pack GranOLA,Combos,5,7,7,799400,1.4,2,0
2026-05,Tiendas naturistas,Cali,COM-3MEZ,Three Pack Mezclas,Combos,5,40,40,4484000,8.0,0,0
2026-05,Tiendas naturistas,Cali,COM-3SPR,Three Pack Spread,Combos,5,30,26,3950700,5.2,4,4
2026-05,Tiendas naturistas,Cali,COM-DECK,Deck de Cartas,Combos,5,5,4,472000,0.8,0,1
2026-05,Tiendas naturistas,Cali,COM-MIX,Perfect Mix & Match,Combos,5,21,18,1470600,3.6,3,3
2026-05,Tiendas naturistas,Cali,COM-ROMP,Rompecabezas,Combos,5,20,19,2242000,3.8,6,1
2026-05,Tiendas naturistas,Cali,COM-WAF,Mini Wafflera,Combos,5,25,23,2714000,4.6,5,2
2026-05,Tiendas naturistas,Cali,ESP-BABY,Baby Spreads,Esparcibles,5,97,87,2001000,17.4,0,10
2026-05,Tiendas naturistas,Cali,ESP-BUT,Golden Butter Cookie,Esparcibles,5,24,23,1626100,4.6,3,1
2026-05,Tiendas naturistas,Cali,ESP-CRE,Creamy Cocoa Hazelnut,Esparcibles,5,20,16,917600,3.2,0,4
2026-05,Tiendas naturistas,Cali,ESP-CRU,Crunchy Cocoa Hazelnut,Esparcibles,5,52,41,2351350,8.2,6,11
2026-05,Tiendas naturistas,Cali,ESP-PB,Peanutty Banana Shake,Esparcibles,5,87,72,4129200,14.4,2,15
2026-05,Tiendas naturistas,Cali,ESP-PIS,Buttery Pistachio Cookie,Esparcibles,5,26,25,1873750,5.0,2,1
2026-05,Tiendas naturistas,Cali,GRA-CHI,Chip Cookie,GranOLAS,5,20,17,761600,3.4,1,3
2026-05,Tiendas naturistas,Cali,GRA-FUD,Fudge Cake,GranOLAS,5,48,46,2060800,9.2,0,2
2026-05,Tiendas naturistas,Cali,GRA-PIS,Pistachio Cookie,GranOLAS,5,55,55,2917750,11.0,4,0
2026-05,Tiendas naturistas,Cali,GRA-VAN,Vanilla Shortbread,GranOLAS,5,32,25,1120000,5.0,0,7
2026-05,Tiendas naturistas,Cali,HAR-ALM,Harina de Almendra,Avena & Harinas,5,30,29,1186100,5.8,2,1
2026-05,Tiendas naturistas,Cali,HAR-AVE,Harina de Avena,Avena & Harinas,5,64,51,1887000,10.2,1,13
2026-05,Tiendas naturistas,Cali,MER-NYR,New Year Resolution,Merch,5,16,12,1416000,2.4,2,4
2026-05,Tiendas naturistas,Cali,PAN-ALM-CHO,Almendra Choco Chips,Pancakes & Waffles,5,156,132,6494400,26.4,3,24
2026-05,Tiendas naturistas,Cali,PAN-ALM-CHU,Almendra Churro,Pancakes & Waffles,5,22,21,1033200,4.2,0,1
2026-05,Tiendas naturistas,Cali,PAN-ALM-VAN,Almendra Vainilla,Pancakes & Waffles,5,33,27,1328400,5.4,1,6
2026-05,Tiendas naturistas,Cali,PAN-AVE-BAN,Avena Banano,Pancakes & Waffles,5,47,44,1707200,8.8,0,3
2026-05,Tiendas naturistas,Cali,PAN-AVE-BRO,Avena Brownie,Pancakes & Waffles,5,56,46,1784800,9.2,3,10
2026-05,Tiendas naturistas,Cali,PAN-AVE-VAN,Avena Vainilla,Pancakes & Waffles,5,33,29,1125200,5.8,0,4
2026-05,Tiendas naturistas,Cartagena,COM-DECK,Deck de Cartas,Combos,4,2,1,118000,0.25,1,1
2026-05,Tiendas naturistas,Cartagena,COM-MIX,Perfect Mix & Match,Combos,4,4,2,163400,0.5,5,2
2026-05,Tiendas naturistas,Cartagena,ESP-BUT,Golden Butter Cookie,Esparcibles,4,15,12,848400,3.0,0,3
2026-05,Tiendas naturistas,Cartagena,ESP-CIN,Golden Cinnamon Roll,Esparcibles,4,6,4,229400,1.0,4,2
2026-05,Tiendas naturistas,Cartagena,ESP-CRE,Creamy Cocoa Hazelnut,Esparcibles,4,22,20,1147000,5.0,1,2
2026-05,Tiendas naturistas,Cartagena,ESP-PIS,Buttery Pistachio Cookie,Esparcibles,4,25,18,1349100,4.5,1,7
2026-05,Tiendas naturistas,Cartagena,GRA-PIS,Pistachio Cookie,GranOLAS,4,10,7,371350,1.75,0,3
2026-05,Tiendas naturistas,Cartagena,GRA-VAN,Vanilla Shortbread,GranOLAS,4,28,28,1254400,7.0,1,0
2026-05,Tiendas naturistas,Cartagena,PAN-ALM-CHO,Almendra Choco Chips,Pancakes & Waffles,4,95,93,4575600,23.25,6,2
2026-05,Tiendas naturistas,Cartagena,PAN-ALM-VAN,Almendra Vainilla,Pancakes & Waffles,4,75,64,3148800,16.0,0,11
2026-05,Tiendas naturistas,Cartagena,PAN-AVE-BRO,Avena Brownie,Pancakes & Waffles,4,7,6,232800,1.5,0,1
2026-05,Tiendas naturistas,Manizales,COM-3SPR,Three Pack Spread,Combos,1,3,2,303900,2.0,1,1
2026-05,Tiendas naturistas,Manizales,ESP-BABY,Baby Spreads,Esparcibles,1,51,42,966000,42.0,1,9
2026-05,Tiendas naturistas,Manizales,PAN-ALM-VAN,Almendra Vainilla,Pancakes & Waffles,1,31,29,1426800,29.0,4,2
2026-05,Tiendas naturistas,Manizales,PAN-AVE-BRO,Avena Brownie,Pancakes & Waffles,1,28,22,853600,22.0,3,6
2026-05,Tiendas naturistas,Medellín,AVE-HOJ,Avena en Hojuelas,Avena & Harinas,13,12,11,407000,0.85,0,1
2026-05,Tiendas naturistas,Medellín,COM-3GRA,Three Pack GranOLA,Combos,13,9,8,913600,0.62,4,1
2026-05,Tiendas naturistas,Medellín,COM-3SPR,Three Pack Spread,Combos,13,1,0,0,0.0,3,1
2026-05,Tiendas naturistas,Medellín,COM-DECK,Deck de Cartas,Combos,13,11,8,944000,0.62,2,3
2026-05,Tiendas naturistas,Medellín,COM-MIX,Perfect Mix & Match,Combos,13,7,5,408500,0.38,0,2
2026-05,Tiendas naturistas,Medellín,COM-ROMP,Rompecabezas,Combos,13,12,11,1298000,0.85,1,1
2026-05,Tiendas naturistas,Medellín,COM-WAF,Mini Wafflera,Combos,13,8,6,708000,0.46,8,2
2026-05,Tiendas naturistas,Medellín,ESP-CRU,Crunchy Cocoa Hazelnut,Esparcibles,13,48,45,2580750,3.46,3,3
2026-05,Tiendas naturistas,Medellín,ESP-PB,Peanutty Banana Shake,Esparcibles,13,1,0,0,0.0,0,1
2026-05,Tiendas naturistas,Medellín,ESP-PIS,Buttery Pistachio Cookie,Esparcibles,13,21,21,1573950,1.62,1,0
2026-05,Tiendas naturistas,Medellín,GRA-CHI,Chip Cookie,GranOLAS,13,36,35,1568000,2.69,3,1
2026-05,Tiendas naturistas,Medellín,GRA-FUD,Fudge Cake,GranOLAS,13,18,17,761600,1.31,1,1
2026-05,Tiendas naturistas,Medellín,GRA-PIS,Pistachio Cookie,GranOLAS,13,4,3,159150,0.23,1,1
2026-05,Tiendas naturistas,Medellín,GRA-VAN,Vanilla Shortbread,GranOLAS,13,10,7,313600,0.54,5,3
2026-05,Tiendas naturistas,Medellín,HAR-ALM,Harina de Almendra,Avena & Harinas,13,20,16,654400,1.23,0,4
2026-05,Tiendas naturistas,Medellín,HAR-AVE,Harina de Avena,Avena & Harinas,13,40,38,1406000,2.92,4,2
2026-05,Tiendas naturistas,Medellín,MER-NYR,New Year Resolution,Merch,13,14,10,1180000,0.77,6,4
2026-05,Tiendas naturistas,Medellín,PAN-ALM-CHO,Almendra Choco Chips,Pancakes & Waffles,13,34,25,1230000,1.92,1,9
2026-05,Tiendas naturistas,Medellín,PAN-ALM-CHU,Almendra Churro,Pancakes & Waffles,13,23,21,1033200,1.62,4,2
2026-05,Tiendas naturistas,Medellín,PAN-ALM-VAN,Almendra Vainilla,Pancakes & Waffles,13,12,9,442800,0.69,6,3
2026-05,Tiendas naturistas,Medellín,PAN-AVE-BRO,Avena Brownie,Pancakes & Waffles,13,19,15,582000,1.15,0,4
2026-05,Tiendas naturistas,Pereira,COM-3GRA,Three Pack GranOLA,Combos,4,16,15,1713000,3.75,0,1
2026-05,Tiendas naturistas,Pereira,COM-3MEZ,Three Pack Mezclas,Combos,4,2,1,112100,0.25,5,1
2026-05,Tiendas naturistas,Pereira,COM-3SPR,Three Pack Spread,Combos,4,1,0,0,0.0,2,1
2026-05,Tiendas naturistas,Pereira,COM-DECK,Deck de Cartas,Combos,4,2,1,118000,0.25,1,1
2026-05,Tiendas naturistas,Pereira,COM-ROMP,Rompecabezas,Combos,4,1,0,0,0.0,6,1
2026-05,Tiendas naturistas,Pereira,ESP-BUT,Golden Butter Cookie,Esparcibles,4,18,17,1201900,4.25,5,1
2026-05,Tiendas naturistas,Pereira,ESP-CIN,Golden Cinnamon Roll,Esparcibles,4,40,32,1835200,8.0,0,8
2026-05,Tiendas naturistas,Pereira,ESP-CRE,Creamy Cocoa Hazelnut,Esparcibles,4,11,9,516150,2.25,3,2
2026-05,Tiendas naturistas,Pereira,GRA-FUD,Fudge Cake,GranOLAS,4,1,0,0,0.0,2,1
2026-05,Tiendas naturistas,Pereira,MER-NYR,New Year Resolution,Merch,4,4,3,354000,0.75,2,1
2026-05,Tiendas naturistas,Pereira,PAN-ALM-CHO,Almendra Choco Chips,Pancakes & Waffles,4,6,4,196800,1.0,3,2
2026-05,Tiendas naturistas,Pereira,PAN-ALM-VAN,Almendra Vainilla,Pancakes & Waffles,4,23,23,1131600,5.75,0,0
2026-05,Tiendas naturistas,Pereira,PAN-AVE-BAN,Avena Banano,Pancakes & Waffles,4,36,31,1202800,7.75,0,5
2026-05,Tiendas naturistas,Pereira,PAN-AVE-BRO,Avena Brownie,Pancakes & Waffles,4,27,21,814800,5.25,2,6
2026-05,Tiendas naturistas,Pereira,PAN-AVE-VAN,Avena Vainilla,Pancakes & Waffles,4,5,3,116400,0.75,2,2
2026-05,Éxito,Barranquilla,AVE-HOJ,Avena en Hojuelas,Avena & Harinas,5,66,52,1809600,10.4,6,14
2026-05,Éxito,Barranquilla,COM-3GRA,Three Pack GranOLA,Combos,5,54,41,4403400,8.2,0,13
2026-05,Éxito,Barranquilla,COM-3MEZ,Three Pack Mezclas,Combos,5,11,9,949050,1.8,1,2
2026-05,Éxito,Barranquilla,COM-3SPR,Three Pack Spread,Combos,5,20,15,2144250,3.0,2,5
2026-05,Éxito,Barranquilla,COM-DECK,Deck de Cartas,Combos,5,32,32,3552000,6.4,2,0
2026-05,Éxito,Barranquilla,COM-MIX,Perfect Mix & Match,Combos,5,106,89,6844100,17.8,6,17
2026-05,Éxito,Barranquilla,COM-WAF,Mini Wafflera,Combos,5,76,63,6993000,12.6,0,13
2026-05,Éxito,Barranquilla,ESP-BABY,Baby Spreads,Esparcibles,5,11,9,194850,1.8,2,2
2026-05,Éxito,Barranquilla,ESP-BUT,Golden Butter Cookie,Esparcibles,5,53,41,2726500,8.2,5,12
2026-05,Éxito,Barranquilla,ESP-CIN,Golden Cinnamon Roll,Esparcibles,5,62,53,2859350,10.6,5,9
2026-05,Éxito,Barranquilla,ESP-CRE,Creamy Cocoa Hazelnut,Esparcibles,5,49,42,2265900,8.4,0,7
2026-05,Éxito,Barranquilla,ESP-PB,Peanutty Banana Shake,Esparcibles,5,27,19,1025050,3.8,3,8
2026-05,Éxito,Barranquilla,ESP-PIS,Buttery Pistachio Cookie,Esparcibles,5,54,49,3454500,9.8,2,5
2026-05,Éxito,Barranquilla,GRA-CHI,Chip Cookie,GranOLAS,5,102,76,3199600,15.2,1,26
2026-05,Éxito,Barranquilla,GRA-FUD,Fudge Cake,GranOLAS,5,193,174,7325400,34.8,4,19
2026-05,Éxito,Barranquilla,GRA-PIS,Pistachio Cookie,GranOLAS,5,81,71,3542900,14.2,6,10
2026-05,Éxito,Barranquilla,GRA-VAN,Vanilla Shortbread,GranOLAS,5,227,204,8588400,40.8,6,23
2026-05,Éxito,Barranquilla,HAR-ALM,Harina de Almendra,Avena & Harinas,5,119,113,4344850,22.6,0,6
2026-05,Éxito,Barranquilla,HAR-AVE,Harina de Avena,Avena & Harinas,5,92,79,2749200,15.8,4,13
2026-05,Éxito,Barranquilla,MER-NYR,New Year Resolution,Merch,5,5,4,444000,0.8,7,1
2026-05,Éxito,Barranquilla,PAN-ALM-CHO,Almendra Choco Chips,Pancakes & Waffles,5,23,23,1064900,4.6,3,0
2026-05,Éxito,Barranquilla,PAN-ALM-CHU,Almendra Churro,Pancakes & Waffles,5,43,32,1481600,6.4,0,11
2026-05,Éxito,Barranquilla,PAN-ALM-VAN,Almendra Vainilla,Pancakes & Waffles,5,147,121,5602300,24.2,8,26
2026-05,Éxito,Barranquilla,PAN-AVE-BAN,Avena Banano,Pancakes & Waffles,5,104,81,2956500,16.2,0,23
2026-05,Éxito,Barranquilla,PAN-AVE-BRO,Avena Brownie,Pancakes & Waffles,5,92,87,3175500,17.4,4,5
2026-05,Éxito,Barranquilla,PAN-AVE-VAN,Avena Vainilla,Pancakes & Waffles,5,61,58,2117000,11.6,0,3
2026-05,Éxito,Bogotá,AVE-HOJ,Avena en Hojuelas,Avena & Harinas,22,168,162,5637600,7.36,4,6
2026-05,Éxito,Bogotá,COM-3GRA,Three Pack GranOLA,Combos,22,128,130,13962000,5.91,2,0
2026-05,Éxito,Bogotá,COM-3MEZ,Three Pack Mezclas,Combos,22,136,119,12548550,5.41,1,17
2026-05,Éxito,Bogotá,COM-3SPR,Three Pack Spread,Combos,22,132,96,13723200,4.36,2,36
2026-05,Éxito,Bogotá,COM-DECK,Deck de Cartas,Combos,22,68,59,6549000,2.68,8,9
2026-05,Éxito,Bogotá,COM-MIX,Perfect Mix & Match,Combos,22,239,237,18225300,10.77,3,2
2026-05,Éxito,Bogotá,COM-ROMP,Rompecabezas,Combos,22,34,24,2664000,1.09,0,10
2026-05,Éxito,Bogotá,COM-WAF,Mini Wafflera,Combos,22,158,142,15762000,6.45,0,16
2026-05,Éxito,Bogotá,ESP-BABY,Baby Spreads,Esparcibles,22,1051,912,19744800,41.45,4,139
2026-05,Éxito,Bogotá,ESP-BUT,Golden Butter Cookie,Esparcibles,22,296,284,18886000,12.91,6,12
2026-05,Éxito,Bogotá,ESP-CIN,Golden Cinnamon Roll,Esparcibles,22,242,210,11329500,9.55,0,32
2026-05,Éxito,Bogotá,ESP-CRE,Creamy Cocoa Hazelnut,Esparcibles,22,270,216,11653200,9.82,5,54
2026-05,Éxito,Bogotá,ESP-CRU,Crunchy Cocoa Hazelnut,Esparcibles,22,134,97,5233150,4.41,3,37
2026-05,Éxito,Bogotá,ESP-PB,Peanutty Banana Shake,Esparcibles,22,479,421,22712950,19.14,3,58
2026-05,Éxito,Bogotá,ESP-PIS,Buttery Pistachio Cookie,Esparcibles,22,265,240,16920000,10.91,0,25
2026-05,Éxito,Bogotá,GRA-CHI,Chip Cookie,GranOLAS,22,209,178,7493800,8.09,0,31
2026-05,Éxito,Bogotá,GRA-FUD,Fudge Cake,GranOLAS,22,710,701,29512100,31.86,5,9
2026-05,Éxito,Bogotá,GRA-PIS,Pistachio Cookie,GranOLAS,22,180,155,7734500,7.05,5,25
2026-05,Éxito,Bogotá,GRA-VAN,Vanilla Shortbread,GranOLAS,22,204,174,7325400,7.91,0,30
2026-05,Éxito,Bogotá,HAR-ALM,Harina de Almendra,Avena & Harinas,22,795,591,22723950,26.86,4,204
2026-05,Éxito,Bogotá,HAR-AVE,Harina de Avena,Avena & Harinas,22,196,198,6890400,9.0,0,0
2026-05,Éxito,Bogotá,MER-NYR,New Year Resolution,Merch,22,137,127,14097000,5.77,0,10
2026-05,Éxito,Bogotá,PAN-ALM-CHO,Almendra Choco Chips,Pancakes & Waffles,22,314,261,12084300,11.86,0,53
2026-05,Éxito,Bogotá,PAN-ALM-CHU,Almendra Churro,Pancakes & Waffles,22,102,97,4491100,4.41,1,5
2026-05,Éxito,Bogotá,PAN-ALM-VAN,Almendra Vainilla,Pancakes & Waffles,22,400,391,18103300,17.77,0,9
2026-05,Éxito,Bogotá,PAN-AVE-BAN,Avena Banano,Pancakes & Waffles,22,404,383,13979500,17.41,4,21
2026-05,Éxito,Bogotá,PAN-AVE-BRO,Avena Brownie,Pancakes & Waffles,22,797,582,21243000,26.45,4,215
2026-05,Éxito,Bogotá,PAN-AVE-VAN,Avena Vainilla,Pancakes & Waffles,22,584,538,19637000,24.45,4,46
2026-05,Éxito,Bucaramanga,COM-3GRA,Three Pack GranOLA,Combos,3,11,8,859200,2.67,1,3
2026-05,Éxito,Bucaramanga,COM-3MEZ,Three Pack Mezclas,Combos,3,20,16,1687200,5.33,7,4
2026-05,Éxito,Bucaramanga,COM-DECK,Deck de Cartas,Combos,3,49,44,4884000,14.67,0,5
2026-05,Éxito,Bucaramanga,COM-ROMP,Rompecabezas,Combos,3,12,9,999000,3.0,0,3
2026-05,Éxito,Bucaramanga,ESP-CIN,Golden Cinnamon Roll,Esparcibles,3,75,55,2967250,18.33,0,20
2026-05,Éxito,Bucaramanga,ESP-PB,Peanutty Banana Shake,Esparcibles,3,67,58,3129100,19.33,9,9
2026-05,Éxito,Bucaramanga,ESP-PIS,Buttery Pistachio Cookie,Esparcibles,3,81,77,5428500,25.67,2,4
2026-05,Éxito,Bucaramanga,GRA-VAN,Vanilla Shortbread,GranOLAS,3,52,46,1936600,15.33,0,6
2026-05,Éxito,Bucaramanga,HAR-ALM,Harina de Almendra,Avena & Harinas,3,12,10,384500,3.33,0,2
2026-05,Éxito,Bucaramanga,HAR-AVE,Harina de Avena,Avena & Harinas,3,84,77,2679600,25.67,0,7
2026-05,Éxito,Bucaramanga,MER-NYR,New Year Resolution,Merch,3,26,22,2442000,7.33,3,4
2026-05,Éxito,Bucaramanga,PAN-ALM-CHO,Almendra Choco Chips,Pancakes & Waffles,3,153,148,6852400,49.33,0,5
2026-05,Éxito,Bucaramanga,PAN-ALM-CHU,Almendra Churro,Pancakes & Waffles,3,19,17,787100,5.67,3,2
2026-05,Éxito,Bucaramanga,PAN-AVE-BAN,Avena Banano,Pancakes & Waffles,3,122,107,3905500,35.67,1,15
2026-05,Éxito,Bucaramanga,PAN-AVE-BRO,Avena Brownie,Pancakes & Waffles,3,217,187,6825500,62.33,5,30
2026-05,Éxito,Cali,AVE-HOJ,Avena en Hojuelas,Avena & Harinas,2,8,7,243600,3.5,0,1
2026-05,Éxito,Cali,COM-3MEZ,Three Pack Mezclas,Combos,2,16,11,1159950,5.5,0,5
2026-05,Éxito,Cali,COM-3SPR,Three Pack Spread,Combos,2,8,6,857700,3.0,2,2
2026-05,Éxito,Cali,COM-DECK,Deck de Cartas,Combos,2,15,14,1554000,7.0,0,1
2026-05,Éxito,Cali,COM-MIX,Perfect Mix & Match,Combos,2,3,2,153800,1.0,3,1
2026-05,Éxito,Cali,COM-ROMP,Rompecabezas,Combos,2,6,5,555000,2.5,2,1
2026-05,Éxito,Cali,COM-WAF,Mini Wafflera,Combos,2,83,71,7881000,35.5,1,12
2026-05,Éxito,Cali,ESP-BABY,Baby Spreads,Esparcibles,2,64,54,1169100,27.0,0,10
2026-05,Éxito,Cali,ESP-BUT,Golden Butter Cookie,Esparcibles,2,4,3,199500,1.5,4,1
2026-05,Éxito,Cali,ESP-CIN,Golden Cinnamon Roll,Esparcibles,2,2,1,53950,0.5,2,1
2026-05,Éxito,Cali,ESP-CRU,Crunchy Cocoa Hazelnut,Esparcibles,2,102,76,4100200,38.0,3,26
2026-05,Éxito,Cali,ESP-PB,Peanutty Banana Shake,Esparcibles,2,241,181,9764950,90.5,0,60
2026-05,Éxito,Cali,ESP-PIS,Buttery Pistachio Cookie,Esparcibles,2,12,11,775500,5.5,0,1
2026-05,Éxito,Cali,GRA-CHI,Chip Cookie,GranOLAS,2,317,240,10104000,120.0,1,77
2026-05,Éxito,Cali,GRA-FUD,Fudge Cake,GranOLAS,2,5,4,168400,2.0,0,1
2026-05,Éxito,Cali,GRA-PIS,Pistachio Cookie,GranOLAS,2,17,15,748500,7.5,4,2
2026-05,Éxito,Cali,GRA-VAN,Vanilla Shortbread,GranOLAS,2,58,53,2231300,26.5,4,5
2026-05,Éxito,Cali,HAR-ALM,Harina de Almendra,Avena & Harinas,2,73,71,2729950,35.5,0,2
2026-05,Éxito,Cali,HAR-AVE,Harina de Avena,Avena & Harinas,2,78,67,2331600,33.5,0,11
2026-05,Éxito,Cali,MER-NYR,New Year Resolution,Merch,2,15,14,1554000,7.0,3,1
2026-05,Éxito,Cali,PAN-ALM-CHO,Almendra Choco Chips,Pancakes & Waffles,2,121,112,5185600,56.0,4,9
2026-05,Éxito,Cali,PAN-ALM-CHU,Almendra Churro,Pancakes & Waffles,2,17,14,648200,7.0,4,3
2026-05,Éxito,Cali,PAN-ALM-VAN,Almendra Vainilla,Pancakes & Waffles,2,28,22,1018600,11.0,0,6
2026-05,Éxito,Cali,PAN-AVE-BAN,Avena Banano,Pancakes & Waffles,2,125,121,4416500,60.5,0,4
2026-05,Éxito,Cali,PAN-AVE-BRO,Avena Brownie,Pancakes & Waffles,2,289,286,10439000,143.0,8,3
2026-05,Éxito,Cali,PAN-AVE-VAN,Avena Vainilla,Pancakes & Waffles,2,241,241,8796500,120.5,0,0
2026-05,Éxito,Cartagena,COM-3MEZ,Three Pack Mezclas,Combos,3,14,12,1265400,4.0,3,2
2026-05,Éxito,Cartagena,COM-3SPR,Three Pack Spread,Combos,3,23,17,2430150,5.67,3,6
2026-05,Éxito,Cartagena,COM-MIX,Perfect Mix & Match,Combos,3,25,24,1845600,8.0,0,1
2026-05,Éxito,Cartagena,COM-ROMP,Rompecabezas,Combos,3,4,4,444000,1.33,5,0
2026-05,Éxito,Cartagena,ESP-CRE,Creamy Cocoa Hazelnut,Esparcibles,3,78,66,3560700,22.0,3,12
2026-05,Éxito,Cartagena,ESP-CRU,Crunchy Cocoa Hazelnut,Esparcibles,3,4,3,161850,1.0,0,1
2026-05,Éxito,Cartagena,ESP-PB,Peanutty Banana Shake,Esparcibles,3,5,4,215800,1.33,4,1
2026-05,Éxito,Cartagena,ESP-PIS,Buttery Pistachio Cookie,Esparcibles,3,22,16,1128000,5.33,2,6
2026-05,Éxito,Cartagena,GRA-CHI,Chip Cookie,GranOLAS,3,123,105,4420500,35.0,2,18
2026-05,Éxito,Cartagena,GRA-FUD,Fudge Cake,GranOLAS,3,4,3,126300,1.0,6,1
2026-05,Éxito,Cartagena,GRA-VAN,Vanilla Shortbread,GranOLAS,3,63,48,2020800,16.0,6,15
2026-05,Éxito,Cartagena,HAR-ALM,Harina de Almendra,Avena & Harinas,3,62,59,2268550,19.67,0,3
2026-05,Éxito,Cartagena,MER-NYR,New Year Resolution,Merch,3,21,19,2109000,6.33,0,2
2026-05,Éxito,Cartagena,PAN-ALM-CHO,Almendra Choco Chips,Pancakes & Waffles,3,14,11,509300,3.67,2,3
2026-05,Éxito,Cartagena,PAN-AVE-BAN,Avena Banano,Pancakes & Waffles,3,102,88,3212000,29.33,6,14
2026-05,Éxito,Cartagena,PAN-AVE-VAN,Avena Vainilla,Pancakes & Waffles,3,59,45,1642500,15.0,0,14
2026-05,Éxito,Manizales,COM-ROMP,Rompecabezas,Combos,3,25,24,2664000,8.0,2,1
2026-05,Éxito,Manizales,ESP-BUT,Golden Butter Cookie,Esparcibles,3,11,9,598500,3.0,0,2
2026-05,Éxito,Manizales,HAR-ALM,Harina de Almendra,Avena & Harinas,3,51,40,1538000,13.33,0,11
2026-05,Éxito,Manizales,MER-NYR,New Year Resolution,Merch,3,14,13,1443000,4.33,1,1
2026-05,Éxito,Medellín,AVE-HOJ,Avena en Hojuelas,Avena & Harinas,6,38,37,1287600,6.17,0,1
2026-05,Éxito,Medellín,COM-3GRA,Three Pack GranOLA,Combos,6,50,47,5047800,7.83,1,3
2026-05,Éxito,Medellín,COM-3MEZ,Three Pack Mezclas,Combos,6,53,45,4745250,7.5,2,8
2026-05,Éxito,Medellín,COM-3SPR,Three Pack Spread,Combos,6,4,3,428850,0.5,7,1
2026-05,Éxito,Medellín,COM-DECK,Deck de Cartas,Combos,6,38,36,3996000,6.0,3,2
2026-05,Éxito,Medellín,COM-MIX,Perfect Mix & Match,Combos,6,94,93,7151700,15.5,2,1
2026-05,Éxito,Medellín,COM-ROMP,Rompecabezas,Combos,6,10,9,999000,1.5,3,1
2026-05,Éxito,Medellín,COM-WAF,Mini Wafflera,Combos,6,127,93,10323000,15.5,2,34
2026-05,Éxito,Medellín,ESP-BABY,Baby Spreads,Esparcibles,6,561,453,9807450,75.5,3,108
2026-05,Éxito,Medellín,ESP-BUT,Golden Butter Cookie,Esparcibles,6,6,4,266000,0.67,0,2
2026-05,Éxito,Medellín,ESP-CIN,Golden Cinnamon Roll,Esparcibles,6,43,36,1942200,6.0,3,7
2026-05,Éxito,Medellín,ESP-CRU,Crunchy Cocoa Hazelnut,Esparcibles,6,177,132,7121400,22.0,4,45
2026-05,Éxito,Medellín,ESP-PB,Peanutty Banana Shake,Esparcibles,6,31,24,1294800,4.0,0,7
2026-05,Éxito,Medellín,ESP-PIS,Buttery Pistachio Cookie,Esparcibles,6,18,18,1269000,3.0,0,0
2026-05,Éxito,Medellín,GRA-CHI,Chip Cookie,GranOLAS,6,32,26,1094600,4.33,4,6
2026-05,Éxito,Medellín,GRA-FUD,Fudge Cake,GranOLAS,6,55,44,1852400,7.33,0,11
2026-05,Éxito,Medellín,GRA-PIS,Pistachio Cookie,GranOLAS,6,82,69,3443100,11.5,6,13
2026-05,Éxito,Medellín,GRA-VAN,Vanilla Shortbread,GranOLAS,6,67,48,2020800,8.0,0,19
2026-05,Éxito,Medellín,HAR-ALM,Harina de Almendra,Avena & Harinas,6,130,119,4575550,19.83,5,11
2026-05,Éxito,Medellín,MER-NYR,New Year Resolution,Merch,6,30,25,2775000,4.17,7,5
2026-05,Éxito,Medellín,PAN-ALM-CHO,Almendra Choco Chips,Pancakes & Waffles,6,54,47,2176100,7.83,7,7
2026-05,Éxito,Medellín,PAN-ALM-CHU,Almendra Churro,Pancakes & Waffles,6,86,71,3287300,11.83,6,15
2026-05,Éxito,Medellín,PAN-ALM-VAN,Almendra Vainilla,Pancakes & Waffles,6,73,68,3148400,11.33,0,5
2026-05,Éxito,Medellín,PAN-AVE-BAN,Avena Banano,Pancakes & Waffles,6,46,38,1387000,6.33,2,8
2026-05,Éxito,Medellín,PAN-AVE-VAN,Avena Vainilla,Pancakes & Waffles,6,209,153,5584500,25.5,7,56
2026-05,Éxito,Pereira,AVE-HOJ,Avena en Hojuelas,Avena & Harinas,2,163,141,4906800,70.5,7,22
2026-05,Éxito,Pereira,COM-3GRA,Three Pack GranOLA,Combos,2,72,64,6873600,32.0,6,8
2026-05,Éxito,Pereira,COM-3SPR,Three Pack Spread,Combos,2,11,10,1429500,5.0,3,1
2026-05,Éxito,Pereira,COM-MIX,Perfect Mix & Match,Combos,2,20,15,1153500,7.5,2,5
2026-05,Éxito,Pereira,COM-ROMP,Rompecabezas,Combos,2,9,7,777000,3.5,3,2
2026-05,Éxito,Pereira,COM-WAF,Mini Wafflera,Combos,2,13,10,1110000,5.0,4,3
2026-05,Éxito,Pereira,ESP-BABY,Baby Spreads,Esparcibles,2,507,365,7902250,182.5,0,142
2026-05,Éxito,Pereira,ESP-BUT,Golden Butter Cookie,Esparcibles,2,13,10,665000,5.0,5,3
2026-05,Éxito,Pereira,ESP-CIN,Golden Cinnamon Roll,Esparcibles,2,78,78,4208100,39.0,0,0
2026-05,Éxito,Pereira,ESP-CRE,Creamy Cocoa Hazelnut,Esparcibles,2,180,146,7876700,73.0,0,34
2026-05,Éxito,Pereira,ESP-CRU,Crunchy Cocoa Hazelnut,Esparcibles,2,45,35,1888250,17.5,5,10
2026-05,Éxito,Pereira,ESP-PB,Peanutty Banana Shake,Esparcibles,2,39,37,1996150,18.5,10,2
2026-05,Éxito,Pereira,ESP-PIS,Buttery Pistachio Cookie,Esparcibles,2,3,2,141000,1.0,1,1
2026-05,Éxito,Pereira,GRA-CHI,Chip Cookie,GranOLAS,2,156,124,5220400,62.0,0,32
2026-05,Éxito,Pereira,GRA-PIS,Pistachio Cookie,GranOLAS,2,23,20,998000,10.0,4,3
2026-05,Éxito,Pereira,GRA-VAN,Vanilla Shortbread,GranOLAS,2,57,53,2231300,26.5,1,4
2026-05,Éxito,Pereira,HAR-ALM,Harina de Almendra,Avena & Harinas,2,148,124,4767800,62.0,3,24
2026-05,Éxito,Pereira,HAR-AVE,Harina de Avena,Avena & Harinas,2,142,113,3932400,56.5,6,29
2026-05,Éxito,Pereira,MER-NYR,New Year Resolution,Merch,2,110,93,10323000,46.5,1,17
2026-05,Éxito,Pereira,PAN-ALM-CHU,Almendra Churro,Pancakes & Waffles,2,117,101,4676300,50.5,2,16
2026-05,Éxito,Pereira,PAN-AVE-BAN,Avena Banano,Pancakes & Waffles,2,71,67,2445500,33.5,1,4
2026-05,Éxito,Pereira,PAN-AVE-BRO,Avena Brownie,Pancakes & Waffles,2,242,213,7774500,106.5,3,29
2026-05,Éxito,Pereira,PAN-AVE-VAN,Avena Vainilla,Pancakes & Waffles,2,151,139,5073500,69.5,3,12
2026-06,Carulla,Barranquilla,AVE-HOJ,Avena en Hojuelas,Avena & Harinas,5,114,90,3190500,18.0,0,24
2026-06,Carulla,Barranquilla,COM-3MEZ,Three Pack Mezclas,Combos,5,29,29,3113150,5.8,0,0
2026-06,Carulla,Barranquilla,COM-DECK,Deck de Cartas,Combos,5,1,0,0,0.0,3,1
2026-06,Carulla,Barranquilla,COM-MIX,Perfect Mix & Match,Combos,5,29,28,2191000,5.6,4,1
2026-06,Carulla,Barranquilla,COM-ROMP,Rompecabezas,Combos,5,17,15,1695000,3.0,2,2
2026-06,Carulla,Barranquilla,COM-WAF,Mini Wafflera,Combos,5,23,20,2260000,4.0,2,3
2026-06,Carulla,Barranquilla,ESP-BABY,Baby Spreads,Esparcibles,5,81,76,1675800,15.2,4,5
2026-06,Carulla,Barranquilla,ESP-BUT,Golden Butter Cookie,Esparcibles,5,23,21,1421700,4.2,2,2
2026-06,Carulla,Barranquilla,ESP-CIN,Golden Cinnamon Roll,Esparcibles,5,27,19,1043100,3.8,4,8
2026-06,Carulla,Barranquilla,ESP-PB,Peanutty Banana Shake,Esparcibles,5,18,14,768600,2.8,4,4
2026-06,Carulla,Barranquilla,ESP-PIS,Buttery Pistachio Cookie,Esparcibles,5,6,4,287000,0.8,0,2
2026-06,Carulla,Barranquilla,GRA-FUD,Fudge Cake,GranOLAS,5,13,10,429000,2.0,9,3
2026-06,Carulla,Barranquilla,GRA-PIS,Pistachio Cookie,GranOLAS,5,29,21,1066800,4.2,0,8
2026-06,Carulla,Barranquilla,GRA-VAN,Vanilla Shortbread,GranOLAS,5,30,23,986700,4.6,5,7
2026-06,Carulla,Barranquilla,HAR-ALM,Harina de Almendra,Avena & Harinas,5,56,40,1566000,8.0,2,16
2026-06,Carulla,Barranquilla,HAR-AVE,Harina de Avena,Avena & Harinas,5,30,23,815350,4.6,4,7
2026-06,Carulla,Barranquilla,MER-NYR,New Year Resolution,Merch,5,5,4,452000,0.8,2,1
2026-06,Carulla,Barranquilla,PAN-ALM-CHO,Almendra Choco Chips,Pancakes & Waffles,5,9,7,329700,1.4,4,2
2026-06,Carulla,Barranquilla,PAN-ALM-VAN,Almendra Vainilla,Pancakes & Waffles,5,10,10,471000,2.0,4,0
2026-06,Carulla,Barranquilla,PAN-AVE-BAN,Avena Banano,Pancakes & Waffles,5,29,21,780150,4.2,0,8
2026-06,Carulla,Barranquilla,PAN-AVE-BRO,Avena Brownie,Pancakes & Waffles,5,36,32,1188800,6.4,0,4
2026-06,Carulla,Barranquilla,PAN-AVE-VAN,Avena Vainilla,Pancakes & Waffles,5,20,17,631550,3.4,3,3
2026-06,Carulla,Bogotá,AVE-HOJ,Avena en Hojuelas,Avena & Harinas,11,151,149,5282050,13.55,3,2
2026-06,Carulla,Bogotá,COM-3GRA,Three Pack GranOLA,Combos,11,28,28,3061800,2.55,0,0
2026-06,Carulla,Bogotá,COM-3MEZ,Three Pack Mezclas,Combos,11,94,89,9554150,8.09,0,5
2026-06,Carulla,Bogotá,COM-3SPR,Three Pack Spread,Combos,11,98,94,13677000,8.55,1,4
2026-06,Carulla,Bogotá,COM-DECK,Deck de Cartas,Combos,11,48,44,4972000,4.0,5,4
2026-06,Carulla,Bogotá,COM-MIX,Perfect Mix & Match,Combos,11,55,46,3599500,4.18,2,9
2026-06,Carulla,Bogotá,COM-ROMP,Rompecabezas,Combos,11,73,72,8136000,6.55,2,1
2026-06,Carulla,Bogotá,COM-WAF,Mini Wafflera,Combos,11,82,82,9266000,7.45,1,0
2026-06,Carulla,Bogotá,ESP-BABY,Baby Spreads,Esparcibles,11,243,234,5159700,21.27,8,9
2026-06,Carulla,Bogotá,ESP-BUT,Golden Butter Cookie,Esparcibles,11,232,211,14284700,19.18,7,21
2026-06,Carulla,Bogotá,ESP-CIN,Golden Cinnamon Roll,Esparcibles,11,86,69,3788100,6.27,9,17
2026-06,Carulla,Bogotá,ESP-CRE,Creamy Cocoa Hazelnut,Esparcibles,11,121,109,5984100,9.91,6,12
2026-06,Carulla,Bogotá,ESP-CRU,Crunchy Cocoa Hazelnut,Esparcibles,11,191,175,9607500,15.91,0,16
2026-06,Carulla,Bogotá,ESP-PB,Peanutty Banana Shake,Esparcibles,11,242,184,10101600,16.73,0,58
2026-06,Carulla,Bogotá,ESP-PIS,Buttery Pistachio Cookie,Esparcibles,11,72,54,3874500,4.91,2,18
2026-06,Carulla,Bogotá,GRA-CHI,Chip Cookie,GranOLAS,11,219,172,7378800,15.64,1,47
2026-06,Carulla,Bogotá,GRA-FUD,Fudge Cake,GranOLAS,11,110,98,4204200,8.91,4,12
2026-06,Carulla,Bogotá,GRA-PIS,Pistachio Cookie,GranOLAS,11,260,237,12039600,21.55,3,23
2026-06,Carulla,Bogotá,GRA-VAN,Vanilla Shortbread,GranOLAS,11,69,59,2531100,5.36,6,10
2026-06,Carulla,Bogotá,HAR-ALM,Harina de Almendra,Avena & Harinas,11,364,275,10766250,25.0,5,89
2026-06,Carulla,Bogotá,HAR-AVE,Harina de Avena,Avena & Harinas,11,252,189,6700050,17.18,3,63
2026-06,Carulla,Bogotá,MER-NYR,New Year Resolution,Merch,11,69,59,6667000,5.36,2,10
2026-06,Carulla,Bogotá,PAN-ALM-CHO,Almendra Choco Chips,Pancakes & Waffles,11,362,273,12858300,24.82,2,89
2026-06,Carulla,Bogotá,PAN-ALM-CHU,Almendra Churro,Pancakes & Waffles,11,240,226,10644600,20.55,5,14
2026-06,Carulla,Bogotá,PAN-ALM-VAN,Almendra Vainilla,Pancakes & Waffles,11,380,347,16343700,31.55,0,33
2026-06,Carulla,Bogotá,PAN-AVE-BAN,Avena Banano,Pancakes & Waffles,11,423,384,14265600,34.91,3,39
2026-06,Carulla,Bogotá,PAN-AVE-BRO,Avena Brownie,Pancakes & Waffles,11,128,112,4160800,10.18,4,16
2026-06,Carulla,Bogotá,PAN-AVE-VAN,Avena Vainilla,Pancakes & Waffles,11,71,71,2637650,6.45,7,0
2026-06,Carulla,Bucaramanga,AVE-HOJ,Avena en Hojuelas,Avena & Harinas,1,51,40,1418000,40.0,0,11
2026-06,Carulla,Bucaramanga,COM-3SPR,Three Pack Spread,Combos,1,3,2,291000,2.0,0,1
2026-06,Carulla,Bucaramanga,COM-DECK,Deck de Cartas,Combos,1,16,14,1582000,14.0,0,2
2026-06,Carulla,Bucaramanga,COM-ROMP,Rompecabezas,Combos,1,19,18,2034000,18.0,3,1
2026-06,Carulla,Bucaramanga,ESP-BABY,Baby Spreads,Esparcibles,1,47,47,1036350,47.0,0,0
2026-06,Carulla,Bucaramanga,ESP-BUT,Golden Butter Cookie,Esparcibles,1,22,18,1218600,18.0,2,4
2026-06,Carulla,Bucaramanga,ESP-CRE,Creamy Cocoa Hazelnut,Esparcibles,1,25,23,1262700,23.0,0,2
2026-06,Carulla,Bucaramanga,ESP-CRU,Crunchy Cocoa Hazelnut,Esparcibles,1,9,7,384300,7.0,4,2
2026-06,Carulla,Bucaramanga,ESP-PB,Peanutty Banana Shake,Esparcibles,1,42,31,1701900,31.0,1,11
2026-06,Carulla,Bucaramanga,ESP-PIS,Buttery Pistachio Cookie,Esparcibles,1,11,9,645750,9.0,0,2
2026-06,Carulla,Bucaramanga,GRA-FUD,Fudge Cake,GranOLAS,1,25,18,772200,18.0,3,7
2026-06,Carulla,Bucaramanga,GRA-VAN,Vanilla Shortbread,GranOLAS,1,56,48,2059200,48.0,3,8
2026-06,Carulla,Bucaramanga,HAR-ALM,Harina de Almendra,Avena & Harinas,1,27,20,783000,20.0,0,7
2026-06,Carulla,Bucaramanga,MER-NYR,New Year Resolution,Merch,1,13,13,1469000,13.0,0,0
2026-06,Carulla,Bucaramanga,PAN-ALM-VAN,Almendra Vainilla,Pancakes & Waffles,1,5,4,188400,4.0,0,1
2026-06,Carulla,Bucaramanga,PAN-AVE-VAN,Avena Vainilla,Pancakes & Waffles,1,2,1,37150,1.0,0,1
2026-06,Carulla,Cali,AVE-HOJ,Avena en Hojuelas,Avena & Harinas,4,13,11,389950,2.75,0,2
2026-06,Carulla,Cali,COM-3GRA,Three Pack GranOLA,Combos,4,32,29,3171150,7.25,4,3
2026-06,Carulla,Cali,COM-3MEZ,Three Pack Mezclas,Combos,4,5,4,429400,1.0,3,1
2026-06,Carulla,Cali,COM-3SPR,Three Pack Spread,Combos,4,14,10,1455000,2.5,3,4
2026-06,Carulla,Cali,COM-DECK,Deck de Cartas,Combos,4,10,9,1017000,2.25,2,1
2026-06,Carulla,Cali,COM-MIX,Perfect Mix & Match,Combos,4,48,45,3521250,11.25,2,3
2026-06,Carulla,Cali,COM-ROMP,Rompecabezas,Combos,4,20,18,2034000,4.5,0,2
2026-06,Carulla,Cali,COM-WAF,Mini Wafflera,Combos,4,20,15,1695000,3.75,5,5
2026-06,Carulla,Cali,ESP-BABY,Baby Spreads,Esparcibles,4,152,138,3042900,34.5,1,14
2026-06,Carulla,Cali,ESP-BUT,Golden Butter Cookie,Esparcibles,4,58,45,3046500,11.25,5,13
2026-06,Carulla,Cali,ESP-CIN,Golden Cinnamon Roll,Esparcibles,4,29,24,1317600,6.0,2,5
2026-06,Carulla,Cali,ESP-CRE,Creamy Cocoa Hazelnut,Esparcibles,4,87,85,4666500,21.25,4,2
2026-06,Carulla,Cali,ESP-CRU,Crunchy Cocoa Hazelnut,Esparcibles,4,21,20,1098000,5.0,0,1
2026-06,Carulla,Cali,ESP-PB,Peanutty Banana Shake,Esparcibles,4,28,28,1537200,7.0,3,0
2026-06,Carulla,Cali,ESP-PIS,Buttery Pistachio Cookie,Esparcibles,4,56,46,3300500,11.5,0,10
2026-06,Carulla,Cali,GRA-CHI,Chip Cookie,GranOLAS,4,17,13,557700,3.25,3,4
2026-06,Carulla,Cali,GRA-FUD,Fudge Cake,GranOLAS,4,8,6,257400,1.5,0,2
2026-06,Carulla,Cali,GRA-PIS,Pistachio Cookie,GranOLAS,4,70,55,2794000,13.75,0,15
2026-06,Carulla,Cali,GRA-VAN,Vanilla Shortbread,GranOLAS,4,46,44,1887600,11.0,0,2
2026-06,Carulla,Cali,HAR-ALM,Harina de Almendra,Avena & Harinas,4,37,35,1370250,8.75,1,2
2026-06,Carulla,Cali,MER-NYR,New Year Resolution,Merch,4,21,18,2034000,4.5,0,3
2026-06,Carulla,Cali,PAN-ALM-CHO,Almendra Choco Chips,Pancakes & Waffles,4,81,70,3297000,17.5,0,11
2026-06,Carulla,Cali,PAN-ALM-VAN,Almendra Vainilla,Pancakes & Waffles,4,11,8,376800,2.0,0,3
2026-06,Carulla,Cali,PAN-AVE-BAN,Avena Banano,Pancakes & Waffles,4,66,63,2340450,15.75,0,3
2026-06,Carulla,Cali,PAN-AVE-BRO,Avena Brownie,Pancakes & Waffles,4,76,60,2229000,15.0,8,16
2026-06,Carulla,Cali,PAN-AVE-VAN,Avena Vainilla,Pancakes & Waffles,4,23,22,817300,5.5,0,1
2026-06,Carulla,Cartagena,AVE-HOJ,Avena en Hojuelas,Avena & Harinas,2,20,18,638100,9.0,4,2
2026-06,Carulla,Cartagena,COM-3GRA,Three Pack GranOLA,Combos,2,28,25,2733750,12.5,1,3
2026-06,Carulla,Cartagena,COM-3MEZ,Three Pack Mezclas,Combos,2,1,0,0,0.0,3,1
2026-06,Carulla,Cartagena,COM-3SPR,Three Pack Spread,Combos,2,20,15,2182500,7.5,3,5
2026-06,Carulla,Cartagena,COM-DECK,Deck de Cartas,Combos,2,24,20,2260000,10.0,0,4
2026-06,Carulla,Cartagena,COM-MIX,Perfect Mix & Match,Combos,2,3,2,156500,1.0,0,1
2026-06,Carulla,Cartagena,ESP-CIN,Golden Cinnamon Roll,Esparcibles,2,29,21,1152900,10.5,5,8
2026-06,Carulla,Cartagena,ESP-CRE,Creamy Cocoa Hazelnut,Esparcibles,2,14,13,713700,6.5,0,1
2026-06,Carulla,Cartagena,ESP-CRU,Crunchy Cocoa Hazelnut,Esparcibles,2,34,27,1482300,13.5,0,7
2026-06,Carulla,Cartagena,ESP-PB,Peanutty Banana Shake,Esparcibles,2,8,7,384300,3.5,0,1
2026-06,Carulla,Cartagena,GRA-PIS,Pistachio Cookie,GranOLAS,2,6,4,203200,2.0,0,2
2026-06,Carulla,Cartagena,HAR-ALM,Harina de Almendra,Avena & Harinas,2,58,54,2114100,27.0,0,4
2026-06,Carulla,Cartagena,HAR-AVE,Harina de Avena,Avena & Harinas,2,10,9,319050,4.5,4,1
2026-06,Carulla,Cartagena,MER-NYR,New Year Resolution,Merch,2,45,33,3729000,16.5,1,12
2026-06,Carulla,Cartagena,PAN-ALM-CHO,Almendra Choco Chips,Pancakes & Waffles,2,4,3,141300,1.5,4,1
2026-06,Carulla,Cartagena,PAN-ALM-CHU,Almendra Churro,Pancakes & Waffles,2,58,52,2449200,26.0,0,6
2026-06,Carulla,Cartagena,PAN-ALM-VAN,Almendra Vainilla,Pancakes & Waffles,2,8,6,282600,3.0,0,2
2026-06,Carulla,Cartagena,PAN-AVE-VAN,Avena Vainilla,Pancakes & Waffles,2,28,25,928750,12.5,4,3
2026-06,Carulla,Manizales,AVE-HOJ,Avena en Hojuelas,Avena & Harinas,1,21,19,673550,19.0,7,2
2026-06,Carulla,Manizales,COM-DECK,Deck de Cartas,Combos,1,4,3,339000,3.0,0,1
2026-06,Carulla,Manizales,COM-ROMP,Rompecabezas,Combos,1,11,9,1017000,9.0,0,2
2026-06,Carulla,Manizales,ESP-CIN,Golden Cinnamon Roll,Esparcibles,1,11,8,439200,8.0,0,3
2026-06,Carulla,Manizales,ESP-CRE,Creamy Cocoa Hazelnut,Esparcibles,1,1,0,0,0.0,0,1
2026-06,Carulla,Manizales,ESP-CRU,Crunchy Cocoa Hazelnut,Esparcibles,1,44,36,1976400,36.0,3,8
2026-06,Carulla,Manizales,GRA-CHI,Chip Cookie,GranOLAS,1,28,26,1115400,26.0,4,2
2026-06,Carulla,Manizales,GRA-VAN,Vanilla Shortbread,GranOLAS,1,57,56,2402400,56.0,0,1
2026-06,Carulla,Manizales,HAR-AVE,Harina de Avena,Avena & Harinas,1,51,36,1276200,36.0,7,15
2026-06,Carulla,Manizales,PAN-AVE-BAN,Avena Banano,Pancakes & Waffles,1,3,2,74300,2.0,1,1
2026-06,Carulla,Medellín,COM-3GRA,Three Pack GranOLA,Combos,5,31,30,3280500,6.0,4,1
2026-06,Carulla,Medellín,COM-3MEZ,Three Pack Mezclas,Combos,5,75,61,6548350,12.2,2,14
2026-06,Carulla,Medellín,COM-3SPR,Three Pack Spread,Combos,5,4,3,436500,0.6,1,1
2026-06,Carulla,Medellín,COM-DECK,Deck de Cartas,Combos,5,128,107,12091000,21.4,1,21
2026-06,Carulla,Medellín,COM-MIX,Perfect Mix & Match,Combos,5,57,41,3208250,8.2,1,16
2026-06,Carulla,Medellín,COM-ROMP,Rompecabezas,Combos,5,50,50,5650000,10.0,5,0
2026-06,Carulla,Medellín,COM-WAF,Mini Wafflera,Combos,5,72,62,7006000,12.4,0,10
2026-06,Carulla,Medellín,ESP-BABY,Baby Spreads,Esparcibles,5,188,178,3924900,35.6,3,10
2026-06,Carulla,Medellín,ESP-BUT,Golden Butter Cookie,Esparcibles,5,24,24,1624800,4.8,3,0
2026-06,Carulla,Medellín,ESP-CIN,Golden Cinnamon Roll,Esparcibles,5,112,108,5929200,21.6,1,4
2026-06,Carulla,Medellín,ESP-CRE,Creamy Cocoa Hazelnut,Esparcibles,5,56,54,2964600,10.8,6,2
2026-06,Carulla,Medellín,ESP-CRU,Crunchy Cocoa Hazelnut,Esparcibles,5,26,19,1043100,3.8,2,7
2026-06,Carulla,Medellín,ESP-PB,Peanutty Banana Shake,Esparcibles,5,30,23,1262700,4.6,1,7
2026-06,Carulla,Medellín,ESP-PIS,Buttery Pistachio Cookie,Esparcibles,5,12,8,574000,1.6,0,4
2026-06,Carulla,Medellín,GRA-CHI,Chip Cookie,GranOLAS,5,25,21,900900,4.2,4,4
2026-06,Carulla,Medellín,GRA-FUD,Fudge Cake,GranOLAS,5,9,6,257400,1.2,4,3
2026-06,Carulla,Medellín,GRA-PIS,Pistachio Cookie,GranOLAS,5,5,4,203200,0.8,4,1
2026-06,Carulla,Medellín,GRA-VAN,Vanilla Shortbread,GranOLAS,5,98,83,3560700,16.6,7,15
2026-06,Carulla,Medellín,HAR-ALM,Harina de Almendra,Avena & Harinas,5,321,268,10492200,53.6,4,53
2026-06,Carulla,Medellín,HAR-AVE,Harina de Avena,Avena & Harinas,5,55,52,1843400,10.4,1,3
2026-06,Carulla,Medellín,MER-NYR,New Year Resolution,Merch,5,29,23,2599000,4.6,2,6
2026-06,Carulla,Medellín,PAN-ALM-CHO,Almendra Choco Chips,Pancakes & Waffles,5,71,63,2967300,12.6,4,8
2026-06,Carulla,Medellín,PAN-ALM-CHU,Almendra Churro,Pancakes & Waffles,5,131,108,5086800,21.6,0,23
2026-06,Carulla,Medellín,PAN-ALM-VAN,Almendra Vainilla,Pancakes & Waffles,5,15,15,706500,3.0,0,0
2026-06,Carulla,Medellín,PAN-AVE-BAN,Avena Banano,Pancakes & Waffles,5,36,31,1151650,6.2,3,5
2026-06,Carulla,Medellín,PAN-AVE-BRO,Avena Brownie,Pancakes & Waffles,5,118,113,4197950,22.6,2,5
2026-06,Carulla,Medellín,PAN-AVE-VAN,Avena Vainilla,Pancakes & Waffles,5,75,74,2749100,14.8,0,1
2026-06,Carulla,Pereira,AVE-HOJ,Avena en Hojuelas,Avena & Harinas,1,52,48,1701600,48.0,0,4
2026-06,Carulla,Pereira,COM-3GRA,Three Pack GranOLA,Combos,1,60,53,5795550,53.0,2,7
2026-06,Carulla,Pereira,COM-DECK,Deck de Cartas,Combos,1,56,55,6215000,55.0,4,1
2026-06,Carulla,Pereira,COM-MIX,Perfect Mix & Match,Combos,1,5,4,313000,4.0,0,1
2026-06,Carulla,Pereira,ESP-CIN,Golden Cinnamon Roll,Esparcibles,1,68,54,2964600,54.0,0,14
2026-06,Carulla,Pereira,ESP-CRE,Creamy Cocoa Hazelnut,Esparcibles,1,7,6,329400,6.0,1,1
2026-06,Carulla,Pereira,ESP-CRU,Crunchy Cocoa Hazelnut,Esparcibles,1,16,12,658800,12.0,4,4
2026-06,Carulla,Pereira,GRA-PIS,Pistachio Cookie,GranOLAS,1,33,25,1270000,25.0,1,8
2026-06,Carulla,Pereira,PAN-ALM-CHO,Almendra Choco Chips,Pancakes & Waffles,1,6,4,188400,4.0,0,2
2026-06,Carulla,Pereira,PAN-ALM-VAN,Almendra Vainilla,Pancakes & Waffles,1,24,20,942000,20.0,7,4
2026-06,Carulla,Pereira,PAN-AVE-BAN,Avena Banano,Pancakes & Waffles,1,126,117,4346550,117.0,3,9
2026-06,Carulla,Pereira,PAN-AVE-VAN,Avena Vainilla,Pancakes & Waffles,1,32,25,928750,25.0,0,7
2026-06,Fithub,Barranquilla,AVE-HOJ,Avena en Hojuelas,Avena & Harinas,2,22,20,771000,10.0,0,2
2026-06,Fithub,Barranquilla,COM-3GRA,Three Pack GranOLA,Combos,2,16,14,1666700,7.0,0,2
2026-06,Fithub,Barranquilla,COM-3MEZ,Three Pack Mezclas,Combos,2,8,8,934800,4.0,6,0
2026-06,Fithub,Barranquilla,COM-3SPR,Three Pack Spread,Combos,2,5,3,475200,1.5,4,2
2026-06,Fithub,Barranquilla,COM-DECK,Deck de Cartas,Combos,2,4,3,369000,1.5,0,1
2026-06,Fithub,Barranquilla,COM-ROMP,Rompecabezas,Combos,2,12,11,1353000,5.5,1,1
2026-06,Fithub,Barranquilla,COM-WAF,Mini Wafflera,Combos,2,19,17,2091000,8.5,6,2
2026-06,Fithub,Barranquilla,ESP-BABY,Baby Spreads,Esparcibles,2,52,51,1224000,25.5,0,1
2026-06,Fithub,Barranquilla,ESP-CIN,Golden Cinnamon Roll,Esparcibles,2,5,3,179250,1.5,0,2
2026-06,Fithub,Barranquilla,ESP-PB,Peanutty Banana Shake,Esparcibles,2,36,26,1553500,13.0,1,10
2026-06,Fithub,Barranquilla,ESP-PIS,Buttery Pistachio Cookie,Esparcibles,2,20,19,1483900,9.5,0,1
2026-06,Fithub,Barranquilla,GRA-FUD,Fudge Cake,GranOLAS,2,97,80,3736000,40.0,2,17
2026-06,Fithub,Barranquilla,GRA-PIS,Pistachio Cookie,GranOLAS,2,20,19,1050700,9.5,0,1
2026-06,Fithub,Barranquilla,HAR-AVE,Harina de Avena,Avena & Harinas,2,16,14,539700,7.0,0,2
2026-06,Fithub,Barranquilla,MER-NYR,New Year Resolution,Merch,2,9,7,861000,3.5,0,2
2026-06,Fithub,Barranquilla,PAN-ALM-CHO,Almendra Choco Chips,Pancakes & Waffles,2,48,37,1898100,18.5,0,11
2026-06,Fithub,Barranquilla,PAN-ALM-CHU,Almendra Churro,Pancakes & Waffles,2,1,0,0,0.0,2,1
2026-06,Fithub,Barranquilla,PAN-ALM-VAN,Almendra Vainilla,Pancakes & Waffles,2,29,28,1436400,14.0,0,1
2026-06,Fithub,Barranquilla,PAN-AVE-BAN,Avena Banano,Pancakes & Waffles,2,20,17,687650,8.5,3,3
2026-06,Fithub,Barranquilla,PAN-AVE-BRO,Avena Brownie,Pancakes & Waffles,2,4,3,121350,1.5,3,1
2026-06,Fithub,Barranquilla,PAN-AVE-VAN,Avena Vainilla,Pancakes & Waffles,2,11,10,404500,5.0,0,1
2026-06,Fithub,Bogotá,AVE-HOJ,Avena en Hojuelas,Avena & Harinas,3,72,54,2081700,18.0,2,18
2026-06,Fithub,Bogotá,COM-3GRA,Three Pack GranOLA,Combos,3,13,11,1309550,3.67,5,2
2026-06,Fithub,Bogotá,COM-3MEZ,Three Pack Mezclas,Combos,3,9,8,934800,2.67,1,1
2026-06,Fithub,Bogotá,COM-3SPR,Three Pack Spread,Combos,3,24,22,3484800,7.33,0,2
2026-06,Fithub,Bogotá,COM-DECK,Deck de Cartas,Combos,3,23,17,2091000,5.67,2,6
2026-06,Fithub,Bogotá,COM-MIX,Perfect Mix & Match,Combos,3,95,95,8094000,31.67,0,0
2026-06,Fithub,Bogotá,COM-ROMP,Rompecabezas,Combos,3,48,41,5043000,13.67,1,7
2026-06,Fithub,Bogotá,COM-WAF,Mini Wafflera,Combos,3,25,18,2214000,6.0,2,7
2026-06,Fithub,Bogotá,ESP-BABY,Baby Spreads,Esparcibles,3,218,191,4584000,63.67,2,27
2026-06,Fithub,Bogotá,ESP-BUT,Golden Butter Cookie,Esparcibles,3,44,43,3169100,14.33,6,1
2026-06,Fithub,Bogotá,ESP-CIN,Golden Cinnamon Roll,Esparcibles,3,129,111,6632250,37.0,0,18
2026-06,Fithub,Bogotá,ESP-CRE,Creamy Cocoa Hazelnut,Esparcibles,3,28,24,1434000,8.0,5,4
2026-06,Fithub,Bogotá,ESP-CRU,Crunchy Cocoa Hazelnut,Esparcibles,3,41,33,1971750,11.0,5,8
2026-06,Fithub,Bogotá,ESP-PB,Peanutty Banana Shake,Esparcibles,3,45,44,2629000,14.67,0,1
2026-06,Fithub,Bogotá,ESP-PIS,Buttery Pistachio Cookie,Esparcibles,3,49,42,3280200,14.0,2,7
2026-06,Fithub,Bogotá,GRA-CHI,Chip Cookie,GranOLAS,3,123,100,4670000,33.33,0,23
2026-06,Fithub,Bogotá,GRA-FUD,Fudge Cake,GranOLAS,3,38,30,1401000,10.0,1,8
2026-06,Fithub,Bogotá,GRA-PIS,Pistachio Cookie,GranOLAS,3,38,34,1880200,11.33,6,4
2026-06,Fithub,Bogotá,GRA-VAN,Vanilla Shortbread,GranOLAS,3,111,102,4763400,34.0,7,9
2026-06,Fithub,Bogotá,HAR-ALM,Harina de Almendra,Avena & Harinas,3,174,166,7071600,55.33,3,8
2026-06,Fithub,Bogotá,HAR-AVE,Harina de Avena,Avena & Harinas,3,194,174,6707700,58.0,2,20
2026-06,Fithub,Bogotá,MER-NYR,New Year Resolution,Merch,3,31,25,3075000,8.33,0,6
2026-06,Fithub,Bogotá,PAN-ALM-CHO,Almendra Choco Chips,Pancakes & Waffles,3,65,47,2411100,15.67,3,18
2026-06,Fithub,Bogotá,PAN-ALM-CHU,Almendra Churro,Pancakes & Waffles,3,128,113,5796900,37.67,3,15
2026-06,Fithub,Bogotá,PAN-ALM-VAN,Almendra Vainilla,Pancakes & Waffles,3,136,138,7079400,46.0,0,0
2026-06,Fithub,Bogotá,PAN-AVE-BAN,Avena Banano,Pancakes & Waffles,3,58,57,2305650,19.0,0,1
2026-06,Fithub,Bogotá,PAN-AVE-BRO,Avena Brownie,Pancakes & Waffles,3,264,220,8899000,73.33,4,44
2026-06,Fithub,Bogotá,PAN-AVE-VAN,Avena Vainilla,Pancakes & Waffles,3,81,73,2952850,24.33,0,8
2026-06,Fithub,Bucaramanga,COM-3GRA,Three Pack GranOLA,Combos,3,3,2,238100,0.67,2,1
2026-06,Fithub,Bucaramanga,COM-3MEZ,Three Pack Mezclas,Combos,3,4,3,350550,1.0,2,1
2026-06,Fithub,Bucaramanga,COM-3SPR,Three Pack Spread,Combos,3,3,2,316800,0.67,0,1
2026-06,Fithub,Bucaramanga,COM-MIX,Perfect Mix & Match,Combos,3,5,4,340800,1.33,2,1
2026-06,Fithub,Bucaramanga,COM-ROMP,Rompecabezas,Combos,3,10,9,1107000,3.0,8,1
2026-06,Fithub,Bucaramanga,COM-WAF,Mini Wafflera,Combos,3,11,10,1230000,3.33,0,1
2026-06,Fithub,Bucaramanga,ESP-BABY,Baby Spreads,Esparcibles,3,7,5,120000,1.67,1,2
2026-06,Fithub,Bucaramanga,ESP-BUT,Golden Butter Cookie,Esparcibles,3,2,1,73700,0.33,8,1
2026-06,Fithub,Bucaramanga,ESP-CRE,Creamy Cocoa Hazelnut,Esparcibles,3,7,6,358500,2.0,0,1
2026-06,Fithub,Bucaramanga,ESP-PB,Peanutty Banana Shake,Esparcibles,3,26,25,1493750,8.33,0,1
2026-06,Fithub,Bucaramanga,ESP-PIS,Buttery Pistachio Cookie,Esparcibles,3,4,3,234300,1.0,0,1
2026-06,Fithub,Bucaramanga,GRA-CHI,Chip Cookie,GranOLAS,3,2,1,46700,0.33,2,1
2026-06,Fithub,Bucaramanga,GRA-FUD,Fudge Cake,GranOLAS,3,9,8,373600,2.67,6,1
2026-06,Fithub,Bucaramanga,GRA-PIS,Pistachio Cookie,GranOLAS,3,1,1,55300,0.33,3,0
2026-06,Fithub,Bucaramanga,HAR-ALM,Harina de Almendra,Avena & Harinas,3,10,7,298200,2.33,3,3
2026-06,Fithub,Bucaramanga,HAR-AVE,Harina de Avena,Avena & Harinas,3,11,9,346950,3.0,1,2
2026-06,Fithub,Bucaramanga,MER-NYR,New Year Resolution,Merch,3,4,3,369000,1.0,0,1
2026-06,Fithub,Bucaramanga,PAN-ALM-CHO,Almendra Choco Chips,Pancakes & Waffles,3,13,9,461700,3.0,2,4
2026-06,Fithub,Bucaramanga,PAN-ALM-CHU,Almendra Churro,Pancakes & Waffles,3,24,18,923400,6.0,4,6
2026-06,Fithub,Bucaramanga,PAN-ALM-VAN,Almendra Vainilla,Pancakes & Waffles,3,15,13,666900,4.33,1,2
2026-06,Fithub,Bucaramanga,PAN-AVE-BAN,Avena Banano,Pancakes & Waffles,3,7,6,242700,2.0,7,1
2026-06,Fithub,Bucaramanga,PAN-AVE-BRO,Avena Brownie,Pancakes & Waffles,3,27,25,1011250,8.33,6,2
2026-06,Fithub,Bucaramanga,PAN-AVE-VAN,Avena Vainilla,Pancakes & Waffles,3,17,14,566300,4.67,4,3
2026-06,Fithub,Cali,AVE-HOJ,Avena en Hojuelas,Avena & Harinas,2,47,41,1580550,20.5,8,6
2026-06,Fithub,Cali,COM-3GRA,Three Pack GranOLA,Combos,2,11,9,1071450,4.5,2,2
2026-06,Fithub,Cali,COM-3MEZ,Three Pack Mezclas,Combos,2,22,19,2220150,9.5,3,3
2026-06,Fithub,Cali,COM-3SPR,Three Pack Spread,Combos,2,7,5,792000,2.5,0,2
2026-06,Fithub,Cali,COM-DECK,Deck de Cartas,Combos,2,2,1,123000,0.5,6,1
2026-06,Fithub,Cali,COM-MIX,Perfect Mix & Match,Combos,2,15,13,1107600,6.5,6,2
2026-06,Fithub,Cali,COM-WAF,Mini Wafflera,Combos,2,5,4,492000,2.0,0,1
2026-06,Fithub,Cali,ESP-CIN,Golden Cinnamon Roll,Esparcibles,2,32,31,1852250,15.5,5,1
2026-06,Fithub,Cali,ESP-CRE,Creamy Cocoa Hazelnut,Esparcibles,2,12,9,537750,4.5,3,3
2026-06,Fithub,Cali,ESP-CRU,Crunchy Cocoa Hazelnut,Esparcibles,2,9,7,418250,3.5,0,2
2026-06,Fithub,Cali,ESP-PB,Peanutty Banana Shake,Esparcibles,2,19,17,1015750,8.5,3,2
2026-06,Fithub,Cali,ESP-PIS,Buttery Pistachio Cookie,Esparcibles,2,30,28,2186800,14.0,2,2
2026-06,Fithub,Cali,GRA-CHI,Chip Cookie,GranOLAS,2,4,3,140100,1.5,0,1
2026-06,Fithub,Cali,GRA-FUD,Fudge Cake,GranOLAS,2,32,30,1401000,15.0,0,2
2026-06,Fithub,Cali,GRA-PIS,Pistachio Cookie,GranOLAS,2,33,32,1769600,16.0,6,1
2026-06,Fithub,Cali,GRA-VAN,Vanilla Shortbread,GranOLAS,2,16,15,700500,7.5,8,1
2026-06,Fithub,Cali,HAR-AVE,Harina de Avena,Avena & Harinas,2,49,48,1850400,24.0,9,1
2026-06,Fithub,Cali,MER-NYR,New Year Resolution,Merch,2,15,11,1353000,5.5,1,4
2026-06,Fithub,Cali,PAN-ALM-CHO,Almendra Choco Chips,Pancakes & Waffles,2,24,24,1231200,12.0,1,0
2026-06,Fithub,Cali,PAN-ALM-CHU,Almendra Churro,Pancakes & Waffles,2,11,10,513000,5.0,6,1
2026-06,Fithub,Cali,PAN-ALM-VAN,Almendra Vainilla,Pancakes & Waffles,2,8,6,307800,3.0,4,2
2026-06,Fithub,Cali,PAN-AVE-BAN,Avena Banano,Pancakes & Waffles,2,29,21,849450,10.5,0,8
2026-06,Fithub,Cali,PAN-AVE-BRO,Avena Brownie,Pancakes & Waffles,2,214,157,6350650,78.5,1,57
2026-06,Fithub,Cali,PAN-AVE-VAN,Avena Vainilla,Pancakes & Waffles,2,16,14,566300,7.0,3,2
2026-06,Fithub,Cartagena,AVE-HOJ,Avena en Hojuelas,Avena & Harinas,1,21,20,771000,20.0,3,1
2026-06,Fithub,Cartagena,COM-3GRA,Three Pack GranOLA,Combos,1,5,4,476200,4.0,6,1
2026-06,Fithub,Cartagena,COM-3MEZ,Three Pack Mezclas,Combos,1,6,5,584250,5.0,2,1
2026-06,Fithub,Cartagena,COM-3SPR,Three Pack Spread,Combos,1,1,0,0,0.0,6,1
2026-06,Fithub,Cartagena,ESP-BUT,Golden Butter Cookie,Esparcibles,1,6,5,368500,5.0,7,1
2026-06,Fithub,Cartagena,ESP-CIN,Golden Cinnamon Roll,Esparcibles,1,23,16,956000,16.0,4,7
2026-06,Fithub,Cartagena,ESP-CRE,Creamy Cocoa Hazelnut,Esparcibles,1,5,3,179250,3.0,2,2
2026-06,Fithub,Cartagena,ESP-CRU,Crunchy Cocoa Hazelnut,Esparcibles,1,10,9,537750,9.0,7,1
2026-06,Fithub,Cartagena,GRA-CHI,Chip Cookie,GranOLAS,1,8,8,373600,8.0,5,0
2026-06,Fithub,Cartagena,GRA-FUD,Fudge Cake,GranOLAS,1,10,9,420300,9.0,0,1
2026-06,Fithub,Cartagena,GRA-PIS,Pistachio Cookie,GranOLAS,1,6,5,276500,5.0,2,1
2026-06,Fithub,Cartagena,GRA-VAN,Vanilla Shortbread,GranOLAS,1,6,5,233500,5.0,0,1
2026-06,Fithub,Cartagena,HAR-ALM,Harina de Almendra,Avena & Harinas,1,2,1,42600,1.0,6,1
2026-06,Fithub,Cartagena,HAR-AVE,Harina de Avena,Avena & Harinas,1,33,30,1156500,30.0,3,3
2026-06,Fithub,Cartagena,MER-NYR,New Year Resolution,Merch,1,6,5,615000,5.0,4,1
2026-06,Fithub,Cartagena,PAN-AVE-VAN,Avena Vainilla,Pancakes & Waffles,1,37,28,1132600,28.0,0,9
2026-06,Fithub,Manizales,COM-3GRA,Three Pack GranOLA,Combos,1,1,0,0,0.0,0,1
2026-06,Fithub,Manizales,COM-3MEZ,Three Pack Mezclas,Combos,1,3,3,350550,3.0,7,0
2026-06,Fithub,Manizales,COM-3SPR,Three Pack Spread,Combos,1,1,0,0,0.0,3,1
2026-06,Fithub,Manizales,COM-DECK,Deck de Cartas,Combos,1,3,2,246000,2.0,0,1
2026-06,Fithub,Manizales,COM-MIX,Perfect Mix & Match,Combos,1,15,11,937200,11.0,3,4
2026-06,Fithub,Manizales,COM-ROMP,Rompecabezas,Combos,1,2,1,123000,1.0,0,1
2026-06,Fithub,Manizales,ESP-BABY,Baby Spreads,Esparcibles,1,19,15,360000,15.0,4,4
2026-06,Fithub,Manizales,ESP-BUT,Golden Butter Cookie,Esparcibles,1,4,3,221100,3.0,5,1
2026-06,Fithub,Manizales,ESP-CIN,Golden Cinnamon Roll,Esparcibles,1,11,8,478000,8.0,0,3
2026-06,Fithub,Manizales,ESP-PB,Peanutty Banana Shake,Esparcibles,1,5,3,179250,3.0,4,2
2026-06,Fithub,Manizales,ESP-PIS,Buttery Pistachio Cookie,Esparcibles,1,12,11,859100,11.0,1,1
2026-06,Fithub,Manizales,GRA-PIS,Pistachio Cookie,GranOLAS,1,11,9,497700,9.0,0,2
2026-06,Fithub,Manizales,GRA-VAN,Vanilla Shortbread,GranOLAS,1,45,38,1774600,38.0,3,7
2026-06,Fithub,Manizales,PAN-ALM-CHU,Almendra Churro,Pancakes & Waffles,1,1,1,51300,1.0,6,0
2026-06,Fithub,Manizales,PAN-AVE-BAN,Avena Banano,Pancakes & Waffles,1,35,27,1092150,27.0,2,8
2026-06,Fithub,Medellín,AVE-HOJ,Avena en Hojuelas,Avena & Harinas,4,9,7,269850,1.75,3,2
2026-06,Fithub,Medellín,COM-3GRA,Three Pack GranOLA,Combos,4,8,6,714300,1.5,2,2
2026-06,Fithub,Medellín,COM-3MEZ,Three Pack Mezclas,Combos,4,5,4,467400,1.0,6,1
2026-06,Fithub,Medellín,COM-3SPR,Three Pack Spread,Combos,4,1,0,0,0.0,0,1
2026-06,Fithub,Medellín,COM-DECK,Deck de Cartas,Combos,4,17,15,1845000,3.75,1,2
2026-06,Fithub,Medellín,COM-MIX,Perfect Mix & Match,Combos,4,3,2,170400,0.5,3,1
2026-06,Fithub,Medellín,COM-ROMP,Rompecabezas,Combos,4,4,3,369000,0.75,3,1
2026-06,Fithub,Medellín,COM-WAF,Mini Wafflera,Combos,4,21,18,2214000,4.5,5,3
2026-06,Fithub,Medellín,ESP-BABY,Baby Spreads,Esparcibles,4,31,31,744000,7.75,2,0
2026-06,Fithub,Medellín,ESP-BUT,Golden Butter Cookie,Esparcibles,4,40,40,2948000,10.0,2,0
2026-06,Fithub,Medellín,ESP-CIN,Golden Cinnamon Roll,Esparcibles,4,5,5,298750,1.25,0,0
2026-06,Fithub,Medellín,ESP-CRE,Creamy Cocoa Hazelnut,Esparcibles,4,21,15,896250,3.75,7,6
2026-06,Fithub,Medellín,ESP-CRU,Crunchy Cocoa Hazelnut,Esparcibles,4,7,6,358500,1.5,0,1
2026-06,Fithub,Medellín,ESP-PB,Peanutty Banana Shake,Esparcibles,4,6,5,298750,1.25,4,1
2026-06,Fithub,Medellín,ESP-PIS,Buttery Pistachio Cookie,Esparcibles,4,5,4,312400,1.0,2,1
2026-06,Fithub,Medellín,GRA-CHI,Chip Cookie,GranOLAS,4,72,68,3175600,17.0,4,4
2026-06,Fithub,Medellín,GRA-FUD,Fudge Cake,GranOLAS,4,45,36,1681200,9.0,2,9
2026-06,Fithub,Medellín,GRA-PIS,Pistachio Cookie,GranOLAS,4,12,11,608300,2.75,0,1
2026-06,Fithub,Medellín,GRA-VAN,Vanilla Shortbread,GranOLAS,4,48,46,2148200,11.5,2,2
2026-06,Fithub,Medellín,HAR-ALM,Harina de Almendra,Avena & Harinas,4,23,23,979800,5.75,0,0
2026-06,Fithub,Medellín,HAR-AVE,Harina de Avena,Avena & Harinas,4,43,33,1272150,8.25,6,10
2026-06,Fithub,Medellín,MER-NYR,New Year Resolution,Merch,4,9,6,738000,1.5,3,3
2026-06,Fithub,Medellín,PAN-ALM-CHO,Almendra Choco Chips,Pancakes & Waffles,4,18,17,872100,4.25,0,1
2026-06,Fithub,Medellín,PAN-ALM-CHU,Almendra Churro,Pancakes & Waffles,4,33,28,1436400,7.0,6,5
2026-06,Fithub,Medellín,PAN-ALM-VAN,Almendra Vainilla,Pancakes & Waffles,4,62,53,2718900,13.25,2,9
2026-06,Fithub,Medellín,PAN-AVE-BAN,Avena Banano,Pancakes & Waffles,4,22,18,728100,4.5,4,4
2026-06,Fithub,Medellín,PAN-AVE-BRO,Avena Brownie,Pancakes & Waffles,4,38,35,1415750,8.75,3,3
2026-06,Fithub,Medellín,PAN-AVE-VAN,Avena Vainilla,Pancakes & Waffles,4,32,32,1294400,8.0,3,0
2026-06,Tiendas naturistas,Barranquilla,AVE-HOJ,Avena en Hojuelas,Avena & Harinas,2,16,14,518000,7.0,1,2
2026-06,Tiendas naturistas,Barranquilla,COM-3GRA,Three Pack GranOLA,Combos,2,19,16,1827200,8.0,4,3
2026-06,Tiendas naturistas,Barranquilla,COM-3MEZ,Three Pack Mezclas,Combos,2,7,5,560500,2.5,7,2
2026-06,Tiendas naturistas,Barranquilla,COM-3SPR,Three Pack Spread,Combos,2,9,7,1063650,3.5,5,2
2026-06,Tiendas naturistas,Barranquilla,COM-DECK,Deck de Cartas,Combos,2,5,4,472000,2.0,0,1
2026-06,Tiendas naturistas,Barranquilla,COM-WAF,Mini Wafflera,Combos,2,21,18,2124000,9.0,0,3
2026-06,Tiendas naturistas,Barranquilla,ESP-BABY,Baby Spreads,Esparcibles,2,32,27,621000,13.5,4,5
2026-06,Tiendas naturistas,Barranquilla,ESP-BUT,Golden Butter Cookie,Esparcibles,2,47,47,3322900,23.5,0,0
2026-06,Tiendas naturistas,Barranquilla,ESP-CIN,Golden Cinnamon Roll,Esparcibles,2,28,26,1491100,13.0,2,2
2026-06,Tiendas naturistas,Barranquilla,ESP-CRU,Crunchy Cocoa Hazelnut,Esparcibles,2,63,54,3096900,27.0,3,9
2026-06,Tiendas naturistas,Barranquilla,ESP-PB,Peanutty Banana Shake,Esparcibles,2,10,8,458800,4.0,5,2
2026-06,Tiendas naturistas,Barranquilla,ESP-PIS,Buttery Pistachio Cookie,Esparcibles,2,9,9,674550,4.5,0,0
2026-06,Tiendas naturistas,Barranquilla,GRA-CHI,Chip Cookie,GranOLAS,2,8,6,268800,3.0,2,2
2026-06,Tiendas naturistas,Barranquilla,GRA-FUD,Fudge Cake,GranOLAS,2,20,14,627200,7.0,2,6
2026-06,Tiendas naturistas,Barranquilla,GRA-PIS,Pistachio Cookie,GranOLAS,2,33,26,1379300,13.0,4,7
2026-06,Tiendas naturistas,Barranquilla,GRA-VAN,Vanilla Shortbread,GranOLAS,2,48,43,1926400,21.5,2,5
2026-06,Tiendas naturistas,Barranquilla,HAR-ALM,Harina de Almendra,Avena & Harinas,2,18,17,695300,8.5,5,1
2026-06,Tiendas naturistas,Barranquilla,MER-NYR,New Year Resolution,Merch,2,4,3,354000,1.5,2,1
2026-06,Tiendas naturistas,Barranquilla,PAN-ALM-CHO,Almendra Choco Chips,Pancakes & Waffles,2,44,41,2017200,20.5,1,3
2026-06,Tiendas naturistas,Barranquilla,PAN-ALM-CHU,Almendra Churro,Pancakes & Waffles,2,18,17,836400,8.5,9,1
2026-06,Tiendas naturistas,Barranquilla,PAN-ALM-VAN,Almendra Vainilla,Pancakes & Waffles,2,8,7,344400,3.5,4,1
2026-06,Tiendas naturistas,Barranquilla,PAN-AVE-BAN,Avena Banano,Pancakes & Waffles,2,41,40,1552000,20.0,4,1
2026-06,Tiendas naturistas,Barranquilla,PAN-AVE-BRO,Avena Brownie,Pancakes & Waffles,2,38,28,1086400,14.0,1,10
2026-06,Tiendas naturistas,Bogotá,AVE-HOJ,Avena en Hojuelas,Avena & Harinas,31,154,129,4773000,4.16,4,25
2026-06,Tiendas naturistas,Bogotá,COM-3GRA,Three Pack GranOLA,Combos,31,19,18,2055600,0.58,1,1
2026-06,Tiendas naturistas,Bogotá,COM-3MEZ,Three Pack Mezclas,Combos,31,19,18,2017800,0.58,6,1
2026-06,Tiendas naturistas,Bogotá,COM-3SPR,Three Pack Spread,Combos,31,40,37,5622150,1.19,1,3
2026-06,Tiendas naturistas,Bogotá,COM-DECK,Deck de Cartas,Combos,31,30,23,2714000,0.74,0,7
2026-06,Tiendas naturistas,Bogotá,COM-MIX,Perfect Mix & Match,Combos,31,38,37,3022900,1.19,8,1
2026-06,Tiendas naturistas,Bogotá,COM-ROMP,Rompecabezas,Combos,31,25,25,2950000,0.81,4,0
2026-06,Tiendas naturistas,Bogotá,COM-WAF,Mini Wafflera,Combos,31,27,20,2360000,0.65,2,7
2026-06,Tiendas naturistas,Bogotá,ESP-BABY,Baby Spreads,Esparcibles,31,76,64,1472000,2.06,3,12
2026-06,Tiendas naturistas,Bogotá,ESP-BUT,Golden Butter Cookie,Esparcibles,31,52,43,3040100,1.39,0,9
2026-06,Tiendas naturistas,Bogotá,ESP-CIN,Golden Cinnamon Roll,Esparcibles,31,35,29,1663150,0.94,8,6
2026-06,Tiendas naturistas,Bogotá,ESP-CRE,Creamy Cocoa Hazelnut,Esparcibles,31,58,49,2810150,1.58,6,9
2026-06,Tiendas naturistas,Bogotá,ESP-CRU,Crunchy Cocoa Hazelnut,Esparcibles,31,57,47,2695450,1.52,7,10
2026-06,Tiendas naturistas,Bogotá,ESP-PB,Peanutty Banana Shake,Esparcibles,31,31,24,1376400,0.77,5,7
2026-06,Tiendas naturistas,Bogotá,ESP-PIS,Buttery Pistachio Cookie,Esparcibles,31,38,34,2548300,1.1,0,4
2026-06,Tiendas naturistas,Bogotá,GRA-CHI,Chip Cookie,GranOLAS,31,94,91,4076800,2.94,5,3
2026-06,Tiendas naturistas,Bogotá,GRA-FUD,Fudge Cake,GranOLAS,31,78,62,2777600,2.0,2,16
2026-06,Tiendas naturistas,Bogotá,GRA-PIS,Pistachio Cookie,GranOLAS,31,24,24,1273200,0.77,3,0
2026-06,Tiendas naturistas,Bogotá,GRA-VAN,Vanilla Shortbread,GranOLAS,31,49,42,1881600,1.35,3,7
2026-06,Tiendas naturistas,Bogotá,HAR-ALM,Harina de Almendra,Avena & Harinas,31,142,142,5807800,4.58,0,0
2026-06,Tiendas naturistas,Bogotá,HAR-AVE,Harina de Avena,Avena & Harinas,31,36,26,962000,0.84,1,10
2026-06,Tiendas naturistas,Bogotá,MER-NYR,New Year Resolution,Merch,31,36,31,3658000,1.0,2,5
2026-06,Tiendas naturistas,Bogotá,PAN-ALM-CHO,Almendra Choco Chips,Pancakes & Waffles,31,47,40,1968000,1.29,5,7
2026-06,Tiendas naturistas,Bogotá,PAN-ALM-CHU,Almendra Churro,Pancakes & Waffles,31,141,124,6100800,4.0,0,17
2026-06,Tiendas naturistas,Bogotá,PAN-ALM-VAN,Almendra Vainilla,Pancakes & Waffles,31,41,30,1476000,0.97,3,11
2026-06,Tiendas naturistas,Bogotá,PAN-AVE-BAN,Avena Banano,Pancakes & Waffles,31,7,6,232800,0.19,1,1
2026-06,Tiendas naturistas,Bogotá,PAN-AVE-BRO,Avena Brownie,Pancakes & Waffles,31,22,17,659600,0.55,2,5
2026-06,Tiendas naturistas,Bogotá,PAN-AVE-VAN,Avena Vainilla,Pancakes & Waffles,31,115,100,3880000,3.23,2,15
2026-06,Tiendas naturistas,Bucaramanga,COM-MIX,Perfect Mix & Match,Combos,2,20,14,1143800,7.0,2,6
2026-06,Tiendas naturistas,Bucaramanga,COM-WAF,Mini Wafflera,Combos,2,14,14,1652000,7.0,2,0
2026-06,Tiendas naturistas,Bucaramanga,ESP-BABY,Baby Spreads,Esparcibles,2,68,55,1265000,27.5,2,13
2026-06,Tiendas naturistas,Bucaramanga,ESP-BUT,Golden Butter Cookie,Esparcibles,2,60,51,3605700,25.5,0,9
2026-06,Tiendas naturistas,Bucaramanga,ESP-CIN,Golden Cinnamon Roll,Esparcibles,2,24,20,1147000,10.0,5,4
2026-06,Tiendas naturistas,Bucaramanga,ESP-CRE,Creamy Cocoa Hazelnut,Esparcibles,2,20,15,860250,7.5,1,5
2026-06,Tiendas naturistas,Bucaramanga,ESP-PB,Peanutty Banana Shake,Esparcibles,2,2,1,57350,0.5,4,1
2026-06,Tiendas naturistas,Bucaramanga,ESP-PIS,Buttery Pistachio Cookie,Esparcibles,2,6,4,299800,2.0,3,2
2026-06,Tiendas naturistas,Bucaramanga,GRA-CHI,Chip Cookie,GranOLAS,2,21,17,761600,8.5,0,4
2026-06,Tiendas naturistas,Bucaramanga,GRA-FUD,Fudge Cake,GranOLAS,2,3,2,89600,1.0,6,1
2026-06,Tiendas naturistas,Bucaramanga,PAN-ALM-CHO,Almendra Choco Chips,Pancakes & Waffles,2,8,7,344400,3.5,0,1
2026-06,Tiendas naturistas,Bucaramanga,PAN-ALM-CHU,Almendra Churro,Pancakes & Waffles,2,12,11,541200,5.5,3,1
2026-06,Tiendas naturistas,Bucaramanga,PAN-ALM-VAN,Almendra Vainilla,Pancakes & Waffles,2,29,24,1180800,12.0,3,5
2026-06,Tiendas naturistas,Cali,AVE-HOJ,Avena en Hojuelas,Avena & Harinas,5,55,49,1813000,9.8,2,6
2026-06,Tiendas naturistas,Cali,COM-3GRA,Three Pack GranOLA,Combos,5,5,4,456800,0.8,1,1
2026-06,Tiendas naturistas,Cali,COM-3MEZ,Three Pack Mezclas,Combos,5,13,11,1233100,2.2,9,2
2026-06,Tiendas naturistas,Cali,COM-3SPR,Three Pack Spread,Combos,5,8,7,1063650,1.4,2,1
2026-06,Tiendas naturistas,Cali,COM-DECK,Deck de Cartas,Combos,5,7,6,708000,1.2,5,1
2026-06,Tiendas naturistas,Cali,COM-MIX,Perfect Mix & Match,Combos,5,5,3,245100,0.6,1,2
2026-06,Tiendas naturistas,Cali,COM-ROMP,Rompecabezas,Combos,5,10,8,944000,1.6,3,2
2026-06,Tiendas naturistas,Cali,COM-WAF,Mini Wafflera,Combos,5,4,3,354000,0.6,1,1
2026-06,Tiendas naturistas,Cali,ESP-BABY,Baby Spreads,Esparcibles,5,5,4,92000,0.8,2,1
2026-06,Tiendas naturistas,Cali,ESP-BUT,Golden Butter Cookie,Esparcibles,5,6,4,282800,0.8,1,2
2026-06,Tiendas naturistas,Cali,ESP-CIN,Golden Cinnamon Roll,Esparcibles,5,63,61,3498350,12.2,1,2
2026-06,Tiendas naturistas,Cali,ESP-CRE,Creamy Cocoa Hazelnut,Esparcibles,5,29,29,1663150,5.8,2,0
2026-06,Tiendas naturistas,Cali,ESP-CRU,Crunchy Cocoa Hazelnut,Esparcibles,5,27,24,1376400,4.8,1,3
2026-06,Tiendas naturistas,Cali,ESP-PB,Peanutty Banana Shake,Esparcibles,5,21,19,1089650,3.8,0,2
2026-06,Tiendas naturistas,Cali,ESP-PIS,Buttery Pistachio Cookie,Esparcibles,5,2,1,74950,0.2,6,1
2026-06,Tiendas naturistas,Cali,GRA-PIS,Pistachio Cookie,GranOLAS,5,93,85,4509250,17.0,3,8
2026-06,Tiendas naturistas,Cali,GRA-VAN,Vanilla Shortbread,GranOLAS,5,10,9,403200,1.8,2,1
2026-06,Tiendas naturistas,Cali,HAR-ALM,Harina de Almendra,Avena & Harinas,5,36,30,1227000,6.0,4,6
2026-06,Tiendas naturistas,Cali,HAR-AVE,Harina de Avena,Avena & Harinas,5,8,7,259000,1.4,2,1
2026-06,Tiendas naturistas,Cali,MER-NYR,New Year Resolution,Merch,5,1,1,118000,0.2,0,0
2026-06,Tiendas naturistas,Cali,PAN-ALM-CHO,Almendra Choco Chips,Pancakes & Waffles,5,30,30,1476000,6.0,0,0
2026-06,Tiendas naturistas,Cali,PAN-ALM-CHU,Almendra Churro,Pancakes & Waffles,5,26,19,934800,3.8,0,7
2026-06,Tiendas naturistas,Cali,PAN-ALM-VAN,Almendra Vainilla,Pancakes & Waffles,5,36,35,1722000,7.0,6,1
2026-06,Tiendas naturistas,Cali,PAN-AVE-BRO,Avena Brownie,Pancakes & Waffles,5,28,22,853600,4.4,10,6
2026-06,Tiendas naturistas,Cali,PAN-AVE-VAN,Avena Vainilla,Pancakes & Waffles,5,11,9,349200,1.8,5,2
2026-06,Tiendas naturistas,Cartagena,COM-3MEZ,Three Pack Mezclas,Combos,4,15,12,1345200,3.0,1,3
2026-06,Tiendas naturistas,Cartagena,COM-3SPR,Three Pack Spread,Combos,4,4,3,455850,0.75,3,1
2026-06,Tiendas naturistas,Cartagena,COM-DECK,Deck de Cartas,Combos,4,9,7,826000,1.75,1,2
2026-06,Tiendas naturistas,Cartagena,COM-MIX,Perfect Mix & Match,Combos,4,26,21,1715700,5.25,2,5
2026-06,Tiendas naturistas,Cartagena,COM-ROMP,Rompecabezas,Combos,4,5,4,472000,1.0,1,1
2026-06,Tiendas naturistas,Cartagena,COM-WAF,Mini Wafflera,Combos,4,10,9,1062000,2.25,7,1
2026-06,Tiendas naturistas,Cartagena,ESP-CIN,Golden Cinnamon Roll,Esparcibles,4,15,12,688200,3.0,0,3
2026-06,Tiendas naturistas,Cartagena,ESP-CRU,Crunchy Cocoa Hazelnut,Esparcibles,4,4,3,172050,0.75,5,1
2026-06,Tiendas naturistas,Cartagena,ESP-PB,Peanutty Banana Shake,Esparcibles,4,62,51,2924850,12.75,0,11
2026-06,Tiendas naturistas,Cartagena,ESP-PIS,Buttery Pistachio Cookie,Esparcibles,4,14,13,974350,3.25,0,1
2026-06,Tiendas naturistas,Cartagena,GRA-CHI,Chip Cookie,GranOLAS,4,1,1,44800,0.25,3,0
2026-06,Tiendas naturistas,Cartagena,GRA-FUD,Fudge Cake,GranOLAS,4,25,23,1030400,5.75,1,2
2026-06,Tiendas naturistas,Cartagena,GRA-PIS,Pistachio Cookie,GranOLAS,4,10,9,477450,2.25,1,1
2026-06,Tiendas naturistas,Cartagena,GRA-VAN,Vanilla Shortbread,GranOLAS,4,32,28,1254400,7.0,5,4
2026-06,Tiendas naturistas,Cartagena,HAR-ALM,Harina de Almendra,Avena & Harinas,4,8,6,245400,1.5,4,2
2026-06,Tiendas naturistas,Cartagena,PAN-ALM-CHO,Almendra Choco Chips,Pancakes & Waffles,4,15,11,541200,2.75,0,4
2026-06,Tiendas naturistas,Cartagena,PAN-ALM-CHU,Almendra Churro,Pancakes & Waffles,4,49,44,2164800,11.0,0,5
2026-06,Tiendas naturistas,Cartagena,PAN-ALM-VAN,Almendra Vainilla,Pancakes & Waffles,4,12,11,541200,2.75,6,1
2026-06,Tiendas naturistas,Cartagena,PAN-AVE-BAN,Avena Banano,Pancakes & Waffles,4,3,3,116400,0.75,6,0
2026-06,Tiendas naturistas,Cartagena,PAN-AVE-VAN,Avena Vainilla,Pancakes & Waffles,4,71,60,2328000,15.0,2,11
2026-06,Tiendas naturistas,Medellín,AVE-HOJ,Avena en Hojuelas,Avena & Harinas,13,171,133,4921000,10.23,2,38
2026-06,Tiendas naturistas,Medellín,COM-3GRA,Three Pack GranOLA,Combos,13,5,4,456800,0.31,6,1
2026-06,Tiendas naturistas,Medellín,COM-3MEZ,Three Pack Mezclas,Combos,13,40,30,3363000,2.31,0,10
2026-06,Tiendas naturistas,Medellín,COM-3SPR,Three Pack Spread,Combos,13,7,5,759750,0.38,7,2
2026-06,Tiendas naturistas,Medellín,COM-DECK,Deck de Cartas,Combos,13,3,2,236000,0.15,2,1
2026-06,Tiendas naturistas,Medellín,COM-MIX,Perfect Mix & Match,Combos,13,26,22,1797400,1.69,0,4
2026-06,Tiendas naturistas,Medellín,COM-ROMP,Rompecabezas,Combos,13,19,19,2242000,1.46,3,0
2026-06,Tiendas naturistas,Medellín,COM-WAF,Mini Wafflera,Combos,13,8,7,826000,0.54,5,1
2026-06,Tiendas naturistas,Medellín,ESP-BABY,Baby Spreads,Esparcibles,13,271,241,5543000,18.54,4,30
2026-06,Tiendas naturistas,Medellín,ESP-BUT,Golden Butter Cookie,Esparcibles,13,66,54,3817800,4.15,2,12
2026-06,Tiendas naturistas,Medellín,ESP-CIN,Golden Cinnamon Roll,Esparcibles,13,60,59,3383650,4.54,4,1
2026-06,Tiendas naturistas,Medellín,ESP-CRE,Creamy Cocoa Hazelnut,Esparcibles,13,8,6,344100,0.46,0,2
2026-06,Tiendas naturistas,Medellín,ESP-CRU,Crunchy Cocoa Hazelnut,Esparcibles,13,26,21,1204350,1.62,1,5
2026-06,Tiendas naturistas,Medellín,ESP-PB,Peanutty Banana Shake,Esparcibles,13,45,45,2580750,3.46,0,0
2026-06,Tiendas naturistas,Medellín,ESP-PIS,Buttery Pistachio Cookie,Esparcibles,13,15,12,899400,0.92,0,3
2026-06,Tiendas naturistas,Medellín,GRA-CHI,Chip Cookie,GranOLAS,13,56,51,2284800,3.92,3,5
2026-06,Tiendas naturistas,Medellín,GRA-FUD,Fudge Cake,GranOLAS,13,69,53,2374400,4.08,6,16
2026-06,Tiendas naturistas,Medellín,GRA-PIS,Pistachio Cookie,GranOLAS,13,29,28,1485400,2.15,2,1
2026-06,Tiendas naturistas,Medellín,GRA-VAN,Vanilla Shortbread,GranOLAS,13,30,26,1164800,2.0,4,4
2026-06,Tiendas naturistas,Medellín,HAR-ALM,Harina de Almendra,Avena & Harinas,13,60,48,1963200,3.69,3,12
2026-06,Tiendas naturistas,Medellín,HAR-AVE,Harina de Avena,Avena & Harinas,13,22,18,666000,1.38,0,4
2026-06,Tiendas naturistas,Medellín,MER-NYR,New Year Resolution,Merch,13,7,6,708000,0.46,2,1
2026-06,Tiendas naturistas,Medellín,PAN-ALM-CHO,Almendra Choco Chips,Pancakes & Waffles,13,71,68,3345600,5.23,1,3
2026-06,Tiendas naturistas,Medellín,PAN-ALM-CHU,Almendra Churro,Pancakes & Waffles,13,73,70,3444000,5.38,2,3
2026-06,Tiendas naturistas,Medellín,PAN-ALM-VAN,Almendra Vainilla,Pancakes & Waffles,13,98,99,4870800,7.62,0,0
2026-06,Tiendas naturistas,Medellín,PAN-AVE-BAN,Avena Banano,Pancakes & Waffles,13,33,32,1241600,2.46,0,1
2026-06,Tiendas naturistas,Medellín,PAN-AVE-BRO,Avena Brownie,Pancakes & Waffles,13,49,43,1668400,3.31,0,6
2026-06,Tiendas naturistas,Medellín,PAN-AVE-VAN,Avena Vainilla,Pancakes & Waffles,13,29,23,892400,1.77,0,6
2026-06,Tiendas naturistas,Pereira,COM-ROMP,Rompecabezas,Combos,4,4,3,354000,0.75,0,1
2026-06,Tiendas naturistas,Pereira,COM-WAF,Mini Wafflera,Combos,4,1,1,118000,0.25,7,0
2026-06,Tiendas naturistas,Pereira,HAR-AVE,Harina de Avena,Avena & Harinas,4,16,14,518000,3.5,4,2
2026-06,Tiendas naturistas,Pereira,MER-NYR,New Year Resolution,Merch,4,2,1,118000,0.25,0,1
2026-06,Tiendas naturistas,Pereira,PAN-ALM-CHO,Almendra Choco Chips,Pancakes & Waffles,4,10,9,442800,2.25,1,1
2026-06,Tiendas naturistas,Pereira,PAN-AVE-BAN,Avena Banano,Pancakes & Waffles,4,9,8,310400,2.0,0,1
2026-06,Tiendas naturistas,Pereira,PAN-AVE-BRO,Avena Brownie,Pancakes & Waffles,4,3,3,116400,0.75,0,0
2026-06,Éxito,Barranquilla,AVE-HOJ,Avena en Hojuelas,Avena & Harinas,5,170,164,5707200,32.8,0,6
2026-06,Éxito,Barranquilla,COM-3GRA,Three Pack GranOLA,Combos,5,24,18,1933200,3.6,2,6
2026-06,Éxito,Barranquilla,COM-3MEZ,Three Pack Mezclas,Combos,5,16,12,1265400,2.4,0,4
2026-06,Éxito,Barranquilla,COM-3SPR,Three Pack Spread,Combos,5,32,23,3287850,4.6,0,9
2026-06,Éxito,Barranquilla,COM-DECK,Deck de Cartas,Combos,5,3,2,222000,0.4,3,1
2026-06,Éxito,Barranquilla,COM-MIX,Perfect Mix & Match,Combos,5,16,12,922800,2.4,1,4
2026-06,Éxito,Barranquilla,COM-ROMP,Rompecabezas,Combos,5,34,34,3774000,6.8,3,0
2026-06,Éxito,Barranquilla,COM-WAF,Mini Wafflera,Combos,5,8,8,888000,1.6,2,0
2026-06,Éxito,Barranquilla,ESP-BABY,Baby Spreads,Esparcibles,5,41,33,714450,6.6,8,8
2026-06,Éxito,Barranquilla,ESP-BUT,Golden Butter Cookie,Esparcibles,5,5,4,266000,0.8,4,1
2026-06,Éxito,Barranquilla,ESP-CIN,Golden Cinnamon Roll,Esparcibles,5,18,18,971100,3.6,0,0
2026-06,Éxito,Barranquilla,ESP-CRE,Creamy Cocoa Hazelnut,Esparcibles,5,50,49,2643550,9.8,13,1
2026-06,Éxito,Barranquilla,ESP-CRU,Crunchy Cocoa Hazelnut,Esparcibles,5,69,62,3344900,12.4,2,7
2026-06,Éxito,Barranquilla,ESP-PB,Peanutty Banana Shake,Esparcibles,5,47,43,2319850,8.6,1,4
2026-06,Éxito,Barranquilla,ESP-PIS,Buttery Pistachio Cookie,Esparcibles,5,184,168,11844000,33.6,2,16
2026-06,Éxito,Barranquilla,GRA-CHI,Chip Cookie,GranOLAS,5,42,32,1347200,6.4,0,10
2026-06,Éxito,Barranquilla,GRA-FUD,Fudge Cake,GranOLAS,5,159,138,5809800,27.6,3,21
2026-06,Éxito,Barranquilla,GRA-PIS,Pistachio Cookie,GranOLAS,5,172,141,7035900,28.2,9,31
2026-06,Éxito,Barranquilla,HAR-ALM,Harina de Almendra,Avena & Harinas,5,14,10,384500,2.0,7,4
2026-06,Éxito,Barranquilla,MER-NYR,New Year Resolution,Merch,5,92,66,7326000,13.2,7,26
2026-06,Éxito,Barranquilla,PAN-ALM-CHO,Almendra Choco Chips,Pancakes & Waffles,5,172,141,6528300,28.2,3,31
2026-06,Éxito,Barranquilla,PAN-ALM-CHU,Almendra Churro,Pancakes & Waffles,5,127,116,5370800,23.2,3,11
2026-06,Éxito,Barranquilla,PAN-ALM-VAN,Almendra Vainilla,Pancakes & Waffles,5,270,220,10186000,44.0,1,50
2026-06,Éxito,Barranquilla,PAN-AVE-BRO,Avena Brownie,Pancakes & Waffles,5,226,228,8322000,45.6,3,0
2026-06,Éxito,Barranquilla,PAN-AVE-VAN,Avena Vainilla,Pancakes & Waffles,5,80,75,2737500,15.0,4,5
2026-06,Éxito,Bogotá,AVE-HOJ,Avena en Hojuelas,Avena & Harinas,22,63,51,1774800,2.32,0,12
2026-06,Éxito,Bogotá,COM-3GRA,Three Pack GranOLA,Combos,22,94,90,9666000,4.09,1,4
2026-06,Éxito,Bogotá,COM-3MEZ,Three Pack Mezclas,Combos,22,109,92,9701400,4.18,2,17
2026-06,Éxito,Bogotá,COM-3SPR,Three Pack Spread,Combos,22,129,124,17725800,5.64,0,5
2026-06,Éxito,Bogotá,COM-DECK,Deck de Cartas,Combos,22,85,86,9546000,3.91,0,0
2026-06,Éxito,Bogotá,COM-MIX,Perfect Mix & Match,Combos,22,219,173,13303700,7.86,2,46
2026-06,Éxito,Bogotá,COM-ROMP,Rompecabezas,Combos,22,30,25,2775000,1.14,4,5
2026-06,Éxito,Bogotá,COM-WAF,Mini Wafflera,Combos,22,34,34,3774000,1.55,6,0
2026-06,Éxito,Bogotá,ESP-BABY,Baby Spreads,Esparcibles,22,585,549,11885850,24.95,2,36
2026-06,Éxito,Bogotá,ESP-BUT,Golden Butter Cookie,Esparcibles,22,132,110,7315000,5.0,0,22
2026-06,Éxito,Bogotá,ESP-CIN,Golden Cinnamon Roll,Esparcibles,22,167,138,7445100,6.27,0,29
2026-06,Éxito,Bogotá,ESP-CRE,Creamy Cocoa Hazelnut,Esparcibles,22,140,110,5934500,5.0,2,30
2026-06,Éxito,Bogotá,ESP-CRU,Crunchy Cocoa Hazelnut,Esparcibles,22,223,202,10897900,9.18,3,21
2026-06,Éxito,Bogotá,ESP-PB,Peanutty Banana Shake,Esparcibles,22,78,74,3992300,3.36,0,4
2026-06,Éxito,Bogotá,ESP-PIS,Buttery Pistachio Cookie,Esparcibles,22,113,86,6063000,3.91,2,27
2026-06,Éxito,Bogotá,GRA-CHI,Chip Cookie,GranOLAS,22,98,94,3957400,4.27,0,4
2026-06,Éxito,Bogotá,GRA-FUD,Fudge Cake,GranOLAS,22,253,223,9388300,10.14,0,30
2026-06,Éxito,Bogotá,GRA-PIS,Pistachio Cookie,GranOLAS,22,267,208,10379200,9.45,6,59
2026-06,Éxito,Bogotá,GRA-VAN,Vanilla Shortbread,GranOLAS,22,86,76,3199600,3.45,7,10
2026-06,Éxito,Bogotá,HAR-ALM,Harina de Almendra,Avena & Harinas,22,208,152,5844400,6.91,0,56
2026-06,Éxito,Bogotá,HAR-AVE,Harina de Avena,Avena & Harinas,22,357,355,12354000,16.14,1,2
2026-06,Éxito,Bogotá,MER-NYR,New Year Resolution,Merch,22,32,25,2775000,1.14,3,7
2026-06,Éxito,Bogotá,PAN-ALM-CHO,Almendra Choco Chips,Pancakes & Waffles,22,410,405,18751500,18.41,3,5
2026-06,Éxito,Bogotá,PAN-ALM-CHU,Almendra Churro,Pancakes & Waffles,22,138,106,4907800,4.82,0,32
2026-06,Éxito,Bogotá,PAN-ALM-VAN,Almendra Vainilla,Pancakes & Waffles,22,105,104,4815200,4.73,8,1
2026-06,Éxito,Bogotá,PAN-AVE-BAN,Avena Banano,Pancakes & Waffles,22,304,258,9417000,11.73,0,46
2026-06,Éxito,Bogotá,PAN-AVE-BRO,Avena Brownie,Pancakes & Waffles,22,58,48,1752000,2.18,5,10
2026-06,Éxito,Bogotá,PAN-AVE-VAN,Avena Vainilla,Pancakes & Waffles,22,241,185,6752500,8.41,0,56
2026-06,Éxito,Bucaramanga,AVE-HOJ,Avena en Hojuelas,Avena & Harinas,3,11,10,348000,3.33,4,1
2026-06,Éxito,Bucaramanga,COM-3MEZ,Three Pack Mezclas,Combos,3,32,27,2847150,9.0,7,5
2026-06,Éxito,Bucaramanga,COM-3SPR,Three Pack Spread,Combos,3,9,7,1000650,2.33,4,2
2026-06,Éxito,Bucaramanga,COM-DECK,Deck de Cartas,Combos,3,27,23,2553000,7.67,0,4
2026-06,Éxito,Bucaramanga,COM-MIX,Perfect Mix & Match,Combos,3,44,39,2999100,13.0,0,5
2026-06,Éxito,Bucaramanga,COM-ROMP,Rompecabezas,Combos,3,4,2,222000,0.67,0,2
2026-06,Éxito,Bucaramanga,ESP-BABY,Baby Spreads,Esparcibles,3,148,137,2966050,45.67,0,11
2026-06,Éxito,Bucaramanga,ESP-CIN,Golden Cinnamon Roll,Esparcibles,3,27,23,1240850,7.67,1,4
2026-06,Éxito,Bucaramanga,ESP-CRE,Creamy Cocoa Hazelnut,Esparcibles,3,21,15,809250,5.0,0,6
2026-06,Éxito,Bucaramanga,ESP-PB,Peanutty Banana Shake,Esparcibles,3,144,113,6096350,37.67,0,31
2026-06,Éxito,Bucaramanga,GRA-CHI,Chip Cookie,GranOLAS,3,17,12,505200,4.0,3,5
2026-06,Éxito,Bucaramanga,GRA-PIS,Pistachio Cookie,GranOLAS,3,15,14,698600,4.67,5,1
2026-06,Éxito,Bucaramanga,GRA-VAN,Vanilla Shortbread,GranOLAS,3,39,30,1263000,10.0,4,9
2026-06,Éxito,Bucaramanga,HAR-ALM,Harina de Almendra,Avena & Harinas,3,19,14,538300,4.67,2,5
2026-06,Éxito,Bucaramanga,HAR-AVE,Harina de Avena,Avena & Harinas,3,68,58,2018400,19.33,4,10
2026-06,Éxito,Bucaramanga,MER-NYR,New Year Resolution,Merch,3,12,8,888000,2.67,4,4
2026-06,Éxito,Bucaramanga,PAN-ALM-CHU,Almendra Churro,Pancakes & Waffles,3,71,70,3241000,23.33,2,1
2026-06,Éxito,Bucaramanga,PAN-AVE-VAN,Avena Vainilla,Pancakes & Waffles,3,62,53,1934500,17.67,0,9
2026-06,Éxito,Cali,AVE-HOJ,Avena en Hojuelas,Avena & Harinas,2,215,195,6786000,97.5,0,20
2026-06,Éxito,Cali,COM-3GRA,Three Pack GranOLA,Combos,2,28,22,2362800,11.0,0,6
2026-06,Éxito,Cali,COM-3MEZ,Three Pack Mezclas,Combos,2,191,186,19613700,93.0,1,5
2026-06,Éxito,Cali,COM-3SPR,Three Pack Spread,Combos,2,42,31,4431450,15.5,0,11
2026-06,Éxito,Cali,COM-MIX,Perfect Mix & Match,Combos,2,63,46,3537400,23.0,6,17
2026-06,Éxito,Cali,COM-ROMP,Rompecabezas,Combos,2,61,49,5439000,24.5,0,12
2026-06,Éxito,Cali,COM-WAF,Mini Wafflera,Combos,2,44,38,4218000,19.0,5,6
2026-06,Éxito,Cali,ESP-BABY,Baby Spreads,Esparcibles,2,77,72,1558800,36.0,0,5
2026-06,Éxito,Cali,ESP-BUT,Golden Butter Cookie,Esparcibles,2,29,27,1795500,13.5,0,2
2026-06,Éxito,Cali,ESP-CIN,Golden Cinnamon Roll,Esparcibles,2,78,78,4208100,39.0,5,0
2026-06,Éxito,Cali,ESP-CRU,Crunchy Cocoa Hazelnut,Esparcibles,2,45,36,1942200,18.0,6,9
2026-06,Éxito,Cali,ESP-PB,Peanutty Banana Shake,Esparcibles,2,52,45,2427750,22.5,0,7
2026-06,Éxito,Cali,ESP-PIS,Buttery Pistachio Cookie,Esparcibles,2,45,33,2326500,16.5,2,12
2026-06,Éxito,Cali,GRA-CHI,Chip Cookie,GranOLAS,2,183,136,5725600,68.0,1,47
2026-06,Éxito,Cali,GRA-FUD,Fudge Cake,GranOLAS,2,209,189,7956900,94.5,4,20
2026-06,Éxito,Cali,GRA-PIS,Pistachio Cookie,GranOLAS,2,118,95,4740500,47.5,1,23
2026-06,Éxito,Cali,GRA-VAN,Vanilla Shortbread,GranOLAS,2,30,21,884100,10.5,5,9
2026-06,Éxito,Cali,HAR-ALM,Harina de Almendra,Avena & Harinas,2,158,145,5575250,72.5,4,13
2026-06,Éxito,Cali,HAR-AVE,Harina de Avena,Avena & Harinas,2,360,291,10126800,145.5,0,69
2026-06,Éxito,Cali,PAN-ALM-CHU,Almendra Churro,Pancakes & Waffles,2,58,49,2268700,24.5,6,9
2026-06,Éxito,Cali,PAN-ALM-VAN,Almendra Vainilla,Pancakes & Waffles,2,273,249,11528700,124.5,1,24
2026-06,Éxito,Cali,PAN-AVE-BAN,Avena Banano,Pancakes & Waffles,2,175,159,5803500,79.5,0,16
2026-06,Éxito,Cali,PAN-AVE-BRO,Avena Brownie,Pancakes & Waffles,2,315,264,9636000,132.0,0,51
2026-06,Éxito,Cali,PAN-AVE-VAN,Avena Vainilla,Pancakes & Waffles,2,162,152,5548000,76.0,0,10
2026-06,Éxito,Cartagena,COM-3GRA,Three Pack GranOLA,Combos,3,13,10,1074000,3.33,2,3
2026-06,Éxito,Cartagena,COM-3MEZ,Three Pack Mezclas,Combos,3,41,38,4007100,12.67,5,3
2026-06,Éxito,Cartagena,ESP-CRU,Crunchy Cocoa Hazelnut,Esparcibles,3,22,20,1079000,6.67,6,2
2026-06,Éxito,Cartagena,GRA-FUD,Fudge Cake,GranOLAS,3,169,128,5388800,42.67,1,41
2026-06,Éxito,Cartagena,GRA-PIS,Pistachio Cookie,GranOLAS,3,8,6,299400,2.0,0,2
2026-06,Éxito,Cartagena,GRA-VAN,Vanilla Shortbread,GranOLAS,3,24,23,968300,7.67,0,1
2026-06,Éxito,Cartagena,HAR-AVE,Harina de Avena,Avena & Harinas,3,26,26,904800,8.67,0,0
2026-06,Éxito,Cartagena,PAN-ALM-CHU,Almendra Churro,Pancakes & Waffles,3,20,15,694500,5.0,1,5
2026-06,Éxito,Cartagena,PAN-ALM-VAN,Almendra Vainilla,Pancakes & Waffles,3,26,19,879700,6.33,3,7
2026-06,Éxito,Cartagena,PAN-AVE-BAN,Avena Banano,Pancakes & Waffles,3,92,80,2920000,26.67,0,12
2026-06,Éxito,Cartagena,PAN-AVE-BRO,Avena Brownie,Pancakes & Waffles,3,227,228,8322000,76.0,3,0
2026-06,Éxito,Cartagena,PAN-AVE-VAN,Avena Vainilla,Pancakes & Waffles,3,35,26,949000,8.67,4,9
2026-06,Éxito,Manizales,COM-MIX,Perfect Mix & Match,Combos,3,56,49,3768100,16.33,2,7
2026-06,Éxito,Manizales,COM-ROMP,Rompecabezas,Combos,3,7,7,777000,2.33,4,0
2026-06,Éxito,Manizales,COM-WAF,Mini Wafflera,Combos,3,2,1,111000,0.33,0,1
2026-06,Éxito,Manizales,ESP-PB,Peanutty Banana Shake,Esparcibles,3,31,29,1564550,9.67,0,2
2026-06,Éxito,Manizales,GRA-VAN,Vanilla Shortbread,GranOLAS,3,35,28,1178800,9.33,0,7
2026-06,Éxito,Manizales,PAN-AVE-VAN,Avena Vainilla,Pancakes & Waffles,3,97,71,2591500,23.67,5,26
2026-06,Éxito,Medellín,AVE-HOJ,Avena en Hojuelas,Avena & Harinas,6,45,44,1531200,7.33,0,1
2026-06,Éxito,Medellín,COM-3GRA,Three Pack GranOLA,Combos,6,114,109,11706600,18.17,2,5
2026-06,Éxito,Medellín,COM-3MEZ,Three Pack Mezclas,Combos,6,46,44,4639800,7.33,2,2
2026-06,Éxito,Medellín,COM-3SPR,Three Pack Spread,Combos,6,72,60,8577000,10.0,10,12
2026-06,Éxito,Medellín,COM-DECK,Deck de Cartas,Combos,6,31,25,2775000,4.17,4,6
2026-06,Éxito,Medellín,COM-MIX,Perfect Mix & Match,Combos,6,143,122,9381800,20.33,8,21
2026-06,Éxito,Medellín,COM-ROMP,Rompecabezas,Combos,6,79,58,6438000,9.67,0,21
2026-06,Éxito,Medellín,COM-WAF,Mini Wafflera,Combos,6,82,67,7437000,11.17,1,15
2026-06,Éxito,Medellín,ESP-BABY,Baby Spreads,Esparcibles,6,243,215,4654750,35.83,11,28
2026-06,Éxito,Medellín,ESP-BUT,Golden Butter Cookie,Esparcibles,6,198,175,11637500,29.17,0,23
2026-06,Éxito,Medellín,ESP-CIN,Golden Cinnamon Roll,Esparcibles,6,149,114,6150300,19.0,7,35
2026-06,Éxito,Medellín,ESP-CRE,Creamy Cocoa Hazelnut,Esparcibles,6,38,29,1564550,4.83,10,9
2026-06,Éxito,Medellín,ESP-CRU,Crunchy Cocoa Hazelnut,Esparcibles,6,123,102,5502900,17.0,7,21
2026-06,Éxito,Medellín,ESP-PB,Peanutty Banana Shake,Esparcibles,6,38,30,1618500,5.0,2,8
2026-06,Éxito,Medellín,ESP-PIS,Buttery Pistachio Cookie,Esparcibles,6,103,78,5499000,13.0,1,25
2026-06,Éxito,Medellín,GRA-CHI,Chip Cookie,GranOLAS,6,152,139,5851900,23.17,0,13
2026-06,Éxito,Medellín,GRA-FUD,Fudge Cake,GranOLAS,6,62,50,2105000,8.33,3,12
2026-06,Éxito,Medellín,GRA-PIS,Pistachio Cookie,GranOLAS,6,195,141,7035900,23.5,4,54
2026-06,Éxito,Medellín,GRA-VAN,Vanilla Shortbread,GranOLAS,6,188,165,6946500,27.5,7,23
2026-06,Éxito,Medellín,HAR-ALM,Harina de Almendra,Avena & Harinas,6,131,105,4037250,17.5,0,26
2026-06,Éxito,Medellín,HAR-AVE,Harina de Avena,Avena & Harinas,6,667,495,17226000,82.5,8,172
2026-06,Éxito,Medellín,MER-NYR,New Year Resolution,Merch,6,76,56,6216000,9.33,2,20
2026-06,Éxito,Medellín,PAN-ALM-CHO,Almendra Choco Chips,Pancakes & Waffles,6,185,160,7408000,26.67,0,25
2026-06,Éxito,Medellín,PAN-ALM-CHU,Almendra Churro,Pancakes & Waffles,6,160,155,7176500,25.83,3,5
2026-06,Éxito,Medellín,PAN-ALM-VAN,Almendra Vainilla,Pancakes & Waffles,6,310,235,10880500,39.17,7,75
2026-06,Éxito,Medellín,PAN-AVE-BAN,Avena Banano,Pancakes & Waffles,6,190,193,7044500,32.17,8,0
2026-06,Éxito,Medellín,PAN-AVE-BRO,Avena Brownie,Pancakes & Waffles,6,187,174,6351000,29.0,1,13
2026-06,Éxito,Medellín,PAN-AVE-VAN,Avena Vainilla,Pancakes & Waffles,6,38,29,1058500,4.83,2,9
2026-07,Carulla,Barranquilla,AVE-HOJ,Avena en Hojuelas,Avena & Harinas,5,29,21,744450,4.2,3,8
2026-07,Carulla,Barranquilla,COM-3GRA,Three Pack GranOLA,Combos,5,6,5,546750,1.0,3,1
2026-07,Carulla,Barranquilla,COM-3MEZ,Three Pack Mezclas,Combos,5,7,5,536750,1.0,7,2
2026-07,Carulla,Barranquilla,COM-ROMP,Rompecabezas,Combos,5,6,4,452000,0.8,3,2
2026-07,Carulla,Barranquilla,ESP-BUT,Golden Butter Cookie,Esparcibles,5,20,20,1354000,4.0,3,0
2026-07,Carulla,Barranquilla,ESP-CIN,Golden Cinnamon Roll,Esparcibles,5,68,51,2799900,10.2,6,17
2026-07,Carulla,Barranquilla,ESP-CRE,Creamy Cocoa Hazelnut,Esparcibles,5,8,7,384300,1.4,0,1
2026-07,Carulla,Barranquilla,ESP-PB,Peanutty Banana Shake,Esparcibles,5,31,30,1647000,6.0,2,1
2026-07,Carulla,Barranquilla,GRA-FUD,Fudge Cake,GranOLAS,5,24,23,986700,4.6,1,1
2026-07,Carulla,Barranquilla,GRA-PIS,Pistachio Cookie,GranOLAS,5,37,36,1828800,7.2,3,1
2026-07,Carulla,Barranquilla,HAR-AVE,Harina de Avena,Avena & Harinas,5,22,19,673550,3.8,2,3
2026-07,Carulla,Barranquilla,MER-NYR,New Year Resolution,Merch,5,4,4,452000,0.8,2,0
2026-07,Carulla,Barranquilla,PAN-AVE-BAN,Avena Banano,Pancakes & Waffles,5,34,28,1040200,5.6,3,6
2026-07,Carulla,Barranquilla,PAN-AVE-BRO,Avena Brownie,Pancakes & Waffles,5,76,60,2229000,12.0,1,16
2026-07,Carulla,Barranquilla,PAN-AVE-VAN,Avena Vainilla,Pancakes & Waffles,5,13,11,408650,2.2,6,2
2026-07,Carulla,Bogotá,AVE-HOJ,Avena en Hojuelas,Avena & Harinas,11,297,225,7976250,20.45,3,72
2026-07,Carulla,Bogotá,COM-3GRA,Three Pack GranOLA,Combos,11,57,44,4811400,4.0,3,13
2026-07,Carulla,Bogotá,COM-3MEZ,Three Pack Mezclas,Combos,11,40,33,3542550,3.0,0,7
2026-07,Carulla,Bogotá,COM-3SPR,Three Pack Spread,Combos,11,38,38,5529000,3.45,4,0
2026-07,Carulla,Bogotá,COM-DECK,Deck de Cartas,Combos,11,140,123,13899000,11.18,2,17
2026-07,Carulla,Bogotá,COM-MIX,Perfect Mix & Match,Combos,11,87,73,5712250,6.64,0,14
2026-07,Carulla,Bogotá,COM-ROMP,Rompecabezas,Combos,11,75,64,7232000,5.82,1,11
2026-07,Carulla,Bogotá,COM-WAF,Mini Wafflera,Combos,11,60,45,5085000,4.09,6,15
2026-07,Carulla,Bogotá,ESP-BUT,Golden Butter Cookie,Esparcibles,11,72,67,4535900,6.09,7,5
2026-07,Carulla,Bogotá,ESP-CIN,Golden Cinnamon Roll,Esparcibles,11,34,27,1482300,2.45,2,7
2026-07,Carulla,Bogotá,ESP-CRE,Creamy Cocoa Hazelnut,Esparcibles,11,118,93,5105700,8.45,2,25
2026-07,Carulla,Bogotá,ESP-CRU,Crunchy Cocoa Hazelnut,Esparcibles,11,37,29,1592100,2.64,0,8
2026-07,Carulla,Bogotá,ESP-PB,Peanutty Banana Shake,Esparcibles,11,46,38,2086200,3.45,2,8
2026-07,Carulla,Bogotá,ESP-PIS,Buttery Pistachio Cookie,Esparcibles,11,60,44,3157000,4.0,3,16
2026-07,Carulla,Bogotá,GRA-CHI,Chip Cookie,GranOLAS,11,202,200,8580000,18.18,0,2
2026-07,Carulla,Bogotá,GRA-FUD,Fudge Cake,GranOLAS,11,211,166,7121400,15.09,7,45
2026-07,Carulla,Bogotá,GRA-PIS,Pistachio Cookie,GranOLAS,11,113,87,4419600,7.91,0,26
2026-07,Carulla,Bogotá,GRA-VAN,Vanilla Shortbread,GranOLAS,11,289,254,10896600,23.09,5,35
2026-07,Carulla,Bogotá,HAR-ALM,Harina de Almendra,Avena & Harinas,11,505,420,16443000,38.18,0,85
2026-07,Carulla,Bogotá,HAR-AVE,Harina de Avena,Avena & Harinas,11,121,99,3509550,9.0,0,22
2026-07,Carulla,Bogotá,MER-NYR,New Year Resolution,Merch,11,107,78,8814000,7.09,2,29
2026-07,Carulla,Bogotá,PAN-ALM-CHO,Almendra Choco Chips,Pancakes & Waffles,11,141,137,6452700,12.45,0,4
2026-07,Carulla,Bogotá,PAN-ALM-CHU,Almendra Churro,Pancakes & Waffles,11,55,51,2402100,4.64,4,4
2026-07,Carulla,Bogotá,PAN-ALM-VAN,Almendra Vainilla,Pancakes & Waffles,11,148,141,6641100,12.82,1,7
2026-07,Carulla,Bogotá,PAN-AVE-BAN,Avena Banano,Pancakes & Waffles,11,333,278,10327700,25.27,10,55
2026-07,Carulla,Bogotá,PAN-AVE-BRO,Avena Brownie,Pancakes & Waffles,11,263,194,7207100,17.64,0,69
2026-07,Carulla,Bogotá,PAN-AVE-VAN,Avena Vainilla,Pancakes & Waffles,11,451,400,14860000,36.36,1,51
2026-07,Carulla,Bucaramanga,AVE-HOJ,Avena en Hojuelas,Avena & Harinas,1,36,33,1169850,33.0,0,3
2026-07,Carulla,Bucaramanga,COM-3GRA,Three Pack GranOLA,Combos,1,12,9,984150,9.0,6,3
2026-07,Carulla,Bucaramanga,COM-3MEZ,Three Pack Mezclas,Combos,1,7,5,536750,5.0,6,2
2026-07,Carulla,Bucaramanga,COM-3SPR,Three Pack Spread,Combos,1,6,5,727500,5.0,5,1
2026-07,Carulla,Bucaramanga,COM-DECK,Deck de Cartas,Combos,1,25,23,2599000,23.0,0,2
2026-07,Carulla,Bucaramanga,COM-ROMP,Rompecabezas,Combos,1,19,15,1695000,15.0,0,4
2026-07,Carulla,Bucaramanga,COM-WAF,Mini Wafflera,Combos,1,3,2,226000,2.0,3,1
2026-07,Carulla,Bucaramanga,ESP-BUT,Golden Butter Cookie,Esparcibles,1,47,34,2301800,34.0,3,13
2026-07,Carulla,Bucaramanga,ESP-CIN,Golden Cinnamon Roll,Esparcibles,1,7,6,329400,6.0,5,1
2026-07,Carulla,Bucaramanga,ESP-CRE,Creamy Cocoa Hazelnut,Esparcibles,1,43,33,1811700,33.0,0,10
2026-07,Carulla,Bucaramanga,GRA-FUD,Fudge Cake,GranOLAS,1,26,26,1115400,26.0,0,0
2026-07,Carulla,Bucaramanga,GRA-PIS,Pistachio Cookie,GranOLAS,1,84,79,4013200,79.0,2,5
2026-07,Carulla,Bucaramanga,HAR-ALM,Harina de Almendra,Avena & Harinas,1,28,27,1057050,27.0,7,1
2026-07,Carulla,Bucaramanga,MER-NYR,New Year Resolution,Merch,1,19,13,1469000,13.0,0,6
2026-07,Carulla,Bucaramanga,PAN-ALM-VAN,Almendra Vainilla,Pancakes & Waffles,1,19,17,800700,17.0,5,2
2026-07,Carulla,Bucaramanga,PAN-AVE-BRO,Avena Brownie,Pancakes & Waffles,1,39,28,1040200,28.0,4,11
2026-07,Carulla,Bucaramanga,PAN-AVE-VAN,Avena Vainilla,Pancakes & Waffles,1,7,5,185750,5.0,0,2
2026-07,Carulla,Cali,AVE-HOJ,Avena en Hojuelas,Avena & Harinas,4,29,27,957150,6.75,2,2
2026-07,Carulla,Cali,COM-3GRA,Three Pack GranOLA,Combos,4,66,55,6014250,13.75,0,11
2026-07,Carulla,Cali,COM-3MEZ,Three Pack Mezclas,Combos,4,25,24,2576400,6.0,0,1
2026-07,Carulla,Cali,COM-3SPR,Three Pack Spread,Combos,4,10,9,1309500,2.25,1,1
2026-07,Carulla,Cali,COM-DECK,Deck de Cartas,Combos,4,47,35,3955000,8.75,1,12
2026-07,Carulla,Cali,COM-MIX,Perfect Mix & Match,Combos,4,30,28,2191000,7.0,0,2
2026-07,Carulla,Cali,COM-ROMP,Rompecabezas,Combos,4,8,6,678000,1.5,7,2
2026-07,Carulla,Cali,ESP-BABY,Baby Spreads,Esparcibles,4,68,64,1411200,16.0,0,4
2026-07,Carulla,Cali,ESP-BUT,Golden Butter Cookie,Esparcibles,4,95,69,4671300,17.25,3,26
2026-07,Carulla,Cali,ESP-CIN,Golden Cinnamon Roll,Esparcibles,4,48,40,2196000,10.0,0,8
2026-07,Carulla,Cali,ESP-CRE,Creamy Cocoa Hazelnut,Esparcibles,4,12,9,494100,2.25,6,3
2026-07,Carulla,Cali,ESP-CRU,Crunchy Cocoa Hazelnut,Esparcibles,4,6,4,219600,1.0,5,2
2026-07,Carulla,Cali,ESP-PB,Peanutty Banana Shake,Esparcibles,4,22,20,1098000,5.0,0,2
2026-07,Carulla,Cali,ESP-PIS,Buttery Pistachio Cookie,Esparcibles,4,77,75,5381250,18.75,2,2
2026-07,Carulla,Cali,GRA-FUD,Fudge Cake,GranOLAS,4,48,46,1973400,11.5,1,2
2026-07,Carulla,Cali,GRA-PIS,Pistachio Cookie,GranOLAS,4,240,229,11633200,57.25,0,11
2026-07,Carulla,Cali,HAR-ALM,Harina de Almendra,Avena & Harinas,4,73,56,2192400,14.0,4,17
2026-07,Carulla,Cali,HAR-AVE,Harina de Avena,Avena & Harinas,4,59,57,2020650,14.25,2,2
2026-07,Carulla,Cali,MER-NYR,New Year Resolution,Merch,4,14,12,1356000,3.0,4,2
2026-07,Carulla,Cali,PAN-ALM-CHO,Almendra Choco Chips,Pancakes & Waffles,4,9,8,376800,2.0,3,1
2026-07,Carulla,Cali,PAN-ALM-CHU,Almendra Churro,Pancakes & Waffles,4,4,3,141300,0.75,4,1
2026-07,Carulla,Cali,PAN-ALM-VAN,Almendra Vainilla,Pancakes & Waffles,4,39,39,1836900,9.75,0,0
2026-07,Carulla,Cali,PAN-AVE-BAN,Avena Banano,Pancakes & Waffles,4,79,76,2823400,19.0,4,3
2026-07,Carulla,Cali,PAN-AVE-BRO,Avena Brownie,Pancakes & Waffles,4,26,19,705850,4.75,0,7
2026-07,Carulla,Cali,PAN-AVE-VAN,Avena Vainilla,Pancakes & Waffles,4,44,38,1411700,9.5,3,6
2026-07,Carulla,Cartagena,COM-3GRA,Three Pack GranOLA,Combos,2,33,29,3171150,14.5,7,4
2026-07,Carulla,Cartagena,COM-3MEZ,Three Pack Mezclas,Combos,2,25,22,2361700,11.0,1,3
2026-07,Carulla,Cartagena,COM-DECK,Deck de Cartas,Combos,2,15,12,1356000,6.0,0,3
2026-07,Carulla,Cartagena,COM-MIX,Perfect Mix & Match,Combos,2,12,11,860750,5.5,0,1
2026-07,Carulla,Cartagena,COM-ROMP,Rompecabezas,Combos,2,20,17,1921000,8.5,0,3
2026-07,Carulla,Cartagena,COM-WAF,Mini Wafflera,Combos,2,2,1,113000,0.5,6,1
2026-07,Carulla,Cartagena,ESP-BUT,Golden Butter Cookie,Esparcibles,2,10,8,541600,4.0,0,2
2026-07,Carulla,Cartagena,ESP-CRU,Crunchy Cocoa Hazelnut,Esparcibles,2,6,5,274500,2.5,8,1
2026-07,Carulla,Cartagena,ESP-PIS,Buttery Pistachio Cookie,Esparcibles,2,55,54,3874500,27.0,2,1
2026-07,Carulla,Cartagena,GRA-CHI,Chip Cookie,GranOLAS,2,108,95,4075500,47.5,0,13
2026-07,Carulla,Cartagena,GRA-PIS,Pistachio Cookie,GranOLAS,2,10,9,457200,4.5,0,1
2026-07,Carulla,Cartagena,GRA-VAN,Vanilla Shortbread,GranOLAS,2,31,30,1287000,15.0,0,1
2026-07,Carulla,Cartagena,HAR-ALM,Harina de Almendra,Avena & Harinas,2,78,68,2662200,34.0,3,10
2026-07,Carulla,Cartagena,HAR-AVE,Harina de Avena,Avena & Harinas,2,101,89,3155050,44.5,1,12
2026-07,Carulla,Cartagena,MER-NYR,New Year Resolution,Merch,2,4,2,226000,1.0,4,2
2026-07,Carulla,Cartagena,PAN-ALM-CHU,Almendra Churro,Pancakes & Waffles,2,23,17,800700,8.5,9,6
2026-07,Carulla,Cartagena,PAN-AVE-BAN,Avena Banano,Pancakes & Waffles,2,12,11,408650,5.5,1,1
2026-07,Carulla,Cartagena,PAN-AVE-BRO,Avena Brownie,Pancakes & Waffles,2,113,105,3900750,52.5,7,8
2026-07,Carulla,Manizales,AVE-HOJ,Avena en Hojuelas,Avena & Harinas,1,6,5,177250,5.0,3,1
2026-07,Carulla,Manizales,COM-3SPR,Three Pack Spread,Combos,1,4,3,436500,3.0,5,1
2026-07,Carulla,Manizales,COM-MIX,Perfect Mix & Match,Combos,1,21,20,1565000,20.0,1,1
2026-07,Carulla,Manizales,ESP-BUT,Golden Butter Cookie,Esparcibles,1,5,3,203100,3.0,0,2
2026-07,Carulla,Manizales,ESP-CIN,Golden Cinnamon Roll,Esparcibles,1,13,11,603900,11.0,5,2
2026-07,Carulla,Manizales,GRA-CHI,Chip Cookie,GranOLAS,1,69,66,2831400,66.0,0,3
2026-07,Carulla,Manizales,GRA-FUD,Fudge Cake,GranOLAS,1,19,17,729300,17.0,0,2
2026-07,Carulla,Manizales,GRA-VAN,Vanilla Shortbread,GranOLAS,1,3,3,128700,3.0,7,0
2026-07,Carulla,Manizales,HAR-ALM,Harina de Almendra,Avena & Harinas,1,37,35,1370250,35.0,4,2
2026-07,Carulla,Manizales,PAN-ALM-CHU,Almendra Churro,Pancakes & Waffles,1,59,55,2590500,55.0,9,4
2026-07,Carulla,Manizales,PAN-ALM-VAN,Almendra Vainilla,Pancakes & Waffles,1,10,7,329700,7.0,0,3
2026-07,Carulla,Manizales,PAN-AVE-VAN,Avena Vainilla,Pancakes & Waffles,1,51,37,1374550,37.0,1,14
2026-07,Carulla,Medellín,AVE-HOJ,Avena en Hojuelas,Avena & Harinas,5,108,102,3615900,20.4,0,6
2026-07,Carulla,Medellín,COM-3SPR,Three Pack Spread,Combos,5,40,36,5238000,7.2,2,4
2026-07,Carulla,Medellín,COM-DECK,Deck de Cartas,Combos,5,22,21,2373000,4.2,6,1
2026-07,Carulla,Medellín,COM-MIX,Perfect Mix & Match,Combos,5,49,39,3051750,7.8,1,10
2026-07,Carulla,Medellín,COM-ROMP,Rompecabezas,Combos,5,63,51,5763000,10.2,0,12
2026-07,Carulla,Medellín,COM-WAF,Mini Wafflera,Combos,5,37,35,3955000,7.0,0,2
2026-07,Carulla,Medellín,ESP-BABY,Baby Spreads,Esparcibles,5,383,343,7563150,68.6,3,40
2026-07,Carulla,Medellín,ESP-BUT,Golden Butter Cookie,Esparcibles,5,27,22,1489400,4.4,0,5
2026-07,Carulla,Medellín,ESP-CIN,Golden Cinnamon Roll,Esparcibles,5,85,68,3733200,13.6,0,17
2026-07,Carulla,Medellín,ESP-CRE,Creamy Cocoa Hazelnut,Esparcibles,5,166,129,7082100,25.8,0,37
2026-07,Carulla,Medellín,ESP-CRU,Crunchy Cocoa Hazelnut,Esparcibles,5,75,71,3897900,14.2,0,4
2026-07,Carulla,Medellín,ESP-PB,Peanutty Banana Shake,Esparcibles,5,37,31,1701900,6.2,1,6
2026-07,Carulla,Medellín,ESP-PIS,Buttery Pistachio Cookie,Esparcibles,5,16,13,932750,2.6,7,3
2026-07,Carulla,Medellín,GRA-CHI,Chip Cookie,GranOLAS,5,122,116,4976400,23.2,2,6
2026-07,Carulla,Medellín,GRA-FUD,Fudge Cake,GranOLAS,5,30,30,1287000,6.0,2,0
2026-07,Carulla,Medellín,GRA-PIS,Pistachio Cookie,GranOLAS,5,120,100,5080000,20.0,9,20
2026-07,Carulla,Medellín,GRA-VAN,Vanilla Shortbread,GranOLAS,5,17,13,557700,2.6,4,4
2026-07,Carulla,Medellín,HAR-AVE,Harina de Avena,Avena & Harinas,5,147,141,4998450,28.2,1,6
2026-07,Carulla,Medellín,MER-NYR,New Year Resolution,Merch,5,39,28,3164000,5.6,3,11
2026-07,Carulla,Medellín,PAN-ALM-CHU,Almendra Churro,Pancakes & Waffles,5,62,47,2213700,9.4,1,15
2026-07,Carulla,Medellín,PAN-ALM-VAN,Almendra Vainilla,Pancakes & Waffles,5,316,284,13376400,56.8,6,32
2026-07,Carulla,Medellín,PAN-AVE-BAN,Avena Banano,Pancakes & Waffles,5,116,107,3975050,21.4,0,9
2026-07,Carulla,Medellín,PAN-AVE-BRO,Avena Brownie,Pancakes & Waffles,5,21,15,557250,3.0,3,6
2026-07,Carulla,Medellín,PAN-AVE-VAN,Avena Vainilla,Pancakes & Waffles,5,45,41,1523150,8.2,3,4
2026-07,Carulla,Pereira,COM-3MEZ,Three Pack Mezclas,Combos,1,6,5,536750,5.0,8,1
2026-07,Carulla,Pereira,COM-MIX,Perfect Mix & Match,Combos,1,2,1,78250,1.0,5,1
2026-07,Carulla,Pereira,ESP-BABY,Baby Spreads,Esparcibles,1,32,30,661500,30.0,6,2
2026-07,Carulla,Pereira,ESP-BUT,Golden Butter Cookie,Esparcibles,1,2,1,67700,1.0,5,1
2026-07,Carulla,Pereira,ESP-PB,Peanutty Banana Shake,Esparcibles,1,10,8,439200,8.0,4,2
2026-07,Carulla,Pereira,GRA-PIS,Pistachio Cookie,GranOLAS,1,4,3,152400,3.0,0,1
2026-07,Carulla,Pereira,PAN-ALM-VAN,Almendra Vainilla,Pancakes & Waffles,1,24,22,1036200,22.0,1,2
2026-07,Carulla,Pereira,PAN-AVE-BAN,Avena Banano,Pancakes & Waffles,1,11,8,297200,8.0,3,3
2026-07,Carulla,Pereira,PAN-AVE-VAN,Avena Vainilla,Pancakes & Waffles,1,8,8,297200,8.0,0,0
2026-07,Fithub,Barranquilla,AVE-HOJ,Avena en Hojuelas,Avena & Harinas,2,48,38,1464900,19.0,3,10
2026-07,Fithub,Barranquilla,COM-3GRA,Three Pack GranOLA,Combos,2,2,1,119050,0.5,0,1
2026-07,Fithub,Barranquilla,COM-3MEZ,Three Pack Mezclas,Combos,2,4,3,350550,1.5,1,1
2026-07,Fithub,Barranquilla,COM-3SPR,Three Pack Spread,Combos,2,2,1,158400,0.5,4,1
2026-07,Fithub,Barranquilla,COM-DECK,Deck de Cartas,Combos,2,8,6,738000,3.0,0,2
2026-07,Fithub,Barranquilla,ESP-BUT,Golden Butter Cookie,Esparcibles,2,19,18,1326600,9.0,3,1
2026-07,Fithub,Barranquilla,ESP-CIN,Golden Cinnamon Roll,Esparcibles,2,8,7,418250,3.5,4,1
2026-07,Fithub,Barranquilla,ESP-CRU,Crunchy Cocoa Hazelnut,Esparcibles,2,21,16,956000,8.0,0,5
2026-07,Fithub,Barranquilla,ESP-PB,Peanutty Banana Shake,Esparcibles,2,46,42,2509500,21.0,0,4
2026-07,Fithub,Barranquilla,ESP-PIS,Buttery Pistachio Cookie,Esparcibles,2,9,7,546700,3.5,3,2
2026-07,Fithub,Barranquilla,GRA-CHI,Chip Cookie,GranOLAS,2,48,46,2148200,23.0,4,2
2026-07,Fithub,Barranquilla,GRA-FUD,Fudge Cake,GranOLAS,2,33,24,1120800,12.0,4,9
2026-07,Fithub,Barranquilla,GRA-PIS,Pistachio Cookie,GranOLAS,2,24,24,1327200,12.0,0,0
2026-07,Fithub,Barranquilla,GRA-VAN,Vanilla Shortbread,GranOLAS,2,36,28,1307600,14.0,3,8
2026-07,Fithub,Barranquilla,HAR-ALM,Harina de Almendra,Avena & Harinas,2,29,21,894600,10.5,6,8
2026-07,Fithub,Barranquilla,HAR-AVE,Harina de Avena,Avena & Harinas,2,10,9,346950,4.5,0,1
2026-07,Fithub,Barranquilla,PAN-ALM-CHO,Almendra Choco Chips,Pancakes & Waffles,2,11,8,410400,4.0,7,3
2026-07,Fithub,Barranquilla,PAN-ALM-CHU,Almendra Churro,Pancakes & Waffles,2,17,16,820800,8.0,5,1
2026-07,Fithub,Barranquilla,PAN-ALM-VAN,Almendra Vainilla,Pancakes & Waffles,2,35,34,1744200,17.0,3,1
2026-07,Fithub,Barranquilla,PAN-AVE-BAN,Avena Banano,Pancakes & Waffles,2,42,30,1213500,15.0,0,12
2026-07,Fithub,Barranquilla,PAN-AVE-BRO,Avena Brownie,Pancakes & Waffles,2,11,8,323600,4.0,4,3
2026-07,Fithub,Barranquilla,PAN-AVE-VAN,Avena Vainilla,Pancakes & Waffles,2,27,21,849450,10.5,0,6
2026-07,Fithub,Bogotá,AVE-HOJ,Avena en Hojuelas,Avena & Harinas,3,70,57,2197350,19.0,0,13
2026-07,Fithub,Bogotá,COM-3GRA,Three Pack GranOLA,Combos,3,56,46,5476300,15.33,6,10
2026-07,Fithub,Bogotá,COM-3MEZ,Three Pack Mezclas,Combos,3,48,36,4206600,12.0,1,12
2026-07,Fithub,Bogotá,COM-3SPR,Three Pack Spread,Combos,3,29,26,4118400,8.67,0,3
2026-07,Fithub,Bogotá,COM-DECK,Deck de Cartas,Combos,3,29,21,2583000,7.0,0,8
2026-07,Fithub,Bogotá,COM-MIX,Perfect Mix & Match,Combos,3,52,51,4345200,17.0,1,1
2026-07,Fithub,Bogotá,COM-ROMP,Rompecabezas,Combos,3,42,36,4428000,12.0,5,6
2026-07,Fithub,Bogotá,COM-WAF,Mini Wafflera,Combos,3,54,54,6642000,18.0,0,0
2026-07,Fithub,Bogotá,ESP-BABY,Baby Spreads,Esparcibles,3,184,146,3504000,48.67,2,38
2026-07,Fithub,Bogotá,ESP-BUT,Golden Butter Cookie,Esparcibles,3,59,55,4053500,18.33,7,4
2026-07,Fithub,Bogotá,ESP-CIN,Golden Cinnamon Roll,Esparcibles,3,37,33,1971750,11.0,5,4
2026-07,Fithub,Bogotá,ESP-CRE,Creamy Cocoa Hazelnut,Esparcibles,3,3,2,119500,0.67,7,1
2026-07,Fithub,Bogotá,ESP-CRU,Crunchy Cocoa Hazelnut,Esparcibles,3,12,11,657250,3.67,2,1
2026-07,Fithub,Bogotá,ESP-PB,Peanutty Banana Shake,Esparcibles,3,29,21,1254750,7.0,2,8
2026-07,Fithub,Bogotá,ESP-PIS,Buttery Pistachio Cookie,Esparcibles,3,22,22,1718200,7.33,1,0
2026-07,Fithub,Bogotá,GRA-CHI,Chip Cookie,GranOLAS,3,78,68,3175600,22.67,0,10
2026-07,Fithub,Bogotá,GRA-FUD,Fudge Cake,GranOLAS,3,49,47,2194900,15.67,4,2
2026-07,Fithub,Bogotá,GRA-PIS,Pistachio Cookie,GranOLAS,3,33,29,1603700,9.67,2,4
2026-07,Fithub,Bogotá,GRA-VAN,Vanilla Shortbread,GranOLAS,3,75,59,2755300,19.67,4,16
2026-07,Fithub,Bogotá,HAR-ALM,Harina de Almendra,Avena & Harinas,3,89,72,3067200,24.0,2,17
2026-07,Fithub,Bogotá,HAR-AVE,Harina de Avena,Avena & Harinas,3,23,21,809550,7.0,4,2
2026-07,Fithub,Bogotá,MER-NYR,New Year Resolution,Merch,3,30,28,3444000,9.33,4,2
2026-07,Fithub,Bogotá,PAN-ALM-CHO,Almendra Choco Chips,Pancakes & Waffles,3,88,82,4206600,27.33,3,6
2026-07,Fithub,Bogotá,PAN-ALM-CHU,Almendra Churro,Pancakes & Waffles,3,20,16,820800,5.33,11,4
2026-07,Fithub,Bogotá,PAN-ALM-VAN,Almendra Vainilla,Pancakes & Waffles,3,129,124,6361200,41.33,4,5
2026-07,Fithub,Bogotá,PAN-AVE-BAN,Avena Banano,Pancakes & Waffles,3,16,16,647200,5.33,0,0
2026-07,Fithub,Bogotá,PAN-AVE-BRO,Avena Brownie,Pancakes & Waffles,3,83,76,3074200,25.33,0,7
2026-07,Fithub,Bogotá,PAN-AVE-VAN,Avena Vainilla,Pancakes & Waffles,3,10,8,323600,2.67,0,2
2026-07,Fithub,Bucaramanga,AVE-HOJ,Avena en Hojuelas,Avena & Harinas,3,31,27,1040850,9.0,0,4
2026-07,Fithub,Bucaramanga,COM-3GRA,Three Pack GranOLA,Combos,3,7,6,714300,2.0,2,1
2026-07,Fithub,Bucaramanga,COM-3SPR,Three Pack Spread,Combos,3,1,0,0,0.0,0,1
2026-07,Fithub,Bucaramanga,COM-DECK,Deck de Cartas,Combos,3,22,17,2091000,5.67,3,5
2026-07,Fithub,Bucaramanga,COM-MIX,Perfect Mix & Match,Combos,3,10,8,681600,2.67,5,2
2026-07,Fithub,Bucaramanga,COM-ROMP,Rompecabezas,Combos,3,5,4,492000,1.33,0,1
2026-07,Fithub,Bucaramanga,COM-WAF,Mini Wafflera,Combos,3,6,5,615000,1.67,4,1
2026-07,Fithub,Bucaramanga,ESP-BUT,Golden Butter Cookie,Esparcibles,3,4,3,221100,1.0,8,1
2026-07,Fithub,Bucaramanga,ESP-CIN,Golden Cinnamon Roll,Esparcibles,3,20,15,896250,5.0,2,5
2026-07,Fithub,Bucaramanga,ESP-CRE,Creamy Cocoa Hazelnut,Esparcibles,3,8,8,478000,2.67,2,0
2026-07,Fithub,Bucaramanga,ESP-CRU,Crunchy Cocoa Hazelnut,Esparcibles,3,26,20,1195000,6.67,0,6
2026-07,Fithub,Bucaramanga,ESP-PIS,Buttery Pistachio Cookie,Esparcibles,3,3,2,156200,0.67,3,1
2026-07,Fithub,Bucaramanga,GRA-CHI,Chip Cookie,GranOLAS,3,41,30,1401000,10.0,4,11
2026-07,Fithub,Bucaramanga,GRA-FUD,Fudge Cake,GranOLAS,3,8,6,280200,2.0,10,2
2026-07,Fithub,Bucaramanga,GRA-PIS,Pistachio Cookie,GranOLAS,3,52,49,2709700,16.33,2,3
2026-07,Fithub,Bucaramanga,GRA-VAN,Vanilla Shortbread,GranOLAS,3,10,7,326900,2.33,0,3
2026-07,Fithub,Bucaramanga,HAR-ALM,Harina de Almendra,Avena & Harinas,3,17,15,639000,5.0,3,2
2026-07,Fithub,Bucaramanga,HAR-AVE,Harina de Avena,Avena & Harinas,3,12,9,346950,3.0,0,3
2026-07,Fithub,Bucaramanga,MER-NYR,New Year Resolution,Merch,3,3,2,246000,0.67,9,1
2026-07,Fithub,Bucaramanga,PAN-ALM-CHO,Almendra Choco Chips,Pancakes & Waffles,3,32,25,1282500,8.33,7,7
2026-07,Fithub,Bucaramanga,PAN-ALM-CHU,Almendra Churro,Pancakes & Waffles,3,11,10,513000,3.33,4,1
2026-07,Fithub,Bucaramanga,PAN-ALM-VAN,Almendra Vainilla,Pancakes & Waffles,3,7,6,307800,2.0,4,1
2026-07,Fithub,Bucaramanga,PAN-AVE-BAN,Avena Banano,Pancakes & Waffles,3,5,4,161800,1.33,4,1
2026-07,Fithub,Cali,AVE-HOJ,Avena en Hojuelas,Avena & Harinas,2,23,22,848100,11.0,0,1
2026-07,Fithub,Cali,COM-3GRA,Three Pack GranOLA,Combos,2,1,0,0,0.0,1,1
2026-07,Fithub,Cali,COM-3MEZ,Three Pack Mezclas,Combos,2,1,0,0,0.0,0,1
2026-07,Fithub,Cali,COM-DECK,Deck de Cartas,Combos,2,16,15,1845000,7.5,0,1
2026-07,Fithub,Cali,COM-MIX,Perfect Mix & Match,Combos,2,28,21,1789200,10.5,2,7
2026-07,Fithub,Cali,ESP-BABY,Baby Spreads,Esparcibles,2,15,13,312000,6.5,5,2
2026-07,Fithub,Cali,ESP-CIN,Golden Cinnamon Roll,Esparcibles,2,12,12,717000,6.0,3,0
2026-07,Fithub,Cali,ESP-CRE,Creamy Cocoa Hazelnut,Esparcibles,2,32,31,1852250,15.5,5,1
2026-07,Fithub,Cali,ESP-CRU,Crunchy Cocoa Hazelnut,Esparcibles,2,12,12,717000,6.0,0,0
2026-07,Fithub,Cali,ESP-PB,Peanutty Banana Shake,Esparcibles,2,2,1,59750,0.5,0,1
2026-07,Fithub,Cali,ESP-PIS,Buttery Pistachio Cookie,Esparcibles,2,7,5,390500,2.5,1,2
2026-07,Fithub,Cali,GRA-CHI,Chip Cookie,GranOLAS,2,22,20,934000,10.0,0,2
2026-07,Fithub,Cali,GRA-FUD,Fudge Cake,GranOLAS,2,5,5,233500,2.5,8,0
2026-07,Fithub,Cali,GRA-PIS,Pistachio Cookie,GranOLAS,2,2,1,55300,0.5,6,1
2026-07,Fithub,Cali,GRA-VAN,Vanilla Shortbread,GranOLAS,2,30,26,1214200,13.0,3,4
2026-07,Fithub,Cali,HAR-ALM,Harina de Almendra,Avena & Harinas,2,4,3,127800,1.5,5,1
2026-07,Fithub,Cali,HAR-AVE,Harina de Avena,Avena & Harinas,2,7,5,192750,2.5,0,2
2026-07,Fithub,Cali,PAN-ALM-CHO,Almendra Choco Chips,Pancakes & Waffles,2,42,33,1692900,16.5,0,9
2026-07,Fithub,Cali,PAN-ALM-CHU,Almendra Churro,Pancakes & Waffles,2,2,1,51300,0.5,1,1
2026-07,Fithub,Cali,PAN-ALM-VAN,Almendra Vainilla,Pancakes & Waffles,2,22,22,1128600,11.0,2,0
2026-07,Fithub,Cali,PAN-AVE-BRO,Avena Brownie,Pancakes & Waffles,2,10,7,283150,3.5,0,3
2026-07,Fithub,Cali,PAN-AVE-VAN,Avena Vainilla,Pancakes & Waffles,2,15,13,525850,6.5,2,2
2026-07,Fithub,Cartagena,COM-3GRA,Three Pack GranOLA,Combos,1,3,3,357150,3.0,0,0
2026-07,Fithub,Cartagena,COM-3MEZ,Three Pack Mezclas,Combos,1,1,0,0,0.0,3,1
2026-07,Fithub,Cartagena,COM-DECK,Deck de Cartas,Combos,1,14,13,1599000,13.0,0,1
2026-07,Fithub,Cartagena,COM-MIX,Perfect Mix & Match,Combos,1,5,4,340800,4.0,8,1
2026-07,Fithub,Cartagena,COM-ROMP,Rompecabezas,Combos,1,2,1,123000,1.0,0,1
2026-07,Fithub,Cartagena,COM-WAF,Mini Wafflera,Combos,1,2,1,123000,1.0,7,1
2026-07,Fithub,Cartagena,ESP-BABY,Baby Spreads,Esparcibles,1,61,55,1320000,55.0,1,6
2026-07,Fithub,Cartagena,ESP-CRU,Crunchy Cocoa Hazelnut,Esparcibles,1,1,0,0,0.0,2,1
2026-07,Fithub,Cartagena,ESP-PB,Peanutty Banana Shake,Esparcibles,1,1,0,0,0.0,0,1
2026-07,Fithub,Cartagena,GRA-CHI,Chip Cookie,GranOLAS,1,3,2,93400,2.0,2,1
2026-07,Fithub,Cartagena,GRA-FUD,Fudge Cake,GranOLAS,1,2,1,46700,1.0,9,1
2026-07,Fithub,Cartagena,GRA-PIS,Pistachio Cookie,GranOLAS,1,9,6,331800,6.0,4,3
2026-07,Fithub,Cartagena,GRA-VAN,Vanilla Shortbread,GranOLAS,1,18,14,653800,14.0,2,4
2026-07,Fithub,Cartagena,HAR-ALM,Harina de Almendra,Avena & Harinas,1,4,3,127800,3.0,0,1
2026-07,Fithub,Cartagena,HAR-AVE,Harina de Avena,Avena & Harinas,1,5,4,154200,4.0,0,1
2026-07,Fithub,Cartagena,MER-NYR,New Year Resolution,Merch,1,3,2,246000,2.0,2,1
2026-07,Fithub,Cartagena,PAN-ALM-CHU,Almendra Churro,Pancakes & Waffles,1,6,4,205200,4.0,5,2
2026-07,Fithub,Cartagena,PAN-ALM-VAN,Almendra Vainilla,Pancakes & Waffles,1,12,9,461700,9.0,0,3
2026-07,Fithub,Cartagena,PAN-AVE-BRO,Avena Brownie,Pancakes & Waffles,1,31,27,1092150,27.0,3,4
2026-07,Fithub,Cartagena,PAN-AVE-VAN,Avena Vainilla,Pancakes & Waffles,1,7,5,202250,5.0,0,2
2026-07,Fithub,Medellín,AVE-HOJ,Avena en Hojuelas,Avena & Harinas,4,80,59,2274450,14.75,1,21
2026-07,Fithub,Medellín,COM-3GRA,Three Pack GranOLA,Combos,4,3,2,238100,0.5,1,1
2026-07,Fithub,Medellín,COM-3MEZ,Three Pack Mezclas,Combos,4,10,9,1051650,2.25,3,1
2026-07,Fithub,Medellín,COM-3SPR,Three Pack Spread,Combos,4,2,2,316800,0.5,3,0
2026-07,Fithub,Medellín,COM-DECK,Deck de Cartas,Combos,4,7,5,615000,1.25,0,2
2026-07,Fithub,Medellín,COM-MIX,Perfect Mix & Match,Combos,4,14,11,937200,2.75,6,3
2026-07,Fithub,Medellín,COM-ROMP,Rompecabezas,Combos,4,19,18,2214000,4.5,0,1
2026-07,Fithub,Medellín,COM-WAF,Mini Wafflera,Combos,4,12,10,1230000,2.5,0,2
2026-07,Fithub,Medellín,ESP-BABY,Baby Spreads,Esparcibles,4,18,16,384000,4.0,2,2
2026-07,Fithub,Medellín,ESP-BUT,Golden Butter Cookie,Esparcibles,4,22,20,1474000,5.0,0,2
2026-07,Fithub,Medellín,ESP-CIN,Golden Cinnamon Roll,Esparcibles,4,57,46,2748500,11.5,0,11
2026-07,Fithub,Medellín,ESP-CRE,Creamy Cocoa Hazelnut,Esparcibles,4,35,34,2031500,8.5,1,1
2026-07,Fithub,Medellín,ESP-CRU,Crunchy Cocoa Hazelnut,Esparcibles,4,58,47,2808250,11.75,5,11
2026-07,Fithub,Medellín,ESP-PB,Peanutty Banana Shake,Esparcibles,4,36,31,1852250,7.75,2,5
2026-07,Fithub,Medellín,ESP-PIS,Buttery Pistachio Cookie,Esparcibles,4,28,26,2030600,6.5,5,2
2026-07,Fithub,Medellín,GRA-CHI,Chip Cookie,GranOLAS,4,55,43,2008100,10.75,4,12
2026-07,Fithub,Medellín,GRA-FUD,Fudge Cake,GranOLAS,4,37,31,1447700,7.75,0,6
2026-07,Fithub,Medellín,GRA-PIS,Pistachio Cookie,GranOLAS,4,23,18,995400,4.5,3,5
2026-07,Fithub,Medellín,GRA-VAN,Vanilla Shortbread,GranOLAS,4,19,17,793900,4.25,0,2
2026-07,Fithub,Medellín,HAR-ALM,Harina de Almendra,Avena & Harinas,4,83,68,2896800,17.0,0,15
2026-07,Fithub,Medellín,HAR-AVE,Harina de Avena,Avena & Harinas,4,29,28,1079400,7.0,2,1
2026-07,Fithub,Medellín,MER-NYR,New Year Resolution,Merch,4,18,14,1722000,3.5,0,4
2026-07,Fithub,Medellín,PAN-ALM-CHO,Almendra Choco Chips,Pancakes & Waffles,4,30,27,1385100,6.75,1,3
2026-07,Fithub,Medellín,PAN-ALM-CHU,Almendra Churro,Pancakes & Waffles,4,32,23,1179900,5.75,6,9
2026-07,Fithub,Medellín,PAN-ALM-VAN,Almendra Vainilla,Pancakes & Waffles,4,9,8,410400,2.0,3,1
2026-07,Fithub,Medellín,PAN-AVE-BAN,Avena Banano,Pancakes & Waffles,4,18,13,525850,3.25,4,5
2026-07,Fithub,Medellín,PAN-AVE-BRO,Avena Brownie,Pancakes & Waffles,4,39,33,1334850,8.25,1,6
2026-07,Fithub,Medellín,PAN-AVE-VAN,Avena Vainilla,Pancakes & Waffles,4,73,63,2548350,15.75,1,10
2026-07,Fithub,Pereira,COM-DECK,Deck de Cartas,Combos,1,1,0,0,0.0,0,1
2026-07,Fithub,Pereira,COM-MIX,Perfect Mix & Match,Combos,1,11,9,766800,9.0,0,2
2026-07,Fithub,Pereira,COM-WAF,Mini Wafflera,Combos,1,5,4,492000,4.0,2,1
2026-07,Fithub,Pereira,ESP-BABY,Baby Spreads,Esparcibles,1,12,9,216000,9.0,4,3
2026-07,Fithub,Pereira,ESP-CRU,Crunchy Cocoa Hazelnut,Esparcibles,1,7,5,298750,5.0,0,2
2026-07,Fithub,Pereira,ESP-PIS,Buttery Pistachio Cookie,Esparcibles,1,7,5,390500,5.0,6,2
2026-07,Fithub,Pereira,GRA-FUD,Fudge Cake,GranOLAS,1,32,27,1260900,27.0,0,5
2026-07,Fithub,Pereira,GRA-PIS,Pistachio Cookie,GranOLAS,1,55,47,2599100,47.0,1,8
2026-07,Fithub,Pereira,GRA-VAN,Vanilla Shortbread,GranOLAS,1,11,11,513700,11.0,0,0
2026-07,Fithub,Pereira,PAN-ALM-CHO,Almendra Choco Chips,Pancakes & Waffles,1,4,3,153900,3.0,0,1
2026-07,Fithub,Pereira,PAN-ALM-VAN,Almendra Vainilla,Pancakes & Waffles,1,14,10,513000,10.0,6,4
2026-07,Fithub,Pereira,PAN-AVE-VAN,Avena Vainilla,Pancakes & Waffles,1,79,74,2993300,74.0,5,5
2026-07,Tiendas naturistas,Barranquilla,AVE-HOJ,Avena en Hojuelas,Avena & Harinas,2,17,14,518000,7.0,0,3
2026-07,Tiendas naturistas,Barranquilla,COM-3GRA,Three Pack GranOLA,Combos,2,2,1,114200,0.5,0,1
2026-07,Tiendas naturistas,Barranquilla,COM-3MEZ,Three Pack Mezclas,Combos,2,7,5,560500,2.5,0,2
2026-07,Tiendas naturistas,Barranquilla,COM-3SPR,Three Pack Spread,Combos,2,8,8,1215600,4.0,0,0
2026-07,Tiendas naturistas,Barranquilla,COM-DECK,Deck de Cartas,Combos,2,2,1,118000,0.5,1,1
2026-07,Tiendas naturistas,Barranquilla,COM-MIX,Perfect Mix & Match,Combos,2,2,1,81700,0.5,2,1
2026-07,Tiendas naturistas,Barranquilla,COM-WAF,Mini Wafflera,Combos,2,1,0,0,0.0,6,1
2026-07,Tiendas naturistas,Barranquilla,ESP-BUT,Golden Butter Cookie,Esparcibles,2,2,1,70700,0.5,0,1
2026-07,Tiendas naturistas,Barranquilla,ESP-CIN,Golden Cinnamon Roll,Esparcibles,2,2,1,57350,0.5,2,1
2026-07,Tiendas naturistas,Barranquilla,ESP-CRE,Creamy Cocoa Hazelnut,Esparcibles,2,13,11,630850,5.5,5,2
2026-07,Tiendas naturistas,Barranquilla,ESP-CRU,Crunchy Cocoa Hazelnut,Esparcibles,2,26,20,1147000,10.0,6,6
2026-07,Tiendas naturistas,Barranquilla,GRA-CHI,Chip Cookie,GranOLAS,2,8,6,268800,3.0,7,2
2026-07,Tiendas naturistas,Barranquilla,GRA-FUD,Fudge Cake,GranOLAS,2,18,16,716800,8.0,0,2
2026-07,Tiendas naturistas,Barranquilla,GRA-PIS,Pistachio Cookie,GranOLAS,2,6,5,265250,2.5,5,1
2026-07,Tiendas naturistas,Barranquilla,HAR-ALM,Harina de Almendra,Avena & Harinas,2,16,11,449900,5.5,2,5
2026-07,Tiendas naturistas,Barranquilla,HAR-AVE,Harina de Avena,Avena & Harinas,2,3,2,74000,1.0,3,1
2026-07,Tiendas naturistas,Barranquilla,MER-NYR,New Year Resolution,Merch,2,3,2,236000,1.0,0,1
2026-07,Tiendas naturistas,Barranquilla,PAN-ALM-CHO,Almendra Choco Chips,Pancakes & Waffles,2,12,10,492000,5.0,2,2
2026-07,Tiendas naturistas,Barranquilla,PAN-ALM-CHU,Almendra Churro,Pancakes & Waffles,2,5,4,196800,2.0,0,1
2026-07,Tiendas naturistas,Barranquilla,PAN-AVE-BRO,Avena Brownie,Pancakes & Waffles,2,11,9,349200,4.5,3,2
2026-07,Tiendas naturistas,Barranquilla,PAN-AVE-VAN,Avena Vainilla,Pancakes & Waffles,2,2,1,38800,0.5,2,1
2026-07,Tiendas naturistas,Bogotá,AVE-HOJ,Avena en Hojuelas,Avena & Harinas,31,118,116,4292000,3.74,2,2
2026-07,Tiendas naturistas,Bogotá,COM-3GRA,Three Pack GranOLA,Combos,31,31,26,2969200,0.84,0,5
2026-07,Tiendas naturistas,Bogotá,COM-3MEZ,Three Pack Mezclas,Combos,31,35,26,2914600,0.84,6,9
2026-07,Tiendas naturistas,Bogotá,COM-3SPR,Three Pack Spread,Combos,31,14,13,1975350,0.42,0,1
2026-07,Tiendas naturistas,Bogotá,COM-DECK,Deck de Cartas,Combos,31,30,21,2478000,0.68,1,9
2026-07,Tiendas naturistas,Bogotá,COM-MIX,Perfect Mix & Match,Combos,31,27,23,1879100,0.74,3,4
2026-07,Tiendas naturistas,Bogotá,COM-ROMP,Rompecabezas,Combos,31,14,13,1534000,0.42,4,1
2026-07,Tiendas naturistas,Bogotá,COM-WAF,Mini Wafflera,Combos,31,80,71,8378000,2.29,1,9
2026-07,Tiendas naturistas,Bogotá,ESP-BABY,Baby Spreads,Esparcibles,31,164,141,3243000,4.55,3,23
2026-07,Tiendas naturistas,Bogotá,ESP-BUT,Golden Butter Cookie,Esparcibles,31,37,36,2545200,1.16,3,1
2026-07,Tiendas naturistas,Bogotá,ESP-CIN,Golden Cinnamon Roll,Esparcibles,31,88,80,4588000,2.58,0,8
2026-07,Tiendas naturistas,Bogotá,ESP-CRE,Creamy Cocoa Hazelnut,Esparcibles,31,37,33,1892550,1.06,5,4
2026-07,Tiendas naturistas,Bogotá,ESP-CRU,Crunchy Cocoa Hazelnut,Esparcibles,31,52,45,2580750,1.45,3,7
2026-07,Tiendas naturistas,Bogotá,ESP-PB,Peanutty Banana Shake,Esparcibles,31,79,73,4186550,2.35,0,6
2026-07,Tiendas naturistas,Bogotá,ESP-PIS,Buttery Pistachio Cookie,Esparcibles,31,89,77,5771150,2.48,3,12
2026-07,Tiendas naturistas,Bogotá,GRA-CHI,Chip Cookie,GranOLAS,31,86,64,2867200,2.06,1,22
2026-07,Tiendas naturistas,Bogotá,GRA-FUD,Fudge Cake,GranOLAS,31,88,76,3404800,2.45,4,12
2026-07,Tiendas naturistas,Bogotá,GRA-PIS,Pistachio Cookie,GranOLAS,31,45,43,2281150,1.39,0,2
2026-07,Tiendas naturistas,Bogotá,GRA-VAN,Vanilla Shortbread,GranOLAS,31,68,63,2822400,2.03,0,5
2026-07,Tiendas naturistas,Bogotá,HAR-ALM,Harina de Almendra,Avena & Harinas,31,72,66,2699400,2.13,0,6
2026-07,Tiendas naturistas,Bogotá,HAR-AVE,Harina de Avena,Avena & Harinas,31,66,47,1739000,1.52,10,19
2026-07,Tiendas naturistas,Bogotá,MER-NYR,New Year Resolution,Merch,31,42,40,4720000,1.29,1,2
2026-07,Tiendas naturistas,Bogotá,PAN-ALM-CHO,Almendra Choco Chips,Pancakes & Waffles,31,32,32,1574400,1.03,7,0
2026-07,Tiendas naturistas,Bogotá,PAN-ALM-CHU,Almendra Churro,Pancakes & Waffles,31,95,80,3936000,2.58,4,15
2026-07,Tiendas naturistas,Bogotá,PAN-ALM-VAN,Almendra Vainilla,Pancakes & Waffles,31,64,49,2410800,1.58,5,15
2026-07,Tiendas naturistas,Bogotá,PAN-AVE-BAN,Avena Banano,Pancakes & Waffles,31,57,50,1940000,1.61,7,7
2026-07,Tiendas naturistas,Bogotá,PAN-AVE-BRO,Avena Brownie,Pancakes & Waffles,31,132,109,4229200,3.52,7,23
2026-07,Tiendas naturistas,Bogotá,PAN-AVE-VAN,Avena Vainilla,Pancakes & Waffles,31,65,58,2250400,1.87,3,7
2026-07,Tiendas naturistas,Bucaramanga,COM-3MEZ,Three Pack Mezclas,Combos,2,3,2,224200,1.0,0,1
2026-07,Tiendas naturistas,Bucaramanga,COM-3SPR,Three Pack Spread,Combos,2,1,0,0,0.0,0,1
2026-07,Tiendas naturistas,Bucaramanga,COM-WAF,Mini Wafflera,Combos,2,17,12,1416000,6.0,0,5
2026-07,Tiendas naturistas,Bucaramanga,ESP-BABY,Baby Spreads,Esparcibles,2,23,18,414000,9.0,7,5
2026-07,Tiendas naturistas,Bucaramanga,ESP-BUT,Golden Butter Cookie,Esparcibles,2,11,8,565600,4.0,5,3
2026-07,Tiendas naturistas,Bucaramanga,ESP-PIS,Buttery Pistachio Cookie,Esparcibles,2,10,10,749500,5.0,0,0
2026-07,Tiendas naturistas,Bucaramanga,GRA-FUD,Fudge Cake,GranOLAS,2,2,1,44800,0.5,4,1
2026-07,Tiendas naturistas,Bucaramanga,GRA-PIS,Pistachio Cookie,GranOLAS,2,36,29,1538450,14.5,1,7
2026-07,Tiendas naturistas,Bucaramanga,GRA-VAN,Vanilla Shortbread,GranOLAS,2,8,6,268800,3.0,0,2
2026-07,Tiendas naturistas,Bucaramanga,PAN-ALM-VAN,Almendra Vainilla,Pancakes & Waffles,2,12,9,442800,4.5,0,3
2026-07,Tiendas naturistas,Bucaramanga,PAN-AVE-BRO,Avena Brownie,Pancakes & Waffles,2,24,21,814800,10.5,3,3
2026-07,Tiendas naturistas,Cali,AVE-HOJ,Avena en Hojuelas,Avena & Harinas,5,29,21,777000,4.2,3,8
2026-07,Tiendas naturistas,Cali,COM-3MEZ,Three Pack Mezclas,Combos,5,22,17,1905700,3.4,3,5
2026-07,Tiendas naturistas,Cali,COM-3SPR,Three Pack Spread,Combos,5,8,5,759750,1.0,7,3
2026-07,Tiendas naturistas,Cali,COM-DECK,Deck de Cartas,Combos,5,7,5,590000,1.0,0,2
2026-07,Tiendas naturistas,Cali,COM-MIX,Perfect Mix & Match,Combos,5,42,34,2777800,6.8,4,8
2026-07,Tiendas naturistas,Cali,COM-ROMP,Rompecabezas,Combos,5,3,2,236000,0.4,5,1
2026-07,Tiendas naturistas,Cali,ESP-BUT,Golden Butter Cookie,Esparcibles,5,13,12,848400,2.4,3,1
2026-07,Tiendas naturistas,Cali,ESP-CIN,Golden Cinnamon Roll,Esparcibles,5,14,10,573500,2.0,5,4
2026-07,Tiendas naturistas,Cali,ESP-CRE,Creamy Cocoa Hazelnut,Esparcibles,5,14,13,745550,2.6,4,1
2026-07,Tiendas naturistas,Cali,ESP-CRU,Crunchy Cocoa Hazelnut,Esparcibles,5,2,1,57350,0.2,4,1
2026-07,Tiendas naturistas,Cali,ESP-PB,Peanutty Banana Shake,Esparcibles,5,65,48,2752800,9.6,4,17
2026-07,Tiendas naturistas,Cali,ESP-PIS,Buttery Pistachio Cookie,Esparcibles,5,9,8,599600,1.6,1,1
2026-07,Tiendas naturistas,Cali,GRA-CHI,Chip Cookie,GranOLAS,5,46,44,1971200,8.8,0,2
2026-07,Tiendas naturistas,Cali,GRA-FUD,Fudge Cake,GranOLAS,5,45,43,1926400,8.6,4,2
2026-07,Tiendas naturistas,Cali,GRA-PIS,Pistachio Cookie,GranOLAS,5,27,20,1061000,4.0,3,7
2026-07,Tiendas naturistas,Cali,GRA-VAN,Vanilla Shortbread,GranOLAS,5,6,4,179200,0.8,3,2
2026-07,Tiendas naturistas,Cali,HAR-ALM,Harina de Almendra,Avena & Harinas,5,137,132,5398800,26.4,0,5
2026-07,Tiendas naturistas,Cali,HAR-AVE,Harina de Avena,Avena & Harinas,5,35,31,1147000,6.2,5,4
2026-07,Tiendas naturistas,Cali,MER-NYR,New Year Resolution,Merch,5,2,1,118000,0.2,0,1
2026-07,Tiendas naturistas,Cali,PAN-ALM-CHO,Almendra Choco Chips,Pancakes & Waffles,5,54,45,2214000,9.0,3,9
2026-07,Tiendas naturistas,Cali,PAN-ALM-CHU,Almendra Churro,Pancakes & Waffles,5,8,6,295200,1.2,3,2
2026-07,Tiendas naturistas,Cali,PAN-ALM-VAN,Almendra Vainilla,Pancakes & Waffles,5,16,12,590400,2.4,0,4
2026-07,Tiendas naturistas,Cali,PAN-AVE-BAN,Avena Banano,Pancakes & Waffles,5,2,1,38800,0.2,5,1
2026-07,Tiendas naturistas,Cali,PAN-AVE-BRO,Avena Brownie,Pancakes & Waffles,5,6,4,155200,0.8,9,2
2026-07,Tiendas naturistas,Cartagena,AVE-HOJ,Avena en Hojuelas,Avena & Harinas,4,3,2,74000,0.5,0,1
2026-07,Tiendas naturistas,Cartagena,COM-3MEZ,Three Pack Mezclas,Combos,4,1,0,0,0.0,6,1
2026-07,Tiendas naturistas,Cartagena,COM-3SPR,Three Pack Spread,Combos,4,8,8,1215600,2.0,4,0
2026-07,Tiendas naturistas,Cartagena,COM-DECK,Deck de Cartas,Combos,4,3,2,236000,0.5,1,1
2026-07,Tiendas naturistas,Cartagena,COM-WAF,Mini Wafflera,Combos,4,18,17,2006000,4.25,0,1
2026-07,Tiendas naturistas,Cartagena,ESP-CRE,Creamy Cocoa Hazelnut,Esparcibles,4,3,2,114700,0.5,2,1
2026-07,Tiendas naturistas,Cartagena,ESP-CRU,Crunchy Cocoa Hazelnut,Esparcibles,4,52,48,2752800,12.0,1,4
2026-07,Tiendas naturistas,Cartagena,GRA-CHI,Chip Cookie,GranOLAS,4,32,23,1030400,5.75,1,9
2026-07,Tiendas naturistas,Cartagena,GRA-PIS,Pistachio Cookie,GranOLAS,4,8,8,424400,2.0,0,0
2026-07,Tiendas naturistas,Cartagena,HAR-AVE,Harina de Avena,Avena & Harinas,4,27,21,777000,5.25,3,6
2026-07,Tiendas naturistas,Cartagena,MER-NYR,New Year Resolution,Merch,4,2,1,118000,0.25,4,1
2026-07,Tiendas naturistas,Cartagena,PAN-ALM-CHO,Almendra Choco Chips,Pancakes & Waffles,4,11,9,442800,2.25,2,2
2026-07,Tiendas naturistas,Cartagena,PAN-ALM-VAN,Almendra Vainilla,Pancakes & Waffles,4,42,42,2066400,10.5,6,0
2026-07,Tiendas naturistas,Cartagena,PAN-AVE-BAN,Avena Banano,Pancakes & Waffles,4,4,2,77600,0.5,7,2
2026-07,Tiendas naturistas,Cartagena,PAN-AVE-VAN,Avena Vainilla,Pancakes & Waffles,4,45,34,1319200,8.5,4,11
2026-07,Tiendas naturistas,Manizales,AVE-HOJ,Avena en Hojuelas,Avena & Harinas,1,28,23,851000,23.0,8,5
2026-07,Tiendas naturistas,Manizales,COM-DECK,Deck de Cartas,Combos,1,13,12,1416000,12.0,0,1
2026-07,Tiendas naturistas,Manizales,COM-WAF,Mini Wafflera,Combos,1,13,10,1180000,10.0,3,3
2026-07,Tiendas naturistas,Manizales,ESP-BABY,Baby Spreads,Esparcibles,1,80,78,1794000,78.0,4,2
2026-07,Tiendas naturistas,Manizales,ESP-CIN,Golden Cinnamon Roll,Esparcibles,1,18,13,745550,13.0,5,5
2026-07,Tiendas naturistas,Manizales,ESP-PIS,Buttery Pistachio Cookie,Esparcibles,1,14,12,899400,12.0,6,2
2026-07,Tiendas naturistas,Manizales,GRA-CHI,Chip Cookie,GranOLAS,1,4,3,134400,3.0,3,1
2026-07,Tiendas naturistas,Manizales,HAR-AVE,Harina de Avena,Avena & Harinas,1,22,22,814000,22.0,6,0
2026-07,Tiendas naturistas,Manizales,MER-NYR,New Year Resolution,Merch,1,31,30,3540000,30.0,1,1
2026-07,Tiendas naturistas,Manizales,PAN-ALM-CHO,Almendra Choco Chips,Pancakes & Waffles,1,19,17,836400,17.0,0,2
2026-07,Tiendas naturistas,Medellín,AVE-HOJ,Avena en Hojuelas,Avena & Harinas,13,52,43,1591000,3.31,6,9
2026-07,Tiendas naturistas,Medellín,COM-3GRA,Three Pack GranOLA,Combos,13,4,3,342600,0.23,1,1
2026-07,Tiendas naturistas,Medellín,COM-3MEZ,Three Pack Mezclas,Combos,13,29,26,2914600,2.0,5,3
2026-07,Tiendas naturistas,Medellín,COM-3SPR,Three Pack Spread,Combos,13,12,12,1823400,0.92,4,0
2026-07,Tiendas naturistas,Medellín,COM-DECK,Deck de Cartas,Combos,13,5,4,472000,0.31,4,1
2026-07,Tiendas naturistas,Medellín,COM-MIX,Perfect Mix & Match,Combos,13,60,60,4902000,4.62,0,0
2026-07,Tiendas naturistas,Medellín,COM-WAF,Mini Wafflera,Combos,13,3,2,236000,0.15,0,1
2026-07,Tiendas naturistas,Medellín,ESP-BABY,Baby Spreads,Esparcibles,13,2,1,23000,0.08,5,1
2026-07,Tiendas naturistas,Medellín,ESP-BUT,Golden Butter Cookie,Esparcibles,13,33,25,1767500,1.92,2,8
2026-07,Tiendas naturistas,Medellín,ESP-CIN,Golden Cinnamon Roll,Esparcibles,13,4,3,172050,0.23,1,1
2026-07,Tiendas naturistas,Medellín,ESP-CRE,Creamy Cocoa Hazelnut,Esparcibles,13,6,6,344100,0.46,1,0
2026-07,Tiendas naturistas,Medellín,ESP-CRU,Crunchy Cocoa Hazelnut,Esparcibles,13,1,0,0,0.0,0,1
2026-07,Tiendas naturistas,Medellín,ESP-PB,Peanutty Banana Shake,Esparcibles,13,5,4,229400,0.31,5,1
2026-07,Tiendas naturistas,Medellín,ESP-PIS,Buttery Pistachio Cookie,Esparcibles,13,10,7,524650,0.54,0,3
2026-07,Tiendas naturistas,Medellín,GRA-CHI,Chip Cookie,GranOLAS,13,11,8,358400,0.62,2,3
2026-07,Tiendas naturistas,Medellín,GRA-FUD,Fudge Cake,GranOLAS,13,64,55,2464000,4.23,1,9
2026-07,Tiendas naturistas,Medellín,GRA-PIS,Pistachio Cookie,GranOLAS,13,4,3,159150,0.23,5,1
2026-07,Tiendas naturistas,Medellín,GRA-VAN,Vanilla Shortbread,GranOLAS,13,15,13,582400,1.0,0,2
2026-07,Tiendas naturistas,Medellín,MER-NYR,New Year Resolution,Merch,13,3,2,236000,0.15,4,1
2026-07,Tiendas naturistas,Medellín,PAN-ALM-CHO,Almendra Choco Chips,Pancakes & Waffles,13,2,1,49200,0.08,0,1
2026-07,Tiendas naturistas,Medellín,PAN-ALM-CHU,Almendra Churro,Pancakes & Waffles,13,20,19,934800,1.46,3,1
2026-07,Tiendas naturistas,Medellín,PAN-ALM-VAN,Almendra Vainilla,Pancakes & Waffles,13,73,70,3444000,5.38,7,3
2026-07,Tiendas naturistas,Medellín,PAN-AVE-BAN,Avena Banano,Pancakes & Waffles,13,26,23,892400,1.77,3,3
2026-07,Tiendas naturistas,Medellín,PAN-AVE-BRO,Avena Brownie,Pancakes & Waffles,13,6,5,194000,0.38,0,1
2026-07,Tiendas naturistas,Medellín,PAN-AVE-VAN,Avena Vainilla,Pancakes & Waffles,13,19,15,582000,1.15,2,4
2026-07,Tiendas naturistas,Pereira,AVE-HOJ,Avena en Hojuelas,Avena & Harinas,4,7,6,222000,1.5,4,1
2026-07,Tiendas naturistas,Pereira,COM-3GRA,Three Pack GranOLA,Combos,4,1,0,0,0.0,3,1
2026-07,Tiendas naturistas,Pereira,COM-3MEZ,Three Pack Mezclas,Combos,4,6,4,448400,1.0,4,2
2026-07,Tiendas naturistas,Pereira,COM-DECK,Deck de Cartas,Combos,4,3,2,236000,0.5,1,1
2026-07,Tiendas naturistas,Pereira,COM-MIX,Perfect Mix & Match,Combos,4,1,0,0,0.0,0,1
2026-07,Tiendas naturistas,Pereira,COM-ROMP,Rompecabezas,Combos,4,2,1,118000,0.25,3,1
2026-07,Tiendas naturistas,Pereira,COM-WAF,Mini Wafflera,Combos,4,1,0,0,0.0,0,1
2026-07,Tiendas naturistas,Pereira,ESP-BABY,Baby Spreads,Esparcibles,4,27,23,529000,5.75,0,4
2026-07,Tiendas naturistas,Pereira,ESP-CIN,Golden Cinnamon Roll,Esparcibles,4,68,55,3154250,13.75,4,13
2026-07,Tiendas naturistas,Pereira,ESP-CRE,Creamy Cocoa Hazelnut,Esparcibles,4,3,2,114700,0.5,6,1
2026-07,Tiendas naturistas,Pereira,ESP-PB,Peanutty Banana Shake,Esparcibles,4,2,1,57350,0.25,5,1
2026-07,Tiendas naturistas,Pereira,ESP-PIS,Buttery Pistachio Cookie,Esparcibles,4,3,2,149900,0.5,3,1
2026-07,Tiendas naturistas,Pereira,GRA-CHI,Chip Cookie,GranOLAS,4,6,5,224000,1.25,3,1
2026-07,Tiendas naturistas,Pereira,GRA-PIS,Pistachio Cookie,GranOLAS,4,1,0,0,0.0,0,1
2026-07,Tiendas naturistas,Pereira,GRA-VAN,Vanilla Shortbread,GranOLAS,4,46,34,1523200,8.5,5,12
2026-07,Tiendas naturistas,Pereira,MER-NYR,New Year Resolution,Merch,4,4,3,354000,0.75,2,1
2026-07,Tiendas naturistas,Pereira,PAN-ALM-CHO,Almendra Choco Chips,Pancakes & Waffles,4,12,12,590400,3.0,0,0
2026-07,Tiendas naturistas,Pereira,PAN-ALM-CHU,Almendra Churro,Pancakes & Waffles,4,28,26,1279200,6.5,0,2
2026-07,Tiendas naturistas,Pereira,PAN-AVE-BAN,Avena Banano,Pancakes & Waffles,4,33,28,1086400,7.0,1,5
2026-07,Tiendas naturistas,Pereira,PAN-AVE-VAN,Avena Vainilla,Pancakes & Waffles,4,7,5,194000,1.25,0,2
2026-07,Éxito,Barranquilla,AVE-HOJ,Avena en Hojuelas,Avena & Harinas,5,102,88,3062400,17.6,2,14
2026-07,Éxito,Barranquilla,COM-3GRA,Three Pack GranOLA,Combos,5,53,40,4296000,8.0,1,13
2026-07,Éxito,Barranquilla,COM-3SPR,Three Pack Spread,Combos,5,79,64,9148800,12.8,5,15
2026-07,Éxito,Barranquilla,COM-DECK,Deck de Cartas,Combos,5,32,24,2664000,4.8,2,8
2026-07,Éxito,Barranquilla,COM-MIX,Perfect Mix & Match,Combos,5,34,27,2076300,5.4,3,7
2026-07,Éxito,Barranquilla,COM-ROMP,Rompecabezas,Combos,5,38,38,4218000,7.6,7,0
2026-07,Éxito,Barranquilla,COM-WAF,Mini Wafflera,Combos,5,70,57,6327000,11.4,5,13
2026-07,Éxito,Barranquilla,ESP-BABY,Baby Spreads,Esparcibles,5,95,76,1645400,15.2,0,19
2026-07,Éxito,Barranquilla,ESP-BUT,Golden Butter Cookie,Esparcibles,5,63,55,3657500,11.0,5,8
2026-07,Éxito,Barranquilla,ESP-CIN,Golden Cinnamon Roll,Esparcibles,5,120,95,5125250,19.0,5,25
2026-07,Éxito,Barranquilla,ESP-CRE,Creamy Cocoa Hazelnut,Esparcibles,5,64,51,2751450,10.2,0,13
2026-07,Éxito,Barranquilla,ESP-PB,Peanutty Banana Shake,Esparcibles,5,146,126,6797700,25.2,1,20
2026-07,Éxito,Barranquilla,ESP-PIS,Buttery Pistachio Cookie,Esparcibles,5,36,35,2467500,7.0,1,1
2026-07,Éxito,Barranquilla,GRA-FUD,Fudge Cake,GranOLAS,5,124,108,4546800,21.6,0,16
2026-07,Éxito,Barranquilla,GRA-VAN,Vanilla Shortbread,GranOLAS,5,78,62,2610200,12.4,0,16
2026-07,Éxito,Barranquilla,HAR-ALM,Harina de Almendra,Avena & Harinas,5,151,150,5767500,30.0,1,1
2026-07,Éxito,Barranquilla,HAR-AVE,Harina de Avena,Avena & Harinas,5,28,24,835200,4.8,4,4
2026-07,Éxito,Barranquilla,MER-NYR,New Year Resolution,Merch,5,30,22,2442000,4.4,6,8
2026-07,Éxito,Barranquilla,PAN-ALM-CHO,Almendra Choco Chips,Pancakes & Waffles,5,85,66,3055800,13.2,0,19
2026-07,Éxito,Barranquilla,PAN-ALM-CHU,Almendra Churro,Pancakes & Waffles,5,54,51,2361300,10.2,1,3
2026-07,Éxito,Barranquilla,PAN-ALM-VAN,Almendra Vainilla,Pancakes & Waffles,5,196,180,8334000,36.0,0,16
2026-07,Éxito,Barranquilla,PAN-AVE-BAN,Avena Banano,Pancakes & Waffles,5,32,24,876000,4.8,1,8
2026-07,Éxito,Barranquilla,PAN-AVE-BRO,Avena Brownie,Pancakes & Waffles,5,63,46,1679000,9.2,2,17
2026-07,Éxito,Barranquilla,PAN-AVE-VAN,Avena Vainilla,Pancakes & Waffles,5,141,110,4015000,22.0,0,31
2026-07,Éxito,Bogotá,AVE-HOJ,Avena en Hojuelas,Avena & Harinas,22,103,75,2610000,3.41,2,28
2026-07,Éxito,Bogotá,COM-3GRA,Three Pack GranOLA,Combos,22,64,57,6121800,2.59,1,7
2026-07,Éxito,Bogotá,COM-3MEZ,Three Pack Mezclas,Combos,22,125,90,9490500,4.09,2,35
2026-07,Éxito,Bogotá,COM-3SPR,Three Pack Spread,Combos,22,64,53,7576350,2.41,0,11
2026-07,Éxito,Bogotá,COM-DECK,Deck de Cartas,Combos,22,59,59,6549000,2.68,7,0
2026-07,Éxito,Bogotá,COM-MIX,Perfect Mix & Match,Combos,22,165,124,9535600,5.64,3,41
2026-07,Éxito,Bogotá,COM-ROMP,Rompecabezas,Combos,22,54,50,5550000,2.27,4,4
2026-07,Éxito,Bogotá,COM-WAF,Mini Wafflera,Combos,22,161,163,18093000,7.41,3,0
2026-07,Éxito,Bogotá,ESP-BABY,Baby Spreads,Esparcibles,22,118,104,2251600,4.73,3,14
2026-07,Éxito,Bogotá,ESP-BUT,Golden Butter Cookie,Esparcibles,22,124,112,7448000,5.09,3,12
2026-07,Éxito,Bogotá,ESP-CIN,Golden Cinnamon Roll,Esparcibles,22,158,120,6474000,5.45,3,38
2026-07,Éxito,Bogotá,ESP-CRE,Creamy Cocoa Hazelnut,Esparcibles,22,298,299,16131050,13.59,6,0
2026-07,Éxito,Bogotá,ESP-CRU,Crunchy Cocoa Hazelnut,Esparcibles,22,198,174,9387300,7.91,1,24
2026-07,Éxito,Bogotá,ESP-PB,Peanutty Banana Shake,Esparcibles,22,252,234,12624300,10.64,7,18
2026-07,Éxito,Bogotá,ESP-PIS,Buttery Pistachio Cookie,Esparcibles,22,60,50,3525000,2.27,2,10
2026-07,Éxito,Bogotá,GRA-CHI,Chip Cookie,GranOLAS,22,149,124,5220400,5.64,2,25
2026-07,Éxito,Bogotá,GRA-FUD,Fudge Cake,GranOLAS,22,146,131,5515100,5.95,4,15
2026-07,Éxito,Bogotá,GRA-PIS,Pistachio Cookie,GranOLAS,22,242,224,11177600,10.18,7,18
2026-07,Éxito,Bogotá,GRA-VAN,Vanilla Shortbread,GranOLAS,22,323,243,10230300,11.05,5,80
2026-07,Éxito,Bogotá,HAR-ALM,Harina de Almendra,Avena & Harinas,22,189,171,6574950,7.77,0,18
2026-07,Éxito,Bogotá,HAR-AVE,Harina de Avena,Avena & Harinas,22,241,202,7029600,9.18,7,39
2026-07,Éxito,Bogotá,MER-NYR,New Year Resolution,Merch,22,74,55,6105000,2.5,0,19
2026-07,Éxito,Bogotá,PAN-ALM-CHO,Almendra Choco Chips,Pancakes & Waffles,22,125,96,4444800,4.36,1,29
2026-07,Éxito,Bogotá,PAN-ALM-CHU,Almendra Churro,Pancakes & Waffles,22,338,246,11389800,11.18,5,92
2026-07,Éxito,Bogotá,PAN-ALM-VAN,Almendra Vainilla,Pancakes & Waffles,22,36,34,1574200,1.55,3,2
2026-07,Éxito,Bogotá,PAN-AVE-BAN,Avena Banano,Pancakes & Waffles,22,121,114,4161000,5.18,0,7
2026-07,Éxito,Bogotá,PAN-AVE-BRO,Avena Brownie,Pancakes & Waffles,22,211,200,7300000,9.09,7,11
2026-07,Éxito,Bogotá,PAN-AVE-VAN,Avena Vainilla,Pancakes & Waffles,22,72,56,2044000,2.55,2,16
2026-07,Éxito,Bucaramanga,COM-3GRA,Three Pack GranOLA,Combos,3,83,71,7625400,23.67,5,12
2026-07,Éxito,Bucaramanga,COM-3MEZ,Three Pack Mezclas,Combos,3,45,43,4534350,14.33,4,2
2026-07,Éxito,Bucaramanga,COM-3SPR,Three Pack Spread,Combos,3,22,19,2716050,6.33,4,3
2026-07,Éxito,Bucaramanga,COM-DECK,Deck de Cartas,Combos,3,26,18,1998000,6.0,0,8
2026-07,Éxito,Bucaramanga,COM-MIX,Perfect Mix & Match,Combos,3,51,39,2999100,13.0,4,12
2026-07,Éxito,Bucaramanga,COM-ROMP,Rompecabezas,Combos,3,10,10,1110000,3.33,0,0
2026-07,Éxito,Bucaramanga,COM-WAF,Mini Wafflera,Combos,3,35,32,3552000,10.67,0,3
2026-07,Éxito,Bucaramanga,ESP-BABY,Baby Spreads,Esparcibles,3,38,34,736100,11.33,0,4
2026-07,Éxito,Bucaramanga,ESP-BUT,Golden Butter Cookie,Esparcibles,3,24,20,1330000,6.67,1,4
2026-07,Éxito,Bucaramanga,ESP-CIN,Golden Cinnamon Roll,Esparcibles,3,7,5,269750,1.67,3,2
2026-07,Éxito,Bucaramanga,ESP-CRE,Creamy Cocoa Hazelnut,Esparcibles,3,13,13,701350,4.33,5,0
2026-07,Éxito,Bucaramanga,ESP-CRU,Crunchy Cocoa Hazelnut,Esparcibles,3,20,16,863200,5.33,0,4
2026-07,Éxito,Bucaramanga,ESP-PB,Peanutty Banana Shake,Esparcibles,3,47,40,2158000,13.33,0,7
2026-07,Éxito,Bucaramanga,ESP-PIS,Buttery Pistachio Cookie,Esparcibles,3,13,12,846000,4.0,5,1
2026-07,Éxito,Bucaramanga,GRA-CHI,Chip Cookie,GranOLAS,3,50,50,2105000,16.67,0,0
2026-07,Éxito,Bucaramanga,GRA-PIS,Pistachio Cookie,GranOLAS,3,6,5,249500,1.67,7,1
2026-07,Éxito,Bucaramanga,GRA-VAN,Vanilla Shortbread,GranOLAS,3,52,40,1684000,13.33,0,12
2026-07,Éxito,Bucaramanga,HAR-ALM,Harina de Almendra,Avena & Harinas,3,89,67,2576150,22.33,2,22
2026-07,Éxito,Bucaramanga,HAR-AVE,Harina de Avena,Avena & Harinas,3,38,29,1009200,9.67,0,9
2026-07,Éxito,Bucaramanga,MER-NYR,New Year Resolution,Merch,3,21,18,1998000,6.0,3,3
2026-07,Éxito,Bucaramanga,PAN-ALM-CHU,Almendra Churro,Pancakes & Waffles,3,21,18,833400,6.0,3,3
2026-07,Éxito,Bucaramanga,PAN-ALM-VAN,Almendra Vainilla,Pancakes & Waffles,3,11,10,463000,3.33,1,1
2026-07,Éxito,Cali,AVE-HOJ,Avena en Hojuelas,Avena & Harinas,2,43,36,1252800,18.0,2,7
2026-07,Éxito,Cali,COM-3GRA,Three Pack GranOLA,Combos,2,13,10,1074000,5.0,5,3
2026-07,Éxito,Cali,COM-3MEZ,Three Pack Mezclas,Combos,2,12,8,843600,4.0,6,4
2026-07,Éxito,Cali,COM-3SPR,Three Pack Spread,Combos,2,4,3,428850,1.5,0,1
2026-07,Éxito,Cali,COM-DECK,Deck de Cartas,Combos,2,34,25,2775000,12.5,2,9
2026-07,Éxito,Cali,COM-MIX,Perfect Mix & Match,Combos,2,7,6,461400,3.0,6,1
2026-07,Éxito,Cali,COM-ROMP,Rompecabezas,Combos,2,120,107,11877000,53.5,0,13
2026-07,Éxito,Cali,COM-WAF,Mini Wafflera,Combos,2,107,104,11544000,52.0,0,3
2026-07,Éxito,Cali,ESP-BABY,Baby Spreads,Esparcibles,2,156,113,2446450,56.5,6,43
2026-07,Éxito,Cali,ESP-BUT,Golden Butter Cookie,Esparcibles,2,14,13,864500,6.5,4,1
2026-07,Éxito,Cali,ESP-CIN,Golden Cinnamon Roll,Esparcibles,2,17,12,647400,6.0,2,5
2026-07,Éxito,Cali,ESP-CRE,Creamy Cocoa Hazelnut,Esparcibles,2,10,8,431600,4.0,1,2
2026-07,Éxito,Cali,ESP-CRU,Crunchy Cocoa Hazelnut,Esparcibles,2,39,31,1672450,15.5,3,8
2026-07,Éxito,Cali,ESP-PB,Peanutty Banana Shake,Esparcibles,2,106,106,5718700,53.0,0,0
2026-07,Éxito,Cali,GRA-CHI,Chip Cookie,GranOLAS,2,77,75,3157500,37.5,9,2
2026-07,Éxito,Cali,GRA-FUD,Fudge Cake,GranOLAS,2,72,71,2989100,35.5,0,1
2026-07,Éxito,Cali,GRA-PIS,Pistachio Cookie,GranOLAS,2,34,29,1447100,14.5,0,5
2026-07,Éxito,Cali,GRA-VAN,Vanilla Shortbread,GranOLAS,2,46,41,1726100,20.5,4,5
2026-07,Éxito,Cali,HAR-ALM,Harina de Almendra,Avena & Harinas,2,2,1,38450,0.5,3,1
2026-07,Éxito,Cali,HAR-AVE,Harina de Avena,Avena & Harinas,2,75,60,2088000,30.0,0,15
2026-07,Éxito,Cali,MER-NYR,New Year Resolution,Merch,2,11,10,1110000,5.0,0,1
2026-07,Éxito,Cali,PAN-ALM-CHU,Almendra Churro,Pancakes & Waffles,2,104,75,3472500,37.5,0,29
2026-07,Éxito,Cali,PAN-ALM-VAN,Almendra Vainilla,Pancakes & Waffles,2,15,13,601900,6.5,0,2
2026-07,Éxito,Cali,PAN-AVE-BAN,Avena Banano,Pancakes & Waffles,2,20,17,620500,8.5,0,3
2026-07,Éxito,Cali,PAN-AVE-BRO,Avena Brownie,Pancakes & Waffles,2,165,148,5402000,74.0,3,17
2026-07,Éxito,Cali,PAN-AVE-VAN,Avena Vainilla,Pancakes & Waffles,2,152,113,4124500,56.5,0,39
2026-07,Éxito,Cartagena,AVE-HOJ,Avena en Hojuelas,Avena & Harinas,3,51,41,1426800,13.67,0,10
2026-07,Éxito,Cartagena,COM-MIX,Perfect Mix & Match,Combos,3,10,9,692100,3.0,1,1
2026-07,Éxito,Cartagena,COM-WAF,Mini Wafflera,Combos,3,35,35,3885000,11.67,0,0
2026-07,Éxito,Cartagena,ESP-BUT,Golden Butter Cookie,Esparcibles,3,19,19,1263500,6.33,1,0
2026-07,Éxito,Cartagena,ESP-CRE,Creamy Cocoa Hazelnut,Esparcibles,3,96,74,3992300,24.67,3,22
2026-07,Éxito,Cartagena,GRA-VAN,Vanilla Shortbread,GranOLAS,3,5,4,168400,1.33,4,1
2026-07,Éxito,Cartagena,PAN-ALM-CHO,Almendra Choco Chips,Pancakes & Waffles,3,7,6,277800,2.0,0,1
2026-07,Éxito,Cartagena,PAN-ALM-CHU,Almendra Churro,Pancakes & Waffles,3,91,92,4259600,30.67,2,0
2026-07,Éxito,Cartagena,PAN-ALM-VAN,Almendra Vainilla,Pancakes & Waffles,3,32,32,1481600,10.67,1,0
2026-07,Éxito,Cartagena,PAN-AVE-VAN,Avena Vainilla,Pancakes & Waffles,3,24,23,839500,7.67,6,1
2026-07,Éxito,Manizales,ESP-BABY,Baby Spreads,Esparcibles,3,17,14,303100,4.67,1,3
2026-07,Éxito,Manizales,ESP-CIN,Golden Cinnamon Roll,Esparcibles,3,9,7,377650,2.33,4,2
2026-07,Éxito,Manizales,ESP-CRU,Crunchy Cocoa Hazelnut,Esparcibles,3,4,3,161850,1.0,6,1
2026-07,Éxito,Manizales,GRA-CHI,Chip Cookie,GranOLAS,3,5,4,168400,1.33,4,1
2026-07,Éxito,Manizales,PAN-ALM-CHO,Almendra Choco Chips,Pancakes & Waffles,3,9,9,416700,3.0,1,0
2026-07,Éxito,Manizales,PAN-ALM-CHU,Almendra Churro,Pancakes & Waffles,3,6,6,277800,2.0,2,0
2026-07,Éxito,Manizales,PAN-AVE-BAN,Avena Banano,Pancakes & Waffles,3,2,1,36500,0.33,4,1
2026-07,Éxito,Manizales,PAN-AVE-BRO,Avena Brownie,Pancakes & Waffles,3,7,6,219000,2.0,1,1
2026-07,Éxito,Manizales,PAN-AVE-VAN,Avena Vainilla,Pancakes & Waffles,3,11,8,292000,2.67,3,3
2026-07,Éxito,Medellín,AVE-HOJ,Avena en Hojuelas,Avena & Harinas,6,34,29,1009200,4.83,0,5
2026-07,Éxito,Medellín,COM-3GRA,Three Pack GranOLA,Combos,6,67,51,5477400,8.5,1,16
2026-07,Éxito,Medellín,COM-3MEZ,Three Pack Mezclas,Combos,6,24,21,2214450,3.5,1,3
2026-07,Éxito,Medellín,COM-3SPR,Three Pack Spread,Combos,6,9,7,1000650,1.17,4,2
2026-07,Éxito,Medellín,COM-DECK,Deck de Cartas,Combos,6,219,221,24531000,36.83,1,0
2026-07,Éxito,Medellín,COM-MIX,Perfect Mix & Match,Combos,6,22,20,1538000,3.33,0,2
2026-07,Éxito,Medellín,COM-ROMP,Rompecabezas,Combos,6,126,99,10989000,16.5,1,27
2026-07,Éxito,Medellín,ESP-BABY,Baby Spreads,Esparcibles,6,808,585,12665250,97.5,2,223
2026-07,Éxito,Medellín,ESP-BUT,Golden Butter Cookie,Esparcibles,6,75,57,3790500,9.5,5,18
2026-07,Éxito,Medellín,ESP-CIN,Golden Cinnamon Roll,Esparcibles,6,268,210,11329500,35.0,1,58
2026-07,Éxito,Medellín,ESP-CRE,Creamy Cocoa Hazelnut,Esparcibles,6,118,89,4801550,14.83,0,29
2026-07,Éxito,Medellín,ESP-CRU,Crunchy Cocoa Hazelnut,Esparcibles,6,81,62,3344900,10.33,6,19
2026-07,Éxito,Medellín,ESP-PB,Peanutty Banana Shake,Esparcibles,6,22,20,1079000,3.33,0,2
2026-07,Éxito,Medellín,ESP-PIS,Buttery Pistachio Cookie,Esparcibles,6,122,94,6627000,15.67,2,28
2026-07,Éxito,Medellín,GRA-CHI,Chip Cookie,GranOLAS,6,29,25,1052500,4.17,3,4
2026-07,Éxito,Medellín,GRA-FUD,Fudge Cake,GranOLAS,6,27,23,968300,3.83,0,4
2026-07,Éxito,Medellín,GRA-PIS,Pistachio Cookie,GranOLAS,6,74,66,3293400,11.0,2,8
2026-07,Éxito,Medellín,GRA-VAN,Vanilla Shortbread,GranOLAS,6,91,77,3241700,12.83,0,14
2026-07,Éxito,Medellín,HAR-ALM,Harina de Almendra,Avena & Harinas,6,43,38,1461100,6.33,3,5
2026-07,Éxito,Medellín,HAR-AVE,Harina de Avena,Avena & Harinas,6,174,161,5602800,26.83,3,13
2026-07,Éxito,Medellín,MER-NYR,New Year Resolution,Merch,6,80,78,8658000,13.0,0,2
2026-07,Éxito,Medellín,PAN-ALM-CHO,Almendra Choco Chips,Pancakes & Waffles,6,92,74,3426200,12.33,1,18
2026-07,Éxito,Medellín,PAN-ALM-CHU,Almendra Churro,Pancakes & Waffles,6,127,122,5648600,20.33,1,5
2026-07,Éxito,Medellín,PAN-ALM-VAN,Almendra Vainilla,Pancakes & Waffles,6,126,97,4491100,16.17,0,29
2026-07,Éxito,Medellín,PAN-AVE-BAN,Avena Banano,Pancakes & Waffles,6,340,275,10037500,45.83,5,65
2026-07,Éxito,Medellín,PAN-AVE-BRO,Avena Brownie,Pancakes & Waffles,6,396,300,10950000,50.0,1,96
2026-07,Éxito,Medellín,PAN-AVE-VAN,Avena Vainilla,Pancakes & Waffles,6,159,152,5548000,25.33,4,7
2026-07,Éxito,Pereira,COM-3GRA,Three Pack GranOLA,Combos,2,56,55,5907000,27.5,0,1
2026-07,Éxito,Pereira,COM-3MEZ,Three Pack Mezclas,Combos,2,26,19,2003550,9.5,1,7
2026-07,Éxito,Pereira,COM-3SPR,Three Pack Spread,Combos,2,24,20,2859000,10.0,0,4
2026-07,Éxito,Pereira,COM-MIX,Perfect Mix & Match,Combos,2,50,46,3537400,23.0,6,4
2026-07,Éxito,Pereira,COM-ROMP,Rompecabezas,Combos,2,49,43,4773000,21.5,0,6
2026-07,Éxito,Pereira,COM-WAF,Mini Wafflera,Combos,2,34,30,3330000,15.0,0,4
2026-07,Éxito,Pereira,ESP-BABY,Baby Spreads,Esparcibles,2,24,20,433000,10.0,0,4
2026-07,Éxito,Pereira,ESP-BUT,Golden Butter Cookie,Esparcibles,2,1,0,0,0.0,0,1
2026-07,Éxito,Pereira,ESP-CRE,Creamy Cocoa Hazelnut,Esparcibles,2,21,18,971100,9.0,0,3
2026-07,Éxito,Pereira,ESP-PB,Peanutty Banana Shake,Esparcibles,2,43,39,2104050,19.5,4,4
2026-07,Éxito,Pereira,ESP-PIS,Buttery Pistachio Cookie,Esparcibles,2,2,1,70500,0.5,0,1
2026-07,Éxito,Pereira,GRA-VAN,Vanilla Shortbread,GranOLAS,2,128,113,4757300,56.5,6,15
2026-07,Éxito,Pereira,HAR-ALM,Harina de Almendra,Avena & Harinas,2,21,15,576750,7.5,2,6
2026-07,Éxito,Pereira,MER-NYR,New Year Resolution,Merch,2,36,30,3330000,15.0,1,6
2026-07,Éxito,Pereira,PAN-AVE-VAN,Avena Vainilla,Pancakes & Waffles,2,39,33,1204500,16.5,1,6
2026-08,Carulla,Barranquilla,AVE-HOJ,Avena en Hojuelas,Avena & Harinas,5,38,35,1240750,7.0,6,3
2026-08,Carulla,Barranquilla,COM-3GRA,Three Pack GranOLA,Combos,5,53,50,5467500,10.0,0,3
2026-08,Carulla,Barranquilla,COM-3MEZ,Three Pack Mezclas,Combos,5,10,8,858800,1.6,3,2
2026-08,Carulla,Barranquilla,COM-WAF,Mini Wafflera,Combos,5,4,3,339000,0.6,3,1
2026-08,Carulla,Barranquilla,ESP-BABY,Baby Spreads,Esparcibles,5,64,51,1124550,10.2,3,13
2026-08,Carulla,Barranquilla,ESP-BUT,Golden Butter Cookie,Esparcibles,5,19,15,1015500,3.0,1,4
2026-08,Carulla,Barranquilla,ESP-CIN,Golden Cinnamon Roll,Esparcibles,5,42,35,1921500,7.0,1,7
2026-08,Carulla,Barranquilla,ESP-CRE,Creamy Cocoa Hazelnut,Esparcibles,5,7,5,274500,1.0,0,2
2026-08,Carulla,Barranquilla,ESP-CRU,Crunchy Cocoa Hazelnut,Esparcibles,5,87,79,4337100,15.8,0,8
2026-08,Carulla,Barranquilla,ESP-PB,Peanutty Banana Shake,Esparcibles,5,66,53,2909700,10.6,3,13
2026-08,Carulla,Barranquilla,ESP-PIS,Buttery Pistachio Cookie,Esparcibles,5,22,18,1291500,3.6,1,4
2026-08,Carulla,Barranquilla,GRA-CHI,Chip Cookie,GranOLAS,5,213,159,6821100,31.8,4,54
2026-08,Carulla,Barranquilla,GRA-PIS,Pistachio Cookie,GranOLAS,5,114,87,4419600,17.4,9,27
2026-08,Carulla,Barranquilla,GRA-VAN,Vanilla Shortbread,GranOLAS,5,108,97,4161300,19.4,8,11
2026-08,Carulla,Barranquilla,HAR-ALM,Harina de Almendra,Avena & Harinas,5,20,16,626400,3.2,5,4
2026-08,Carulla,Barranquilla,HAR-AVE,Harina de Avena,Avena & Harinas,5,6,5,177250,1.0,3,1
2026-08,Carulla,Barranquilla,MER-NYR,New Year Resolution,Merch,5,15,11,1243000,2.2,1,4
2026-08,Carulla,Barranquilla,PAN-ALM-CHO,Almendra Choco Chips,Pancakes & Waffles,5,85,72,3391200,14.4,1,13
2026-08,Carulla,Barranquilla,PAN-ALM-CHU,Almendra Churro,Pancakes & Waffles,5,114,93,4380300,18.6,4,21
2026-08,Carulla,Barranquilla,PAN-ALM-VAN,Almendra Vainilla,Pancakes & Waffles,5,16,14,659400,2.8,1,2
2026-08,Carulla,Barranquilla,PAN-AVE-BAN,Avena Banano,Pancakes & Waffles,5,53,43,1597450,8.6,0,10
2026-08,Carulla,Barranquilla,PAN-AVE-BRO,Avena Brownie,Pancakes & Waffles,5,47,36,1337400,7.2,5,11
2026-08,Carulla,Bogotá,AVE-HOJ,Avena en Hojuelas,Avena & Harinas,11,107,77,2729650,7.0,7,30
2026-08,Carulla,Bogotá,COM-3GRA,Three Pack GranOLA,Combos,11,71,67,7326450,6.09,4,4
2026-08,Carulla,Bogotá,COM-3MEZ,Three Pack Mezclas,Combos,11,45,43,4616050,3.91,0,2
2026-08,Carulla,Bogotá,COM-3SPR,Three Pack Spread,Combos,11,56,50,7275000,4.55,0,6
2026-08,Carulla,Bogotá,COM-DECK,Deck de Cartas,Combos,11,58,52,5876000,4.73,0,6
2026-08,Carulla,Bogotá,COM-MIX,Perfect Mix & Match,Combos,11,94,68,5321000,6.18,0,26
2026-08,Carulla,Bogotá,COM-ROMP,Rompecabezas,Combos,11,34,30,3390000,2.73,0,4
2026-08,Carulla,Bogotá,COM-WAF,Mini Wafflera,Combos,11,105,75,8475000,6.82,0,30
2026-08,Carulla,Bogotá,ESP-BABY,Baby Spreads,Esparcibles,11,679,599,13207950,54.45,5,80
2026-08,Carulla,Bogotá,ESP-BUT,Golden Butter Cookie,Esparcibles,11,110,99,6702300,9.0,0,11
2026-08,Carulla,Bogotá,ESP-CIN,Golden Cinnamon Roll,Esparcibles,11,48,43,2360700,3.91,3,5
2026-08,Carulla,Bogotá,ESP-CRE,Creamy Cocoa Hazelnut,Esparcibles,11,69,65,3568500,5.91,2,4
2026-08,Carulla,Bogotá,ESP-CRU,Crunchy Cocoa Hazelnut,Esparcibles,11,52,48,2635200,4.36,2,4
2026-08,Carulla,Bogotá,ESP-PB,Peanutty Banana Shake,Esparcibles,11,53,48,2635200,4.36,3,5
2026-08,Carulla,Bogotá,ESP-PIS,Buttery Pistachio Cookie,Esparcibles,11,143,131,9399250,11.91,7,12
2026-08,Carulla,Bogotá,GRA-CHI,Chip Cookie,GranOLAS,11,291,228,9781200,20.73,3,63
2026-08,Carulla,Bogotá,GRA-FUD,Fudge Cake,GranOLAS,11,347,347,14886300,31.55,5,0
2026-08,Carulla,Bogotá,GRA-PIS,Pistachio Cookie,GranOLAS,11,191,191,9702800,17.36,0,0
2026-08,Carulla,Bogotá,GRA-VAN,Vanilla Shortbread,GranOLAS,11,317,251,10767900,22.82,7,66
2026-08,Carulla,Bogotá,HAR-ALM,Harina de Almendra,Avena & Harinas,11,122,88,3445200,8.0,0,34
2026-08,Carulla,Bogotá,HAR-AVE,Harina de Avena,Avena & Harinas,11,393,315,11166750,28.64,3,78
2026-08,Carulla,Bogotá,MER-NYR,New Year Resolution,Merch,11,70,68,7684000,6.18,1,2
2026-08,Carulla,Bogotá,PAN-ALM-CHO,Almendra Choco Chips,Pancakes & Waffles,11,225,198,9325800,18.0,1,27
2026-08,Carulla,Bogotá,PAN-ALM-CHU,Almendra Churro,Pancakes & Waffles,11,220,202,9514200,18.36,0,18
2026-08,Carulla,Bogotá,PAN-ALM-VAN,Almendra Vainilla,Pancakes & Waffles,11,189,183,8619300,16.64,1,6
2026-08,Carulla,Bogotá,PAN-AVE-BAN,Avena Banano,Pancakes & Waffles,11,512,497,18463550,45.18,6,15
2026-08,Carulla,Bogotá,PAN-AVE-BRO,Avena Brownie,Pancakes & Waffles,11,240,231,8581650,21.0,2,9
2026-08,Carulla,Bogotá,PAN-AVE-VAN,Avena Vainilla,Pancakes & Waffles,11,262,189,7021350,17.18,9,73
2026-08,Carulla,Bucaramanga,AVE-HOJ,Avena en Hojuelas,Avena & Harinas,1,11,8,283600,8.0,0,3
2026-08,Carulla,Bucaramanga,COM-3GRA,Three Pack GranOLA,Combos,1,86,67,7326450,67.0,3,19
2026-08,Carulla,Bucaramanga,COM-3MEZ,Three Pack Mezclas,Combos,1,7,5,536750,5.0,5,2
2026-08,Carulla,Bucaramanga,COM-3SPR,Three Pack Spread,Combos,1,26,24,3492000,24.0,3,2
2026-08,Carulla,Bucaramanga,COM-DECK,Deck de Cartas,Combos,1,7,5,565000,5.0,8,2
2026-08,Carulla,Bucaramanga,COM-MIX,Perfect Mix & Match,Combos,1,95,90,7042500,90.0,7,5
2026-08,Carulla,Bucaramanga,COM-ROMP,Rompecabezas,Combos,1,48,46,5198000,46.0,2,2
2026-08,Carulla,Bucaramanga,COM-WAF,Mini Wafflera,Combos,1,16,13,1469000,13.0,0,3
2026-08,Carulla,Bucaramanga,ESP-BABY,Baby Spreads,Esparcibles,1,317,267,5887350,267.0,3,50
2026-08,Carulla,Bucaramanga,ESP-CRE,Creamy Cocoa Hazelnut,Esparcibles,1,30,23,1262700,23.0,8,7
2026-08,Carulla,Bucaramanga,ESP-CRU,Crunchy Cocoa Hazelnut,Esparcibles,1,37,28,1537200,28.0,0,9
2026-08,Carulla,Bucaramanga,ESP-PB,Peanutty Banana Shake,Esparcibles,1,126,91,4995900,91.0,4,35
2026-08,Carulla,Bucaramanga,ESP-PIS,Buttery Pistachio Cookie,Esparcibles,1,4,3,215250,3.0,8,1
2026-08,Carulla,Bucaramanga,GRA-CHI,Chip Cookie,GranOLAS,1,43,41,1758900,41.0,5,2
2026-08,Carulla,Bucaramanga,GRA-FUD,Fudge Cake,GranOLAS,1,75,59,2531100,59.0,0,16
2026-08,Carulla,Bucaramanga,GRA-PIS,Pistachio Cookie,GranOLAS,1,19,17,863600,17.0,0,2
2026-08,Carulla,Bucaramanga,GRA-VAN,Vanilla Shortbread,GranOLAS,1,6,5,214500,5.0,1,1
2026-08,Carulla,Bucaramanga,HAR-ALM,Harina de Almendra,Avena & Harinas,1,42,31,1213650,31.0,1,11
2026-08,Carulla,Bucaramanga,HAR-AVE,Harina de Avena,Avena & Harinas,1,75,54,1914300,54.0,6,21
2026-08,Carulla,Bucaramanga,MER-NYR,New Year Resolution,Merch,1,19,15,1695000,15.0,0,4
2026-08,Carulla,Bucaramanga,PAN-ALM-CHO,Almendra Choco Chips,Pancakes & Waffles,1,79,60,2826000,60.0,2,19
2026-08,Carulla,Bucaramanga,PAN-AVE-BAN,Avena Banano,Pancakes & Waffles,1,119,97,3603550,97.0,5,22
2026-08,Carulla,Bucaramanga,PAN-AVE-BRO,Avena Brownie,Pancakes & Waffles,1,91,69,2563350,69.0,5,22
2026-08,Carulla,Bucaramanga,PAN-AVE-VAN,Avena Vainilla,Pancakes & Waffles,1,62,59,2191850,59.0,0,3
2026-08,Carulla,Cali,COM-3MEZ,Three Pack Mezclas,Combos,4,6,5,536750,1.25,0,1
2026-08,Carulla,Cali,COM-3SPR,Three Pack Spread,Combos,4,52,50,7275000,12.5,1,2
2026-08,Carulla,Cali,COM-DECK,Deck de Cartas,Combos,4,101,73,8249000,18.25,0,28
2026-08,Carulla,Cali,COM-MIX,Perfect Mix & Match,Combos,4,63,60,4695000,15.0,4,3
2026-08,Carulla,Cali,COM-ROMP,Rompecabezas,Combos,4,13,11,1243000,2.75,2,2
2026-08,Carulla,Cali,COM-WAF,Mini Wafflera,Combos,4,36,33,3729000,8.25,8,3
2026-08,Carulla,Cali,ESP-BABY,Baby Spreads,Esparcibles,4,11,8,176400,2.0,2,3
2026-08,Carulla,Cali,ESP-CIN,Golden Cinnamon Roll,Esparcibles,4,197,148,8125200,37.0,1,49
2026-08,Carulla,Cali,ESP-CRE,Creamy Cocoa Hazelnut,Esparcibles,4,28,24,1317600,6.0,7,4
2026-08,Carulla,Cali,ESP-CRU,Crunchy Cocoa Hazelnut,Esparcibles,4,1,0,0,0.0,2,1
2026-08,Carulla,Cali,ESP-PB,Peanutty Banana Shake,Esparcibles,4,23,20,1098000,5.0,0,3
2026-08,Carulla,Cali,ESP-PIS,Buttery Pistachio Cookie,Esparcibles,4,30,29,2080750,7.25,7,1
2026-08,Carulla,Cali,GRA-CHI,Chip Cookie,GranOLAS,4,24,22,943800,5.5,0,2
2026-08,Carulla,Cali,GRA-FUD,Fudge Cake,GranOLAS,4,8,7,300300,1.75,2,1
2026-08,Carulla,Cali,GRA-PIS,Pistachio Cookie,GranOLAS,4,19,16,812800,4.0,1,3
2026-08,Carulla,Cali,GRA-VAN,Vanilla Shortbread,GranOLAS,4,53,39,1673100,9.75,3,14
2026-08,Carulla,Cali,HAR-ALM,Harina de Almendra,Avena & Harinas,4,7,6,234900,1.5,1,1
2026-08,Carulla,Cali,HAR-AVE,Harina de Avena,Avena & Harinas,4,6,5,177250,1.25,5,1
2026-08,Carulla,Cali,MER-NYR,New Year Resolution,Merch,4,6,5,565000,1.25,3,1
2026-08,Carulla,Cali,PAN-ALM-CHO,Almendra Choco Chips,Pancakes & Waffles,4,24,20,942000,5.0,0,4
2026-08,Carulla,Cali,PAN-ALM-CHU,Almendra Churro,Pancakes & Waffles,4,13,10,471000,2.5,0,3
2026-08,Carulla,Cali,PAN-ALM-VAN,Almendra Vainilla,Pancakes & Waffles,4,20,14,659400,3.5,3,6
2026-08,Carulla,Cali,PAN-AVE-BRO,Avena Brownie,Pancakes & Waffles,4,22,17,631550,4.25,2,5
2026-08,Carulla,Cali,PAN-AVE-VAN,Avena Vainilla,Pancakes & Waffles,4,24,19,705850,4.75,0,5
2026-08,Carulla,Cartagena,COM-3SPR,Three Pack Spread,Combos,2,10,8,1164000,4.0,3,2
2026-08,Carulla,Cartagena,COM-MIX,Perfect Mix & Match,Combos,2,18,16,1252000,8.0,3,2
2026-08,Carulla,Cartagena,COM-ROMP,Rompecabezas,Combos,2,9,8,904000,4.0,1,1
2026-08,Carulla,Cartagena,COM-WAF,Mini Wafflera,Combos,2,11,10,1130000,5.0,0,1
2026-08,Carulla,Cartagena,ESP-BABY,Baby Spreads,Esparcibles,2,155,124,2734200,62.0,0,31
2026-08,Carulla,Cartagena,ESP-CIN,Golden Cinnamon Roll,Esparcibles,2,41,40,2196000,20.0,4,1
2026-08,Carulla,Cartagena,ESP-PB,Peanutty Banana Shake,Esparcibles,2,28,21,1152900,10.5,3,7
2026-08,Carulla,Cartagena,HAR-ALM,Harina de Almendra,Avena & Harinas,2,71,61,2388150,30.5,1,10
2026-08,Carulla,Cartagena,HAR-AVE,Harina de Avena,Avena & Harinas,2,8,7,248150,3.5,3,1
2026-08,Carulla,Cartagena,MER-NYR,New Year Resolution,Merch,2,5,4,452000,2.0,0,1
2026-08,Carulla,Cartagena,PAN-ALM-CHU,Almendra Churro,Pancakes & Waffles,2,85,77,3626700,38.5,5,8
2026-08,Carulla,Medellín,AVE-HOJ,Avena en Hojuelas,Avena & Harinas,5,35,32,1134400,6.4,1,3
2026-08,Carulla,Medellín,COM-3GRA,Three Pack GranOLA,Combos,5,49,47,5139450,9.4,5,2
2026-08,Carulla,Medellín,COM-3MEZ,Three Pack Mezclas,Combos,5,15,13,1395550,2.6,7,2
2026-08,Carulla,Medellín,COM-3SPR,Three Pack Spread,Combos,5,11,10,1455000,2.0,0,1
2026-08,Carulla,Medellín,COM-DECK,Deck de Cartas,Combos,5,7,5,565000,1.0,1,2
2026-08,Carulla,Medellín,COM-MIX,Perfect Mix & Match,Combos,5,22,20,1565000,4.0,0,2
2026-08,Carulla,Medellín,COM-ROMP,Rompecabezas,Combos,5,38,34,3842000,6.8,3,4
2026-08,Carulla,Medellín,COM-WAF,Mini Wafflera,Combos,5,38,35,3955000,7.0,0,3
2026-08,Carulla,Medellín,ESP-BABY,Baby Spreads,Esparcibles,5,41,40,882000,8.0,3,1
2026-08,Carulla,Medellín,ESP-CRE,Creamy Cocoa Hazelnut,Esparcibles,5,16,14,768600,2.8,0,2
2026-08,Carulla,Medellín,ESP-CRU,Crunchy Cocoa Hazelnut,Esparcibles,5,18,14,768600,2.8,0,4
2026-08,Carulla,Medellín,ESP-PIS,Buttery Pistachio Cookie,Esparcibles,5,20,17,1219750,3.4,8,3
2026-08,Carulla,Medellín,GRA-FUD,Fudge Cake,GranOLAS,5,51,37,1587300,7.4,0,14
2026-08,Carulla,Medellín,GRA-PIS,Pistachio Cookie,GranOLAS,5,26,20,1016000,4.0,2,6
2026-08,Carulla,Medellín,GRA-VAN,Vanilla Shortbread,GranOLAS,5,40,39,1673100,7.8,0,1
2026-08,Carulla,Medellín,HAR-ALM,Harina de Almendra,Avena & Harinas,5,7,5,195750,1.0,9,2
2026-08,Carulla,Medellín,HAR-AVE,Harina de Avena,Avena & Harinas,5,73,73,2587850,14.6,3,0
2026-08,Carulla,Medellín,MER-NYR,New Year Resolution,Merch,5,11,10,1130000,2.0,5,1
2026-08,Carulla,Medellín,PAN-ALM-CHO,Almendra Choco Chips,Pancakes & Waffles,5,66,49,2307900,9.8,2,17
2026-08,Carulla,Medellín,PAN-ALM-VAN,Almendra Vainilla,Pancakes & Waffles,5,14,10,471000,2.0,7,4
2026-08,Carulla,Medellín,PAN-AVE-BAN,Avena Banano,Pancakes & Waffles,5,27,24,891600,4.8,3,3
2026-08,Carulla,Medellín,PAN-AVE-BRO,Avena Brownie,Pancakes & Waffles,5,13,11,408650,2.2,3,2
2026-08,Carulla,Medellín,PAN-AVE-VAN,Avena Vainilla,Pancakes & Waffles,5,12,11,408650,2.2,0,1
2026-08,Carulla,Pereira,AVE-HOJ,Avena en Hojuelas,Avena & Harinas,1,227,173,6132850,173.0,0,54
2026-08,Carulla,Pereira,COM-3GRA,Three Pack GranOLA,Combos,1,7,5,546750,5.0,0,2
2026-08,Carulla,Pereira,COM-3MEZ,Three Pack Mezclas,Combos,1,5,3,322050,3.0,2,2
2026-08,Carulla,Pereira,COM-3SPR,Three Pack Spread,Combos,1,21,15,2182500,15.0,5,6
2026-08,Carulla,Pereira,COM-DECK,Deck de Cartas,Combos,1,44,43,4859000,43.0,4,1
2026-08,Carulla,Pereira,COM-MIX,Perfect Mix & Match,Combos,1,12,11,860750,11.0,1,1
2026-08,Carulla,Pereira,COM-ROMP,Rompecabezas,Combos,1,3,2,226000,2.0,1,1
2026-08,Carulla,Pereira,ESP-BABY,Baby Spreads,Esparcibles,1,109,107,2359350,107.0,0,2
2026-08,Carulla,Pereira,ESP-BUT,Golden Butter Cookie,Esparcibles,1,18,17,1150900,17.0,4,1
2026-08,Carulla,Pereira,ESP-CIN,Golden Cinnamon Roll,Esparcibles,1,18,18,988200,18.0,0,0
2026-08,Carulla,Pereira,ESP-CRE,Creamy Cocoa Hazelnut,Esparcibles,1,18,17,933300,17.0,1,1
2026-08,Carulla,Pereira,ESP-CRU,Crunchy Cocoa Hazelnut,Esparcibles,1,7,5,274500,5.0,0,2
2026-08,Carulla,Pereira,ESP-PB,Peanutty Banana Shake,Esparcibles,1,9,7,384300,7.0,4,2
2026-08,Carulla,Pereira,ESP-PIS,Buttery Pistachio Cookie,Esparcibles,1,20,19,1363250,19.0,0,1
2026-08,Carulla,Pereira,GRA-CHI,Chip Cookie,GranOLAS,1,52,51,2187900,51.0,1,1
2026-08,Carulla,Pereira,GRA-PIS,Pistachio Cookie,GranOLAS,1,44,35,1778000,35.0,0,9
2026-08,Carulla,Pereira,HAR-ALM,Harina de Almendra,Avena & Harinas,1,46,35,1370250,35.0,0,11
2026-08,Carulla,Pereira,PAN-ALM-CHO,Almendra Choco Chips,Pancakes & Waffles,1,19,19,894900,19.0,4,0
2026-08,Carulla,Pereira,PAN-ALM-CHU,Almendra Churro,Pancakes & Waffles,1,42,40,1884000,40.0,0,2
2026-08,Carulla,Pereira,PAN-ALM-VAN,Almendra Vainilla,Pancakes & Waffles,1,35,28,1318800,28.0,2,7
2026-08,Carulla,Pereira,PAN-AVE-BAN,Avena Banano,Pancakes & Waffles,1,19,15,557250,15.0,6,4
2026-08,Fithub,Barranquilla,AVE-HOJ,Avena en Hojuelas,Avena & Harinas,2,59,56,2158800,28.0,2,3
2026-08,Fithub,Barranquilla,COM-3GRA,Three Pack GranOLA,Combos,2,9,8,952400,4.0,5,1
2026-08,Fithub,Barranquilla,COM-3MEZ,Three Pack Mezclas,Combos,2,11,8,934800,4.0,1,3
2026-08,Fithub,Barranquilla,COM-3SPR,Three Pack Spread,Combos,2,7,6,950400,3.0,2,1
2026-08,Fithub,Barranquilla,COM-DECK,Deck de Cartas,Combos,2,13,9,1107000,4.5,4,4
2026-08,Fithub,Barranquilla,COM-MIX,Perfect Mix & Match,Combos,2,33,29,2470800,14.5,0,4
2026-08,Fithub,Barranquilla,COM-ROMP,Rompecabezas,Combos,2,14,12,1476000,6.0,6,2
2026-08,Fithub,Barranquilla,COM-WAF,Mini Wafflera,Combos,2,7,6,738000,3.0,2,1
2026-08,Fithub,Barranquilla,ESP-BABY,Baby Spreads,Esparcibles,2,68,69,1656000,34.5,4,0
2026-08,Fithub,Barranquilla,ESP-BUT,Golden Butter Cookie,Esparcibles,2,9,9,663300,4.5,1,0
2026-08,Fithub,Barranquilla,ESP-CIN,Golden Cinnamon Roll,Esparcibles,2,15,14,836500,7.0,1,1
2026-08,Fithub,Barranquilla,ESP-CRE,Creamy Cocoa Hazelnut,Esparcibles,2,51,46,2748500,23.0,7,5
2026-08,Fithub,Barranquilla,ESP-CRU,Crunchy Cocoa Hazelnut,Esparcibles,2,3,2,119500,1.0,0,1
2026-08,Fithub,Barranquilla,ESP-PB,Peanutty Banana Shake,Esparcibles,2,16,16,956000,8.0,0,0
2026-08,Fithub,Barranquilla,ESP-PIS,Buttery Pistachio Cookie,Esparcibles,2,18,15,1171500,7.5,0,3
2026-08,Fithub,Barranquilla,GRA-CHI,Chip Cookie,GranOLAS,2,2,1,46700,0.5,0,1
2026-08,Fithub,Barranquilla,GRA-PIS,Pistachio Cookie,GranOLAS,2,9,8,442400,4.0,2,1
2026-08,Fithub,Barranquilla,GRA-VAN,Vanilla Shortbread,GranOLAS,2,17,14,653800,7.0,9,3
2026-08,Fithub,Barranquilla,HAR-ALM,Harina de Almendra,Avena & Harinas,2,33,26,1107600,13.0,0,7
2026-08,Fithub,Barranquilla,MER-NYR,New Year Resolution,Merch,2,40,35,4305000,17.5,0,5
2026-08,Fithub,Barranquilla,PAN-ALM-CHO,Almendra Choco Chips,Pancakes & Waffles,2,31,30,1539000,15.0,0,1
2026-08,Fithub,Barranquilla,PAN-ALM-CHU,Almendra Churro,Pancakes & Waffles,2,13,9,461700,4.5,0,4
2026-08,Fithub,Barranquilla,PAN-ALM-VAN,Almendra Vainilla,Pancakes & Waffles,2,8,6,307800,3.0,5,2
2026-08,Fithub,Barranquilla,PAN-AVE-BAN,Avena Banano,Pancakes & Waffles,2,9,8,323600,4.0,2,1
2026-08,Fithub,Barranquilla,PAN-AVE-BRO,Avena Brownie,Pancakes & Waffles,2,57,54,2184300,27.0,2,3
2026-08,Fithub,Barranquilla,PAN-AVE-VAN,Avena Vainilla,Pancakes & Waffles,2,10,9,364050,4.5,0,1
2026-08,Fithub,Bogotá,AVE-HOJ,Avena en Hojuelas,Avena & Harinas,3,51,42,1619100,14.0,0,9
2026-08,Fithub,Bogotá,COM-3GRA,Three Pack GranOLA,Combos,3,46,40,4762000,13.33,5,6
2026-08,Fithub,Bogotá,COM-3MEZ,Three Pack Mezclas,Combos,3,36,30,3505500,10.0,2,6
2026-08,Fithub,Bogotá,COM-3SPR,Three Pack Spread,Combos,3,16,14,2217600,4.67,3,2
2026-08,Fithub,Bogotá,COM-DECK,Deck de Cartas,Combos,3,48,43,5289000,14.33,1,5
2026-08,Fithub,Bogotá,COM-MIX,Perfect Mix & Match,Combos,3,64,49,4174800,16.33,2,15
2026-08,Fithub,Bogotá,COM-ROMP,Rompecabezas,Combos,3,18,18,2214000,6.0,4,0
2026-08,Fithub,Bogotá,COM-WAF,Mini Wafflera,Combos,3,15,14,1722000,4.67,4,1
2026-08,Fithub,Bogotá,ESP-BABY,Baby Spreads,Esparcibles,3,315,293,7032000,97.67,3,22
2026-08,Fithub,Bogotá,ESP-BUT,Golden Butter Cookie,Esparcibles,3,67,60,4422000,20.0,9,7
2026-08,Fithub,Bogotá,ESP-CIN,Golden Cinnamon Roll,Esparcibles,3,65,59,3525250,19.67,6,6
2026-08,Fithub,Bogotá,ESP-CRE,Creamy Cocoa Hazelnut,Esparcibles,3,32,30,1792500,10.0,7,2
2026-08,Fithub,Bogotá,ESP-CRU,Crunchy Cocoa Hazelnut,Esparcibles,3,31,30,1792500,10.0,3,1
2026-08,Fithub,Bogotá,ESP-PB,Peanutty Banana Shake,Esparcibles,3,101,102,6094500,34.0,2,0
2026-08,Fithub,Bogotá,ESP-PIS,Buttery Pistachio Cookie,Esparcibles,3,37,31,2421100,10.33,1,6
2026-08,Fithub,Bogotá,GRA-CHI,Chip Cookie,GranOLAS,3,53,51,2381700,17.0,0,2
2026-08,Fithub,Bogotá,GRA-FUD,Fudge Cake,GranOLAS,3,50,37,1727900,12.33,3,13
2026-08,Fithub,Bogotá,GRA-PIS,Pistachio Cookie,GranOLAS,3,70,69,3815700,23.0,3,1
2026-08,Fithub,Bogotá,GRA-VAN,Vanilla Shortbread,GranOLAS,3,94,91,4249700,30.33,6,3
2026-08,Fithub,Bogotá,HAR-ALM,Harina de Almendra,Avena & Harinas,3,136,123,5239800,41.0,0,13
2026-08,Fithub,Bogotá,HAR-AVE,Harina de Avena,Avena & Harinas,3,70,55,2120250,18.33,2,15
2026-08,Fithub,Bogotá,MER-NYR,New Year Resolution,Merch,3,36,36,4428000,12.0,0,0
2026-08,Fithub,Bogotá,PAN-ALM-CHO,Almendra Choco Chips,Pancakes & Waffles,3,35,27,1385100,9.0,0,8
2026-08,Fithub,Bogotá,PAN-ALM-CHU,Almendra Churro,Pancakes & Waffles,3,102,95,4873500,31.67,3,7
2026-08,Fithub,Bogotá,PAN-ALM-VAN,Almendra Vainilla,Pancakes & Waffles,3,103,103,5283900,34.33,2,0
2026-08,Fithub,Bogotá,PAN-AVE-BAN,Avena Banano,Pancakes & Waffles,3,16,16,647200,5.33,1,0
2026-08,Fithub,Bogotá,PAN-AVE-BRO,Avena Brownie,Pancakes & Waffles,3,107,104,4206800,34.67,6,3
2026-08,Fithub,Bogotá,PAN-AVE-VAN,Avena Vainilla,Pancakes & Waffles,3,35,26,1051700,8.67,4,9
2026-08,Fithub,Bucaramanga,AVE-HOJ,Avena en Hojuelas,Avena & Harinas,3,14,10,385500,3.33,3,4
2026-08,Fithub,Bucaramanga,COM-3GRA,Three Pack GranOLA,Combos,3,4,3,357150,1.0,2,1
2026-08,Fithub,Bucaramanga,COM-3SPR,Three Pack Spread,Combos,3,2,1,158400,0.33,0,1
2026-08,Fithub,Bucaramanga,COM-DECK,Deck de Cartas,Combos,3,1,0,0,0.0,1,1
2026-08,Fithub,Bucaramanga,COM-MIX,Perfect Mix & Match,Combos,3,10,8,681600,2.67,5,2
2026-08,Fithub,Bucaramanga,COM-ROMP,Rompecabezas,Combos,3,2,1,123000,0.33,2,1
2026-08,Fithub,Bucaramanga,COM-WAF,Mini Wafflera,Combos,3,10,7,861000,2.33,1,3
2026-08,Fithub,Bucaramanga,ESP-BUT,Golden Butter Cookie,Esparcibles,3,4,3,221100,1.0,0,1
2026-08,Fithub,Bucaramanga,ESP-CRE,Creamy Cocoa Hazelnut,Esparcibles,3,10,7,418250,2.33,4,3
2026-08,Fithub,Bucaramanga,ESP-CRU,Crunchy Cocoa Hazelnut,Esparcibles,3,4,3,179250,1.0,2,1
2026-08,Fithub,Bucaramanga,ESP-PB,Peanutty Banana Shake,Esparcibles,3,9,8,478000,2.67,4,1
2026-08,Fithub,Bucaramanga,ESP-PIS,Buttery Pistachio Cookie,Esparcibles,3,2,1,78100,0.33,3,1
2026-08,Fithub,Bucaramanga,GRA-FUD,Fudge Cake,GranOLAS,3,12,8,373600,2.67,3,4
2026-08,Fithub,Bucaramanga,GRA-PIS,Pistachio Cookie,GranOLAS,3,40,35,1935500,11.67,6,5
2026-08,Fithub,Bucaramanga,GRA-VAN,Vanilla Shortbread,GranOLAS,3,6,5,233500,1.67,0,1
2026-08,Fithub,Bucaramanga,HAR-ALM,Harina de Almendra,Avena & Harinas,3,42,34,1448400,11.33,6,8
2026-08,Fithub,Bucaramanga,HAR-AVE,Harina de Avena,Avena & Harinas,3,30,26,1002300,8.67,4,4
2026-08,Fithub,Bucaramanga,MER-NYR,New Year Resolution,Merch,3,3,2,246000,0.67,5,1
2026-08,Fithub,Bucaramanga,PAN-ALM-CHU,Almendra Churro,Pancakes & Waffles,3,41,32,1641600,10.67,0,9
2026-08,Fithub,Bucaramanga,PAN-ALM-VAN,Almendra Vainilla,Pancakes & Waffles,3,14,12,615600,4.0,4,2
2026-08,Fithub,Bucaramanga,PAN-AVE-BRO,Avena Brownie,Pancakes & Waffles,3,25,19,768550,6.33,0,6
2026-08,Fithub,Bucaramanga,PAN-AVE-VAN,Avena Vainilla,Pancakes & Waffles,3,12,9,364050,3.0,5,3
2026-08,Fithub,Cali,AVE-HOJ,Avena en Hojuelas,Avena & Harinas,2,16,16,616800,8.0,6,0
2026-08,Fithub,Cali,COM-3GRA,Three Pack GranOLA,Combos,2,3,2,238100,1.0,7,1
2026-08,Fithub,Cali,COM-3MEZ,Three Pack Mezclas,Combos,2,15,14,1635900,7.0,1,1
2026-08,Fithub,Cali,COM-3SPR,Three Pack Spread,Combos,2,27,23,3643200,11.5,9,4
2026-08,Fithub,Cali,COM-DECK,Deck de Cartas,Combos,2,1,0,0,0.0,0,1
2026-08,Fithub,Cali,COM-MIX,Perfect Mix & Match,Combos,2,1,0,0,0.0,5,1
2026-08,Fithub,Cali,COM-ROMP,Rompecabezas,Combos,2,1,0,0,0.0,6,1
2026-08,Fithub,Cali,COM-WAF,Mini Wafflera,Combos,2,3,2,246000,1.0,0,1
2026-08,Fithub,Cali,ESP-BABY,Baby Spreads,Esparcibles,2,1,0,0,0.0,3,1
2026-08,Fithub,Cali,ESP-BUT,Golden Butter Cookie,Esparcibles,2,3,2,147400,1.0,0,1
2026-08,Fithub,Cali,ESP-CIN,Golden Cinnamon Roll,Esparcibles,2,23,19,1135250,9.5,4,4
2026-08,Fithub,Cali,ESP-CRE,Creamy Cocoa Hazelnut,Esparcibles,2,24,18,1075500,9.0,1,6
2026-08,Fithub,Cali,ESP-PB,Peanutty Banana Shake,Esparcibles,2,7,6,358500,3.0,1,1
2026-08,Fithub,Cali,ESP-PIS,Buttery Pistachio Cookie,Esparcibles,2,24,18,1405800,9.0,5,6
2026-08,Fithub,Cali,GRA-CHI,Chip Cookie,GranOLAS,2,4,3,140100,1.5,5,1
2026-08,Fithub,Cali,GRA-FUD,Fudge Cake,GranOLAS,2,26,23,1074100,11.5,0,3
2026-08,Fithub,Cali,GRA-PIS,Pistachio Cookie,GranOLAS,2,55,54,2986200,27.0,4,1
2026-08,Fithub,Cali,GRA-VAN,Vanilla Shortbread,GranOLAS,2,4,3,140100,1.5,4,1
2026-08,Fithub,Cali,HAR-AVE,Harina de Avena,Avena & Harinas,2,8,6,231300,3.0,0,2
2026-08,Fithub,Cali,MER-NYR,New Year Resolution,Merch,2,1,0,0,0.0,9,1
2026-08,Fithub,Cali,PAN-ALM-CHU,Almendra Churro,Pancakes & Waffles,2,15,12,615600,6.0,0,3
2026-08,Fithub,Cali,PAN-ALM-VAN,Almendra Vainilla,Pancakes & Waffles,2,3,3,153900,1.5,1,0
2026-08,Fithub,Cali,PAN-AVE-BRO,Avena Brownie,Pancakes & Waffles,2,6,5,202250,2.5,6,1
2026-08,Fithub,Cali,PAN-AVE-VAN,Avena Vainilla,Pancakes & Waffles,2,19,18,728100,9.0,0,1
2026-08,Fithub,Cartagena,AVE-HOJ,Avena en Hojuelas,Avena & Harinas,1,8,7,269850,7.0,0,1
2026-08,Fithub,Cartagena,COM-DECK,Deck de Cartas,Combos,1,2,1,123000,1.0,0,1
2026-08,Fithub,Cartagena,COM-MIX,Perfect Mix & Match,Combos,1,4,3,255600,3.0,0,1
2026-08,Fithub,Cartagena,COM-ROMP,Rompecabezas,Combos,1,21,15,1845000,15.0,2,6
2026-08,Fithub,Cartagena,COM-WAF,Mini Wafflera,Combos,1,7,6,738000,6.0,0,1
2026-08,Fithub,Cartagena,ESP-BABY,Baby Spreads,Esparcibles,1,7,6,144000,6.0,5,1
2026-08,Fithub,Cartagena,ESP-CRE,Creamy Cocoa Hazelnut,Esparcibles,1,6,5,298750,5.0,0,1
2026-08,Fithub,Cartagena,ESP-CRU,Crunchy Cocoa Hazelnut,Esparcibles,1,20,16,956000,16.0,6,4
2026-08,Fithub,Cartagena,ESP-PB,Peanutty Banana Shake,Esparcibles,1,7,5,298750,5.0,0,2
2026-08,Fithub,Cartagena,GRA-CHI,Chip Cookie,GranOLAS,1,5,4,186800,4.0,3,1
2026-08,Fithub,Cartagena,HAR-ALM,Harina de Almendra,Avena & Harinas,1,4,4,170400,4.0,9,0
2026-08,Fithub,Cartagena,HAR-AVE,Harina de Avena,Avena & Harinas,1,14,11,424050,11.0,3,3
2026-08,Fithub,Cartagena,MER-NYR,New Year Resolution,Merch,1,5,4,492000,4.0,3,1
2026-08,Fithub,Cartagena,PAN-ALM-CHO,Almendra Choco Chips,Pancakes & Waffles,1,14,13,666900,13.0,0,1
2026-08,Fithub,Cartagena,PAN-ALM-CHU,Almendra Churro,Pancakes & Waffles,1,5,4,205200,4.0,5,1
2026-08,Fithub,Cartagena,PAN-AVE-VAN,Avena Vainilla,Pancakes & Waffles,1,10,8,323600,8.0,1,2
2026-08,Fithub,Manizales,COM-DECK,Deck de Cartas,Combos,1,2,1,123000,1.0,7,1
2026-08,Fithub,Manizales,COM-ROMP,Rompecabezas,Combos,1,2,1,123000,1.0,2,1
2026-08,Fithub,Manizales,ESP-CIN,Golden Cinnamon Roll,Esparcibles,1,7,5,298750,5.0,8,2
2026-08,Fithub,Manizales,ESP-PB,Peanutty Banana Shake,Esparcibles,1,6,5,298750,5.0,2,1
2026-08,Fithub,Manizales,GRA-VAN,Vanilla Shortbread,GranOLAS,1,3,2,93400,2.0,5,1
2026-08,Fithub,Manizales,MER-NYR,New Year Resolution,Merch,1,4,3,369000,3.0,2,1
2026-08,Fithub,Manizales,PAN-ALM-VAN,Almendra Vainilla,Pancakes & Waffles,1,9,8,410400,8.0,0,1
2026-08,Fithub,Medellín,AVE-HOJ,Avena en Hojuelas,Avena & Harinas,4,26,24,925200,6.0,0,2
2026-08,Fithub,Medellín,COM-3GRA,Three Pack GranOLA,Combos,4,12,11,1309550,2.75,0,1
2026-08,Fithub,Medellín,COM-3MEZ,Three Pack Mezclas,Combos,4,7,6,701100,1.5,1,1
2026-08,Fithub,Medellín,COM-3SPR,Three Pack Spread,Combos,4,7,5,792000,1.25,3,2
2026-08,Fithub,Medellín,COM-DECK,Deck de Cartas,Combos,4,8,7,861000,1.75,6,1
2026-08,Fithub,Medellín,COM-MIX,Perfect Mix & Match,Combos,4,20,20,1704000,5.0,2,0
2026-08,Fithub,Medellín,COM-ROMP,Rompecabezas,Combos,4,3,2,246000,0.5,2,1
2026-08,Fithub,Medellín,COM-WAF,Mini Wafflera,Combos,4,33,23,2829000,5.75,0,10
2026-08,Fithub,Medellín,ESP-BABY,Baby Spreads,Esparcibles,4,64,49,1176000,12.25,1,15
2026-08,Fithub,Medellín,ESP-BUT,Golden Butter Cookie,Esparcibles,4,13,11,810700,2.75,2,2
2026-08,Fithub,Medellín,ESP-CIN,Golden Cinnamon Roll,Esparcibles,4,23,23,1374250,5.75,0,0
2026-08,Fithub,Medellín,ESP-CRE,Creamy Cocoa Hazelnut,Esparcibles,4,19,16,956000,4.0,0,3
2026-08,Fithub,Medellín,ESP-CRU,Crunchy Cocoa Hazelnut,Esparcibles,4,5,4,239000,1.0,3,1
2026-08,Fithub,Medellín,ESP-PB,Peanutty Banana Shake,Esparcibles,4,22,22,1314500,5.5,4,0
2026-08,Fithub,Medellín,ESP-PIS,Buttery Pistachio Cookie,Esparcibles,4,11,10,781000,2.5,2,1
2026-08,Fithub,Medellín,GRA-CHI,Chip Cookie,GranOLAS,4,103,82,3829400,20.5,5,21
2026-08,Fithub,Medellín,GRA-FUD,Fudge Cake,GranOLAS,4,61,44,2054800,11.0,4,17
2026-08,Fithub,Medellín,GRA-PIS,Pistachio Cookie,GranOLAS,4,19,18,995400,4.5,2,1
2026-08,Fithub,Medellín,GRA-VAN,Vanilla Shortbread,GranOLAS,4,44,41,1914700,10.25,6,3
2026-08,Fithub,Medellín,HAR-ALM,Harina de Almendra,Avena & Harinas,4,18,17,724200,4.25,3,1
2026-08,Fithub,Medellín,MER-NYR,New Year Resolution,Merch,4,6,5,615000,1.25,2,1
2026-08,Fithub,Medellín,PAN-ALM-CHO,Almendra Choco Chips,Pancakes & Waffles,4,20,19,974700,4.75,3,1
2026-08,Fithub,Medellín,PAN-ALM-CHU,Almendra Churro,Pancakes & Waffles,4,15,15,769500,3.75,7,0
2026-08,Fithub,Medellín,PAN-ALM-VAN,Almendra Vainilla,Pancakes & Waffles,4,40,32,1641600,8.0,1,8
2026-08,Fithub,Medellín,PAN-AVE-BAN,Avena Banano,Pancakes & Waffles,4,95,80,3236000,20.0,4,15
2026-08,Fithub,Medellín,PAN-AVE-BRO,Avena Brownie,Pancakes & Waffles,4,55,51,2062950,12.75,0,4
2026-08,Fithub,Medellín,PAN-AVE-VAN,Avena Vainilla,Pancakes & Waffles,4,131,130,5258500,32.5,0,1
2026-08,Fithub,Pereira,AVE-HOJ,Avena en Hojuelas,Avena & Harinas,1,6,5,192750,5.0,1,1
2026-08,Fithub,Pereira,COM-3GRA,Three Pack GranOLA,Combos,1,4,3,357150,3.0,4,1
2026-08,Fithub,Pereira,COM-3MEZ,Three Pack Mezclas,Combos,1,2,1,116850,1.0,0,1
2026-08,Fithub,Pereira,COM-3SPR,Three Pack Spread,Combos,1,4,3,475200,3.0,3,1
2026-08,Fithub,Pereira,COM-DECK,Deck de Cartas,Combos,1,8,6,738000,6.0,4,2
2026-08,Fithub,Pereira,COM-MIX,Perfect Mix & Match,Combos,1,15,14,1192800,14.0,0,1
2026-08,Fithub,Pereira,COM-ROMP,Rompecabezas,Combos,1,5,4,492000,4.0,3,1
2026-08,Fithub,Pereira,COM-WAF,Mini Wafflera,Combos,1,6,5,615000,5.0,0,1
2026-08,Fithub,Pereira,ESP-BABY,Baby Spreads,Esparcibles,1,11,10,240000,10.0,0,1
2026-08,Fithub,Pereira,ESP-BUT,Golden Butter Cookie,Esparcibles,1,3,2,147400,2.0,7,1
2026-08,Fithub,Pereira,ESP-CRE,Creamy Cocoa Hazelnut,Esparcibles,1,1,0,0,0.0,0,1
2026-08,Fithub,Pereira,ESP-PB,Peanutty Banana Shake,Esparcibles,1,8,7,418250,7.0,5,1
2026-08,Fithub,Pereira,ESP-PIS,Buttery Pistachio Cookie,Esparcibles,1,3,2,156200,2.0,0,1
2026-08,Fithub,Pereira,GRA-CHI,Chip Cookie,GranOLAS,1,1,0,0,0.0,0,1
2026-08,Fithub,Pereira,GRA-FUD,Fudge Cake,GranOLAS,1,16,13,607100,13.0,6,3
2026-08,Fithub,Pereira,GRA-VAN,Vanilla Shortbread,GranOLAS,1,8,6,280200,6.0,0,2
2026-08,Fithub,Pereira,HAR-AVE,Harina de Avena,Avena & Harinas,1,13,12,462600,12.0,4,1
2026-08,Fithub,Pereira,MER-NYR,New Year Resolution,Merch,1,1,0,0,0.0,3,1
2026-08,Fithub,Pereira,PAN-ALM-CHO,Almendra Choco Chips,Pancakes & Waffles,1,3,2,102600,2.0,4,1
2026-08,Fithub,Pereira,PAN-ALM-CHU,Almendra Churro,Pancakes & Waffles,1,8,6,307800,6.0,4,2
2026-08,Fithub,Pereira,PAN-ALM-VAN,Almendra Vainilla,Pancakes & Waffles,1,2,1,51300,1.0,2,1
2026-08,Fithub,Pereira,PAN-AVE-BAN,Avena Banano,Pancakes & Waffles,1,10,9,364050,9.0,2,1
2026-08,Fithub,Pereira,PAN-AVE-VAN,Avena Vainilla,Pancakes & Waffles,1,3,2,80900,2.0,0,1
2026-08,Tiendas naturistas,Barranquilla,AVE-HOJ,Avena en Hojuelas,Avena & Harinas,2,19,18,666000,9.0,4,1
2026-08,Tiendas naturistas,Barranquilla,COM-3GRA,Three Pack GranOLA,Combos,2,41,41,4682200,20.5,3,0
2026-08,Tiendas naturistas,Barranquilla,COM-3MEZ,Three Pack Mezclas,Combos,2,19,16,1793600,8.0,2,3
2026-08,Tiendas naturistas,Barranquilla,COM-3SPR,Three Pack Spread,Combos,2,2,1,151950,0.5,4,1
2026-08,Tiendas naturistas,Barranquilla,COM-MIX,Perfect Mix & Match,Combos,2,37,35,2859500,17.5,0,2
2026-08,Tiendas naturistas,Barranquilla,COM-ROMP,Rompecabezas,Combos,2,5,4,472000,2.0,5,1
2026-08,Tiendas naturistas,Barranquilla,COM-WAF,Mini Wafflera,Combos,2,16,15,1770000,7.5,0,1
2026-08,Tiendas naturistas,Barranquilla,ESP-BABY,Baby Spreads,Esparcibles,2,13,10,230000,5.0,4,3
2026-08,Tiendas naturistas,Barranquilla,ESP-BUT,Golden Butter Cookie,Esparcibles,2,2,1,70700,0.5,4,1
2026-08,Tiendas naturistas,Barranquilla,ESP-CIN,Golden Cinnamon Roll,Esparcibles,2,2,1,57350,0.5,0,1
2026-08,Tiendas naturistas,Barranquilla,ESP-CRU,Crunchy Cocoa Hazelnut,Esparcibles,2,8,7,401450,3.5,4,1
2026-08,Tiendas naturistas,Barranquilla,ESP-PB,Peanutty Banana Shake,Esparcibles,2,11,10,573500,5.0,0,1
2026-08,Tiendas naturistas,Barranquilla,GRA-CHI,Chip Cookie,GranOLAS,2,8,6,268800,3.0,3,2
2026-08,Tiendas naturistas,Barranquilla,GRA-FUD,Fudge Cake,GranOLAS,2,36,26,1164800,13.0,0,10
2026-08,Tiendas naturistas,Barranquilla,GRA-PIS,Pistachio Cookie,GranOLAS,2,8,6,318300,3.0,2,2
2026-08,Tiendas naturistas,Barranquilla,GRA-VAN,Vanilla Shortbread,GranOLAS,2,39,33,1478400,16.5,3,6
2026-08,Tiendas naturistas,Barranquilla,HAR-ALM,Harina de Almendra,Avena & Harinas,2,84,74,3026600,37.0,0,10
2026-08,Tiendas naturistas,Barranquilla,HAR-AVE,Harina de Avena,Avena & Harinas,2,24,22,814000,11.0,1,2
2026-08,Tiendas naturistas,Barranquilla,PAN-ALM-CHO,Almendra Choco Chips,Pancakes & Waffles,2,17,15,738000,7.5,2,2
2026-08,Tiendas naturistas,Barranquilla,PAN-ALM-CHU,Almendra Churro,Pancakes & Waffles,2,39,36,1771200,18.0,0,3
2026-08,Tiendas naturistas,Barranquilla,PAN-ALM-VAN,Almendra Vainilla,Pancakes & Waffles,2,55,42,2066400,21.0,2,13
2026-08,Tiendas naturistas,Barranquilla,PAN-AVE-BAN,Avena Banano,Pancakes & Waffles,2,30,25,970000,12.5,0,5
2026-08,Tiendas naturistas,Barranquilla,PAN-AVE-VAN,Avena Vainilla,Pancakes & Waffles,2,127,115,4462000,57.5,3,12
2026-08,Tiendas naturistas,Bogotá,AVE-HOJ,Avena en Hojuelas,Avena & Harinas,31,161,117,4329000,3.77,2,44
2026-08,Tiendas naturistas,Bogotá,COM-3GRA,Three Pack GranOLA,Combos,31,19,15,1713000,0.48,1,4
2026-08,Tiendas naturistas,Bogotá,COM-3MEZ,Three Pack Mezclas,Combos,31,23,21,2354100,0.68,4,2
2026-08,Tiendas naturistas,Bogotá,COM-3SPR,Three Pack Spread,Combos,31,14,11,1671450,0.35,0,3
2026-08,Tiendas naturistas,Bogotá,COM-DECK,Deck de Cartas,Combos,31,23,22,2596000,0.71,1,1
2026-08,Tiendas naturistas,Bogotá,COM-MIX,Perfect Mix & Match,Combos,31,57,52,4248400,1.68,6,5
2026-08,Tiendas naturistas,Bogotá,COM-ROMP,Rompecabezas,Combos,31,41,36,4248000,1.16,0,5
2026-08,Tiendas naturistas,Bogotá,COM-WAF,Mini Wafflera,Combos,31,44,38,4484000,1.23,0,6
2026-08,Tiendas naturistas,Bogotá,ESP-BABY,Baby Spreads,Esparcibles,31,56,49,1127000,1.58,5,7
2026-08,Tiendas naturistas,Bogotá,ESP-BUT,Golden Butter Cookie,Esparcibles,31,50,50,3535000,1.61,4,0
2026-08,Tiendas naturistas,Bogotá,ESP-CIN,Golden Cinnamon Roll,Esparcibles,31,79,77,4415950,2.48,6,2
2026-08,Tiendas naturistas,Bogotá,ESP-CRE,Creamy Cocoa Hazelnut,Esparcibles,31,33,27,1548450,0.87,4,6
2026-08,Tiendas naturistas,Bogotá,ESP-CRU,Crunchy Cocoa Hazelnut,Esparcibles,31,69,56,3211600,1.81,0,13
2026-08,Tiendas naturistas,Bogotá,ESP-PB,Peanutty Banana Shake,Esparcibles,31,31,25,1433750,0.81,0,6
2026-08,Tiendas naturistas,Bogotá,ESP-PIS,Buttery Pistachio Cookie,Esparcibles,31,38,37,2773150,1.19,6,1
2026-08,Tiendas naturistas,Bogotá,GRA-CHI,Chip Cookie,GranOLAS,31,33,26,1164800,0.84,2,7
2026-08,Tiendas naturistas,Bogotá,GRA-FUD,Fudge Cake,GranOLAS,31,123,90,4032000,2.9,0,33
2026-08,Tiendas naturistas,Bogotá,GRA-PIS,Pistachio Cookie,GranOLAS,31,55,50,2652500,1.61,2,5
2026-08,Tiendas naturistas,Bogotá,GRA-VAN,Vanilla Shortbread,GranOLAS,31,152,116,5196800,3.74,0,36
2026-08,Tiendas naturistas,Bogotá,HAR-ALM,Harina de Almendra,Avena & Harinas,31,72,67,2740300,2.16,1,5
2026-08,Tiendas naturistas,Bogotá,HAR-AVE,Harina de Avena,Avena & Harinas,31,20,14,518000,0.45,0,6
2026-08,Tiendas naturistas,Bogotá,MER-NYR,New Year Resolution,Merch,31,24,21,2478000,0.68,0,3
2026-08,Tiendas naturistas,Bogotá,PAN-ALM-CHO,Almendra Choco Chips,Pancakes & Waffles,31,74,63,3099600,2.03,3,11
2026-08,Tiendas naturistas,Bogotá,PAN-ALM-CHU,Almendra Churro,Pancakes & Waffles,31,21,17,836400,0.55,2,4
2026-08,Tiendas naturistas,Bogotá,PAN-ALM-VAN,Almendra Vainilla,Pancakes & Waffles,31,87,65,3198000,2.1,7,22
2026-08,Tiendas naturistas,Bogotá,PAN-AVE-BAN,Avena Banano,Pancakes & Waffles,31,77,68,2638400,2.19,0,9
2026-08,Tiendas naturistas,Bogotá,PAN-AVE-BRO,Avena Brownie,Pancakes & Waffles,31,23,21,814800,0.68,1,2
2026-08,Tiendas naturistas,Bogotá,PAN-AVE-VAN,Avena Vainilla,Pancakes & Waffles,31,36,25,970000,0.81,0,11
2026-08,Tiendas naturistas,Bucaramanga,COM-3GRA,Three Pack GranOLA,Combos,2,5,4,456800,2.0,0,1
2026-08,Tiendas naturistas,Bucaramanga,COM-3MEZ,Three Pack Mezclas,Combos,2,23,22,2466200,11.0,0,1
2026-08,Tiendas naturistas,Bucaramanga,COM-3SPR,Three Pack Spread,Combos,2,3,2,303900,1.0,2,1
2026-08,Tiendas naturistas,Bucaramanga,COM-MIX,Perfect Mix & Match,Combos,2,2,1,81700,0.5,0,1
2026-08,Tiendas naturistas,Bucaramanga,COM-WAF,Mini Wafflera,Combos,2,7,5,590000,2.5,0,2
2026-08,Tiendas naturistas,Bucaramanga,ESP-CRU,Crunchy Cocoa Hazelnut,Esparcibles,2,28,26,1491100,13.0,0,2
2026-08,Tiendas naturistas,Bucaramanga,ESP-PB,Peanutty Banana Shake,Esparcibles,2,1,0,0,0.0,1,1
2026-08,Tiendas naturistas,Bucaramanga,GRA-CHI,Chip Cookie,GranOLAS,2,25,22,985600,11.0,0,3
2026-08,Tiendas naturistas,Bucaramanga,GRA-FUD,Fudge Cake,GranOLAS,2,8,8,358400,4.0,2,0
2026-08,Tiendas naturistas,Bucaramanga,GRA-PIS,Pistachio Cookie,GranOLAS,2,18,16,848800,8.0,5,2
2026-08,Tiendas naturistas,Bucaramanga,GRA-VAN,Vanilla Shortbread,GranOLAS,2,16,16,716800,8.0,1,0
2026-08,Tiendas naturistas,Bucaramanga,HAR-ALM,Harina de Almendra,Avena & Harinas,2,1,0,0,0.0,3,1
2026-08,Tiendas naturistas,Bucaramanga,HAR-AVE,Harina de Avena,Avena & Harinas,2,9,7,259000,3.5,1,2
2026-08,Tiendas naturistas,Bucaramanga,PAN-ALM-CHO,Almendra Choco Chips,Pancakes & Waffles,2,14,10,492000,5.0,5,4
2026-08,Tiendas naturistas,Bucaramanga,PAN-ALM-VAN,Almendra Vainilla,Pancakes & Waffles,2,18,13,639600,6.5,1,5
2026-08,Tiendas naturistas,Bucaramanga,PAN-AVE-BAN,Avena Banano,Pancakes & Waffles,2,3,2,77600,1.0,4,1
2026-08,Tiendas naturistas,Bucaramanga,PAN-AVE-BRO,Avena Brownie,Pancakes & Waffles,2,11,11,426800,5.5,0,0
2026-08,Tiendas naturistas,Bucaramanga,PAN-AVE-VAN,Avena Vainilla,Pancakes & Waffles,2,24,17,659600,8.5,0,7
2026-08,Tiendas naturistas,Cali,AVE-HOJ,Avena en Hojuelas,Avena & Harinas,5,46,45,1665000,9.0,4,1
2026-08,Tiendas naturistas,Cali,COM-3MEZ,Three Pack Mezclas,Combos,5,6,5,560500,1.0,3,1
2026-08,Tiendas naturistas,Cali,COM-3SPR,Three Pack Spread,Combos,5,6,5,759750,1.0,5,1
2026-08,Tiendas naturistas,Cali,COM-DECK,Deck de Cartas,Combos,5,2,1,118000,0.2,0,1
2026-08,Tiendas naturistas,Cali,COM-MIX,Perfect Mix & Match,Combos,5,43,38,3104600,7.6,4,5
2026-08,Tiendas naturistas,Cali,COM-ROMP,Rompecabezas,Combos,5,3,2,236000,0.4,4,1
2026-08,Tiendas naturistas,Cali,COM-WAF,Mini Wafflera,Combos,5,1,0,0,0.0,6,1
2026-08,Tiendas naturistas,Cali,ESP-BABY,Baby Spreads,Esparcibles,5,10,8,184000,1.6,3,2
2026-08,Tiendas naturistas,Cali,ESP-BUT,Golden Butter Cookie,Esparcibles,5,7,5,353500,1.0,0,2
2026-08,Tiendas naturistas,Cali,ESP-CIN,Golden Cinnamon Roll,Esparcibles,5,36,34,1949900,6.8,0,2
2026-08,Tiendas naturistas,Cali,ESP-CRE,Creamy Cocoa Hazelnut,Esparcibles,5,10,7,401450,1.4,0,3
2026-08,Tiendas naturistas,Cali,ESP-CRU,Crunchy Cocoa Hazelnut,Esparcibles,5,19,18,1032300,3.6,0,1
2026-08,Tiendas naturistas,Cali,ESP-PB,Peanutty Banana Shake,Esparcibles,5,3,2,114700,0.4,0,1
2026-08,Tiendas naturistas,Cali,ESP-PIS,Buttery Pistachio Cookie,Esparcibles,5,11,7,524650,1.4,0,4
2026-08,Tiendas naturistas,Cali,GRA-FUD,Fudge Cake,GranOLAS,5,11,9,403200,1.8,5,2
2026-08,Tiendas naturistas,Cali,GRA-PIS,Pistachio Cookie,GranOLAS,5,6,4,212200,0.8,1,2
2026-08,Tiendas naturistas,Cali,GRA-VAN,Vanilla Shortbread,GranOLAS,5,12,9,403200,1.8,1,3
2026-08,Tiendas naturistas,Cali,HAR-ALM,Harina de Almendra,Avena & Harinas,5,26,23,940700,4.6,0,3
2026-08,Tiendas naturistas,Cali,HAR-AVE,Harina de Avena,Avena & Harinas,5,26,20,740000,4.0,0,6
2026-08,Tiendas naturistas,Cali,MER-NYR,New Year Resolution,Merch,5,7,7,826000,1.4,0,0
2026-08,Tiendas naturistas,Cali,PAN-ALM-CHO,Almendra Choco Chips,Pancakes & Waffles,5,25,23,1131600,4.6,2,2
2026-08,Tiendas naturistas,Cali,PAN-ALM-CHU,Almendra Churro,Pancakes & Waffles,5,8,7,344400,1.4,5,1
2026-08,Tiendas naturistas,Cali,PAN-AVE-BAN,Avena Banano,Pancakes & Waffles,5,77,59,2289200,11.8,3,18
2026-08,Tiendas naturistas,Cali,PAN-AVE-BRO,Avena Brownie,Pancakes & Waffles,5,29,24,931200,4.8,1,5
2026-08,Tiendas naturistas,Cartagena,AVE-HOJ,Avena en Hojuelas,Avena & Harinas,4,8,7,259000,1.75,4,1
2026-08,Tiendas naturistas,Cartagena,COM-3MEZ,Three Pack Mezclas,Combos,4,2,1,112100,0.25,0,1
2026-08,Tiendas naturistas,Cartagena,COM-3SPR,Three Pack Spread,Combos,4,2,1,151950,0.25,5,1
2026-08,Tiendas naturistas,Cartagena,ESP-BABY,Baby Spreads,Esparcibles,4,27,22,506000,5.5,0,5
2026-08,Tiendas naturistas,Cartagena,ESP-CRE,Creamy Cocoa Hazelnut,Esparcibles,4,3,2,114700,0.5,8,1
2026-08,Tiendas naturistas,Cartagena,GRA-PIS,Pistachio Cookie,GranOLAS,4,4,3,159150,0.75,0,1
2026-08,Tiendas naturistas,Cartagena,GRA-VAN,Vanilla Shortbread,GranOLAS,4,9,7,313600,1.75,1,2
2026-08,Tiendas naturistas,Cartagena,HAR-AVE,Harina de Avena,Avena & Harinas,4,16,14,518000,3.5,0,2
2026-08,Tiendas naturistas,Cartagena,MER-NYR,New Year Resolution,Merch,4,4,3,354000,0.75,0,1
2026-08,Tiendas naturistas,Cartagena,PAN-ALM-VAN,Almendra Vainilla,Pancakes & Waffles,4,8,6,295200,1.5,2,2
2026-08,Tiendas naturistas,Cartagena,PAN-AVE-BAN,Avena Banano,Pancakes & Waffles,4,6,5,194000,1.25,0,1
2026-08,Tiendas naturistas,Manizales,AVE-HOJ,Avena en Hojuelas,Avena & Harinas,1,20,20,740000,20.0,0,0
2026-08,Tiendas naturistas,Manizales,COM-3GRA,Three Pack GranOLA,Combos,1,5,4,456800,4.0,0,1
2026-08,Tiendas naturistas,Manizales,COM-3MEZ,Three Pack Mezclas,Combos,1,1,0,0,0.0,3,1
2026-08,Tiendas naturistas,Manizales,COM-DECK,Deck de Cartas,Combos,1,3,2,236000,2.0,3,1
2026-08,Tiendas naturistas,Manizales,COM-ROMP,Rompecabezas,Combos,1,2,1,118000,1.0,6,1
2026-08,Tiendas naturistas,Manizales,ESP-BABY,Baby Spreads,Esparcibles,1,13,11,253000,11.0,0,2
2026-08,Tiendas naturistas,Manizales,ESP-BUT,Golden Butter Cookie,Esparcibles,1,3,2,141400,2.0,0,1
2026-08,Tiendas naturistas,Manizales,ESP-CRE,Creamy Cocoa Hazelnut,Esparcibles,1,2,1,57350,1.0,5,1
2026-08,Tiendas naturistas,Manizales,ESP-PB,Peanutty Banana Shake,Esparcibles,1,2,1,57350,1.0,1,1
2026-08,Tiendas naturistas,Manizales,GRA-CHI,Chip Cookie,GranOLAS,1,18,13,582400,13.0,2,5
2026-08,Tiendas naturistas,Manizales,HAR-ALM,Harina de Almendra,Avena & Harinas,1,15,13,531700,13.0,1,2
2026-08,Tiendas naturistas,Manizales,PAN-ALM-CHU,Almendra Churro,Pancakes & Waffles,1,8,7,344400,7.0,4,1
2026-08,Tiendas naturistas,Manizales,PAN-AVE-BRO,Avena Brownie,Pancakes & Waffles,1,8,6,232800,6.0,1,2
2026-08,Tiendas naturistas,Manizales,PAN-AVE-VAN,Avena Vainilla,Pancakes & Waffles,1,5,3,116400,3.0,0,2
2026-08,Tiendas naturistas,Medellín,AVE-HOJ,Avena en Hojuelas,Avena & Harinas,13,85,64,2368000,4.92,0,21
2026-08,Tiendas naturistas,Medellín,COM-3GRA,Three Pack GranOLA,Combos,13,95,81,9250200,6.23,0,14
2026-08,Tiendas naturistas,Medellín,COM-3MEZ,Three Pack Mezclas,Combos,13,20,19,2129900,1.46,0,1
2026-08,Tiendas naturistas,Medellín,COM-3SPR,Three Pack Spread,Combos,13,54,39,5926050,3.0,8,15
2026-08,Tiendas naturistas,Medellín,COM-DECK,Deck de Cartas,Combos,13,8,6,708000,0.46,8,2
2026-08,Tiendas naturistas,Medellín,COM-MIX,Perfect Mix & Match,Combos,13,15,11,898700,0.85,0,4
2026-08,Tiendas naturistas,Medellín,COM-ROMP,Rompecabezas,Combos,13,8,7,826000,0.54,0,1
2026-08,Tiendas naturistas,Medellín,COM-WAF,Mini Wafflera,Combos,13,3,2,236000,0.15,0,1
2026-08,Tiendas naturistas,Medellín,ESP-BABY,Baby Spreads,Esparcibles,13,83,83,1909000,6.38,7,0
2026-08,Tiendas naturistas,Medellín,ESP-BUT,Golden Butter Cookie,Esparcibles,13,9,6,424200,0.46,0,3
2026-08,Tiendas naturistas,Medellín,ESP-CIN,Golden Cinnamon Roll,Esparcibles,13,31,30,1720500,2.31,3,1
2026-08,Tiendas naturistas,Medellín,ESP-CRE,Creamy Cocoa Hazelnut,Esparcibles,13,41,33,1892550,2.54,0,8
2026-08,Tiendas naturistas,Medellín,ESP-CRU,Crunchy Cocoa Hazelnut,Esparcibles,13,8,7,401450,0.54,2,1
2026-08,Tiendas naturistas,Medellín,ESP-PIS,Buttery Pistachio Cookie,Esparcibles,13,20,16,1199200,1.23,0,4
2026-08,Tiendas naturistas,Medellín,GRA-CHI,Chip Cookie,GranOLAS,13,37,30,1344000,2.31,4,7
2026-08,Tiendas naturistas,Medellín,GRA-FUD,Fudge Cake,GranOLAS,13,77,73,3270400,5.62,2,4
2026-08,Tiendas naturistas,Medellín,GRA-PIS,Pistachio Cookie,GranOLAS,13,73,55,2917750,4.23,0,18
2026-08,Tiendas naturistas,Medellín,GRA-VAN,Vanilla Shortbread,GranOLAS,13,83,73,3270400,5.62,4,10
2026-08,Tiendas naturistas,Medellín,HAR-ALM,Harina de Almendra,Avena & Harinas,13,111,85,3476500,6.54,2,26
2026-08,Tiendas naturistas,Medellín,HAR-AVE,Harina de Avena,Avena & Harinas,13,80,78,2886000,6.0,3,2
2026-08,Tiendas naturistas,Medellín,MER-NYR,New Year Resolution,Merch,13,13,11,1298000,0.85,1,2
2026-08,Tiendas naturistas,Medellín,PAN-ALM-CHO,Almendra Choco Chips,Pancakes & Waffles,13,109,108,5313600,8.31,5,1
2026-08,Tiendas naturistas,Medellín,PAN-ALM-CHU,Almendra Churro,Pancakes & Waffles,13,68,65,3198000,5.0,5,3
2026-08,Tiendas naturistas,Medellín,PAN-ALM-VAN,Almendra Vainilla,Pancakes & Waffles,13,64,56,2755200,4.31,1,8
2026-08,Tiendas naturistas,Medellín,PAN-AVE-BAN,Avena Banano,Pancakes & Waffles,13,137,117,4539600,9.0,1,20
2026-08,Tiendas naturistas,Medellín,PAN-AVE-BRO,Avena Brownie,Pancakes & Waffles,13,68,66,2560800,5.08,4,2
2026-08,Tiendas naturistas,Medellín,PAN-AVE-VAN,Avena Vainilla,Pancakes & Waffles,13,58,43,1668400,3.31,0,15
2026-08,Tiendas naturistas,Pereira,AVE-HOJ,Avena en Hojuelas,Avena & Harinas,4,10,7,259000,1.75,2,3
2026-08,Tiendas naturistas,Pereira,COM-3GRA,Three Pack GranOLA,Combos,4,1,0,0,0.0,4,1
2026-08,Tiendas naturistas,Pereira,COM-3MEZ,Three Pack Mezclas,Combos,4,1,0,0,0.0,0,1
2026-08,Tiendas naturistas,Pereira,COM-3SPR,Three Pack Spread,Combos,4,9,7,1063650,1.75,2,2
2026-08,Tiendas naturistas,Pereira,COM-DECK,Deck de Cartas,Combos,4,5,3,354000,0.75,3,2
2026-08,Tiendas naturistas,Pereira,COM-MIX,Perfect Mix & Match,Combos,4,18,14,1143800,3.5,3,4
2026-08,Tiendas naturistas,Pereira,COM-ROMP,Rompecabezas,Combos,4,4,3,354000,0.75,1,1
2026-08,Tiendas naturistas,Pereira,COM-WAF,Mini Wafflera,Combos,4,3,2,236000,0.5,0,1
2026-08,Tiendas naturistas,Pereira,ESP-CIN,Golden Cinnamon Roll,Esparcibles,4,5,4,229400,1.0,3,1
2026-08,Tiendas naturistas,Pereira,ESP-CRU,Crunchy Cocoa Hazelnut,Esparcibles,4,28,20,1147000,5.0,7,8
2026-08,Tiendas naturistas,Pereira,ESP-PB,Peanutty Banana Shake,Esparcibles,4,7,5,286750,1.25,5,2
2026-08,Tiendas naturistas,Pereira,ESP-PIS,Buttery Pistachio Cookie,Esparcibles,4,1,0,0,0.0,5,1
2026-08,Tiendas naturistas,Pereira,GRA-FUD,Fudge Cake,GranOLAS,4,53,52,2329600,13.0,0,1
2026-08,Tiendas naturistas,Pereira,GRA-PIS,Pistachio Cookie,GranOLAS,4,8,6,318300,1.5,2,2
2026-08,Tiendas naturistas,Pereira,GRA-VAN,Vanilla Shortbread,GranOLAS,4,10,7,313600,1.75,5,3
2026-08,Tiendas naturistas,Pereira,HAR-AVE,Harina de Avena,Avena & Harinas,4,11,8,296000,2.0,4,3
2026-08,Tiendas naturistas,Pereira,MER-NYR,New Year Resolution,Merch,4,8,7,826000,1.75,1,1
2026-08,Tiendas naturistas,Pereira,PAN-ALM-CHO,Almendra Choco Chips,Pancakes & Waffles,4,9,7,344400,1.75,2,2
2026-08,Tiendas naturistas,Pereira,PAN-ALM-VAN,Almendra Vainilla,Pancakes & Waffles,4,67,61,3001200,15.25,1,6
2026-08,Tiendas naturistas,Pereira,PAN-AVE-BRO,Avena Brownie,Pancakes & Waffles,4,5,3,116400,0.75,1,2
2026-08,Tiendas naturistas,Pereira,PAN-AVE-VAN,Avena Vainilla,Pancakes & Waffles,4,10,8,310400,2.0,7,2
2026-08,Éxito,Barranquilla,AVE-HOJ,Avena en Hojuelas,Avena & Harinas,5,55,48,1670400,9.6,5,7
2026-08,Éxito,Barranquilla,COM-3GRA,Three Pack GranOLA,Combos,5,32,32,3436800,6.4,1,0
2026-08,Éxito,Barranquilla,COM-3MEZ,Three Pack Mezclas,Combos,5,1,0,0,0.0,5,1
2026-08,Éxito,Barranquilla,COM-3SPR,Three Pack Spread,Combos,5,11,9,1286550,1.8,2,2
2026-08,Éxito,Barranquilla,COM-DECK,Deck de Cartas,Combos,5,65,60,6660000,12.0,2,5
2026-08,Éxito,Barranquilla,COM-MIX,Perfect Mix & Match,Combos,5,4,3,230700,0.6,3,1
2026-08,Éxito,Barranquilla,COM-WAF,Mini Wafflera,Combos,5,16,15,1665000,3.0,2,1
2026-08,Éxito,Barranquilla,ESP-BABY,Baby Spreads,Esparcibles,5,347,253,5477450,50.6,2,94
2026-08,Éxito,Barranquilla,ESP-CIN,Golden Cinnamon Roll,Esparcibles,5,29,24,1294800,4.8,0,5
2026-08,Éxito,Barranquilla,ESP-CRE,Creamy Cocoa Hazelnut,Esparcibles,5,109,84,4531800,16.8,1,25
2026-08,Éxito,Barranquilla,ESP-CRU,Crunchy Cocoa Hazelnut,Esparcibles,5,110,83,4477850,16.6,1,27
2026-08,Éxito,Barranquilla,ESP-PB,Peanutty Banana Shake,Esparcibles,5,26,25,1348750,5.0,4,1
2026-08,Éxito,Barranquilla,GRA-CHI,Chip Cookie,GranOLAS,5,22,22,926200,4.4,2,0
2026-08,Éxito,Barranquilla,GRA-FUD,Fudge Cake,GranOLAS,5,40,40,1684000,8.0,0,0
2026-08,Éxito,Barranquilla,GRA-PIS,Pistachio Cookie,GranOLAS,5,61,55,2744500,11.0,0,6
2026-08,Éxito,Barranquilla,HAR-ALM,Harina de Almendra,Avena & Harinas,5,49,45,1730250,9.0,2,4
2026-08,Éxito,Barranquilla,HAR-AVE,Harina de Avena,Avena & Harinas,5,212,159,5533200,31.8,2,53
2026-08,Éxito,Barranquilla,MER-NYR,New Year Resolution,Merch,5,32,25,2775000,5.0,5,7
2026-08,Éxito,Barranquilla,PAN-ALM-CHO,Almendra Choco Chips,Pancakes & Waffles,5,116,105,4861500,21.0,0,11
2026-08,Éxito,Barranquilla,PAN-ALM-CHU,Almendra Churro,Pancakes & Waffles,5,121,120,5556000,24.0,2,1
2026-08,Éxito,Barranquilla,PAN-ALM-VAN,Almendra Vainilla,Pancakes & Waffles,5,86,80,3704000,16.0,0,6
2026-08,Éxito,Barranquilla,PAN-AVE-BAN,Avena Banano,Pancakes & Waffles,5,11,8,292000,1.6,3,3
2026-08,Éxito,Barranquilla,PAN-AVE-BRO,Avena Brownie,Pancakes & Waffles,5,129,111,4051500,22.2,4,18
2026-08,Éxito,Barranquilla,PAN-AVE-VAN,Avena Vainilla,Pancakes & Waffles,5,128,96,3504000,19.2,0,32
2026-08,Éxito,Bogotá,AVE-HOJ,Avena en Hojuelas,Avena & Harinas,22,421,343,11936400,15.59,0,78
2026-08,Éxito,Bogotá,COM-3GRA,Three Pack GranOLA,Combos,22,116,84,9021600,3.82,0,32
2026-08,Éxito,Bogotá,COM-3MEZ,Three Pack Mezclas,Combos,22,166,130,13708500,5.91,0,36
2026-08,Éxito,Bogotá,COM-3SPR,Three Pack Spread,Combos,22,97,95,13580250,4.32,6,2
2026-08,Éxito,Bogotá,COM-DECK,Deck de Cartas,Combos,22,89,72,7992000,3.27,0,17
2026-08,Éxito,Bogotá,COM-MIX,Perfect Mix & Match,Combos,22,191,168,12919200,7.64,4,23
2026-08,Éxito,Bogotá,COM-ROMP,Rompecabezas,Combos,22,231,169,18759000,7.68,4,62
2026-08,Éxito,Bogotá,COM-WAF,Mini Wafflera,Combos,22,141,107,11877000,4.86,5,34
2026-08,Éxito,Bogotá,ESP-BABY,Baby Spreads,Esparcibles,22,532,518,11214700,23.55,0,14
2026-08,Éxito,Bogotá,ESP-BUT,Golden Butter Cookie,Esparcibles,22,165,140,9310000,6.36,0,25
2026-08,Éxito,Bogotá,ESP-CIN,Golden Cinnamon Roll,Esparcibles,22,332,258,13919100,11.73,4,74
2026-08,Éxito,Bogotá,ESP-CRE,Creamy Cocoa Hazelnut,Esparcibles,22,263,205,11059750,9.32,4,58
2026-08,Éxito,Bogotá,ESP-CRU,Crunchy Cocoa Hazelnut,Esparcibles,22,682,502,27082900,22.82,6,180
2026-08,Éxito,Bogotá,ESP-PB,Peanutty Banana Shake,Esparcibles,22,128,119,6420050,5.41,7,9
2026-08,Éxito,Bogotá,ESP-PIS,Buttery Pistachio Cookie,Esparcibles,22,189,137,9658500,6.23,6,52
2026-08,Éxito,Bogotá,GRA-CHI,Chip Cookie,GranOLAS,22,480,395,16629500,17.95,5,85
2026-08,Éxito,Bogotá,GRA-FUD,Fudge Cake,GranOLAS,22,460,405,17050500,18.41,3,55
2026-08,Éxito,Bogotá,GRA-PIS,Pistachio Cookie,GranOLAS,22,365,330,16467000,15.0,0,35
2026-08,Éxito,Bogotá,GRA-VAN,Vanilla Shortbread,GranOLAS,22,292,280,11788000,12.73,4,12
2026-08,Éxito,Bogotá,HAR-ALM,Harina de Almendra,Avena & Harinas,22,325,253,9727850,11.5,5,72
2026-08,Éxito,Bogotá,HAR-AVE,Harina de Avena,Avena & Harinas,22,543,547,19035600,24.86,0,0
2026-08,Éxito,Bogotá,MER-NYR,New Year Resolution,Merch,22,146,140,15540000,6.36,0,6
2026-08,Éxito,Bogotá,PAN-ALM-CHO,Almendra Choco Chips,Pancakes & Waffles,22,238,236,10926800,10.73,1,2
2026-08,Éxito,Bogotá,PAN-ALM-CHU,Almendra Churro,Pancakes & Waffles,22,396,401,18566300,18.23,3,0
2026-08,Éxito,Bogotá,PAN-ALM-VAN,Almendra Vainilla,Pancakes & Waffles,22,309,315,14584500,14.32,0,0
2026-08,Éxito,Bogotá,PAN-AVE-BAN,Avena Banano,Pancakes & Waffles,22,807,715,26097500,32.5,4,92
2026-08,Éxito,Bogotá,PAN-AVE-BRO,Avena Brownie,Pancakes & Waffles,22,219,196,7154000,8.91,3,23
2026-08,Éxito,Bogotá,PAN-AVE-VAN,Avena Vainilla,Pancakes & Waffles,22,669,486,17739000,22.09,6,183
2026-08,Éxito,Bucaramanga,AVE-HOJ,Avena en Hojuelas,Avena & Harinas,3,43,33,1148400,11.0,1,10
2026-08,Éxito,Bucaramanga,COM-ROMP,Rompecabezas,Combos,3,12,9,999000,3.0,3,3
2026-08,Éxito,Bucaramanga,COM-WAF,Mini Wafflera,Combos,3,10,9,999000,3.0,3,1
2026-08,Éxito,Bucaramanga,ESP-CRE,Creamy Cocoa Hazelnut,Esparcibles,3,14,10,539500,3.33,0,4
2026-08,Éxito,Bucaramanga,ESP-PB,Peanutty Banana Shake,Esparcibles,3,9,8,431600,2.67,5,1
2026-08,Éxito,Bucaramanga,GRA-FUD,Fudge Cake,GranOLAS,3,87,74,3115400,24.67,3,13
2026-08,Éxito,Bucaramanga,HAR-ALM,Harina de Almendra,Avena & Harinas,3,52,45,1730250,15.0,1,7
2026-08,Éxito,Bucaramanga,HAR-AVE,Harina de Avena,Avena & Harinas,3,42,30,1044000,10.0,3,12
2026-08,Éxito,Bucaramanga,MER-NYR,New Year Resolution,Merch,3,18,15,1665000,5.0,3,3
2026-08,Éxito,Cali,AVE-HOJ,Avena en Hojuelas,Avena & Harinas,2,230,172,5985600,86.0,0,58
2026-08,Éxito,Cali,COM-3GRA,Three Pack GranOLA,Combos,2,98,91,9773400,45.5,0,7
2026-08,Éxito,Cali,COM-3MEZ,Three Pack Mezclas,Combos,2,16,15,1581750,7.5,3,1
2026-08,Éxito,Cali,COM-3SPR,Three Pack Spread,Combos,2,7,6,857700,3.0,7,1
2026-08,Éxito,Cali,COM-DECK,Deck de Cartas,Combos,2,5,3,333000,1.5,0,2
2026-08,Éxito,Cali,COM-MIX,Perfect Mix & Match,Combos,2,8,7,538300,3.5,6,1
2026-08,Éxito,Cali,COM-ROMP,Rompecabezas,Combos,2,3,2,222000,1.0,6,1
2026-08,Éxito,Cali,COM-WAF,Mini Wafflera,Combos,2,21,16,1776000,8.0,2,5
2026-08,Éxito,Cali,ESP-CIN,Golden Cinnamon Roll,Esparcibles,2,35,31,1672450,15.5,2,4
2026-08,Éxito,Cali,ESP-CRE,Creamy Cocoa Hazelnut,Esparcibles,2,69,67,3614650,33.5,0,2
2026-08,Éxito,Cali,ESP-CRU,Crunchy Cocoa Hazelnut,Esparcibles,2,46,36,1942200,18.0,4,10
2026-08,Éxito,Cali,ESP-PB,Peanutty Banana Shake,Esparcibles,2,71,53,2859350,26.5,7,18
2026-08,Éxito,Cali,ESP-PIS,Buttery Pistachio Cookie,Esparcibles,2,41,41,2890500,20.5,0,0
2026-08,Éxito,Cali,GRA-CHI,Chip Cookie,GranOLAS,2,21,20,842000,10.0,3,1
2026-08,Éxito,Cali,GRA-FUD,Fudge Cake,GranOLAS,2,76,55,2315500,27.5,4,21
2026-08,Éxito,Cali,GRA-PIS,Pistachio Cookie,GranOLAS,2,57,43,2145700,21.5,4,14
2026-08,Éxito,Cali,GRA-VAN,Vanilla Shortbread,GranOLAS,2,16,11,463100,5.5,1,5
2026-08,Éxito,Cali,HAR-ALM,Harina de Almendra,Avena & Harinas,2,43,41,1576450,20.5,0,2
2026-08,Éxito,Cali,HAR-AVE,Harina de Avena,Avena & Harinas,2,83,66,2296800,33.0,0,17
2026-08,Éxito,Cali,MER-NYR,New Year Resolution,Merch,2,16,12,1332000,6.0,6,4
2026-08,Éxito,Cali,PAN-ALM-CHO,Almendra Choco Chips,Pancakes & Waffles,2,96,72,3333600,36.0,0,24
2026-08,Éxito,Cali,PAN-ALM-VAN,Almendra Vainilla,Pancakes & Waffles,2,172,172,7963600,86.0,2,0
2026-08,Éxito,Cali,PAN-AVE-BAN,Avena Banano,Pancakes & Waffles,2,58,50,1825000,25.0,0,8
2026-08,Éxito,Cali,PAN-AVE-BRO,Avena Brownie,Pancakes & Waffles,2,32,31,1131500,15.5,2,1
2026-08,Éxito,Cali,PAN-AVE-VAN,Avena Vainilla,Pancakes & Waffles,2,124,118,4307000,59.0,2,6
2026-08,Éxito,Cartagena,AVE-HOJ,Avena en Hojuelas,Avena & Harinas,3,61,48,1670400,16.0,6,13
2026-08,Éxito,Cartagena,COM-3GRA,Three Pack GranOLA,Combos,3,37,27,2899800,9.0,3,10
2026-08,Éxito,Cartagena,COM-3MEZ,Three Pack Mezclas,Combos,3,7,5,527250,1.67,1,2
2026-08,Éxito,Cartagena,COM-3SPR,Three Pack Spread,Combos,3,5,4,571800,1.33,8,1
2026-08,Éxito,Cartagena,COM-DECK,Deck de Cartas,Combos,3,3,2,222000,0.67,8,1
2026-08,Éxito,Cartagena,COM-MIX,Perfect Mix & Match,Combos,3,10,9,692100,3.0,3,1
2026-08,Éxito,Cartagena,COM-WAF,Mini Wafflera,Combos,3,22,16,1776000,5.33,1,6
2026-08,Éxito,Cartagena,ESP-BUT,Golden Butter Cookie,Esparcibles,3,39,32,2128000,10.67,0,7
2026-08,Éxito,Cartagena,ESP-CIN,Golden Cinnamon Roll,Esparcibles,3,8,7,377650,2.33,1,1
2026-08,Éxito,Cartagena,ESP-CRE,Creamy Cocoa Hazelnut,Esparcibles,3,69,50,2697500,16.67,0,19
2026-08,Éxito,Cartagena,ESP-CRU,Crunchy Cocoa Hazelnut,Esparcibles,3,18,16,863200,5.33,0,2
2026-08,Éxito,Cartagena,ESP-PB,Peanutty Banana Shake,Esparcibles,3,88,85,4585750,28.33,11,3
2026-08,Éxito,Cartagena,ESP-PIS,Buttery Pistachio Cookie,Esparcibles,3,5,4,282000,1.33,1,1
2026-08,Éxito,Cartagena,GRA-CHI,Chip Cookie,GranOLAS,3,39,36,1515600,12.0,2,3
2026-08,Éxito,Cartagena,GRA-FUD,Fudge Cake,GranOLAS,3,129,93,3915300,31.0,0,36
2026-08,Éxito,Cartagena,GRA-PIS,Pistachio Cookie,GranOLAS,3,45,41,2045900,13.67,1,4
2026-08,Éxito,Cartagena,GRA-VAN,Vanilla Shortbread,GranOLAS,3,12,10,421000,3.33,0,2
2026-08,Éxito,Cartagena,MER-NYR,New Year Resolution,Merch,3,12,9,999000,3.0,1,3
2026-08,Éxito,Cartagena,PAN-ALM-CHU,Almendra Churro,Pancakes & Waffles,3,36,32,1481600,10.67,2,4
2026-08,Éxito,Cartagena,PAN-AVE-BAN,Avena Banano,Pancakes & Waffles,3,24,17,620500,5.67,0,7
2026-08,Éxito,Cartagena,PAN-AVE-BRO,Avena Brownie,Pancakes & Waffles,3,18,17,620500,5.67,0,1
2026-08,Éxito,Cartagena,PAN-AVE-VAN,Avena Vainilla,Pancakes & Waffles,3,108,86,3139000,28.67,6,22
2026-08,Éxito,Manizales,COM-3SPR,Three Pack Spread,Combos,3,37,31,4431450,10.33,1,6
2026-08,Éxito,Manizales,COM-ROMP,Rompecabezas,Combos,3,48,38,4218000,12.67,2,10
2026-08,Éxito,Manizales,ESP-BUT,Golden Butter Cookie,Esparcibles,3,71,52,3458000,17.33,3,19
2026-08,Éxito,Manizales,ESP-CRU,Crunchy Cocoa Hazelnut,Esparcibles,3,68,68,3668600,22.67,1,0
2026-08,Éxito,Manizales,ESP-PB,Peanutty Banana Shake,Esparcibles,3,43,35,1888250,11.67,4,8
2026-08,Éxito,Manizales,GRA-CHI,Chip Cookie,GranOLAS,3,42,35,1473500,11.67,3,7
2026-08,Éxito,Manizales,PAN-AVE-BRO,Avena Brownie,Pancakes & Waffles,3,112,95,3467500,31.67,1,17
2026-08,Éxito,Medellín,COM-3GRA,Three Pack GranOLA,Combos,6,41,40,4296000,6.67,0,1
2026-08,Éxito,Medellín,COM-3MEZ,Three Pack Mezclas,Combos,6,97,89,9385050,14.83,1,8
2026-08,Éxito,Medellín,COM-3SPR,Three Pack Spread,Combos,6,42,33,4717350,5.5,2,9
2026-08,Éxito,Medellín,COM-DECK,Deck de Cartas,Combos,6,18,16,1776000,2.67,0,2
2026-08,Éxito,Medellín,COM-MIX,Perfect Mix & Match,Combos,6,45,37,2845300,6.17,8,8
2026-08,Éxito,Medellín,COM-ROMP,Rompecabezas,Combos,6,31,31,3441000,5.17,4,0
2026-08,Éxito,Medellín,COM-WAF,Mini Wafflera,Combos,6,4,3,333000,0.5,1,1
2026-08,Éxito,Medellín,ESP-BABY,Baby Spreads,Esparcibles,6,134,130,2814500,21.67,4,4
2026-08,Éxito,Medellín,ESP-BUT,Golden Butter Cookie,Esparcibles,6,79,64,4256000,10.67,1,15
2026-08,Éxito,Medellín,ESP-CRE,Creamy Cocoa Hazelnut,Esparcibles,6,45,44,2373800,7.33,0,1
2026-08,Éxito,Medellín,ESP-PB,Peanutty Banana Shake,Esparcibles,6,162,163,8793850,27.17,0,0
2026-08,Éxito,Medellín,ESP-PIS,Buttery Pistachio Cookie,Esparcibles,6,15,13,916500,2.17,0,2
2026-08,Éxito,Medellín,GRA-FUD,Fudge Cake,GranOLAS,6,201,153,6441300,25.5,0,48
2026-08,Éxito,Medellín,GRA-PIS,Pistachio Cookie,GranOLAS,6,58,45,2245500,7.5,4,13
2026-08,Éxito,Medellín,GRA-VAN,Vanilla Shortbread,GranOLAS,6,60,52,2189200,8.67,6,8
2026-08,Éxito,Medellín,HAR-ALM,Harina de Almendra,Avena & Harinas,6,56,46,1768700,7.67,5,10
2026-08,Éxito,Medellín,HAR-AVE,Harina de Avena,Avena & Harinas,6,19,14,487200,2.33,1,5
2026-08,Éxito,Medellín,PAN-ALM-CHO,Almendra Choco Chips,Pancakes & Waffles,6,35,32,1481600,5.33,0,3
2026-08,Éxito,Medellín,PAN-ALM-CHU,Almendra Churro,Pancakes & Waffles,6,34,27,1250100,4.5,6,7
2026-08,Éxito,Medellín,PAN-ALM-VAN,Almendra Vainilla,Pancakes & Waffles,6,32,26,1203800,4.33,1,6
2026-08,Éxito,Medellín,PAN-AVE-BAN,Avena Banano,Pancakes & Waffles,6,39,33,1204500,5.5,5,6
2026-08,Éxito,Medellín,PAN-AVE-BRO,Avena Brownie,Pancakes & Waffles,6,202,172,6278000,28.67,2,30
2026-08,Éxito,Medellín,PAN-AVE-VAN,Avena Vainilla,Pancakes & Waffles,6,90,84,3066000,14.0,4,6
2026-08,Éxito,Pereira,AVE-HOJ,Avena en Hojuelas,Avena & Harinas,2,4,4,139200,2.0,2,0
2026-08,Éxito,Pereira,COM-DECK,Deck de Cartas,Combos,2,52,45,4995000,22.5,0,7
2026-08,Éxito,Pereira,COM-ROMP,Rompecabezas,Combos,2,38,31,3441000,15.5,0,7
2026-08,Éxito,Pereira,ESP-BUT,Golden Butter Cookie,Esparcibles,2,13,11,731500,5.5,0,2
2026-08,Éxito,Pereira,ESP-CIN,Golden Cinnamon Roll,Esparcibles,2,2,1,53950,0.5,0,1
2026-08,Éxito,Pereira,ESP-CRE,Creamy Cocoa Hazelnut,Esparcibles,2,1,0,0,0.0,3,1
2026-08,Éxito,Pereira,ESP-CRU,Crunchy Cocoa Hazelnut,Esparcibles,2,17,16,863200,8.0,3,1
2026-08,Éxito,Pereira,GRA-FUD,Fudge Cake,GranOLAS,2,4,3,126300,1.5,5,1
2026-08,Éxito,Pereira,HAR-AVE,Harina de Avena,Avena & Harinas,2,132,96,3340800,48.0,0,36
2026-08,Éxito,Pereira,MER-NYR,New Year Resolution,Merch,2,4,3,333000,1.5,4,1
2026-08,Éxito,Pereira,PAN-ALM-CHU,Almendra Churro,Pancakes & Waffles,2,15,11,509300,5.5,0,4
2026-08,Éxito,Pereira,PAN-ALM-VAN,Almendra Vainilla,Pancakes & Waffles,2,26,22,1018600,11.0,0,4
2026-08,Éxito,Pereira,PAN-AVE-BAN,Avena Banano,Pancakes & Waffles,2,4,2,73000,1.0,1,2
2026-08,Éxito,Pereira,PAN-AVE-BRO,Avena Brownie,Pancakes & Waffles,2,172,172,6278000,86.0,0,0
